campaign_id,company,campaign_type,target_audience,duration_days,channel_used,conversion_rate,acquisition_cost,roi,location
CAMP00001,Beta Ltd,Social Media,36-45,44,LinkedIn,0.0781,5129.7,8.87,Australia
CAMP00002,Delta Solutions,Search,26-35,32,Instagram,0.1027,22059.35,0.87,Germany
CAMP00003,Gamma Inc,Social Media,26-35,9,LinkedIn,0.1969,11784.03,4.69,UK
CAMP00004,Alpha Corp,Email,36-45,58,LinkedIn,0.011,2454.02,8.34,Australia
CAMP00005,Beta Ltd,Search,46-60,22,LinkedIn,0.2536,7902.4,2.19,India
CAMP00006,Beta Ltd,Display,26-35,46,LinkedIn,0.0649,4946.87,6.35,Germany
CAMP00007,Delta Solutions,Search,36-45,66,Google,0.3266,23511.51,1.16,India
CAMP00008,Delta Solutions,Display,36-45,13,LinkedIn,0.3026,6455.02,0.6,Germany
CAMP00009,Delta Solutions,Social Media,36-45,63,YouTube,0.2219,12906.72,3.53,UK
CAMP00010,Gamma Inc,Social Media,18-25,37,Facebook,0.313,18765.3,8.15,UK
CAMP00011,Beta Ltd,Search,46-60,48,Email,0.3457,4383.52,0.89,UK
CAMP00012,Beta Ltd,Search,46-60,11,YouTube,0.2735,11218.45,3.97,Australia
CAMP00013,Beta Ltd,Search,46-60,47,Instagram,0.2231,16505.39,7.42,USA
CAMP00014,Gamma Inc,Search,46-60,37,YouTube,0.1628,22107.87,4.01,USA
CAMP00015,Beta Ltd,Display,26-35,20,Email,0.2866,16525.53,5.05,India
CAMP00016,Gamma Inc,Influencer,46-60,50,YouTube,0.2495,2462.05,5.25,UK
CAMP00017,Alpha Corp,Social Media,46-60,60,Google,0.1707,8378.26,9.13,Australia
CAMP00018,Gamma Inc,Email,18-25,38,YouTube,0.18,9097.84,8.82,Germany
CAMP00019,Beta Ltd,Display,36-45,59,Instagram,0.0878,10012.7,1.1,USA
CAMP00020,Gamma Inc,Influencer,18-25,34,Google,0.2781,23569.65,7.08,Germany
CAMP00021,Beta Ltd,Influencer,26-35,76,YouTube,0.3086,1374.73,5.66,India
CAMP00022,Alpha Corp,Search,18-25,29,Instagram,0.0156,7903.25,3.87,USA
CAMP00023,Beta Ltd,Search,46-60,73,LinkedIn,0.048,12565.17,5.18,UK
CAMP00024,Beta Ltd,Social Media,46-60,37,Google,0.347,2616.7,8.86,UK
CAMP00025,Alpha Corp,Email,36-45,52,Google,0.0706,12346.68,7.84,UK
CAMP00026,Gamma Inc,Search,26-35,10,Email,0.2604,3124.66,5.9,UK
CAMP00027,Beta Ltd,Display,46-60,11,Google,0.1735,21025.66,2.17,USA
CAMP00028,Gamma Inc,Social Media,46-60,90,Email,0.1873,7117.07,6.38,Germany
CAMP00029,Gamma Inc,Social Media,36-45,5,Google,0.0468,13313.77,5.23,Germany
CAMP00030,Alpha Corp,Search,46-60,52,Facebook,0.0569,15648.79,4.75,USA
CAMP00031,Beta Ltd,Social Media,18-25,44,Facebook,0.2065,7990.28,9.47,UK
CAMP00032,Delta Solutions,Email,18-25,59,Instagram,0.1384,9107.21,9.93,USA
CAMP00033,Gamma Inc,Social Media,36-45,5,Google,0.2811,13007.64,9.54,India
CAMP00034,Gamma Inc,Influencer,36-45,20,LinkedIn,0.3405,20233.15,7.52,Australia
CAMP00035,Alpha Corp,Search,26-35,34,LinkedIn,0.2862,11590.95,6.19,Germany
CAMP00036,Alpha Corp,Search,46-60,84,Email,0.148,12526.95,3.53,Germany
CAMP00037,Alpha Corp,Social Media,18-25,35,YouTube,0.1739,15098.69,9.5,Australia
CAMP00038,Beta Ltd,Search,36-45,54,YouTube,0.0633,10917.68,4.83,Germany
CAMP00039,Delta Solutions,Social Media,46-60,54,Facebook,0.2465,18288.92,2.42,India
CAMP00040,Beta Ltd,Influencer,26-35,40,Google,0.1621,620.24,1.55,Germany
CAMP00041,Delta Solutions,Search,36-45,76,YouTube,0.3015,12333.98,8.44,Australia
CAMP00042,Beta Ltd,Social Media,36-45,66,Instagram,0.2317,23113.9,3.62,Australia
CAMP00043,Delta Solutions,Social Media,26-35,43,YouTube,0.068,15589.64,7.78,India
CAMP00044,Delta Solutions,Email,26-35,31,LinkedIn,0.1497,12416.79,6.46,Australia
CAMP00045,Beta Ltd,Search,46-60,28,Facebook,0.2402,19414.61,3.19,Germany
CAMP00046,Alpha Corp,Influencer,46-60,85,Facebook,0.3017,10128.52,8.58,UK
CAMP00047,Alpha Corp,Influencer,46-60,15,Email,0.1293,11947.52,8.53,Germany
CAMP00048,Gamma Inc,Influencer,18-25,19,Email,0.2376,5281.41,2.13,Australia
CAMP00049,Delta Solutions,Email,36-45,27,LinkedIn,0.069,3543.0,1.66,India
CAMP00050,Alpha Corp,Display,36-45,76,LinkedIn,0.3176,1125.31,6.2,UK
CAMP00051,Beta Ltd,Influencer,26-35,64,Google,0.2056,18421.97,2.72,India
CAMP00052,Gamma Inc,Search,46-60,88,Email,0.2713,11970.66,3.66,Germany
CAMP00053,Gamma Inc,Email,36-45,67,Email,0.1449,23514.15,9.4,India
CAMP00054,Alpha Corp,Social Media,36-45,47,YouTube,0.3298,4831.99,2.17,USA
CAMP00055,Gamma Inc,Influencer,46-60,8,LinkedIn,0.2548,6477.59,4.97,USA
CAMP00056,Gamma Inc,Display,26-35,80,LinkedIn,0.0622,16148.79,3.3,Germany
CAMP00057,Alpha Corp,Email,36-45,62,LinkedIn,0.1971,1837.64,3.81,Germany
CAMP00058,Beta Ltd,Social Media,46-60,11,Instagram,0.1024,12833.62,4.02,UK
CAMP00059,Alpha Corp,Search,36-45,88,Email,0.2933,3527.75,2.97,Germany
CAMP00060,Delta Solutions,Social Media,18-25,58,Instagram,0.2762,4454.24,7.75,UK
CAMP00061,Gamma Inc,Search,18-25,58,Email,0.1781,13046.45,8.21,India
CAMP00062,Alpha Corp,Email,18-25,35,Facebook,0.1127,14442.23,5.63,Australia
CAMP00063,Beta Ltd,Social Media,46-60,33,LinkedIn,0.2999,5694.85,9.04,UK
CAMP00064,Delta Solutions,Display,18-25,36,LinkedIn,0.2992,7145.35,1.8,USA
CAMP00065,Alpha Corp,Email,46-60,9,Facebook,0.1818,7460.64,5.31,India
CAMP00066,Beta Ltd,Social Media,18-25,43,Facebook,0.2539,3974.34,8.37,Germany
CAMP00067,Alpha Corp,Search,18-25,10,YouTube,0.1071,24160.16,6.4,India
CAMP00068,Alpha Corp,Email,36-45,56,Google,0.1286,17458.9,9.86,USA
CAMP00069,Delta Solutions,Display,18-25,22,LinkedIn,0.331,3215.62,6.16,Australia
CAMP00070,Delta Solutions,Social Media,18-25,57,LinkedIn,0.2603,9250.42,9.62,Australia
CAMP00071,Alpha Corp,Email,46-60,37,Facebook,0.0345,4728.77,1.44,Germany
CAMP00072,Alpha Corp,Email,36-45,28,LinkedIn,0.1656,6242.46,0.9,UK
CAMP00073,Alpha Corp,Search,36-45,17,YouTube,0.1446,23517.21,3.89,UK
CAMP00074,Gamma Inc,Influencer,46-60,38,Instagram,0.0885,3850.45,8.49,India
CAMP00075,Delta Solutions,Search,46-60,10,Email,0.3483,22055.39,0.98,USA
CAMP00076,Delta Solutions,Influencer,36-45,26,Google,0.0562,21124.96,2.9,India
CAMP00077,Alpha Corp,Display,36-45,44,YouTube,0.1169,18719.87,9.86,UK
CAMP00078,Alpha Corp,Display,36-45,59,Facebook,0.2986,12669.69,6.59,Germany
CAMP00079,Gamma Inc,Email,36-45,44,Instagram,0.055,6830.01,4.23,USA
CAMP00080,Gamma Inc,Social Media,18-25,13,YouTube,0.1379,20859.01,1.24,USA
CAMP00081,Delta Solutions,Email,46-60,66,Email,0.2256,20934.84,7.67,UK
CAMP00082,Alpha Corp,Email,26-35,41,Google,0.1245,13370.24,9.29,USA
CAMP00083,Alpha Corp,Search,26-35,58,YouTube,0.149,1666.53,7.54,Australia
CAMP00084,Gamma Inc,Social Media,36-45,89,Google,0.197,5227.55,1.61,India
CAMP00085,Delta Solutions,Search,26-35,9,Instagram,0.3339,1874.04,5.55,USA
CAMP00086,Beta Ltd,Email,18-25,90,Google,0.3061,4906.03,4.33,Germany
CAMP00087,Alpha Corp,Social Media,18-25,86,YouTube,0.0481,12956.32,9.09,India
CAMP00088,Delta Solutions,Social Media,46-60,49,LinkedIn,0.2036,21427.25,7.74,Germany
CAMP00089,Gamma Inc,Social Media,18-25,7,Google,0.2321,16504.3,8.12,UK
CAMP00090,Gamma Inc,Social Media,46-60,26,Facebook,0.1208,15222.12,4.43,USA
CAMP00091,Delta Solutions,Display,36-45,24,Facebook,0.0998,18824.86,0.74,Germany
CAMP00092,Alpha Corp,Social Media,26-35,55,Google,0.2132,16177.83,7.71,Australia
CAMP00093,Gamma Inc,Email,26-35,64,Facebook,0.1511,11363.97,6.52,Germany
CAMP00094,Delta Solutions,Search,26-35,47,Facebook,0.3177,20476.4,1.84,USA
CAMP00095,Gamma Inc,Influencer,46-60,35,Google,0.0656,8099.52,7.69,India
CAMP00096,Alpha Corp,Influencer,36-45,8,YouTube,0.024,23238.82,1.92,Australia
CAMP00097,Gamma Inc,Email,46-60,85,Facebook,0.3159,3346.67,7.53,UK
CAMP00098,Delta Solutions,Display,36-45,90,Google,0.3147,16123.16,7.28,UK
CAMP00099,Gamma Inc,Social Media,46-60,7,Google,0.1517,12762.65,0.57,Australia
CAMP00100,Alpha Corp,Email,36-45,33,Facebook,0.2663,10931.16,7.86,India
CAMP00101,Gamma Inc,Social Media,46-60,89,Instagram,0.2975,11028.05,4.37,Germany
CAMP00102,Alpha Corp,Influencer,46-60,39,YouTube,0.0967,1534.08,5.31,UK
CAMP00103,Alpha Corp,Email,26-35,58,LinkedIn,0.2325,18912.09,9.66,UK
CAMP00104,Alpha Corp,Influencer,46-60,49,Facebook,0.2606,9132.5,9.24,UK
CAMP00105,Alpha Corp,Influencer,26-35,59,Email,0.1315,12177.59,4.14,Australia
CAMP00106,Delta Solutions,Search,26-35,80,Email,0.3316,21266.06,7.24,Germany
CAMP00107,Gamma Inc,Display,36-45,37,Google,0.3388,14639.16,5.37,USA
CAMP00108,Gamma Inc,Display,36-45,73,LinkedIn,0.1755,21360.2,8.31,Australia
CAMP00109,Alpha Corp,Email,18-25,44,Instagram,0.0358,3858.45,3.54,Australia
CAMP00110,Gamma Inc,Email,26-35,22,Facebook,0.3224,7404.53,4.97,Germany
CAMP00111,Alpha Corp,Influencer,26-35,11,Facebook,0.1878,6084.34,1.57,UK
CAMP00112,Delta Solutions,Search,26-35,66,Google,0.0572,22215.19,9.3,USA
CAMP00113,Alpha Corp,Influencer,26-35,56,Instagram,0.2589,19648.15,9.06,Germany
CAMP00114,Gamma Inc,Search,18-25,80,Google,0.2436,20935.47,3.12,UK
CAMP00115,Beta Ltd,Search,46-60,25,Google,0.0576,14432.75,6.04,Australia
CAMP00116,Gamma Inc,Search,36-45,66,LinkedIn,0.1035,5908.35,4.09,UK
CAMP00117,Delta Solutions,Influencer,26-35,7,YouTube,0.3038,9736.46,1.98,USA
CAMP00118,Delta Solutions,Search,18-25,16,Google,0.3397,13982.37,0.93,Germany
CAMP00119,Beta Ltd,Search,26-35,56,Instagram,0.1478,964.98,8.32,UK
CAMP00120,Alpha Corp,Influencer,36-45,51,Instagram,0.0558,16171.24,3.25,Australia
CAMP00121,Delta Solutions,Social Media,46-60,55,Facebook,0.1297,21444.3,5.4,India
CAMP00122,Delta Solutions,Social Media,46-60,77,Facebook,0.1826,8478.07,9.08,USA
CAMP00123,Alpha Corp,Display,46-60,76,Google,0.1121,17154.84,0.69,Germany
CAMP00124,Alpha Corp,Email,36-45,21,Google,0.2178,12347.3,5.7,USA
CAMP00125,Beta Ltd,Search,26-35,22,Instagram,0.0127,597.45,9.58,USA
CAMP00126,Gamma Inc,Social Media,26-35,51,Google,0.2876,7457.81,8.19,Australia
CAMP00127,Beta Ltd,Influencer,36-45,87,Google,0.2972,13432.58,2.58,UK
CAMP00128,Beta Ltd,Social Media,36-45,62,Facebook,0.2764,18260.26,2.41,UK
CAMP00129,Gamma Inc,Email,26-35,17,Email,0.1132,10349.83,7.74,USA
CAMP00130,Beta Ltd,Social Media,18-25,59,Facebook,0.225,5063.01,1.26,USA
CAMP00131,Beta Ltd,Influencer,36-45,34,Facebook,0.1342,1995.72,6.19,India
CAMP00132,Gamma Inc,Search,26-35,14,Email,0.1424,18009.96,2.72,UK
CAMP00133,Delta Solutions,Influencer,46-60,66,Instagram,0.2511,9443.51,8.47,Germany
CAMP00134,Alpha Corp,Display,26-35,28,YouTube,0.2968,16354.05,4.1,Germany
CAMP00135,Alpha Corp,Search,26-35,71,LinkedIn,0.2925,5932.92,4.44,India
CAMP00136,Gamma Inc,Email,46-60,52,LinkedIn,0.0886,18989.8,8.05,Germany
CAMP00137,Gamma Inc,Email,18-25,43,Email,0.2337,8937.46,1.34,India
CAMP00138,Gamma Inc,Influencer,26-35,22,Instagram,0.1008,1783.03,6.21,USA
CAMP00139,Beta Ltd,Search,26-35,30,Email,0.2237,13000.72,9.64,USA
CAMP00140,Delta Solutions,Search,46-60,33,Google,0.1348,18420.44,6.68,USA
CAMP00141,Alpha Corp,Email,26-35,64,YouTube,0.2786,23346.18,1.28,Australia
CAMP00142,Delta Solutions,Display,18-25,40,Instagram,0.3287,24286.02,9.13,Germany
CAMP00143,Delta Solutions,Influencer,18-25,7,LinkedIn,0.1086,11682.28,1.72,Australia
CAMP00144,Alpha Corp,Display,26-35,6,Facebook,0.3054,15490.9,4.0,Germany
CAMP00145,Gamma Inc,Search,36-45,28,Google,0.2616,14151.91,2.23,USA
CAMP00146,Beta Ltd,Display,36-45,48,Email,0.2024,13571.77,7.36,Germany
CAMP00147,Gamma Inc,Email,36-45,33,Google,0.1885,3306.21,3.02,USA
CAMP00148,Gamma Inc,Influencer,26-35,90,Instagram,0.1186,16936.19,2.98,Australia
CAMP00149,Beta Ltd,Display,36-45,24,Google,0.0791,24149.12,4.43,India
CAMP00150,Alpha Corp,Influencer,26-35,40,Instagram,0.0384,3606.67,3.22,USA
CAMP00151,Alpha Corp,Social Media,36-45,39,YouTube,0.2522,8140.44,7.95,India
CAMP00152,Beta Ltd,Social Media,18-25,28,Instagram,0.0856,2387.72,5.5,Australia
CAMP00153,Beta Ltd,Search,26-35,80,Google,0.1784,10368.18,5.78,UK
CAMP00154,Beta Ltd,Search,26-35,26,LinkedIn,0.3125,12300.97,2.04,India
CAMP00155,Gamma Inc,Social Media,18-25,5,Email,0.2382,9271.44,9.18,UK
CAMP00156,Delta Solutions,Email,26-35,49,Facebook,0.0675,12176.26,3.81,India
CAMP00157,Alpha Corp,Display,18-25,59,Instagram,0.2597,20172.69,4.09,Germany
CAMP00158,Delta Solutions,Social Media,36-45,44,Facebook,0.083,5741.13,2.8,USA
CAMP00159,Alpha Corp,Email,18-25,41,LinkedIn,0.2752,19070.31,9.62,USA
CAMP00160,Alpha Corp,Search,26-35,79,Email,0.0364,19935.56,6.27,India
CAMP00161,Delta Solutions,Email,46-60,37,LinkedIn,0.0582,14737.76,1.08,India
CAMP00162,Alpha Corp,Search,46-60,59,Google,0.3276,8225.37,2.33,USA
CAMP00163,Beta Ltd,Social Media,18-25,77,Email,0.1053,23444.27,5.06,USA
CAMP00164,Gamma Inc,Social Media,18-25,39,YouTube,0.0612,9415.64,2.28,India
CAMP00165,Beta Ltd,Search,46-60,51,Instagram,0.0831,1723.07,6.25,USA
CAMP00166,Alpha Corp,Email,26-35,38,YouTube,0.1328,3834.15,3.43,Germany
CAMP00167,Gamma Inc,Influencer,36-45,57,Email,0.2948,22343.96,3.82,Australia
CAMP00168,Beta Ltd,Social Media,46-60,52,Facebook,0.0619,4174.42,7.97,India
CAMP00169,Delta Solutions,Search,18-25,78,Google,0.0154,11461.16,5.48,USA
CAMP00170,Alpha Corp,Influencer,18-25,26,YouTube,0.3041,17453.3,1.57,USA
CAMP00171,Alpha Corp,Influencer,36-45,18,Email,0.1119,14554.3,4.03,USA
CAMP00172,Gamma Inc,Email,36-45,41,LinkedIn,0.0362,16507.61,9.02,India
CAMP00173,Gamma Inc,Social Media,18-25,57,Google,0.0194,9045.96,8.54,India
CAMP00174,Alpha Corp,Social Media,26-35,29,LinkedIn,0.3159,16724.79,7.72,India
CAMP00175,Gamma Inc,Display,36-45,90,Instagram,0.1879,722.6,8.51,Germany
CAMP00176,Beta Ltd,Social Media,26-35,49,LinkedIn,0.2176,6949.63,1.37,USA
CAMP00177,Gamma Inc,Display,26-35,74,Instagram,0.2195,3528.2,1.66,Australia
CAMP00178,Delta Solutions,Search,46-60,52,YouTube,0.1875,11653.94,0.68,USA
CAMP00179,Gamma Inc,Search,46-60,38,Google,0.2715,4072.67,1.69,USA
CAMP00180,Alpha Corp,Social Media,26-35,77,Email,0.3181,13910.59,8.32,India
CAMP00181,Alpha Corp,Display,36-45,18,Facebook,0.228,4926.29,0.86,Germany
CAMP00182,Gamma Inc,Social Media,26-35,26,Google,0.2969,10649.48,4.92,Germany
CAMP00183,Alpha Corp,Social Media,36-45,70,Google,0.0133,2318.43,2.85,USA
CAMP00184,Gamma Inc,Influencer,36-45,82,Instagram,0.1733,11279.52,8.41,India
CAMP00185,Alpha Corp,Social Media,36-45,30,Instagram,0.2154,20295.59,8.13,UK
CAMP00186,Delta Solutions,Social Media,18-25,51,Email,0.0784,8264.08,7.78,USA
CAMP00187,Beta Ltd,Search,18-25,46,LinkedIn,0.0645,17804.76,4.09,UK
CAMP00188,Beta Ltd,Display,26-35,67,Instagram,0.0563,10936.66,9.29,USA
CAMP00189,Delta Solutions,Display,18-25,47,Instagram,0.1068,6238.19,9.01,UK
CAMP00190,Alpha Corp,Email,18-25,57,YouTube,0.29,7935.23,6.68,India
CAMP00191,Beta Ltd,Email,26-35,62,LinkedIn,0.0194,7913.17,6.32,UK
CAMP00192,Delta Solutions,Search,46-60,76,Email,0.2148,18688.28,3.7,USA
CAMP00193,Beta Ltd,Search,18-25,16,Instagram,0.0332,5422.93,7.49,Germany
CAMP00194,Alpha Corp,Search,18-25,62,Facebook,0.2117,24455.4,9.42,USA
CAMP00195,Alpha Corp,Social Media,36-45,20,YouTube,0.0958,17343.36,3.5,Germany
CAMP00196,Delta Solutions,Social Media,18-25,5,Facebook,0.0635,10328.28,3.22,USA
CAMP00197,Alpha Corp,Influencer,46-60,66,LinkedIn,0.1684,24951.1,3.0,USA
CAMP00198,Alpha Corp,Social Media,46-60,38,Instagram,0.0886,5796.2,9.84,UK
CAMP00199,Alpha Corp,Social Media,18-25,66,Email,0.1386,19191.32,5.63,India
CAMP00200,Delta Solutions,Search,18-25,85,YouTube,0.2252,7137.95,9.69,Australia
CAMP00201,Alpha Corp,Email,26-35,16,Instagram,0.3283,13817.33,6.37,Germany
CAMP00202,Beta Ltd,Influencer,36-45,43,YouTube,0.2201,1833.32,3.29,Germany
CAMP00203,Alpha Corp,Search,26-35,13,Google,0.1824,21238.25,6.07,India
CAMP00204,Delta Solutions,Social Media,46-60,76,Facebook,0.1994,9470.72,1.98,Germany
CAMP00205,Alpha Corp,Display,36-45,90,Google,0.1705,14819.92,4.76,Australia
CAMP00206,Alpha Corp,Search,46-60,79,LinkedIn,0.2014,23218.45,4.71,Australia
CAMP00207,Beta Ltd,Email,36-45,90,Facebook,0.2039,1241.04,5.98,UK
CAMP00208,Beta Ltd,Social Media,18-25,33,YouTube,0.1773,24216.43,4.18,USA
CAMP00209,Alpha Corp,Display,46-60,28,YouTube,0.278,13366.89,4.82,Germany
CAMP00210,Beta Ltd,Display,36-45,78,YouTube,0.1429,19628.29,8.82,Australia
CAMP00211,Delta Solutions,Search,18-25,61,LinkedIn,0.0469,12089.6,2.21,Australia
CAMP00212,Beta Ltd,Search,26-35,37,Google,0.2286,20489.74,9.27,USA
CAMP00213,Beta Ltd,Email,26-35,23,YouTube,0.2807,22073.69,5.62,USA
CAMP00214,Gamma Inc,Display,36-45,7,Instagram,0.2752,9851.01,6.47,UK
CAMP00215,Beta Ltd,Social Media,18-25,8,Facebook,0.0957,18204.49,1.49,UK
CAMP00216,Beta Ltd,Influencer,18-25,64,Google,0.23,24966.14,1.88,India
CAMP00217,Delta Solutions,Display,46-60,27,Instagram,0.3495,19049.73,7.46,UK
CAMP00218,Alpha Corp,Search,18-25,75,Google,0.0456,23943.56,9.06,UK
CAMP00219,Gamma Inc,Display,36-45,77,LinkedIn,0.1877,18547.12,5.43,USA
CAMP00220,Delta Solutions,Display,46-60,43,LinkedIn,0.1138,8582.23,2.09,UK
CAMP00221,Delta Solutions,Search,36-45,30,Email,0.279,20765.22,8.07,UK
CAMP00222,Beta Ltd,Social Media,36-45,19,YouTube,0.1204,16825.35,9.22,USA
CAMP00223,Delta Solutions,Social Media,46-60,27,Instagram,0.2594,1310.17,6.87,UK
CAMP00224,Gamma Inc,Display,46-60,57,LinkedIn,0.0646,4724.63,2.24,India
CAMP00225,Delta Solutions,Display,26-35,70,YouTube,0.0328,6901.19,4.42,UK
CAMP00226,Alpha Corp,Search,18-25,68,LinkedIn,0.0454,18717.31,9.43,Germany
CAMP00227,Delta Solutions,Influencer,36-45,87,Email,0.0985,20029.75,2.32,India
CAMP00228,Gamma Inc,Influencer,26-35,61,Facebook,0.2988,20758.69,2.12,India
CAMP00229,Delta Solutions,Email,46-60,48,LinkedIn,0.0611,2146.76,7.17,India
CAMP00230,Delta Solutions,Influencer,26-35,35,Instagram,0.0214,2267.84,5.66,UK
CAMP00231,Beta Ltd,Influencer,26-35,33,Facebook,0.3002,7836.36,2.44,USA
CAMP00232,Alpha Corp,Influencer,36-45,36,Instagram,0.1375,17190.46,6.36,Australia
CAMP00233,Delta Solutions,Social Media,36-45,80,Email,0.2102,21133.53,9.4,USA
CAMP00234,Beta Ltd,Display,26-35,52,Facebook,0.0385,21799.7,8.62,India
CAMP00235,Alpha Corp,Email,26-35,24,YouTube,0.3185,5584.13,0.56,USA
CAMP00236,Beta Ltd,Social Media,18-25,21,Google,0.1815,19301.67,8.83,Australia
CAMP00237,Alpha Corp,Social Media,36-45,7,Google,0.0405,16198.99,6.46,India
CAMP00238,Delta Solutions,Influencer,46-60,77,Instagram,0.2255,23204.89,3.04,UK
CAMP00239,Delta Solutions,Display,26-35,23,Email,0.1343,19435.1,1.39,Australia
CAMP00240,Beta Ltd,Social Media,26-35,13,Instagram,0.1302,13451.22,9.73,Australia
CAMP00241,Delta Solutions,Display,46-60,29,YouTube,0.1488,19688.26,0.78,USA
CAMP00242,Delta Solutions,Search,36-45,46,Instagram,0.1828,8052.8,2.25,Australia
CAMP00243,Beta Ltd,Social Media,18-25,87,YouTube,0.2206,19760.56,6.88,India
CAMP00244,Delta Solutions,Social Media,26-35,78,Instagram,0.0598,19638.63,7.7,UK
CAMP00245,Alpha Corp,Influencer,36-45,19,Instagram,0.2665,21452.61,3.03,Germany
CAMP00246,Delta Solutions,Influencer,46-60,50,Google,0.0192,6438.7,7.5,USA
CAMP00247,Alpha Corp,Influencer,18-25,75,LinkedIn,0.2477,21300.52,7.77,Australia
CAMP00248,Delta Solutions,Display,36-45,70,Email,0.0723,4641.73,8.13,Germany
CAMP00249,Alpha Corp,Email,18-25,45,Facebook,0.1619,19411.54,7.66,India
CAMP00250,Gamma Inc,Email,36-45,25,YouTube,0.2009,23282.98,0.81,Germany
CAMP00251,Alpha Corp,Display,26-35,72,Google,0.2301,1377.05,8.98,UK
CAMP00252,Beta Ltd,Influencer,46-60,43,Email,0.279,15837.31,5.85,Germany
CAMP00253,Delta Solutions,Search,46-60,25,Facebook,0.1855,16660.0,4.59,Germany
CAMP00254,Beta Ltd,Display,18-25,66,Google,0.3092,20471.0,0.73,USA
CAMP00255,Alpha Corp,Display,46-60,80,Instagram,0.3347,3019.17,6.11,UK
CAMP00256,Alpha Corp,Email,26-35,81,Email,0.3419,22781.05,2.05,USA
CAMP00257,Gamma Inc,Display,18-25,85,LinkedIn,0.1187,24847.78,5.7,Australia
CAMP00258,Alpha Corp,Social Media,18-25,60,Google,0.0209,16966.58,2.3,Germany
CAMP00259,Delta Solutions,Influencer,46-60,71,Facebook,0.2534,11033.36,7.04,UK
CAMP00260,Beta Ltd,Display,26-35,25,Facebook,0.0956,16057.88,1.34,Germany
CAMP00261,Alpha Corp,Email,18-25,32,LinkedIn,0.271,1840.3,6.2,Germany
CAMP00262,Beta Ltd,Search,36-45,17,Google,0.0117,18949.34,6.62,UK
CAMP00263,Alpha Corp,Email,46-60,11,Instagram,0.2742,2214.18,4.25,Australia
CAMP00264,Gamma Inc,Search,18-25,77,Email,0.0338,8403.48,9.21,India
CAMP00265,Gamma Inc,Search,26-35,44,YouTube,0.309,3915.27,5.5,USA
CAMP00266,Alpha Corp,Email,46-60,52,Google,0.2314,18288.01,7.63,Germany
CAMP00267,Gamma Inc,Social Media,18-25,12,LinkedIn,0.065,15063.49,4.72,India
CAMP00268,Delta Solutions,Search,26-35,20,Email,0.1827,17630.49,8.02,Australia
CAMP00269,Delta Solutions,Email,26-35,11,Instagram,0.1818,2081.87,9.03,India
CAMP00270,Alpha Corp,Email,36-45,46,Facebook,0.3089,9574.96,4.42,UK
CAMP00271,Alpha Corp,Social Media,26-35,54,LinkedIn,0.191,10451.16,9.69,USA
CAMP00272,Alpha Corp,Email,26-35,15,Facebook,0.1972,15258.76,1.95,USA
CAMP00273,Gamma Inc,Influencer,36-45,65,Instagram,0.1185,3007.1,8.54,USA
CAMP00274,Beta Ltd,Email,36-45,14,Email,0.2577,16357.31,5.5,UK
CAMP00275,Delta Solutions,Influencer,26-35,77,Email,0.0271,10170.12,1.81,Australia
CAMP00276,Beta Ltd,Influencer,18-25,84,Facebook,0.3391,22695.04,6.44,UK
CAMP00277,Gamma Inc,Search,18-25,60,LinkedIn,0.2161,11520.32,1.75,Australia
CAMP00278,Alpha Corp,Influencer,26-35,51,LinkedIn,0.2975,3000.75,8.93,UK
CAMP00279,Gamma Inc,Influencer,36-45,67,YouTube,0.2756,3033.35,8.25,Germany
CAMP00280,Alpha Corp,Influencer,46-60,26,Google,0.0842,6730.24,6.72,Australia
CAMP00281,Gamma Inc,Search,46-60,84,LinkedIn,0.1083,6375.38,2.71,Germany
CAMP00282,Delta Solutions,Influencer,18-25,80,Email,0.1045,20018.81,9.65,USA
CAMP00283,Beta Ltd,Social Media,46-60,64,Instagram,0.0867,18198.52,8.61,USA
CAMP00284,Beta Ltd,Email,46-60,90,Instagram,0.0154,2378.48,7.29,India
CAMP00285,Delta Solutions,Influencer,36-45,31,Email,0.2912,21360.13,3.97,India
CAMP00286,Beta Ltd,Search,26-35,81,YouTube,0.1929,2855.19,5.1,Germany
CAMP00287,Alpha Corp,Email,36-45,7,YouTube,0.211,19747.88,3.71,UK
CAMP00288,Beta Ltd,Influencer,18-25,69,YouTube,0.1772,3234.62,8.57,Australia
CAMP00289,Gamma Inc,Display,18-25,29,Instagram,0.0523,9720.78,3.43,Australia
CAMP00290,Beta Ltd,Email,26-35,87,Instagram,0.1583,18897.8,2.76,Germany
CAMP00291,Beta Ltd,Email,26-35,53,LinkedIn,0.1098,6714.06,2.54,Australia
CAMP00292,Alpha Corp,Search,36-45,21,LinkedIn,0.3133,3276.58,4.31,India
CAMP00293,Alpha Corp,Influencer,36-45,32,Facebook,0.2484,19786.28,6.42,UK
CAMP00294,Beta Ltd,Email,46-60,80,Facebook,0.0653,17428.9,8.4,Australia
CAMP00295,Gamma Inc,Influencer,26-35,74,LinkedIn,0.2487,22336.06,9.28,Germany
CAMP00296,Delta Solutions,Search,26-35,35,YouTube,0.1964,16218.04,1.26,Australia
CAMP00297,Beta Ltd,Influencer,26-35,27,YouTube,0.0378,2311.79,0.95,Germany
CAMP00298,Delta Solutions,Social Media,18-25,7,LinkedIn,0.0336,16146.55,3.95,India
CAMP00299,Gamma Inc,Email,36-45,15,Facebook,0.0601,20651.42,8.2,Germany
CAMP00300,Gamma Inc,Influencer,18-25,7,LinkedIn,0.2856,2550.12,9.12,USA
CAMP00301,Beta Ltd,Search,46-60,33,Instagram,0.2922,3824.49,2.1,UK
CAMP00302,Gamma Inc,Influencer,36-45,21,YouTube,0.2168,17100.4,3.21,India
CAMP00303,Gamma Inc,Social Media,18-25,6,Instagram,0.0153,19887.6,9.07,India
CAMP00304,Alpha Corp,Display,36-45,72,LinkedIn,0.1178,9152.2,5.97,India
CAMP00305,Gamma Inc,Influencer,36-45,80,LinkedIn,0.1463,18513.91,4.37,USA
CAMP00306,Alpha Corp,Social Media,46-60,82,Google,0.1067,4600.52,2.81,UK
CAMP00307,Gamma Inc,Influencer,18-25,76,Facebook,0.2076,11378.13,1.57,USA
CAMP00308,Gamma Inc,Social Media,46-60,16,YouTube,0.0312,18825.36,1.53,India
CAMP00309,Delta Solutions,Search,18-25,19,Google,0.0168,5375.16,6.9,UK
CAMP00310,Beta Ltd,Email,46-60,77,Google,0.2099,9047.96,7.34,Germany
CAMP00311,Gamma Inc,Display,26-35,6,Facebook,0.0999,15912.11,3.97,India
CAMP00312,Beta Ltd,Influencer,26-35,69,Email,0.2434,8976.88,6.26,UK
CAMP00313,Gamma Inc,Influencer,26-35,15,Email,0.2744,21916.88,1.98,Germany
CAMP00314,Delta Solutions,Influencer,18-25,9,Instagram,0.2178,23939.79,0.7,Germany
CAMP00315,Beta Ltd,Social Media,46-60,72,Facebook,0.3465,16236.09,1.45,UK
CAMP00316,Delta Solutions,Search,26-35,67,Facebook,0.2286,19668.81,1.51,India
CAMP00317,Alpha Corp,Email,18-25,12,Google,0.2727,22714.06,9.86,USA
CAMP00318,Alpha Corp,Email,18-25,8,LinkedIn,0.2279,17695.55,2.74,USA
CAMP00319,Delta Solutions,Social Media,26-35,80,YouTube,0.2839,19446.2,1.77,India
CAMP00320,Alpha Corp,Email,18-25,27,LinkedIn,0.1428,2465.37,8.06,India
CAMP00321,Delta Solutions,Social Media,26-35,88,Instagram,0.1577,20682.19,3.98,UK
CAMP00322,Alpha Corp,Influencer,36-45,50,Email,0.124,7226.83,2.46,USA
CAMP00323,Delta Solutions,Email,26-35,89,Google,0.206,2234.71,2.59,USA
CAMP00324,Alpha Corp,Search,46-60,83,Email,0.1374,14942.05,1.82,USA
CAMP00325,Alpha Corp,Email,46-60,57,LinkedIn,0.3459,6056.28,1.26,Australia
CAMP00326,Alpha Corp,Email,26-35,14,LinkedIn,0.215,2456.25,6.96,Germany
CAMP00327,Gamma Inc,Influencer,26-35,82,YouTube,0.1241,15434.26,4.68,Australia
CAMP00328,Delta Solutions,Email,18-25,34,LinkedIn,0.1828,2914.53,1.91,USA
CAMP00329,Delta Solutions,Social Media,46-60,26,LinkedIn,0.2754,22237.07,8.03,Germany
CAMP00330,Beta Ltd,Influencer,46-60,54,LinkedIn,0.2841,24247.18,0.68,Australia
CAMP00331,Gamma Inc,Search,18-25,35,Instagram,0.2266,18585.71,4.59,Australia
CAMP00332,Alpha Corp,Display,46-60,68,YouTube,0.0108,7547.75,1.71,India
CAMP00333,Beta Ltd,Search,18-25,27,LinkedIn,0.3053,14282.26,0.76,Australia
CAMP00334,Alpha Corp,Influencer,26-35,83,LinkedIn,0.3193,1268.95,5.73,Germany
CAMP00335,Delta Solutions,Display,18-25,13,LinkedIn,0.3064,15724.29,1.98,USA
CAMP00336,Gamma Inc,Search,18-25,45,YouTube,0.2382,6964.1,1.15,India
CAMP00337,Gamma Inc,Email,18-25,87,Google,0.0192,11648.09,5.05,Germany
CAMP00338,Alpha Corp,Display,36-45,77,YouTube,0.3333,4882.27,8.51,India
CAMP00339,Gamma Inc,Search,36-45,75,Facebook,0.0331,24670.52,5.11,Australia
CAMP00340,Beta Ltd,Display,36-45,58,YouTube,0.0608,5581.9,1.26,Germany
CAMP00341,Beta Ltd,Search,36-45,53,LinkedIn,0.2235,10714.91,3.39,Germany
CAMP00342,Delta Solutions,Influencer,26-35,22,Google,0.167,6737.72,4.74,UK
CAMP00343,Beta Ltd,Display,36-45,30,Facebook,0.2666,13768.9,3.17,USA
CAMP00344,Alpha Corp,Email,26-35,54,Google,0.2253,22680.88,3.71,Australia
CAMP00345,Delta Solutions,Search,36-45,31,LinkedIn,0.0114,4503.02,5.25,UK
CAMP00346,Alpha Corp,Influencer,36-45,31,Instagram,0.2286,3949.92,9.45,USA
CAMP00347,Delta Solutions,Influencer,18-25,63,YouTube,0.3018,2314.6,8.15,Australia
CAMP00348,Alpha Corp,Email,36-45,65,LinkedIn,0.2997,14939.11,2.44,Australia
CAMP00349,Gamma Inc,Email,18-25,47,LinkedIn,0.0635,15250.89,7.96,India
CAMP00350,Gamma Inc,Search,26-35,29,YouTube,0.1281,20624.06,4.25,India
CAMP00351,Delta Solutions,Social Media,26-35,20,Facebook,0.0506,20981.05,8.25,UK
CAMP00352,Delta Solutions,Email,46-60,27,YouTube,0.2655,2997.59,6.36,USA
CAMP00353,Beta Ltd,Social Media,36-45,33,LinkedIn,0.2234,22807.87,6.95,Australia
CAMP00354,Delta Solutions,Search,18-25,86,Instagram,0.1747,20819.89,3.94,Germany
CAMP00355,Delta Solutions,Social Media,46-60,32,Email,0.1119,16357.55,7.28,India
CAMP00356,Gamma Inc,Social Media,26-35,83,Google,0.2776,9002.97,5.87,Germany
CAMP00357,Alpha Corp,Social Media,36-45,51,Facebook,0.2791,18766.86,6.38,Germany
CAMP00358,Delta Solutions,Display,46-60,43,Google,0.177,15706.51,5.7,UK
CAMP00359,Delta Solutions,Influencer,26-35,28,Google,0.0523,9149.64,1.03,USA
CAMP00360,Beta Ltd,Social Media,26-35,70,Google,0.1682,824.77,5.01,UK
CAMP00361,Beta Ltd,Display,36-45,77,Email,0.3147,15015.29,0.99,India
CAMP00362,Beta Ltd,Social Media,36-45,89,LinkedIn,0.2086,14624.03,2.1,Australia
CAMP00363,Alpha Corp,Influencer,36-45,75,Google,0.2664,4287.16,5.02,Germany
CAMP00364,Beta Ltd,Display,26-35,12,Facebook,0.1102,22704.99,4.36,Australia
CAMP00365,Alpha Corp,Influencer,46-60,80,LinkedIn,0.1267,4402.27,0.96,Australia
CAMP00366,Beta Ltd,Search,46-60,57,Email,0.0498,7533.86,1.8,India
CAMP00367,Beta Ltd,Email,36-45,49,YouTube,0.1266,9613.71,4.92,Australia
CAMP00368,Gamma Inc,Email,46-60,26,Email,0.0677,17232.66,9.69,UK
CAMP00369,Gamma Inc,Email,26-35,48,YouTube,0.1933,2500.18,5.12,USA
CAMP00370,Alpha Corp,Social Media,18-25,73,LinkedIn,0.1439,17708.17,7.84,USA
CAMP00371,Beta Ltd,Search,46-60,55,LinkedIn,0.2942,10654.71,4.71,UK
CAMP00372,Alpha Corp,Search,18-25,13,Instagram,0.1401,4982.18,2.32,India
CAMP00373,Beta Ltd,Social Media,18-25,69,Google,0.0822,3245.97,0.7,Germany
CAMP00374,Beta Ltd,Search,18-25,72,Google,0.0386,10602.23,4.07,Australia
CAMP00375,Beta Ltd,Search,26-35,62,LinkedIn,0.0959,11426.58,9.24,Australia
CAMP00376,Alpha Corp,Influencer,18-25,22,Facebook,0.2471,3863.89,3.59,USA
CAMP00377,Gamma Inc,Display,26-35,30,YouTube,0.2229,12320.41,4.0,UK
CAMP00378,Gamma Inc,Influencer,26-35,44,Facebook,0.2208,12809.75,7.08,Australia
CAMP00379,Gamma Inc,Display,26-35,79,Facebook,0.3018,24534.76,7.5,UK
CAMP00380,Beta Ltd,Search,36-45,74,LinkedIn,0.096,17975.96,6.28,India
CAMP00381,Delta Solutions,Influencer,36-45,13,Instagram,0.1701,798.14,3.71,Australia
CAMP00382,Alpha Corp,Search,26-35,10,Google,0.0672,12183.27,9.48,India
CAMP00383,Delta Solutions,Social Media,36-45,9,Google,0.0844,1028.95,3.85,Germany
CAMP00384,Delta Solutions,Social Media,26-35,84,Google,0.1361,13024.72,3.27,Germany
CAMP00385,Delta Solutions,Social Media,26-35,79,Instagram,0.2504,8779.46,8.51,India
CAMP00386,Gamma Inc,Display,26-35,23,YouTube,0.2935,22635.92,9.38,India
CAMP00387,Alpha Corp,Social Media,36-45,83,LinkedIn,0.1145,12585.58,9.59,Australia
CAMP00388,Beta Ltd,Influencer,18-25,48,LinkedIn,0.1452,21322.65,5.57,Germany
CAMP00389,Beta Ltd,Social Media,26-35,31,Email,0.3118,14804.87,8.76,UK
CAMP00390,Beta Ltd,Search,36-45,68,LinkedIn,0.2753,10214.57,2.25,Australia
CAMP00391,Delta Solutions,Search,36-45,10,Facebook,0.2447,6127.82,8.95,India
CAMP00392,Delta Solutions,Search,18-25,15,Facebook,0.1484,4987.35,7.7,UK
CAMP00393,Delta Solutions,Influencer,26-35,27,Google,0.126,19966.38,4.29,India
CAMP00394,Alpha Corp,Email,46-60,57,YouTube,0.256,22133.17,2.83,USA
CAMP00395,Delta Solutions,Display,46-60,77,YouTube,0.0417,8440.08,7.72,UK
CAMP00396,Delta Solutions,Search,36-45,49,Google,0.1948,12618.01,4.59,UK
CAMP00397,Alpha Corp,Email,18-25,42,Email,0.0307,7543.79,9.8,India
CAMP00398,Delta Solutions,Email,18-25,55,Instagram,0.2219,11654.71,8.62,India
CAMP00399,Delta Solutions,Display,36-45,6,Google,0.2033,21802.54,8.01,USA
CAMP00400,Gamma Inc,Search,18-25,61,Email,0.0303,3880.38,3.67,India
CAMP00401,Beta Ltd,Social Media,18-25,74,Email,0.1528,7641.41,7.26,UK
CAMP00402,Gamma Inc,Email,26-35,41,Email,0.0754,17534.15,7.68,Germany
CAMP00403,Delta Solutions,Email,18-25,60,Google,0.2814,8110.33,4.39,Germany
CAMP00404,Gamma Inc,Influencer,26-35,30,Email,0.3205,2488.33,1.4,UK
CAMP00405,Alpha Corp,Influencer,46-60,85,YouTube,0.117,9672.93,7.49,India
CAMP00406,Alpha Corp,Influencer,46-60,20,YouTube,0.02,17071.6,3.3,USA
CAMP00407,Alpha Corp,Email,46-60,16,Facebook,0.3152,24608.12,1.76,USA
CAMP00408,Gamma Inc,Search,36-45,85,Facebook,0.2971,22357.5,0.91,Germany
CAMP00409,Delta Solutions,Display,26-35,48,Instagram,0.2809,14266.01,3.61,India
CAMP00410,Delta Solutions,Email,18-25,39,Google,0.1312,19544.66,5.34,Australia
CAMP00411,Alpha Corp,Search,18-25,75,Email,0.0371,14499.01,0.86,USA
CAMP00412,Beta Ltd,Search,46-60,29,LinkedIn,0.3415,12600.48,5.85,India
CAMP00413,Beta Ltd,Social Media,18-25,30,LinkedIn,0.1778,4680.5,9.01,Australia
CAMP00414,Gamma Inc,Display,36-45,9,Email,0.1312,7658.15,6.18,India
CAMP00415,Alpha Corp,Search,36-45,49,Facebook,0.2743,11576.62,5.48,India
CAMP00416,Gamma Inc,Social Media,36-45,69,Facebook,0.238,24647.29,2.71,Australia
CAMP00417,Beta Ltd,Influencer,26-35,89,Google,0.0242,15409.78,4.67,India
CAMP00418,Gamma Inc,Influencer,46-60,50,YouTube,0.3359,23649.53,6.21,USA
CAMP00419,Beta Ltd,Social Media,26-35,11,Email,0.1991,6837.73,8.72,Australia
CAMP00420,Alpha Corp,Display,26-35,21,YouTube,0.074,2189.8,8.88,Germany
CAMP00421,Delta Solutions,Influencer,26-35,29,YouTube,0.0154,24470.19,4.79,UK
CAMP00422,Alpha Corp,Influencer,36-45,81,Google,0.1978,8575.8,2.24,UK
CAMP00423,Alpha Corp,Search,36-45,54,Instagram,0.212,13615.0,7.22,India
CAMP00424,Gamma Inc,Display,46-60,85,Facebook,0.0439,2243.0,9.53,India
CAMP00425,Alpha Corp,Display,36-45,77,Facebook,0.1953,21579.59,9.6,Germany
CAMP00426,Gamma Inc,Display,36-45,80,LinkedIn,0.1568,516.66,9.96,Germany
CAMP00427,Beta Ltd,Search,18-25,29,Facebook,0.1588,22697.29,2.9,Germany
CAMP00428,Beta Ltd,Influencer,18-25,53,YouTube,0.3416,4551.59,8.45,UK
CAMP00429,Beta Ltd,Search,46-60,10,Instagram,0.1106,4995.22,0.99,India
CAMP00430,Beta Ltd,Search,18-25,37,Google,0.3106,20732.09,0.64,UK
CAMP00431,Gamma Inc,Email,26-35,31,Google,0.1271,9962.65,6.9,Germany
CAMP00432,Delta Solutions,Search,18-25,18,LinkedIn,0.071,6772.44,1.64,India
CAMP00433,Delta Solutions,Search,46-60,10,LinkedIn,0.0618,15112.81,4.19,UK
CAMP00434,Alpha Corp,Display,36-45,37,LinkedIn,0.3298,6733.08,0.62,Germany
CAMP00435,Alpha Corp,Display,46-60,11,Instagram,0.0179,7520.41,1.32,India
CAMP00436,Delta Solutions,Search,46-60,57,Instagram,0.0845,1615.98,2.48,Germany
CAMP00437,Beta Ltd,Social Media,26-35,28,LinkedIn,0.1258,13715.58,5.77,Germany
CAMP00438,Gamma Inc,Display,46-60,24,Facebook,0.2333,3670.77,3.65,Australia
CAMP00439,Delta Solutions,Email,46-60,14,YouTube,0.1378,21009.47,5.86,UK
CAMP00440,Beta Ltd,Social Media,26-35,44,Facebook,0.0169,18899.99,6.67,UK
CAMP00441,Beta Ltd,Search,36-45,19,Facebook,0.1858,7493.75,0.53,UK
CAMP00442,Delta Solutions,Email,46-60,54,Instagram,0.3107,13577.58,8.55,Australia
CAMP00443,Beta Ltd,Display,46-60,89,Google,0.3114,14645.73,1.05,UK
CAMP00444,Delta Solutions,Display,36-45,67,LinkedIn,0.3471,16828.07,8.79,India
CAMP00445,Gamma Inc,Search,36-45,14,Email,0.1264,10763.56,9.77,Australia
CAMP00446,Beta Ltd,Influencer,36-45,12,Facebook,0.0516,16487.04,9.08,UK
CAMP00447,Alpha Corp,Social Media,46-60,80,Instagram,0.0336,4650.05,5.65,Germany
CAMP00448,Beta Ltd,Email,18-25,79,Email,0.3048,12039.96,7.81,Germany
CAMP00449,Alpha Corp,Influencer,18-25,36,Google,0.2644,2803.15,2.14,India
CAMP00450,Delta Solutions,Display,26-35,44,LinkedIn,0.2234,23556.21,9.4,USA
CAMP00451,Gamma Inc,Email,46-60,37,Facebook,0.1789,10334.53,0.72,Germany
CAMP00452,Gamma Inc,Social Media,36-45,55,Facebook,0.1655,15627.32,5.74,USA
CAMP00453,Delta Solutions,Email,26-35,22,Instagram,0.1779,12500.5,4.88,Germany
CAMP00454,Delta Solutions,Search,18-25,85,Instagram,0.1337,1157.03,8.07,India
CAMP00455,Gamma Inc,Search,46-60,39,Instagram,0.1714,2036.48,7.58,UK
CAMP00456,Gamma Inc,Influencer,46-60,19,Instagram,0.0815,6981.63,3.64,Australia
CAMP00457,Gamma Inc,Search,26-35,30,Facebook,0.05,17035.91,2.05,UK
CAMP00458,Alpha Corp,Search,18-25,81,LinkedIn,0.0818,16215.15,8.05,USA
CAMP00459,Beta Ltd,Display,18-25,29,Facebook,0.3401,5104.65,9.79,USA
CAMP00460,Gamma Inc,Search,26-35,74,LinkedIn,0.3468,12471.02,1.43,Australia
CAMP00461,Alpha Corp,Display,18-25,70,Email,0.2655,9493.0,7.46,Australia
CAMP00462,Delta Solutions,Search,18-25,90,Instagram,0.2946,14429.33,5.4,Germany
CAMP00463,Delta Solutions,Search,46-60,18,YouTube,0.0452,8699.81,3.46,USA
CAMP00464,Beta Ltd,Social Media,26-35,38,Instagram,0.0518,22456.85,0.64,Germany
CAMP00465,Delta Solutions,Email,26-35,77,Google,0.0415,12074.26,7.38,UK
CAMP00466,Alpha Corp,Social Media,26-35,15,LinkedIn,0.0315,10951.16,1.75,USA
CAMP00467,Alpha Corp,Influencer,36-45,7,Google,0.2641,17731.49,8.58,Germany
CAMP00468,Beta Ltd,Search,18-25,6,YouTube,0.0292,19626.85,3.01,India
CAMP00469,Alpha Corp,Email,26-35,12,YouTube,0.3327,11220.04,6.13,Germany
CAMP00470,Beta Ltd,Social Media,18-25,73,YouTube,0.2324,3169.52,3.2,Germany
CAMP00471,Beta Ltd,Influencer,36-45,35,Email,0.0681,2584.68,7.17,USA
CAMP00472,Gamma Inc,Influencer,26-35,16,LinkedIn,0.288,8508.42,1.61,Germany
CAMP00473,Beta Ltd,Email,46-60,65,YouTube,0.2901,18448.27,3.76,UK
CAMP00474,Gamma Inc,Social Media,26-35,31,Facebook,0.2017,16514.15,5.34,UK
CAMP00475,Alpha Corp,Email,46-60,16,YouTube,0.0409,7549.52,6.06,India
CAMP00476,Alpha Corp,Social Media,36-45,89,LinkedIn,0.1463,607.64,6.01,USA
CAMP00477,Beta Ltd,Search,18-25,55,YouTube,0.1965,16245.48,1.25,USA
CAMP00478,Beta Ltd,Email,36-45,43,Google,0.2629,14327.81,0.82,Germany
CAMP00479,Gamma Inc,Search,26-35,84,YouTube,0.1115,19425.99,2.75,Australia
CAMP00480,Beta Ltd,Influencer,18-25,24,LinkedIn,0.3069,17311.06,0.86,USA
CAMP00481,Beta Ltd,Search,46-60,55,LinkedIn,0.0953,6549.06,2.6,USA
CAMP00482,Gamma Inc,Email,36-45,69,Instagram,0.3494,18456.03,1.06,USA
CAMP00483,Gamma Inc,Social Media,26-35,5,YouTube,0.0491,12416.34,5.51,USA
CAMP00484,Gamma Inc,Email,46-60,28,Email,0.2932,14582.03,1.49,India
CAMP00485,Beta Ltd,Search,26-35,13,LinkedIn,0.055,9246.33,4.44,Germany
CAMP00486,Alpha Corp,Influencer,18-25,50,Instagram,0.2682,19869.44,7.81,India
CAMP00487,Alpha Corp,Search,36-45,63,Email,0.3032,5304.15,7.84,Australia
CAMP00488,Alpha Corp,Display,36-45,18,LinkedIn,0.1164,5511.21,5.84,India
CAMP00489,Gamma Inc,Display,46-60,17,Google,0.0445,6316.94,0.79,USA
CAMP00490,Alpha Corp,Social Media,26-35,44,Email,0.35,19844.03,5.6,UK
CAMP00491,Beta Ltd,Search,26-35,39,Email,0.3402,18338.55,2.9,USA
CAMP00492,Delta Solutions,Display,46-60,14,Facebook,0.2673,7104.9,5.9,India
CAMP00493,Delta Solutions,Influencer,18-25,63,YouTube,0.1414,4025.17,9.13,India
CAMP00494,Alpha Corp,Influencer,18-25,71,Instagram,0.0557,1190.65,6.19,USA
CAMP00495,Delta Solutions,Search,26-35,41,Instagram,0.1521,17253.7,9.44,USA
CAMP00496,Alpha Corp,Display,26-35,36,LinkedIn,0.2549,13702.39,2.48,India
CAMP00497,Beta Ltd,Email,36-45,18,YouTube,0.0618,17706.7,3.05,USA
CAMP00498,Gamma Inc,Social Media,26-35,32,Google,0.0157,17852.25,1.91,India
CAMP00499,Beta Ltd,Display,18-25,48,Google,0.3174,21197.01,1.24,India
CAMP00500,Beta Ltd,Email,18-25,90,LinkedIn,0.248,10691.18,0.6,India
CAMP00501,Alpha Corp,Search,46-60,20,YouTube,0.2459,20768.22,9.32,UK
CAMP00502,Gamma Inc,Influencer,18-25,76,LinkedIn,0.332,11176.3,4.79,Germany
CAMP00503,Delta Solutions,Influencer,26-35,48,LinkedIn,0.187,17841.62,9.42,Germany
CAMP00504,Gamma Inc,Display,46-60,52,Facebook,0.1181,14002.98,8.71,UK
CAMP00505,Beta Ltd,Display,26-35,30,Instagram,0.3192,23074.91,7.57,UK
CAMP00506,Beta Ltd,Email,36-45,86,Instagram,0.3452,9568.15,9.22,Germany
CAMP00507,Beta Ltd,Influencer,36-45,10,Google,0.017,17400.76,3.01,Germany
CAMP00508,Alpha Corp,Email,18-25,23,YouTube,0.1224,15153.33,8.64,India
CAMP00509,Gamma Inc,Influencer,18-25,32,YouTube,0.1332,24967.73,6.96,Germany
CAMP00510,Delta Solutions,Search,26-35,54,LinkedIn,0.0478,2392.91,6.2,Germany
CAMP00511,Beta Ltd,Display,26-35,41,Instagram,0.0853,15153.67,6.38,UK
CAMP00512,Delta Solutions,Influencer,36-45,84,Instagram,0.0183,6194.86,9.11,India
CAMP00513,Alpha Corp,Display,36-45,20,Email,0.2468,22162.56,9.32,Germany
CAMP00514,Beta Ltd,Display,18-25,53,YouTube,0.0463,19965.23,2.18,Australia
CAMP00515,Beta Ltd,Social Media,18-25,46,Facebook,0.3118,16715.06,1.27,India
CAMP00516,Gamma Inc,Influencer,36-45,31,Google,0.2086,12268.54,3.09,USA
CAMP00517,Gamma Inc,Social Media,46-60,6,Google,0.1311,17191.65,8.2,India
CAMP00518,Gamma Inc,Influencer,36-45,74,YouTube,0.285,14081.27,1.42,Germany
CAMP00519,Beta Ltd,Display,18-25,22,Instagram,0.2312,7538.83,6.79,UK
CAMP00520,Delta Solutions,Display,26-35,16,LinkedIn,0.266,20575.84,4.29,Germany
CAMP00521,Gamma Inc,Social Media,18-25,54,Email,0.3084,13058.11,9.17,Australia
CAMP00522,Alpha Corp,Email,36-45,18,Facebook,0.2846,6799.42,8.29,USA
CAMP00523,Delta Solutions,Display,26-35,59,YouTube,0.2749,16776.59,5.32,USA
CAMP00524,Beta Ltd,Search,18-25,67,Google,0.2581,956.72,4.12,India
CAMP00525,Delta Solutions,Influencer,46-60,24,Google,0.1383,18142.19,8.43,USA
CAMP00526,Beta Ltd,Social Media,26-35,10,Email,0.2316,12023.21,2.82,UK
CAMP00527,Delta Solutions,Search,46-60,13,Google,0.2023,16040.7,5.66,Germany
CAMP00528,Beta Ltd,Display,26-35,9,Google,0.3376,4351.83,9.35,UK
CAMP00529,Gamma Inc,Email,46-60,46,Instagram,0.1803,18097.18,6.24,Germany
CAMP00530,Gamma Inc,Influencer,26-35,37,YouTube,0.0854,18220.26,9.34,Australia
CAMP00531,Delta Solutions,Search,18-25,71,Email,0.1656,18668.97,4.7,USA
CAMP00532,Beta Ltd,Email,18-25,39,Google,0.151,11946.4,6.48,Germany
CAMP00533,Alpha Corp,Influencer,18-25,60,Google,0.1693,16192.41,9.43,UK
CAMP00534,Alpha Corp,Display,18-25,45,LinkedIn,0.2076,13956.75,7.5,UK
CAMP00535,Beta Ltd,Display,46-60,41,Facebook,0.3323,6210.46,9.1,Germany
CAMP00536,Gamma Inc,Search,46-60,68,Google,0.1056,1064.06,8.4,UK
CAMP00537,Gamma Inc,Social Media,26-35,48,YouTube,0.3395,10632.63,1.24,USA
CAMP00538,Delta Solutions,Display,18-25,53,Google,0.2751,20465.47,2.96,USA
CAMP00539,Gamma Inc,Email,46-60,43,YouTube,0.0722,8394.82,7.54,USA
CAMP00540,Alpha Corp,Email,36-45,66,YouTube,0.1053,18850.54,8.96,USA
CAMP00541,Delta Solutions,Email,46-60,31,Google,0.3192,16171.8,8.12,USA
CAMP00542,Delta Solutions,Search,26-35,9,Google,0.2825,9154.97,3.48,USA
CAMP00543,Alpha Corp,Email,36-45,41,LinkedIn,0.0587,514.1,6.4,India
CAMP00544,Delta Solutions,Social Media,46-60,32,YouTube,0.2088,11059.65,6.78,Germany
CAMP00545,Gamma Inc,Search,26-35,82,Email,0.1042,10124.83,4.65,India
CAMP00546,Beta Ltd,Display,46-60,88,Facebook,0.2241,3899.19,6.08,India
CAMP00547,Beta Ltd,Search,26-35,23,Facebook,0.069,20558.83,9.87,India
CAMP00548,Beta Ltd,Social Media,36-45,41,Facebook,0.1297,23909.32,5.67,USA
CAMP00549,Delta Solutions,Social Media,18-25,42,LinkedIn,0.1421,3470.45,2.35,USA
CAMP00550,Delta Solutions,Email,46-60,24,YouTube,0.1928,6158.06,5.29,India
CAMP00551,Alpha Corp,Influencer,46-60,5,YouTube,0.0914,15996.17,2.17,UK
CAMP00552,Delta Solutions,Social Media,18-25,90,YouTube,0.2574,23796.12,7.04,USA
CAMP00553,Delta Solutions,Display,26-35,61,Facebook,0.2852,23382.98,9.07,India
CAMP00554,Alpha Corp,Search,46-60,40,Facebook,0.2276,23317.93,6.92,USA
CAMP00555,Beta Ltd,Search,26-35,20,LinkedIn,0.317,11283.55,8.84,USA
CAMP00556,Alpha Corp,Email,36-45,46,Facebook,0.2788,24654.62,7.41,Germany
CAMP00557,Gamma Inc,Influencer,18-25,28,LinkedIn,0.025,9434.25,4.66,India
CAMP00558,Delta Solutions,Social Media,46-60,24,Google,0.0388,2624.13,5.61,Germany
CAMP00559,Delta Solutions,Email,36-45,87,Instagram,0.2344,17758.76,5.56,Germany
CAMP00560,Alpha Corp,Social Media,46-60,61,Instagram,0.2554,14126.52,4.23,Australia
CAMP00561,Beta Ltd,Display,36-45,31,YouTube,0.3391,20086.44,1.38,India
CAMP00562,Gamma Inc,Social Media,46-60,22,YouTube,0.0111,15717.14,7.17,Australia
CAMP00563,Gamma Inc,Search,18-25,71,Facebook,0.0906,20605.85,0.95,India
CAMP00564,Alpha Corp,Email,26-35,57,Facebook,0.2928,8925.34,2.44,Australia
CAMP00565,Beta Ltd,Social Media,26-35,78,Instagram,0.3131,7554.46,4.81,Germany
CAMP00566,Delta Solutions,Email,18-25,70,Google,0.1679,19052.53,9.88,UK
CAMP00567,Beta Ltd,Search,26-35,39,Google,0.1745,12694.11,3.42,Australia
CAMP00568,Gamma Inc,Search,36-45,61,LinkedIn,0.3002,4895.19,8.05,UK
CAMP00569,Beta Ltd,Email,26-35,37,Instagram,0.1664,9687.97,4.48,USA
CAMP00570,Beta Ltd,Display,18-25,12,Facebook,0.2777,20116.11,2.6,Germany
CAMP00571,Gamma Inc,Search,18-25,7,LinkedIn,0.3326,23136.09,0.75,Germany
CAMP00572,Delta Solutions,Display,26-35,11,Instagram,0.099,19127.9,1.34,UK
CAMP00573,Alpha Corp,Influencer,46-60,84,Instagram,0.1033,18094.07,4.46,Australia
CAMP00574,Alpha Corp,Social Media,18-25,77,Facebook,0.3291,20385.37,4.3,Germany
CAMP00575,Gamma Inc,Search,18-25,38,Email,0.1543,5412.99,6.45,Germany
CAMP00576,Delta Solutions,Search,36-45,82,YouTube,0.0153,14699.74,1.09,USA
CAMP00577,Gamma Inc,Influencer,18-25,68,LinkedIn,0.1808,15057.55,3.2,UK
CAMP00578,Gamma Inc,Email,18-25,16,Facebook,0.2197,23675.36,0.72,Germany
CAMP00579,Delta Solutions,Influencer,26-35,24,LinkedIn,0.0932,874.96,8.78,Germany
CAMP00580,Gamma Inc,Social Media,46-60,37,Facebook,0.2573,24277.81,4.28,UK
CAMP00581,Gamma Inc,Display,26-35,74,YouTube,0.0892,18288.81,6.05,USA
CAMP00582,Beta Ltd,Influencer,36-45,61,Email,0.0507,1049.74,7.25,India
CAMP00583,Delta Solutions,Search,18-25,38,Google,0.0948,13210.91,3.05,USA
CAMP00584,Gamma Inc,Search,26-35,76,Facebook,0.1915,2209.72,1.78,UK
CAMP00585,Gamma Inc,Display,46-60,32,LinkedIn,0.301,15283.17,6.01,UK
CAMP00586,Gamma Inc,Influencer,18-25,83,Google,0.19,11564.38,9.08,Germany
CAMP00587,Gamma Inc,Influencer,26-35,67,Email,0.2987,19424.44,8.98,Australia
CAMP00588,Beta Ltd,Social Media,36-45,65,YouTube,0.0318,14696.01,3.43,UK
CAMP00589,Beta Ltd,Social Media,36-45,12,Email,0.1367,19766.32,3.03,Australia
CAMP00590,Gamma Inc,Search,26-35,17,Instagram,0.158,9535.26,3.86,India
CAMP00591,Alpha Corp,Display,18-25,89,Facebook,0.2826,21493.73,2.83,Germany
CAMP00592,Alpha Corp,Social Media,18-25,71,Facebook,0.2176,21724.5,9.66,UK
CAMP00593,Gamma Inc,Social Media,18-25,27,YouTube,0.2769,16558.25,0.83,India
CAMP00594,Gamma Inc,Email,26-35,78,YouTube,0.1251,6961.07,2.32,UK
CAMP00595,Beta Ltd,Search,46-60,31,YouTube,0.3276,24790.06,0.77,India
CAMP00596,Gamma Inc,Social Media,36-45,35,Facebook,0.2866,20534.47,8.61,Australia
CAMP00597,Beta Ltd,Email,26-35,31,Instagram,0.3213,21365.47,4.98,UK
CAMP00598,Delta Solutions,Influencer,46-60,47,Facebook,0.0994,783.01,2.67,India
CAMP00599,Gamma Inc,Social Media,46-60,70,Google,0.0122,20740.54,4.26,India
CAMP00600,Beta Ltd,Influencer,18-25,19,Google,0.2193,5835.13,1.51,Australia
CAMP00601,Gamma Inc,Social Media,46-60,88,Instagram,0.1775,12952.28,1.52,Germany
CAMP00602,Gamma Inc,Search,36-45,31,Google,0.2748,17755.0,9.5,UK
CAMP00603,Delta Solutions,Email,46-60,88,Instagram,0.0431,10552.16,7.11,Australia
CAMP00604,Alpha Corp,Display,46-60,79,Instagram,0.2125,6468.77,6.57,Germany
CAMP00605,Gamma Inc,Influencer,18-25,52,Instagram,0.0776,12754.46,4.99,Australia
CAMP00606,Beta Ltd,Search,46-60,12,Facebook,0.185,7844.27,5.15,USA
CAMP00607,Beta Ltd,Influencer,18-25,54,LinkedIn,0.0638,15575.36,7.83,India
CAMP00608,Beta Ltd,Display,36-45,70,Facebook,0.3202,3187.82,1.0,Germany
CAMP00609,Beta Ltd,Display,26-35,89,Email,0.0723,10503.78,6.84,Australia
CAMP00610,Beta Ltd,Influencer,18-25,13,Google,0.2055,14994.26,5.73,USA
CAMP00611,Delta Solutions,Social Media,18-25,69,LinkedIn,0.0119,24767.78,3.41,USA
CAMP00612,Alpha Corp,Email,36-45,30,LinkedIn,0.0632,12638.72,2.55,Germany
CAMP00613,Delta Solutions,Search,26-35,69,Facebook,0.1798,10934.21,8.69,Australia
CAMP00614,Beta Ltd,Email,26-35,55,Instagram,0.0239,24735.71,9.35,USA
CAMP00615,Gamma Inc,Email,46-60,79,Email,0.1945,23171.93,1.41,Germany
CAMP00616,Gamma Inc,Search,36-45,5,Facebook,0.0727,16987.69,2.11,UK
CAMP00617,Beta Ltd,Influencer,26-35,48,Facebook,0.257,13846.95,6.84,UK
CAMP00618,Gamma Inc,Display,18-25,63,Email,0.3052,7136.94,7.85,Germany
CAMP00619,Beta Ltd,Search,36-45,37,Instagram,0.2679,15784.39,5.17,Germany
CAMP00620,Gamma Inc,Display,26-35,32,LinkedIn,0.0316,20932.35,9.31,UK
CAMP00621,Delta Solutions,Influencer,36-45,33,Instagram,0.1788,24548.87,8.79,India
CAMP00622,Delta Solutions,Email,18-25,69,Google,0.0478,4688.78,1.7,USA
CAMP00623,Alpha Corp,Email,18-25,22,Facebook,0.1491,7214.39,1.85,Germany
CAMP00624,Delta Solutions,Email,46-60,88,LinkedIn,0.2954,22168.43,1.32,Australia
CAMP00625,Gamma Inc,Search,46-60,22,LinkedIn,0.024,21593.65,8.82,USA
CAMP00626,Delta Solutions,Display,18-25,40,Instagram,0.0956,18058.14,5.8,UK
CAMP00627,Alpha Corp,Display,18-25,90,Email,0.291,3041.42,9.44,Germany
CAMP00628,Delta Solutions,Influencer,46-60,7,Instagram,0.148,17803.26,7.43,India
CAMP00629,Delta Solutions,Social Media,18-25,33,YouTube,0.09,11991.95,7.45,India
CAMP00630,Gamma Inc,Search,26-35,78,LinkedIn,0.3328,9595.65,1.69,USA
CAMP00631,Gamma Inc,Influencer,36-45,32,Instagram,0.0629,6641.82,1.54,Australia
CAMP00632,Alpha Corp,Email,46-60,28,Instagram,0.2781,8290.53,9.34,UK
CAMP00633,Beta Ltd,Email,26-35,5,Instagram,0.0705,13626.93,5.08,Australia
CAMP00634,Gamma Inc,Email,46-60,17,Email,0.3374,4467.77,9.94,USA
CAMP00635,Alpha Corp,Email,18-25,21,Instagram,0.2773,12977.98,3.57,India
CAMP00636,Gamma Inc,Social Media,18-25,80,Instagram,0.104,1680.98,6.4,Australia
CAMP00637,Alpha Corp,Email,46-60,51,LinkedIn,0.3444,10560.61,5.94,UK
CAMP00638,Beta Ltd,Influencer,18-25,24,Facebook,0.0489,24020.65,1.15,India
CAMP00639,Alpha Corp,Social Media,36-45,74,LinkedIn,0.3023,18604.89,5.43,India
CAMP00640,Gamma Inc,Social Media,18-25,57,Email,0.2478,2180.75,9.28,India
CAMP00641,Delta Solutions,Search,18-25,32,Email,0.0691,17351.99,4.81,USA
CAMP00642,Gamma Inc,Search,26-35,26,Facebook,0.1958,5304.77,4.99,India
CAMP00643,Alpha Corp,Social Media,18-25,23,Instagram,0.0141,12117.03,7.16,USA
CAMP00644,Alpha Corp,Search,18-25,66,Google,0.2049,7707.13,7.92,USA
CAMP00645,Delta Solutions,Influencer,46-60,66,Instagram,0.2079,23386.95,8.37,UK
CAMP00646,Alpha Corp,Search,26-35,60,Google,0.1489,1833.78,4.79,Australia
CAMP00647,Delta Solutions,Display,18-25,43,LinkedIn,0.2903,22083.47,4.72,India
CAMP00648,Delta Solutions,Display,46-60,48,Email,0.3265,17683.78,5.0,Australia
CAMP00649,Beta Ltd,Search,46-60,82,Instagram,0.1915,9388.33,9.71,India
CAMP00650,Gamma Inc,Social Media,36-45,52,Email,0.2391,22051.24,9.33,Germany
CAMP00651,Alpha Corp,Search,36-45,57,Google,0.0596,10454.42,6.42,Germany
CAMP00652,Alpha Corp,Display,26-35,24,YouTube,0.3494,17610.07,3.2,USA
CAMP00653,Alpha Corp,Search,18-25,44,Facebook,0.3017,19802.7,9.05,Germany
CAMP00654,Beta Ltd,Influencer,46-60,6,Email,0.3327,7516.58,2.12,India
CAMP00655,Beta Ltd,Email,18-25,44,Google,0.2745,2270.27,1.51,India
CAMP00656,Delta Solutions,Display,46-60,73,YouTube,0.1198,21769.08,4.44,UK
CAMP00657,Alpha Corp,Display,26-35,62,LinkedIn,0.0854,6166.54,7.01,Germany
CAMP00658,Beta Ltd,Social Media,18-25,81,Facebook,0.1838,23329.27,1.0,UK
CAMP00659,Gamma Inc,Display,36-45,34,Email,0.0381,8218.47,3.47,India
CAMP00660,Alpha Corp,Search,36-45,71,LinkedIn,0.1976,10664.95,7.95,India
CAMP00661,Gamma Inc,Influencer,46-60,67,Facebook,0.1358,11042.6,6.76,USA
CAMP00662,Alpha Corp,Display,26-35,65,Email,0.2575,11963.29,1.3,Australia
CAMP00663,Gamma Inc,Email,36-45,73,Instagram,0.2227,24087.68,2.42,Germany
CAMP00664,Gamma Inc,Display,36-45,45,Google,0.0938,6504.63,7.39,Germany
CAMP00665,Beta Ltd,Search,18-25,34,Facebook,0.2594,15402.71,1.61,Germany
CAMP00666,Alpha Corp,Influencer,26-35,55,Facebook,0.1158,7706.21,0.59,UK
CAMP00667,Beta Ltd,Search,26-35,38,Google,0.0945,3707.79,9.93,Germany
CAMP00668,Delta Solutions,Influencer,46-60,64,YouTube,0.1523,7574.92,6.33,USA
CAMP00669,Beta Ltd,Display,26-35,79,Google,0.0637,14033.9,4.58,Germany
CAMP00670,Delta Solutions,Email,36-45,7,YouTube,0.1206,15371.25,6.17,Australia
CAMP00671,Gamma Inc,Search,36-45,58,LinkedIn,0.0983,6961.17,6.87,USA
CAMP00672,Gamma Inc,Search,36-45,41,Email,0.0174,24689.2,5.21,Australia
CAMP00673,Beta Ltd,Email,26-35,14,Facebook,0.1123,9387.19,6.75,USA
CAMP00674,Gamma Inc,Social Media,18-25,24,LinkedIn,0.1687,20884.93,7.23,India
CAMP00675,Alpha Corp,Search,18-25,75,LinkedIn,0.2921,1358.33,2.2,Germany
CAMP00676,Gamma Inc,Email,46-60,36,Facebook,0.0714,17532.84,4.53,UK
CAMP00677,Alpha Corp,Email,18-25,12,Email,0.1213,7934.83,3.39,USA
CAMP00678,Delta Solutions,Email,18-25,69,Instagram,0.02,13653.78,8.07,Germany
CAMP00679,Delta Solutions,Email,26-35,25,Facebook,0.0355,20996.78,7.81,UK
CAMP00680,Alpha Corp,Search,18-25,36,Facebook,0.1311,18258.69,8.2,Germany
CAMP00681,Beta Ltd,Social Media,26-35,21,YouTube,0.18,9311.02,4.66,Australia
CAMP00682,Beta Ltd,Email,26-35,68,Instagram,0.2644,18445.75,5.97,India
CAMP00683,Gamma Inc,Influencer,18-25,83,Email,0.2695,10642.94,7.2,Australia
CAMP00684,Beta Ltd,Search,36-45,88,Google,0.3208,2055.42,3.56,UK
CAMP00685,Alpha Corp,Influencer,46-60,11,LinkedIn,0.3187,16806.83,9.79,India
CAMP00686,Alpha Corp,Email,36-45,84,YouTube,0.0445,23452.0,4.1,Australia
CAMP00687,Alpha Corp,Influencer,26-35,59,Email,0.0481,2549.48,5.6,USA
CAMP00688,Alpha Corp,Display,26-35,76,LinkedIn,0.1789,17346.82,8.35,India
CAMP00689,Beta Ltd,Influencer,36-45,11,YouTube,0.2104,21073.48,7.6,UK
CAMP00690,Beta Ltd,Influencer,26-35,78,YouTube,0.2133,15117.5,5.26,UK
CAMP00691,Alpha Corp,Email,36-45,33,Google,0.1753,12392.36,4.38,India
CAMP00692,Beta Ltd,Email,18-25,38,YouTube,0.3436,6311.69,6.55,UK
CAMP00693,Beta Ltd,Influencer,36-45,82,LinkedIn,0.183,5249.36,4.64,UK
CAMP00694,Delta Solutions,Email,36-45,67,YouTube,0.328,10209.27,6.12,Australia
CAMP00695,Beta Ltd,Display,46-60,49,Instagram,0.346,16211.56,8.1,UK
CAMP00696,Gamma Inc,Social Media,26-35,62,Email,0.161,8209.47,1.66,USA
CAMP00697,Beta Ltd,Email,26-35,35,LinkedIn,0.0555,12465.94,7.12,UK
CAMP00698,Beta Ltd,Display,36-45,89,Facebook,0.1208,15199.74,1.01,UK
CAMP00699,Beta Ltd,Email,26-35,11,YouTube,0.1319,5644.5,7.47,Germany
CAMP00700,Alpha Corp,Display,46-60,54,Facebook,0.312,18664.18,2.49,UK
CAMP00701,Delta Solutions,Email,46-60,8,LinkedIn,0.337,15901.89,5.19,USA
CAMP00702,Delta Solutions,Influencer,18-25,41,Email,0.0677,14999.93,3.04,USA
CAMP00703,Beta Ltd,Social Media,36-45,48,Instagram,0.0168,12213.73,3.56,Australia
CAMP00704,Beta Ltd,Search,36-45,77,Facebook,0.2924,9437.74,6.47,USA
CAMP00705,Delta Solutions,Social Media,26-35,85,YouTube,0.1999,13945.93,4.6,Australia
CAMP00706,Gamma Inc,Search,26-35,69,LinkedIn,0.2654,19260.42,5.13,USA
CAMP00707,Beta Ltd,Influencer,46-60,87,Facebook,0.1228,17797.25,9.99,Germany
CAMP00708,Beta Ltd,Email,26-35,15,Google,0.0639,18573.93,1.66,India
CAMP00709,Alpha Corp,Display,46-60,50,Instagram,0.1,5630.73,4.15,USA
CAMP00710,Beta Ltd,Influencer,18-25,56,Google,0.0265,19602.27,5.54,Australia
CAMP00711,Delta Solutions,Influencer,18-25,11,LinkedIn,0.1412,8717.6,8.23,India
CAMP00712,Delta Solutions,Influencer,26-35,55,LinkedIn,0.0437,6210.51,3.18,Australia
CAMP00713,Gamma Inc,Influencer,26-35,8,YouTube,0.1677,3478.0,4.24,Australia
CAMP00714,Beta Ltd,Influencer,46-60,59,Email,0.2817,20843.02,8.3,India
CAMP00715,Gamma Inc,Email,26-35,24,Email,0.0262,15768.33,5.54,Australia
CAMP00716,Delta Solutions,Social Media,36-45,85,LinkedIn,0.3149,21112.0,8.63,Australia
CAMP00717,Alpha Corp,Search,26-35,33,Instagram,0.0519,14254.69,1.11,UK
CAMP00718,Alpha Corp,Social Media,18-25,56,Google,0.233,21576.87,3.23,UK
CAMP00719,Beta Ltd,Email,36-45,57,Instagram,0.0918,14136.0,5.8,UK
CAMP00720,Beta Ltd,Social Media,18-25,79,Instagram,0.2973,16323.19,1.66,Germany
CAMP00721,Alpha Corp,Display,18-25,33,YouTube,0.0135,1880.83,5.08,USA
CAMP00722,Alpha Corp,Social Media,36-45,35,YouTube,0.1533,16906.64,0.67,Germany
CAMP00723,Delta Solutions,Influencer,18-25,63,LinkedIn,0.337,15143.94,5.29,India
CAMP00724,Gamma Inc,Email,18-25,9,YouTube,0.0484,6430.87,9.24,UK
CAMP00725,Alpha Corp,Email,46-60,52,YouTube,0.2686,3261.98,9.51,USA
CAMP00726,Alpha Corp,Social Media,46-60,37,LinkedIn,0.2571,9006.03,3.53,USA
CAMP00727,Delta Solutions,Display,26-35,89,Instagram,0.1185,1974.48,0.53,Australia
CAMP00728,Alpha Corp,Search,46-60,50,YouTube,0.0306,15220.32,9.17,USA
CAMP00729,Gamma Inc,Display,18-25,71,YouTube,0.2933,13875.6,5.89,USA
CAMP00730,Delta Solutions,Influencer,46-60,76,Email,0.3177,22986.48,6.02,Germany
CAMP00731,Beta Ltd,Display,36-45,17,LinkedIn,0.0535,13180.26,8.24,Australia
CAMP00732,Delta Solutions,Email,36-45,59,Email,0.2983,18378.4,4.24,Germany
CAMP00733,Alpha Corp,Search,46-60,63,LinkedIn,0.2933,16767.63,4.49,UK
CAMP00734,Beta Ltd,Social Media,36-45,43,Google,0.2062,17641.77,8.59,Germany
CAMP00735,Delta Solutions,Search,26-35,22,LinkedIn,0.2764,8184.48,5.17,Germany
CAMP00736,Gamma Inc,Search,36-45,44,Email,0.0234,10676.08,7.49,UK
CAMP00737,Gamma Inc,Social Media,26-35,9,Facebook,0.1787,3434.36,9.1,India
CAMP00738,Delta Solutions,Display,18-25,90,Instagram,0.3388,16436.57,4.24,UK
CAMP00739,Beta Ltd,Email,18-25,12,Facebook,0.2736,7909.73,8.94,UK
CAMP00740,Gamma Inc,Influencer,26-35,17,Facebook,0.1012,13945.42,3.61,USA
CAMP00741,Alpha Corp,Influencer,46-60,16,Facebook,0.222,23077.33,9.33,UK
CAMP00742,Beta Ltd,Influencer,18-25,22,Facebook,0.0823,17231.4,3.4,USA
CAMP00743,Beta Ltd,Email,26-35,20,Email,0.0855,7057.82,2.73,Australia
CAMP00744,Delta Solutions,Social Media,18-25,58,Facebook,0.0744,13108.86,7.35,Germany
CAMP00745,Delta Solutions,Influencer,26-35,14,Google,0.0746,15253.33,9.26,India
CAMP00746,Beta Ltd,Email,46-60,65,Email,0.1798,21328.76,7.8,UK
CAMP00747,Gamma Inc,Social Media,36-45,40,Email,0.1153,19947.15,7.53,Germany
CAMP00748,Beta Ltd,Influencer,46-60,38,YouTube,0.2745,8223.27,9.74,Australia
CAMP00749,Delta Solutions,Social Media,36-45,48,Instagram,0.314,23031.22,5.8,Australia
CAMP00750,Alpha Corp,Email,46-60,7,LinkedIn,0.1758,4111.01,8.93,Australia
CAMP00751,Alpha Corp,Display,26-35,48,Instagram,0.075,7264.16,0.85,Australia
CAMP00752,Alpha Corp,Email,36-45,49,Email,0.3493,1329.68,1.76,Australia
CAMP00753,Alpha Corp,Search,36-45,69,Instagram,0.026,8125.96,3.08,India
CAMP00754,Gamma Inc,Display,46-60,17,LinkedIn,0.1969,10644.19,9.49,UK
CAMP00755,Delta Solutions,Display,36-45,9,Email,0.0847,6412.05,2.37,Germany
CAMP00756,Gamma Inc,Social Media,36-45,9,Facebook,0.3288,809.0,4.14,USA
CAMP00757,Beta Ltd,Display,26-35,87,Email,0.1205,757.6,0.84,India
CAMP00758,Alpha Corp,Display,18-25,34,YouTube,0.3357,23137.17,1.24,Germany
CAMP00759,Beta Ltd,Display,18-25,25,YouTube,0.3408,18502.75,6.04,Germany
CAMP00760,Alpha Corp,Influencer,36-45,16,Instagram,0.3306,17610.68,1.43,USA
CAMP00761,Beta Ltd,Email,36-45,27,YouTube,0.2795,19750.48,9.04,India
CAMP00762,Alpha Corp,Social Media,26-35,42,Instagram,0.262,17507.64,8.92,India
CAMP00763,Alpha Corp,Search,36-45,88,LinkedIn,0.3339,2005.71,6.41,Australia
CAMP00764,Delta Solutions,Search,36-45,70,YouTube,0.086,23180.41,4.26,Australia
CAMP00765,Gamma Inc,Email,46-60,78,Facebook,0.2854,11005.86,8.93,Germany
CAMP00766,Alpha Corp,Social Media,46-60,9,LinkedIn,0.0486,11608.96,5.13,Germany
CAMP00767,Gamma Inc,Social Media,36-45,54,Instagram,0.133,22220.95,2.31,India
CAMP00768,Gamma Inc,Email,36-45,47,LinkedIn,0.1466,5510.32,3.78,USA
CAMP00769,Alpha Corp,Search,26-35,21,YouTube,0.3484,8164.08,3.95,Germany
CAMP00770,Alpha Corp,Display,46-60,47,Facebook,0.1191,21447.79,6.01,USA
CAMP00771,Alpha Corp,Search,26-35,55,Instagram,0.1986,13231.71,4.31,USA
CAMP00772,Delta Solutions,Display,18-25,5,Email,0.2254,10793.67,8.27,USA
CAMP00773,Delta Solutions,Email,26-35,89,LinkedIn,0.2405,23886.77,6.45,India
CAMP00774,Gamma Inc,Display,26-35,68,Instagram,0.0509,22273.57,2.9,UK
CAMP00775,Delta Solutions,Search,46-60,84,Instagram,0.2001,22241.04,4.32,UK
CAMP00776,Alpha Corp,Display,46-60,12,YouTube,0.2258,5698.95,7.37,India
CAMP00777,Gamma Inc,Email,26-35,10,Instagram,0.3171,21175.47,2.8,India
CAMP00778,Gamma Inc,Email,26-35,85,LinkedIn,0.3355,16589.01,1.37,USA
CAMP00779,Delta Solutions,Search,18-25,85,Google,0.0899,17442.42,7.26,USA
CAMP00780,Gamma Inc,Search,46-60,59,YouTube,0.0816,1671.85,4.36,Australia
CAMP00781,Beta Ltd,Influencer,36-45,22,Facebook,0.2425,14115.5,1.68,Australia
CAMP00782,Delta Solutions,Search,26-35,29,YouTube,0.1764,5854.75,5.05,Germany
CAMP00783,Delta Solutions,Display,26-35,73,Instagram,0.2628,23214.34,5.82,India
CAMP00784,Beta Ltd,Influencer,18-25,84,LinkedIn,0.2985,14260.0,0.74,USA
CAMP00785,Gamma Inc,Influencer,36-45,62,Email,0.0136,15626.05,8.02,USA
CAMP00786,Delta Solutions,Email,26-35,39,YouTube,0.3088,6460.48,5.17,UK
CAMP00787,Gamma Inc,Search,36-45,75,Instagram,0.1002,10823.71,0.74,Germany
CAMP00788,Beta Ltd,Email,26-35,27,Facebook,0.3396,13470.34,8.69,Australia
CAMP00789,Beta Ltd,Influencer,26-35,16,Instagram,0.1563,20394.98,6.06,UK
CAMP00790,Gamma Inc,Email,18-25,38,Google,0.2998,15483.87,9.65,India
CAMP00791,Alpha Corp,Influencer,36-45,45,LinkedIn,0.078,3269.4,3.17,UK
CAMP00792,Delta Solutions,Display,36-45,57,YouTube,0.1886,11544.14,4.42,India
CAMP00793,Gamma Inc,Social Media,36-45,64,Facebook,0.0315,7740.31,6.8,Germany
CAMP00794,Gamma Inc,Search,18-25,67,Email,0.2598,13703.44,9.18,UK
CAMP00795,Gamma Inc,Influencer,18-25,22,YouTube,0.3303,12010.96,8.02,UK
CAMP00796,Delta Solutions,Search,36-45,61,Facebook,0.2967,1047.04,6.61,India
CAMP00797,Alpha Corp,Social Media,46-60,8,Email,0.2413,5584.16,8.06,India
CAMP00798,Beta Ltd,Influencer,46-60,84,Facebook,0.0504,16671.93,1.4,USA
CAMP00799,Gamma Inc,Search,46-60,43,LinkedIn,0.3445,13836.07,7.38,UK
CAMP00800,Delta Solutions,Display,46-60,87,YouTube,0.1269,1805.39,6.0,USA
CAMP00801,Beta Ltd,Influencer,46-60,79,YouTube,0.2251,15142.85,3.11,USA
CAMP00802,Gamma Inc,Influencer,26-35,21,Email,0.1028,12829.78,2.77,Germany
CAMP00803,Beta Ltd,Email,18-25,14,Facebook,0.2913,4179.94,3.24,USA
CAMP00804,Beta Ltd,Social Media,36-45,83,YouTube,0.1387,548.0,1.67,USA
CAMP00805,Beta Ltd,Display,26-35,47,Facebook,0.1428,8717.7,3.1,Germany
CAMP00806,Beta Ltd,Influencer,36-45,14,LinkedIn,0.0115,19602.48,1.18,Australia
CAMP00807,Delta Solutions,Display,36-45,57,LinkedIn,0.2056,3759.24,6.89,USA
CAMP00808,Gamma Inc,Email,18-25,87,Google,0.0952,23638.58,5.37,UK
CAMP00809,Gamma Inc,Search,36-45,56,YouTube,0.3234,13790.11,1.71,Australia
CAMP00810,Beta Ltd,Search,36-45,27,LinkedIn,0.2763,19080.68,7.12,Australia
CAMP00811,Beta Ltd,Display,46-60,33,YouTube,0.3337,24432.93,2.19,UK
CAMP00812,Gamma Inc,Display,46-60,27,Instagram,0.1425,6934.96,5.2,India
CAMP00813,Delta Solutions,Social Media,18-25,51,YouTube,0.235,14780.0,9.24,Australia
CAMP00814,Alpha Corp,Search,26-35,41,LinkedIn,0.1636,8846.1,7.73,Australia
CAMP00815,Delta Solutions,Email,46-60,34,LinkedIn,0.3192,2571.37,6.05,UK
CAMP00816,Gamma Inc,Influencer,36-45,20,Google,0.1202,19940.79,6.06,USA
CAMP00817,Beta Ltd,Email,46-60,7,Instagram,0.1217,796.12,1.11,India
CAMP00818,Delta Solutions,Display,18-25,76,YouTube,0.1344,21786.46,4.56,USA
CAMP00819,Gamma Inc,Search,36-45,74,Email,0.1792,19966.54,3.42,USA
CAMP00820,Alpha Corp,Search,46-60,15,Email,0.3118,16140.81,5.01,USA
CAMP00821,Gamma Inc,Email,26-35,24,Email,0.0805,14982.93,9.54,Germany
CAMP00822,Alpha Corp,Display,36-45,42,Google,0.2314,21218.68,7.97,Australia
CAMP00823,Alpha Corp,Influencer,46-60,56,Facebook,0.114,1864.77,6.29,India
CAMP00824,Beta Ltd,Display,36-45,83,LinkedIn,0.0381,18541.56,7.19,UK
CAMP00825,Alpha Corp,Influencer,46-60,64,Instagram,0.3342,4920.27,7.44,USA
CAMP00826,Delta Solutions,Search,36-45,59,LinkedIn,0.2772,998.68,4.84,India
CAMP00827,Delta Solutions,Email,36-45,68,Instagram,0.3337,8151.11,8.73,UK
CAMP00828,Beta Ltd,Email,36-45,57,Instagram,0.1461,8515.64,6.36,USA
CAMP00829,Gamma Inc,Email,36-45,84,Google,0.2674,5219.14,7.51,Germany
CAMP00830,Beta Ltd,Display,26-35,90,Email,0.2314,17915.5,0.6,USA
CAMP00831,Gamma Inc,Email,46-60,43,Google,0.2205,14193.32,5.61,USA
CAMP00832,Delta Solutions,Influencer,26-35,6,Facebook,0.0237,23041.5,3.96,UK
CAMP00833,Delta Solutions,Search,18-25,90,LinkedIn,0.0344,19161.46,1.03,Australia
CAMP00834,Gamma Inc,Social Media,26-35,32,Instagram,0.0764,20740.18,6.64,USA
CAMP00835,Beta Ltd,Search,36-45,28,YouTube,0.2649,22611.36,9.32,UK
CAMP00836,Alpha Corp,Influencer,18-25,15,Instagram,0.2814,20255.79,7.46,Australia
CAMP00837,Gamma Inc,Social Media,36-45,70,Instagram,0.2301,3394.33,1.26,Australia
CAMP00838,Delta Solutions,Search,46-60,20,Email,0.0753,5044.24,1.04,UK
CAMP00839,Alpha Corp,Email,36-45,87,LinkedIn,0.2744,10344.38,3.78,India
CAMP00840,Gamma Inc,Search,26-35,23,LinkedIn,0.0486,8635.64,2.77,Germany
CAMP00841,Delta Solutions,Search,18-25,11,Facebook,0.314,22192.93,0.76,UK
CAMP00842,Delta Solutions,Display,46-60,58,Facebook,0.1408,13342.9,0.88,Australia
CAMP00843,Alpha Corp,Email,46-60,22,Email,0.2572,21960.44,3.78,India
CAMP00844,Gamma Inc,Email,18-25,28,Facebook,0.0676,9985.46,1.77,India
CAMP00845,Delta Solutions,Email,26-35,14,YouTube,0.1169,22709.45,2.35,Germany
CAMP00846,Delta Solutions,Social Media,46-60,62,Instagram,0.1784,2257.33,8.76,Australia
CAMP00847,Alpha Corp,Social Media,46-60,23,Email,0.1788,11415.92,9.94,USA
CAMP00848,Delta Solutions,Display,26-35,68,Instagram,0.043,22577.62,8.14,Germany
CAMP00849,Gamma Inc,Email,26-35,27,Google,0.1964,11515.84,2.71,UK
CAMP00850,Gamma Inc,Display,26-35,39,Facebook,0.0355,18450.95,2.17,USA
CAMP00851,Beta Ltd,Email,18-25,47,YouTube,0.3241,9341.48,6.0,USA
CAMP00852,Alpha Corp,Display,18-25,51,YouTube,0.1534,20815.65,7.95,UK
CAMP00853,Beta Ltd,Search,36-45,76,Instagram,0.1593,15969.64,6.75,UK
CAMP00854,Delta Solutions,Email,36-45,16,Email,0.2062,20390.54,8.14,Germany
CAMP00855,Beta Ltd,Display,46-60,24,Google,0.2758,13643.93,5.13,Germany
CAMP00856,Delta Solutions,Search,46-60,69,Facebook,0.0336,16121.55,9.88,USA
CAMP00857,Gamma Inc,Influencer,36-45,78,Facebook,0.249,13452.05,7.98,UK
CAMP00858,Alpha Corp,Influencer,36-45,41,Google,0.3196,14399.14,0.98,Germany
CAMP00859,Alpha Corp,Social Media,26-35,5,YouTube,0.1593,17384.59,3.96,USA
CAMP00860,Beta Ltd,Search,26-35,76,YouTube,0.0145,3460.77,5.82,Australia
CAMP00861,Alpha Corp,Search,46-60,57,YouTube,0.0941,19330.14,2.63,UK
CAMP00862,Gamma Inc,Search,26-35,50,Email,0.33,9202.59,4.33,UK
CAMP00863,Alpha Corp,Influencer,26-35,38,Google,0.0501,808.18,6.48,India
CAMP00864,Alpha Corp,Influencer,46-60,64,Google,0.0146,16270.03,5.75,USA
CAMP00865,Beta Ltd,Email,46-60,29,Instagram,0.3282,15534.18,8.68,USA
CAMP00866,Beta Ltd,Social Media,36-45,35,Facebook,0.3034,18282.62,2.99,Australia
CAMP00867,Delta Solutions,Email,36-45,71,LinkedIn,0.1665,24958.82,9.25,India
CAMP00868,Alpha Corp,Search,46-60,36,Facebook,0.0118,11805.5,3.56,India
CAMP00869,Gamma Inc,Search,18-25,86,YouTube,0.2085,24346.4,9.24,India
CAMP00870,Alpha Corp,Social Media,36-45,42,YouTube,0.2877,14655.64,2.86,Australia
CAMP00871,Gamma Inc,Social Media,18-25,53,YouTube,0.1073,9267.99,5.32,Australia
CAMP00872,Delta Solutions,Social Media,46-60,59,Email,0.0687,17105.85,9.36,Australia
CAMP00873,Gamma Inc,Search,46-60,65,Instagram,0.3176,5313.14,3.14,India
CAMP00874,Alpha Corp,Search,36-45,48,Google,0.2711,24174.16,8.56,India
CAMP00875,Delta Solutions,Search,18-25,36,Instagram,0.1623,11305.91,5.26,USA
CAMP00876,Beta Ltd,Social Media,18-25,74,LinkedIn,0.3177,760.47,4.49,India
CAMP00877,Delta Solutions,Search,26-35,66,YouTube,0.2168,16555.47,6.81,Australia
CAMP00878,Alpha Corp,Social Media,36-45,9,Email,0.331,3448.09,2.39,Australia
CAMP00879,Delta Solutions,Display,46-60,58,Email,0.0451,2678.44,6.76,Germany
CAMP00880,Gamma Inc,Display,46-60,82,Instagram,0.1584,1077.08,2.18,Germany
CAMP00881,Gamma Inc,Social Media,36-45,53,LinkedIn,0.2409,22132.71,7.25,UK
CAMP00882,Gamma Inc,Display,26-35,84,YouTube,0.1487,1325.11,6.3,Germany
CAMP00883,Delta Solutions,Email,18-25,38,Facebook,0.1289,13661.46,1.83,UK
CAMP00884,Alpha Corp,Email,18-25,25,LinkedIn,0.2464,12491.19,1.46,UK
CAMP00885,Beta Ltd,Social Media,36-45,47,Email,0.2159,22820.43,6.27,UK
CAMP00886,Alpha Corp,Email,18-25,13,Email,0.1061,22822.99,1.65,India
CAMP00887,Alpha Corp,Influencer,18-25,10,Google,0.161,23061.61,6.44,UK
CAMP00888,Beta Ltd,Email,26-35,54,Google,0.2503,10300.07,9.99,Germany
CAMP00889,Delta Solutions,Search,18-25,7,Email,0.2231,12100.79,1.67,Australia
CAMP00890,Alpha Corp,Display,18-25,10,LinkedIn,0.164,20728.88,5.0,UK
CAMP00891,Gamma Inc,Email,26-35,44,Facebook,0.0984,3443.87,9.28,UK
CAMP00892,Delta Solutions,Search,18-25,24,Instagram,0.049,3303.25,9.4,Australia
CAMP00893,Delta Solutions,Display,18-25,20,Facebook,0.2957,23082.34,0.78,UK
CAMP00894,Delta Solutions,Social Media,26-35,48,Facebook,0.2889,1221.13,8.18,Germany
CAMP00895,Beta Ltd,Display,18-25,33,Google,0.2185,9880.41,2.77,Australia
CAMP00896,Delta Solutions,Email,36-45,57,Email,0.2043,5276.18,7.59,India
CAMP00897,Delta Solutions,Search,26-35,41,Facebook,0.0564,2557.67,3.87,Australia
CAMP00898,Gamma Inc,Email,18-25,21,Instagram,0.1619,24359.77,2.64,Germany
CAMP00899,Delta Solutions,Display,26-35,65,YouTube,0.1745,4565.83,4.97,Germany
CAMP00900,Gamma Inc,Influencer,36-45,85,LinkedIn,0.1669,11083.38,2.17,Germany
CAMP00901,Beta Ltd,Search,36-45,67,YouTube,0.0923,6776.23,4.53,USA
CAMP00902,Beta Ltd,Influencer,26-35,20,LinkedIn,0.0521,12533.66,4.25,USA
CAMP00903,Gamma Inc,Email,18-25,52,Email,0.3267,19288.91,9.65,USA
CAMP00904,Delta Solutions,Social Media,26-35,18,LinkedIn,0.1992,16663.07,5.65,India
CAMP00905,Beta Ltd,Email,36-45,7,Google,0.3033,14507.87,7.12,UK
CAMP00906,Beta Ltd,Social Media,18-25,18,YouTube,0.2385,13011.69,2.16,India
CAMP00907,Delta Solutions,Email,46-60,74,YouTube,0.2889,3730.38,9.97,Germany
CAMP00908,Delta Solutions,Influencer,36-45,84,LinkedIn,0.0834,10361.34,5.23,UK
CAMP00909,Beta Ltd,Email,18-25,56,YouTube,0.0461,22679.02,1.21,USA
CAMP00910,Alpha Corp,Social Media,36-45,80,Email,0.2187,20602.81,6.29,USA
CAMP00911,Gamma Inc,Social Media,26-35,40,YouTube,0.1968,2086.12,3.52,UK
CAMP00912,Beta Ltd,Influencer,36-45,7,LinkedIn,0.0428,21090.86,3.29,UK
CAMP00913,Alpha Corp,Display,36-45,82,Facebook,0.2178,20786.95,3.51,Germany
CAMP00914,Beta Ltd,Display,18-25,67,Google,0.0718,20148.04,4.78,USA
CAMP00915,Gamma Inc,Display,18-25,61,Instagram,0.0468,20462.91,3.23,USA
CAMP00916,Alpha Corp,Email,36-45,11,YouTube,0.345,24584.33,7.9,India
CAMP00917,Delta Solutions,Display,36-45,87,YouTube,0.1989,1852.54,2.2,Australia
CAMP00918,Beta Ltd,Email,26-35,11,Email,0.1221,9903.22,1.85,Germany
CAMP00919,Delta Solutions,Social Media,36-45,6,Google,0.0433,24226.72,1.49,India
CAMP00920,Delta Solutions,Search,18-25,11,YouTube,0.3217,14040.39,4.4,Germany
CAMP00921,Alpha Corp,Social Media,26-35,85,Facebook,0.3305,17216.28,1.57,Germany
CAMP00922,Beta Ltd,Influencer,46-60,76,LinkedIn,0.0974,9365.45,0.74,UK
CAMP00923,Gamma Inc,Search,46-60,14,YouTube,0.1579,5691.53,3.3,UK
CAMP00924,Gamma Inc,Display,46-60,41,Instagram,0.2295,24471.44,9.81,Germany
CAMP00925,Gamma Inc,Influencer,36-45,50,LinkedIn,0.0478,9360.48,0.6,Australia
CAMP00926,Beta Ltd,Influencer,36-45,52,Email,0.1926,14241.24,1.11,USA
CAMP00927,Alpha Corp,Display,18-25,22,LinkedIn,0.0843,6473.46,6.04,USA
CAMP00928,Gamma Inc,Email,26-35,7,Facebook,0.0866,24190.31,5.23,Germany
CAMP00929,Delta Solutions,Social Media,36-45,7,Google,0.215,6831.14,1.49,UK
CAMP00930,Alpha Corp,Search,26-35,82,Email,0.1154,22891.66,9.0,Germany
CAMP00931,Delta Solutions,Influencer,36-45,58,Email,0.1971,7649.34,6.91,UK
CAMP00932,Beta Ltd,Social Media,18-25,89,Email,0.0992,23699.68,5.2,India
CAMP00933,Alpha Corp,Email,26-35,78,YouTube,0.1758,9499.63,5.67,USA
CAMP00934,Alpha Corp,Search,36-45,25,YouTube,0.327,21865.48,8.06,Australia
CAMP00935,Beta Ltd,Social Media,26-35,12,LinkedIn,0.1748,15195.71,1.43,Germany
CAMP00936,Alpha Corp,Influencer,46-60,61,Google,0.1805,3288.69,9.37,USA
CAMP00937,Gamma Inc,Social Media,36-45,24,Facebook,0.1776,7742.72,1.57,USA
CAMP00938,Alpha Corp,Search,18-25,63,Google,0.3012,19141.75,4.86,Australia
CAMP00939,Alpha Corp,Display,26-35,88,Google,0.2418,16854.67,2.85,UK
CAMP00940,Delta Solutions,Search,26-35,88,Facebook,0.0204,9224.4,6.82,India
CAMP00941,Beta Ltd,Email,36-45,26,YouTube,0.0501,5285.96,8.48,Germany
CAMP00942,Alpha Corp,Search,26-35,46,Facebook,0.2065,20806.4,6.36,Germany
CAMP00943,Alpha Corp,Social Media,46-60,65,Facebook,0.2685,15748.41,2.63,Germany
CAMP00944,Alpha Corp,Influencer,18-25,25,Facebook,0.0498,17208.14,7.9,UK
CAMP00945,Beta Ltd,Social Media,46-60,53,LinkedIn,0.1809,12237.14,9.46,Australia
CAMP00946,Beta Ltd,Display,26-35,35,Email,0.2284,9083.35,2.03,Australia
CAMP00947,Delta Solutions,Influencer,46-60,54,YouTube,0.1463,9865.11,2.91,Australia
CAMP00948,Delta Solutions,Social Media,46-60,60,YouTube,0.2458,1262.24,5.53,Germany
CAMP00949,Alpha Corp,Search,18-25,80,Email,0.1265,23622.19,7.53,Australia
CAMP00950,Beta Ltd,Email,18-25,45,Instagram,0.2218,9480.38,1.71,UK
CAMP00951,Beta Ltd,Email,18-25,29,Instagram,0.2703,12332.74,0.98,India
CAMP00952,Alpha Corp,Display,18-25,11,Google,0.335,9250.32,5.89,Australia
CAMP00953,Beta Ltd,Email,36-45,65,Instagram,0.2272,9202.06,8.07,Australia
CAMP00954,Alpha Corp,Social Media,36-45,74,LinkedIn,0.1295,17297.55,3.33,Germany
CAMP00955,Beta Ltd,Display,46-60,40,Instagram,0.2552,16923.72,6.04,UK
CAMP00956,Delta Solutions,Social Media,46-60,79,LinkedIn,0.2835,20350.51,8.13,UK
CAMP00957,Alpha Corp,Influencer,36-45,45,Google,0.151,2258.89,0.77,Germany
CAMP00958,Delta Solutions,Social Media,26-35,46,LinkedIn,0.1333,21914.44,3.69,USA
CAMP00959,Alpha Corp,Search,36-45,8,Google,0.0618,23938.71,3.38,USA
CAMP00960,Beta Ltd,Social Media,26-35,50,YouTube,0.2401,24733.1,7.37,Germany
CAMP00961,Gamma Inc,Search,36-45,56,YouTube,0.1613,3655.4,6.83,India
CAMP00962,Delta Solutions,Display,46-60,47,LinkedIn,0.0552,12424.09,8.35,Australia
CAMP00963,Gamma Inc,Display,18-25,51,Google,0.2009,23506.55,5.71,UK
CAMP00964,Alpha Corp,Email,46-60,50,Facebook,0.3466,19093.94,2.66,USA
CAMP00965,Alpha Corp,Email,46-60,65,YouTube,0.0275,1974.93,4.61,Australia
CAMP00966,Beta Ltd,Social Media,18-25,13,Email,0.1853,21822.46,4.26,India
CAMP00967,Alpha Corp,Email,26-35,50,Facebook,0.3282,21044.37,6.84,Australia
CAMP00968,Delta Solutions,Search,46-60,42,Facebook,0.3361,19614.12,9.56,USA
CAMP00969,Beta Ltd,Email,46-60,34,Facebook,0.1262,10590.01,4.85,India
CAMP00970,Gamma Inc,Email,36-45,43,Facebook,0.0683,15991.22,6.57,UK
CAMP00971,Alpha Corp,Email,26-35,63,YouTube,0.153,18040.11,2.19,USA
CAMP00972,Beta Ltd,Influencer,18-25,90,Google,0.1183,10217.92,5.96,Germany
CAMP00973,Alpha Corp,Display,36-45,24,Google,0.1741,19708.01,7.42,UK
CAMP00974,Delta Solutions,Influencer,36-45,9,LinkedIn,0.2126,7195.55,7.76,USA
CAMP00975,Alpha Corp,Social Media,36-45,35,Google,0.2712,4999.04,9.75,USA
CAMP00976,Beta Ltd,Influencer,36-45,31,Email,0.2256,21543.03,9.88,Australia
CAMP00977,Beta Ltd,Search,26-35,10,LinkedIn,0.3133,8813.37,5.4,Germany
CAMP00978,Delta Solutions,Social Media,46-60,47,LinkedIn,0.2601,1890.91,8.68,UK
CAMP00979,Beta Ltd,Social Media,26-35,49,YouTube,0.1863,20901.08,7.5,Germany
CAMP00980,Delta Solutions,Search,36-45,77,Email,0.0506,20075.88,5.48,Australia
CAMP00981,Alpha Corp,Display,26-35,65,YouTube,0.2833,20158.57,0.79,UK
CAMP00982,Gamma Inc,Email,26-35,44,Google,0.2528,8851.65,9.78,Australia
CAMP00983,Delta Solutions,Email,36-45,61,Facebook,0.1243,15279.6,9.67,Australia
CAMP00984,Alpha Corp,Display,18-25,30,LinkedIn,0.0889,840.93,5.42,Australia
CAMP00985,Alpha Corp,Email,26-35,18,Instagram,0.2337,555.99,3.77,USA
CAMP00986,Beta Ltd,Search,18-25,51,Google,0.0386,6852.03,1.56,Germany
CAMP00987,Gamma Inc,Email,26-35,47,LinkedIn,0.2777,13370.04,1.02,UK
CAMP00988,Beta Ltd,Email,46-60,30,Instagram,0.0871,15207.73,8.13,Australia
CAMP00989,Beta Ltd,Social Media,46-60,82,Email,0.2118,3768.31,4.39,USA
CAMP00990,Beta Ltd,Search,46-60,52,YouTube,0.1132,21757.74,5.85,UK
CAMP00991,Beta Ltd,Search,36-45,53,Instagram,0.1723,24009.03,3.36,USA
CAMP00992,Beta Ltd,Social Media,36-45,64,YouTube,0.2822,3420.7,6.33,USA
CAMP00993,Alpha Corp,Social Media,26-35,29,Email,0.1076,20684.52,7.71,India
CAMP00994,Delta Solutions,Email,18-25,50,Google,0.0213,15548.83,8.98,USA
CAMP00995,Alpha Corp,Social Media,46-60,82,Email,0.0363,12808.76,5.21,UK
CAMP00996,Delta Solutions,Display,18-25,57,Facebook,0.0353,12482.06,3.35,Germany
CAMP00997,Beta Ltd,Email,46-60,78,Email,0.1661,18870.96,1.23,India
CAMP00998,Delta Solutions,Display,46-60,8,YouTube,0.0383,5618.42,8.61,Australia
CAMP00999,Delta Solutions,Influencer,46-60,66,Instagram,0.1503,15419.49,8.61,Australia
CAMP01000,Delta Solutions,Social Media,18-25,61,Instagram,0.2473,6903.16,3.86,India
CAMP01001,Delta Solutions,Influencer,46-60,82,Facebook,0.3092,2586.47,2.47,Germany
CAMP01002,Beta Ltd,Search,18-25,88,Email,0.0853,14045.55,6.9,UK
CAMP01003,Delta Solutions,Email,36-45,16,LinkedIn,0.3081,7080.89,7.69,UK
CAMP01004,Alpha Corp,Email,26-35,47,YouTube,0.3425,18695.02,7.36,India
CAMP01005,Beta Ltd,Search,36-45,85,YouTube,0.2227,16435.11,1.18,India
CAMP01006,Alpha Corp,Social Media,46-60,74,Instagram,0.2607,5995.9,9.85,UK
CAMP01007,Delta Solutions,Email,36-45,13,LinkedIn,0.1742,21608.28,5.67,Germany
CAMP01008,Gamma Inc,Email,18-25,52,YouTube,0.0354,9001.47,6.28,UK
CAMP01009,Delta Solutions,Email,18-25,34,Email,0.3364,17871.8,0.93,USA
CAMP01010,Alpha Corp,Display,46-60,65,LinkedIn,0.3314,7049.42,0.61,USA
CAMP01011,Alpha Corp,Influencer,26-35,49,Facebook,0.1197,5316.69,1.7,Germany
CAMP01012,Beta Ltd,Search,36-45,31,Email,0.0766,21576.69,4.21,USA
CAMP01013,Delta Solutions,Social Media,18-25,40,Instagram,0.0323,23007.3,9.48,Germany
CAMP01014,Beta Ltd,Email,26-35,88,Facebook,0.1793,9125.25,7.42,India
CAMP01015,Gamma Inc,Email,36-45,36,YouTube,0.3244,8216.77,9.99,Australia
CAMP01016,Delta Solutions,Email,18-25,23,Instagram,0.0239,17712.85,6.96,UK
CAMP01017,Gamma Inc,Influencer,26-35,14,LinkedIn,0.2179,6070.42,1.45,UK
CAMP01018,Gamma Inc,Email,46-60,18,Facebook,0.2941,21673.05,7.1,UK
CAMP01019,Alpha Corp,Social Media,36-45,9,YouTube,0.1391,708.61,6.59,India
CAMP01020,Gamma Inc,Influencer,26-35,8,Google,0.2181,3982.02,8.92,India
CAMP01021,Alpha Corp,Social Media,36-45,50,Facebook,0.1609,3457.21,5.67,India
CAMP01022,Alpha Corp,Influencer,46-60,51,Instagram,0.0322,8286.68,2.83,USA
CAMP01023,Delta Solutions,Social Media,26-35,73,Email,0.1815,21720.46,7.46,UK
CAMP01024,Delta Solutions,Search,26-35,58,LinkedIn,0.0403,16180.23,7.66,India
CAMP01025,Delta Solutions,Influencer,18-25,21,Google,0.2429,3133.08,5.38,Australia
CAMP01026,Alpha Corp,Social Media,46-60,60,Instagram,0.1154,2433.47,1.4,India
CAMP01027,Alpha Corp,Social Media,18-25,43,Email,0.2829,7566.6,4.43,Germany
CAMP01028,Gamma Inc,Email,26-35,19,Facebook,0.2096,15685.89,8.48,UK
CAMP01029,Delta Solutions,Search,36-45,60,LinkedIn,0.3279,15047.08,3.38,Germany
CAMP01030,Beta Ltd,Email,26-35,61,YouTube,0.2608,3298.46,7.45,India
CAMP01031,Alpha Corp,Search,46-60,41,Instagram,0.2565,19139.58,2.91,USA
CAMP01032,Alpha Corp,Social Media,18-25,19,Google,0.1136,15990.49,3.62,USA
CAMP01033,Beta Ltd,Social Media,18-25,7,Email,0.1603,24584.88,3.7,UK
CAMP01034,Beta Ltd,Display,46-60,69,Email,0.2635,14038.58,1.79,India
CAMP01035,Gamma Inc,Social Media,26-35,18,Google,0.2555,8519.43,3.84,India
CAMP01036,Beta Ltd,Email,36-45,28,Instagram,0.2454,3424.11,7.37,Germany
CAMP01037,Beta Ltd,Search,18-25,63,Email,0.0127,23017.96,4.31,India
CAMP01038,Gamma Inc,Display,26-35,41,Instagram,0.0159,1422.91,3.35,Germany
CAMP01039,Alpha Corp,Influencer,36-45,75,Facebook,0.0329,9043.84,7.16,India
CAMP01040,Alpha Corp,Social Media,26-35,36,LinkedIn,0.0207,13503.1,5.4,India
CAMP01041,Gamma Inc,Display,36-45,81,YouTube,0.2728,14459.89,4.64,Australia
CAMP01042,Gamma Inc,Social Media,46-60,36,Facebook,0.1959,14766.93,8.06,UK
CAMP01043,Beta Ltd,Display,26-35,12,Facebook,0.1817,18069.45,4.13,UK
CAMP01044,Alpha Corp,Influencer,26-35,67,Google,0.0391,3643.89,5.67,India
CAMP01045,Alpha Corp,Search,18-25,61,Google,0.2734,18123.99,0.8,USA
CAMP01046,Alpha Corp,Email,26-35,90,LinkedIn,0.0416,22293.17,3.72,USA
CAMP01047,Gamma Inc,Search,26-35,13,Facebook,0.0854,1245.95,2.75,UK
CAMP01048,Delta Solutions,Search,26-35,50,YouTube,0.2884,1377.29,8.91,USA
CAMP01049,Gamma Inc,Display,26-35,66,Instagram,0.2455,24788.81,0.7,UK
CAMP01050,Delta Solutions,Search,26-35,39,Email,0.0415,8142.59,7.15,Australia
CAMP01051,Delta Solutions,Influencer,18-25,27,Facebook,0.0351,11649.04,7.68,USA
CAMP01052,Gamma Inc,Display,36-45,30,Google,0.1482,8096.53,3.66,India
CAMP01053,Beta Ltd,Email,18-25,5,Instagram,0.2152,14133.92,2.94,India
CAMP01054,Delta Solutions,Email,46-60,58,Google,0.0939,17931.3,2.07,India
CAMP01055,Beta Ltd,Social Media,18-25,71,LinkedIn,0.209,19118.77,3.13,India
CAMP01056,Delta Solutions,Email,46-60,43,Google,0.1322,9207.03,9.18,Germany
CAMP01057,Alpha Corp,Influencer,26-35,8,Facebook,0.2101,6884.13,0.91,Australia
CAMP01058,Alpha Corp,Email,26-35,71,Email,0.2567,13892.48,4.84,Germany
CAMP01059,Beta Ltd,Search,26-35,83,Instagram,0.2967,9914.25,3.01,India
CAMP01060,Gamma Inc,Influencer,18-25,57,Email,0.0766,15741.73,7.11,India
CAMP01061,Beta Ltd,Email,26-35,12,YouTube,0.0389,15483.07,3.67,Germany
CAMP01062,Delta Solutions,Email,36-45,40,LinkedIn,0.0502,22414.1,3.79,USA
CAMP01063,Delta Solutions,Display,46-60,53,YouTube,0.0662,594.48,1.05,Germany
CAMP01064,Delta Solutions,Display,46-60,86,LinkedIn,0.1203,2995.28,9.15,Germany
CAMP01065,Alpha Corp,Social Media,46-60,47,Instagram,0.0197,19775.34,5.46,India
CAMP01066,Gamma Inc,Display,46-60,5,Facebook,0.2931,14797.22,1.16,UK
CAMP01067,Gamma Inc,Influencer,46-60,65,YouTube,0.2987,2031.4,7.64,India
CAMP01068,Alpha Corp,Social Media,36-45,64,Google,0.2525,23592.65,7.91,Australia
CAMP01069,Beta Ltd,Email,36-45,25,Facebook,0.1312,16434.91,4.88,USA
CAMP01070,Gamma Inc,Influencer,46-60,40,Facebook,0.2503,12406.89,9.8,Australia
CAMP01071,Alpha Corp,Display,46-60,8,YouTube,0.2054,19599.86,2.65,USA
CAMP01072,Delta Solutions,Social Media,36-45,15,Email,0.2352,15102.37,8.52,India
CAMP01073,Gamma Inc,Search,26-35,31,Instagram,0.0399,9645.77,8.54,Australia
CAMP01074,Gamma Inc,Email,46-60,12,LinkedIn,0.3074,7767.56,5.45,USA
CAMP01075,Beta Ltd,Email,46-60,28,Email,0.1286,11609.03,5.63,Germany
CAMP01076,Delta Solutions,Social Media,46-60,60,Facebook,0.1015,12143.53,1.57,Germany
CAMP01077,Gamma Inc,Email,36-45,37,LinkedIn,0.1429,17944.78,1.77,India
CAMP01078,Beta Ltd,Search,26-35,17,LinkedIn,0.0941,12088.57,4.52,UK
CAMP01079,Gamma Inc,Search,26-35,58,Google,0.348,949.38,9.22,USA
CAMP01080,Gamma Inc,Email,46-60,78,Instagram,0.2297,17273.95,2.54,USA
CAMP01081,Delta Solutions,Influencer,46-60,55,YouTube,0.3148,2205.4,5.01,UK
CAMP01082,Delta Solutions,Display,26-35,31,Instagram,0.3333,21235.1,1.11,UK
CAMP01083,Alpha Corp,Social Media,46-60,74,LinkedIn,0.2076,17852.76,3.34,Australia
CAMP01084,Alpha Corp,Display,36-45,34,Google,0.2822,15147.08,4.03,USA
CAMP01085,Gamma Inc,Search,26-35,6,Google,0.3178,11626.9,9.65,Australia
CAMP01086,Delta Solutions,Display,46-60,61,Email,0.061,4716.71,2.33,Germany
CAMP01087,Gamma Inc,Display,46-60,66,Instagram,0.1015,16547.4,1.46,USA
CAMP01088,Delta Solutions,Social Media,18-25,23,Google,0.1465,3182.61,1.01,USA
CAMP01089,Beta Ltd,Email,18-25,37,Google,0.2218,15311.37,5.46,USA
CAMP01090,Gamma Inc,Search,18-25,5,Email,0.2712,4991.79,5.43,India
CAMP01091,Gamma Inc,Search,18-25,45,Instagram,0.1273,15123.33,2.36,Germany
CAMP01092,Gamma Inc,Display,18-25,43,YouTube,0.2965,4203.4,2.85,UK
CAMP01093,Gamma Inc,Email,46-60,27,YouTube,0.2325,2814.81,3.53,Germany
CAMP01094,Alpha Corp,Email,26-35,50,YouTube,0.1365,12036.33,0.59,Australia
CAMP01095,Gamma Inc,Influencer,18-25,63,YouTube,0.2414,17888.97,8.26,Australia
CAMP01096,Alpha Corp,Search,26-35,43,Google,0.2997,6342.12,7.84,UK
CAMP01097,Gamma Inc,Email,46-60,73,Facebook,0.1242,12693.8,3.54,USA
CAMP01098,Alpha Corp,Search,46-60,44,Instagram,0.1416,20072.59,5.96,India
CAMP01099,Alpha Corp,Display,46-60,40,YouTube,0.2452,13961.18,3.62,UK
CAMP01100,Delta Solutions,Search,46-60,62,LinkedIn,0.1561,15129.67,0.75,UK
CAMP01101,Beta Ltd,Search,46-60,19,Facebook,0.0704,5893.9,6.1,USA
CAMP01102,Gamma Inc,Influencer,46-60,77,Instagram,0.3004,3550.23,7.36,India
CAMP01103,Beta Ltd,Email,46-60,57,Instagram,0.0785,4151.54,3.67,UK
CAMP01104,Delta Solutions,Search,26-35,36,Email,0.0938,24333.7,2.79,India
CAMP01105,Delta Solutions,Display,18-25,25,Facebook,0.3051,2622.15,3.01,UK
CAMP01106,Gamma Inc,Social Media,46-60,72,Instagram,0.2283,4211.92,3.82,UK
CAMP01107,Gamma Inc,Display,18-25,6,YouTube,0.1567,5539.5,4.94,UK
CAMP01108,Delta Solutions,Search,36-45,10,Facebook,0.1398,19804.67,7.67,India
CAMP01109,Beta Ltd,Social Media,26-35,57,YouTube,0.0723,10249.86,2.39,USA
CAMP01110,Delta Solutions,Influencer,26-35,46,Email,0.0331,19876.96,7.21,UK
CAMP01111,Delta Solutions,Search,46-60,19,Facebook,0.3192,10763.73,9.66,India
CAMP01112,Gamma Inc,Display,18-25,37,Google,0.0252,19971.0,2.21,Australia
CAMP01113,Alpha Corp,Social Media,46-60,72,LinkedIn,0.031,22439.07,5.32,India
CAMP01114,Alpha Corp,Search,18-25,45,YouTube,0.2657,11458.74,3.93,USA
CAMP01115,Beta Ltd,Search,26-35,50,Facebook,0.3139,24666.0,6.2,UK
CAMP01116,Beta Ltd,Search,18-25,12,YouTube,0.2513,23356.32,8.87,India
CAMP01117,Gamma Inc,Social Media,26-35,67,Facebook,0.0923,876.28,8.92,India
CAMP01118,Beta Ltd,Search,18-25,16,YouTube,0.102,14321.47,4.71,Australia
CAMP01119,Alpha Corp,Social Media,18-25,25,YouTube,0.3369,16599.49,7.69,USA
CAMP01120,Alpha Corp,Display,46-60,30,Instagram,0.248,21157.53,5.36,Germany
CAMP01121,Gamma Inc,Influencer,26-35,42,Instagram,0.2915,16997.32,7.83,Australia
CAMP01122,Delta Solutions,Search,36-45,28,Instagram,0.1618,17362.15,8.9,UK
CAMP01123,Gamma Inc,Display,36-45,75,Google,0.274,7596.31,7.26,UK
CAMP01124,Beta Ltd,Email,46-60,38,Email,0.3435,20603.28,1.08,India
CAMP01125,Alpha Corp,Influencer,46-60,8,Google,0.1313,2050.57,2.83,India
CAMP01126,Beta Ltd,Search,36-45,44,Google,0.119,16606.19,7.96,UK
CAMP01127,Alpha Corp,Influencer,18-25,15,Email,0.0246,5449.59,0.69,India
CAMP01128,Alpha Corp,Display,26-35,24,Instagram,0.2606,19256.61,5.42,Australia
CAMP01129,Gamma Inc,Social Media,18-25,55,Google,0.0918,19860.91,6.3,Australia
CAMP01130,Beta Ltd,Search,36-45,58,Email,0.0963,4782.23,8.29,Australia
CAMP01131,Alpha Corp,Influencer,26-35,62,LinkedIn,0.2249,19942.05,8.16,Australia
CAMP01132,Alpha Corp,Display,46-60,37,YouTube,0.2612,21018.64,1.2,Australia
CAMP01133,Beta Ltd,Influencer,18-25,77,Email,0.1485,1799.28,6.96,India
CAMP01134,Gamma Inc,Display,18-25,10,LinkedIn,0.3311,11035.16,8.01,UK
CAMP01135,Delta Solutions,Email,36-45,37,Email,0.065,5221.03,1.5,Australia
CAMP01136,Delta Solutions,Social Media,26-35,25,Google,0.1893,3596.94,5.11,Germany
CAMP01137,Delta Solutions,Influencer,26-35,8,LinkedIn,0.2199,20187.1,6.67,UK
CAMP01138,Gamma Inc,Search,46-60,53,Google,0.2199,7682.88,3.75,UK
CAMP01139,Alpha Corp,Social Media,18-25,9,Facebook,0.2333,16277.91,4.02,USA
CAMP01140,Beta Ltd,Social Media,46-60,57,Instagram,0.2255,590.2,1.48,Australia
CAMP01141,Beta Ltd,Display,46-60,78,Instagram,0.2792,2446.63,7.86,Australia
CAMP01142,Alpha Corp,Influencer,46-60,73,Facebook,0.2868,15450.9,2.75,Australia
CAMP01143,Delta Solutions,Search,46-60,63,Instagram,0.3423,9571.68,4.63,UK
CAMP01144,Delta Solutions,Email,36-45,26,Instagram,0.3295,22052.78,5.41,India
CAMP01145,Delta Solutions,Search,36-45,61,Email,0.1868,2514.86,1.33,USA
CAMP01146,Alpha Corp,Influencer,36-45,53,Email,0.25,15782.06,4.6,India
CAMP01147,Beta Ltd,Email,36-45,47,Google,0.1468,17720.61,1.95,Germany
CAMP01148,Beta Ltd,Display,18-25,45,Google,0.2312,15474.88,2.71,Germany
CAMP01149,Alpha Corp,Display,36-45,17,Google,0.0125,17177.38,3.88,India
CAMP01150,Delta Solutions,Search,36-45,77,Instagram,0.135,6608.59,5.15,Germany
CAMP01151,Delta Solutions,Email,46-60,76,YouTube,0.3209,19295.82,4.62,India
CAMP01152,Gamma Inc,Influencer,18-25,67,Google,0.2395,14089.13,1.18,Germany
CAMP01153,Gamma Inc,Search,46-60,52,Facebook,0.0159,19807.06,3.83,UK
CAMP01154,Gamma Inc,Display,46-60,16,Google,0.1877,3483.24,0.87,UK
CAMP01155,Beta Ltd,Influencer,18-25,59,YouTube,0.1344,3612.21,2.88,USA
CAMP01156,Alpha Corp,Social Media,46-60,87,YouTube,0.285,10190.23,1.31,USA
CAMP01157,Delta Solutions,Social Media,26-35,16,Email,0.049,10051.64,2.09,Australia
CAMP01158,Delta Solutions,Social Media,26-35,35,Email,0.2154,3647.45,5.27,USA
CAMP01159,Beta Ltd,Social Media,46-60,82,Email,0.2521,2489.51,9.31,USA
CAMP01160,Beta Ltd,Search,46-60,87,LinkedIn,0.2125,2479.0,2.35,USA
CAMP01161,Gamma Inc,Search,36-45,43,Facebook,0.1033,1783.28,7.44,UK
CAMP01162,Gamma Inc,Search,26-35,29,Email,0.2797,1312.08,0.92,Germany
CAMP01163,Delta Solutions,Email,26-35,29,LinkedIn,0.2798,20290.06,3.69,India
CAMP01164,Gamma Inc,Email,18-25,45,LinkedIn,0.1327,23407.1,4.31,UK
CAMP01165,Alpha Corp,Email,18-25,32,Facebook,0.1007,10929.04,1.53,USA
CAMP01166,Delta Solutions,Social Media,26-35,52,Instagram,0.2357,5075.14,6.55,India
CAMP01167,Beta Ltd,Influencer,18-25,11,Email,0.1351,8545.03,1.88,India
CAMP01168,Beta Ltd,Social Media,36-45,10,Instagram,0.1274,20553.64,8.11,UK
CAMP01169,Gamma Inc,Display,18-25,5,Email,0.1632,23266.66,6.12,UK
CAMP01170,Gamma Inc,Social Media,36-45,66,Facebook,0.1658,6347.81,7.54,India
CAMP01171,Beta Ltd,Search,26-35,84,Facebook,0.2921,1249.92,2.06,India
CAMP01172,Delta Solutions,Search,46-60,14,Instagram,0.334,8061.16,3.51,Germany
CAMP01173,Delta Solutions,Influencer,36-45,83,YouTube,0.2526,9941.44,7.2,Germany
CAMP01174,Gamma Inc,Search,36-45,19,LinkedIn,0.04,573.69,4.81,Germany
CAMP01175,Alpha Corp,Influencer,46-60,9,Email,0.1248,17194.92,6.51,UK
CAMP01176,Delta Solutions,Social Media,36-45,29,YouTube,0.0745,3550.31,4.43,UK
CAMP01177,Alpha Corp,Influencer,18-25,30,Instagram,0.2355,2505.11,6.89,Australia
CAMP01178,Gamma Inc,Social Media,18-25,87,LinkedIn,0.2134,18118.82,6.59,USA
CAMP01179,Alpha Corp,Social Media,46-60,14,Instagram,0.344,19384.17,3.35,Australia
CAMP01180,Alpha Corp,Social Media,26-35,88,LinkedIn,0.1622,5008.69,8.88,Germany
CAMP01181,Gamma Inc,Search,18-25,79,Instagram,0.0459,19328.01,7.46,Australia
CAMP01182,Delta Solutions,Display,18-25,47,Instagram,0.2135,7788.48,1.15,Germany
CAMP01183,Gamma Inc,Search,46-60,62,Facebook,0.1348,8048.98,0.86,Germany
CAMP01184,Beta Ltd,Influencer,26-35,50,Instagram,0.0705,3499.59,7.3,UK
CAMP01185,Beta Ltd,Display,36-45,83,Email,0.1361,6049.59,6.5,Germany
CAMP01186,Delta Solutions,Display,36-45,23,LinkedIn,0.091,1449.84,9.28,USA
CAMP01187,Gamma Inc,Influencer,36-45,87,Google,0.0771,16963.08,6.92,Germany
CAMP01188,Gamma Inc,Social Media,46-60,40,Instagram,0.1744,21358.57,2.48,USA
CAMP01189,Beta Ltd,Display,18-25,85,Email,0.2854,1684.43,0.9,USA
CAMP01190,Delta Solutions,Search,46-60,89,Email,0.3111,6757.49,5.56,India
CAMP01191,Gamma Inc,Influencer,18-25,77,YouTube,0.0985,8982.08,5.21,Australia
CAMP01192,Delta Solutions,Email,18-25,73,Instagram,0.1625,10117.38,9.41,India
CAMP01193,Delta Solutions,Social Media,36-45,42,Google,0.2966,20693.06,7.23,USA
CAMP01194,Alpha Corp,Social Media,46-60,64,LinkedIn,0.3462,1550.49,9.05,Australia
CAMP01195,Delta Solutions,Search,18-25,26,Instagram,0.299,15545.78,7.69,Germany
CAMP01196,Alpha Corp,Influencer,18-25,28,YouTube,0.178,13540.55,6.78,Germany
CAMP01197,Beta Ltd,Influencer,36-45,68,Facebook,0.3058,21042.62,5.85,Germany
CAMP01198,Delta Solutions,Search,18-25,70,Facebook,0.2503,7993.66,6.01,Germany
CAMP01199,Alpha Corp,Email,36-45,27,Google,0.0486,2994.59,5.32,Australia
CAMP01200,Beta Ltd,Social Media,36-45,88,Email,0.0386,3699.16,8.47,Australia
CAMP01201,Beta Ltd,Influencer,26-35,63,Google,0.3283,15949.16,2.73,Germany
CAMP01202,Alpha Corp,Influencer,36-45,89,Google,0.3243,13871.03,9.19,Germany
CAMP01203,Delta Solutions,Display,26-35,46,Facebook,0.1658,15010.94,5.82,India
CAMP01204,Delta Solutions,Influencer,46-60,56,YouTube,0.235,3858.74,4.66,USA
CAMP01205,Gamma Inc,Social Media,36-45,61,Instagram,0.1136,1541.0,2.5,Germany
CAMP01206,Delta Solutions,Search,46-60,18,Facebook,0.2485,14379.09,3.12,India
CAMP01207,Alpha Corp,Social Media,36-45,29,Instagram,0.1617,2486.01,6.05,Australia
CAMP01208,Alpha Corp,Influencer,46-60,87,Email,0.1285,23276.19,1.94,Australia
CAMP01209,Gamma Inc,Email,26-35,62,YouTube,0.1598,20181.28,0.53,India
CAMP01210,Alpha Corp,Search,18-25,51,Instagram,0.1649,4908.85,2.96,India
CAMP01211,Beta Ltd,Search,46-60,5,Email,0.3305,15147.19,3.39,Germany
CAMP01212,Beta Ltd,Influencer,26-35,8,Email,0.3109,3734.6,9.44,Germany
CAMP01213,Alpha Corp,Social Media,36-45,52,LinkedIn,0.0761,23436.19,6.03,USA
CAMP01214,Delta Solutions,Email,26-35,12,Facebook,0.1047,14941.57,4.35,USA
CAMP01215,Gamma Inc,Display,46-60,17,YouTube,0.1118,8285.0,9.84,Germany
CAMP01216,Gamma Inc,Display,18-25,54,Google,0.0139,17169.81,3.99,India
CAMP01217,Beta Ltd,Search,18-25,87,Google,0.1903,562.19,9.6,Australia
CAMP01218,Beta Ltd,Search,46-60,76,Google,0.1741,7552.52,9.44,Germany
CAMP01219,Alpha Corp,Influencer,36-45,45,LinkedIn,0.0524,6237.15,7.05,Australia
CAMP01220,Alpha Corp,Search,46-60,85,Instagram,0.3467,8981.34,5.49,USA
CAMP01221,Gamma Inc,Social Media,46-60,57,LinkedIn,0.2688,2590.01,8.31,UK
CAMP01222,Gamma Inc,Display,46-60,86,Google,0.0722,24215.75,3.58,UK
CAMP01223,Gamma Inc,Email,46-60,25,LinkedIn,0.2498,11963.25,3.99,UK
CAMP01224,Alpha Corp,Search,46-60,54,YouTube,0.1258,21482.0,2.47,UK
CAMP01225,Beta Ltd,Display,26-35,84,Email,0.2252,1958.08,2.93,Germany
CAMP01226,Delta Solutions,Email,18-25,89,YouTube,0.17,21198.19,1.8,India
CAMP01227,Gamma Inc,Display,18-25,78,YouTube,0.0572,16499.35,8.58,Australia
CAMP01228,Beta Ltd,Email,46-60,17,Google,0.1664,17129.94,0.51,Germany
CAMP01229,Alpha Corp,Email,36-45,58,Instagram,0.337,20255.4,4.53,Australia
CAMP01230,Gamma Inc,Search,46-60,13,LinkedIn,0.2644,13388.79,3.96,India
CAMP01231,Alpha Corp,Social Media,46-60,37,Instagram,0.223,16033.28,4.18,Germany
CAMP01232,Delta Solutions,Email,26-35,7,Email,0.2968,22544.72,8.52,Australia
CAMP01233,Beta Ltd,Display,18-25,70,Email,0.2918,3565.06,8.3,USA
CAMP01234,Alpha Corp,Social Media,18-25,71,Google,0.312,1863.82,6.8,Australia
CAMP01235,Delta Solutions,Email,26-35,12,YouTube,0.047,24575.96,7.05,Germany
CAMP01236,Beta Ltd,Social Media,36-45,83,Instagram,0.054,22096.69,8.13,Germany
CAMP01237,Beta Ltd,Search,36-45,77,Email,0.2816,13092.66,4.16,UK
CAMP01238,Alpha Corp,Email,18-25,77,YouTube,0.3484,19628.88,4.78,India
CAMP01239,Delta Solutions,Search,36-45,43,YouTube,0.2013,22107.06,2.82,Germany
CAMP01240,Beta Ltd,Display,18-25,85,YouTube,0.3379,11937.98,2.76,Germany
CAMP01241,Alpha Corp,Social Media,18-25,89,LinkedIn,0.2354,2899.99,9.38,Germany
CAMP01242,Beta Ltd,Influencer,46-60,52,Google,0.039,12275.79,7.73,UK
CAMP01243,Alpha Corp,Display,46-60,37,Google,0.3249,9108.64,4.8,UK
CAMP01244,Delta Solutions,Email,46-60,70,LinkedIn,0.2953,1066.98,0.87,Australia
CAMP01245,Delta Solutions,Influencer,46-60,8,Facebook,0.1922,23996.65,7.56,Germany
CAMP01246,Gamma Inc,Social Media,46-60,33,YouTube,0.2629,18036.71,9.51,Australia
CAMP01247,Gamma Inc,Influencer,36-45,5,Google,0.1295,19752.55,9.3,Germany
CAMP01248,Alpha Corp,Display,36-45,70,Instagram,0.2194,15120.62,7.28,Germany
CAMP01249,Alpha Corp,Influencer,26-35,8,LinkedIn,0.1505,7094.69,6.65,UK
CAMP01250,Beta Ltd,Email,26-35,69,Google,0.1892,14825.21,1.65,India
CAMP01251,Alpha Corp,Search,36-45,53,Instagram,0.2264,17166.65,1.31,USA
CAMP01252,Gamma Inc,Email,36-45,42,Email,0.0283,15134.83,3.02,USA
CAMP01253,Gamma Inc,Display,18-25,59,LinkedIn,0.0426,3615.04,5.86,UK
CAMP01254,Beta Ltd,Influencer,36-45,8,Facebook,0.038,20432.02,9.18,Australia
CAMP01255,Gamma Inc,Social Media,46-60,74,Email,0.2123,7790.03,8.78,USA
CAMP01256,Delta Solutions,Search,36-45,27,Google,0.1504,10219.93,3.41,India
CAMP01257,Delta Solutions,Display,26-35,77,Instagram,0.18,13992.47,3.98,Germany
CAMP01258,Gamma Inc,Email,46-60,81,Facebook,0.1801,24452.07,3.45,Germany
CAMP01259,Delta Solutions,Influencer,46-60,52,Facebook,0.0238,8156.85,5.54,India
CAMP01260,Delta Solutions,Search,46-60,55,Facebook,0.2807,1525.96,8.18,Australia
CAMP01261,Alpha Corp,Display,18-25,84,Instagram,0.2482,24325.17,7.94,Germany
CAMP01262,Delta Solutions,Email,46-60,39,Email,0.2439,23958.24,8.92,India
CAMP01263,Gamma Inc,Social Media,18-25,39,Google,0.0216,5357.86,5.46,India
CAMP01264,Gamma Inc,Search,18-25,86,Facebook,0.2316,20811.57,6.75,UK
CAMP01265,Alpha Corp,Display,36-45,39,Instagram,0.1802,23030.62,9.56,Australia
CAMP01266,Alpha Corp,Social Media,36-45,36,YouTube,0.2686,818.31,6.92,Germany
CAMP01267,Delta Solutions,Email,18-25,5,Google,0.0429,18991.37,2.09,India
CAMP01268,Alpha Corp,Search,26-35,33,YouTube,0.2639,4907.2,3.61,India
CAMP01269,Delta Solutions,Influencer,46-60,26,Instagram,0.337,20765.93,1.22,UK
CAMP01270,Beta Ltd,Influencer,26-35,71,Instagram,0.2993,1013.18,1.55,USA
CAMP01271,Gamma Inc,Search,46-60,48,LinkedIn,0.314,17435.42,5.17,UK
CAMP01272,Alpha Corp,Social Media,46-60,35,Email,0.0358,20511.0,7.52,Germany
CAMP01273,Alpha Corp,Social Media,46-60,85,Google,0.1901,1373.15,2.29,Australia
CAMP01274,Alpha Corp,Search,18-25,43,Email,0.0939,19048.05,3.54,Australia
CAMP01275,Alpha Corp,Search,26-35,40,Google,0.1953,3409.71,3.7,Australia
CAMP01276,Alpha Corp,Email,18-25,67,Instagram,0.2502,2437.6,8.48,UK
CAMP01277,Gamma Inc,Display,46-60,27,YouTube,0.2639,23056.29,2.25,USA
CAMP01278,Delta Solutions,Social Media,46-60,41,YouTube,0.3471,23114.24,0.82,Australia
CAMP01279,Delta Solutions,Display,18-25,65,Google,0.3356,18657.94,6.43,India
CAMP01280,Beta Ltd,Display,26-35,32,Facebook,0.094,22310.03,5.51,UK
CAMP01281,Alpha Corp,Social Media,18-25,41,Facebook,0.3213,909.33,0.53,USA
CAMP01282,Gamma Inc,Influencer,26-35,6,Instagram,0.3106,13036.12,7.76,Germany
CAMP01283,Gamma Inc,Display,36-45,73,Google,0.256,21855.14,4.53,Germany
CAMP01284,Beta Ltd,Display,46-60,79,Facebook,0.0976,22373.0,5.7,Germany
CAMP01285,Gamma Inc,Influencer,36-45,62,YouTube,0.074,9492.16,6.87,India
CAMP01286,Delta Solutions,Influencer,26-35,50,Email,0.1581,8452.94,0.99,Germany
CAMP01287,Beta Ltd,Display,26-35,81,Instagram,0.0233,17649.47,2.14,USA
CAMP01288,Alpha Corp,Email,26-35,78,YouTube,0.1065,1974.13,4.9,Australia
CAMP01289,Delta Solutions,Social Media,46-60,45,YouTube,0.035,19622.74,2.13,India
CAMP01290,Alpha Corp,Influencer,18-25,58,LinkedIn,0.1883,6617.21,1.61,Australia
CAMP01291,Beta Ltd,Email,18-25,85,YouTube,0.2196,13278.53,3.59,Germany
CAMP01292,Delta Solutions,Influencer,26-35,22,Instagram,0.0478,5217.49,4.55,Australia
CAMP01293,Beta Ltd,Social Media,18-25,71,Facebook,0.3071,18491.77,8.57,Germany
CAMP01294,Alpha Corp,Social Media,36-45,36,Instagram,0.0429,23933.5,6.15,India
CAMP01295,Alpha Corp,Display,26-35,12,YouTube,0.1447,13750.42,9.33,Australia
CAMP01296,Delta Solutions,Influencer,26-35,40,Email,0.1803,23792.56,4.84,India
CAMP01297,Gamma Inc,Display,18-25,49,LinkedIn,0.2079,10350.7,4.99,India
CAMP01298,Delta Solutions,Social Media,26-35,68,YouTube,0.1185,7516.84,3.46,UK
CAMP01299,Alpha Corp,Display,46-60,18,YouTube,0.2524,21045.95,1.27,Germany
CAMP01300,Delta Solutions,Influencer,18-25,52,Facebook,0.1261,1429.33,2.13,USA
CAMP01301,Beta Ltd,Influencer,36-45,61,YouTube,0.0959,7388.8,1.14,India
CAMP01302,Delta Solutions,Influencer,36-45,59,Instagram,0.1641,17417.0,7.18,India
CAMP01303,Delta Solutions,Search,36-45,76,YouTube,0.0486,5128.34,3.82,USA
CAMP01304,Gamma Inc,Display,36-45,69,Facebook,0.3385,22316.1,0.8,USA
CAMP01305,Gamma Inc,Search,18-25,45,Instagram,0.197,12313.36,7.65,Australia
CAMP01306,Alpha Corp,Influencer,26-35,28,Email,0.059,6524.63,2.92,Germany
CAMP01307,Alpha Corp,Email,18-25,80,Facebook,0.2807,9595.75,8.99,Germany
CAMP01308,Gamma Inc,Display,18-25,80,YouTube,0.2549,7451.81,8.32,USA
CAMP01309,Beta Ltd,Social Media,26-35,16,Facebook,0.1564,17672.52,3.39,USA
CAMP01310,Alpha Corp,Social Media,46-60,43,LinkedIn,0.3445,3192.67,2.74,UK
CAMP01311,Alpha Corp,Influencer,26-35,69,LinkedIn,0.1802,21414.99,9.93,India
CAMP01312,Beta Ltd,Display,36-45,61,YouTube,0.0823,4146.08,8.29,Germany
CAMP01313,Gamma Inc,Influencer,36-45,80,Google,0.279,7420.45,9.3,Australia
CAMP01314,Gamma Inc,Email,36-45,23,Facebook,0.3258,15854.27,0.66,Germany
CAMP01315,Delta Solutions,Email,18-25,85,YouTube,0.0992,9178.06,6.18,UK
CAMP01316,Beta Ltd,Influencer,26-35,25,Facebook,0.0123,12996.31,3.03,Australia
CAMP01317,Delta Solutions,Search,18-25,13,Email,0.2172,14443.06,4.06,Australia
CAMP01318,Gamma Inc,Social Media,26-35,68,Email,0.2591,6846.04,1.37,Germany
CAMP01319,Beta Ltd,Social Media,36-45,84,Email,0.0987,13597.74,7.61,USA
CAMP01320,Delta Solutions,Display,36-45,35,Instagram,0.3376,23514.42,5.49,USA
CAMP01321,Beta Ltd,Search,36-45,18,Facebook,0.067,560.66,8.02,UK
CAMP01322,Gamma Inc,Social Media,18-25,80,LinkedIn,0.2824,15107.6,1.61,India
CAMP01323,Delta Solutions,Social Media,18-25,13,Google,0.3079,8345.05,9.97,Australia
CAMP01324,Alpha Corp,Influencer,18-25,62,Google,0.0681,21620.35,3.81,Germany
CAMP01325,Gamma Inc,Influencer,46-60,15,Email,0.1805,2866.5,9.54,Germany
CAMP01326,Delta Solutions,Social Media,18-25,62,Facebook,0.0195,1985.3,6.93,USA
CAMP01327,Beta Ltd,Influencer,18-25,14,Instagram,0.2282,10419.96,1.53,India
CAMP01328,Alpha Corp,Influencer,18-25,37,Facebook,0.1958,17006.68,7.93,USA
CAMP01329,Delta Solutions,Social Media,36-45,44,Google,0.2746,658.08,5.83,Germany
CAMP01330,Alpha Corp,Email,26-35,82,Facebook,0.1804,20375.23,2.29,Australia
CAMP01331,Alpha Corp,Search,36-45,66,Google,0.1303,8744.58,2.28,Germany
CAMP01332,Delta Solutions,Social Media,26-35,86,Instagram,0.0565,23046.21,9.55,Germany
CAMP01333,Beta Ltd,Social Media,26-35,51,Google,0.0274,22691.26,9.99,Germany
CAMP01334,Delta Solutions,Influencer,18-25,27,Email,0.1898,19213.32,5.97,Australia
CAMP01335,Beta Ltd,Display,18-25,41,Instagram,0.3224,18556.64,2.28,USA
CAMP01336,Delta Solutions,Search,26-35,49,Facebook,0.2704,15219.9,3.73,USA
CAMP01337,Delta Solutions,Display,46-60,53,Facebook,0.1437,19964.95,2.51,India
CAMP01338,Delta Solutions,Search,18-25,82,Instagram,0.3445,4863.04,6.27,USA
CAMP01339,Delta Solutions,Social Media,46-60,82,Email,0.0726,20519.15,4.3,Germany
CAMP01340,Gamma Inc,Display,46-60,13,Google,0.3492,14347.6,4.09,Australia
CAMP01341,Beta Ltd,Display,46-60,73,LinkedIn,0.0882,19658.41,8.11,India
CAMP01342,Beta Ltd,Display,26-35,30,Instagram,0.0672,12598.07,9.65,India
CAMP01343,Alpha Corp,Influencer,36-45,55,YouTube,0.3018,15958.49,2.37,USA
CAMP01344,Beta Ltd,Email,26-35,87,YouTube,0.1694,8869.12,4.44,India
CAMP01345,Beta Ltd,Email,18-25,80,Email,0.3132,10898.08,5.6,India
CAMP01346,Gamma Inc,Search,36-45,46,LinkedIn,0.2643,9436.94,2.84,Australia
CAMP01347,Gamma Inc,Display,36-45,8,Google,0.0633,18644.49,4.32,UK
CAMP01348,Delta Solutions,Social Media,26-35,86,Google,0.0515,5413.45,1.03,Germany
CAMP01349,Alpha Corp,Social Media,36-45,83,Instagram,0.1619,23297.77,0.89,USA
CAMP01350,Alpha Corp,Influencer,36-45,37,YouTube,0.2009,20817.47,7.97,India
CAMP01351,Delta Solutions,Display,26-35,16,Email,0.1539,21612.5,3.72,Germany
CAMP01352,Beta Ltd,Influencer,46-60,50,LinkedIn,0.0821,22892.53,7.22,Australia
CAMP01353,Gamma Inc,Social Media,46-60,73,Email,0.084,11182.48,1.29,Germany
CAMP01354,Alpha Corp,Display,18-25,44,Email,0.1834,22351.92,6.87,UK
CAMP01355,Delta Solutions,Display,26-35,6,Facebook,0.0149,11380.57,6.71,Australia
CAMP01356,Gamma Inc,Display,36-45,44,Google,0.1592,2989.33,8.3,India
CAMP01357,Beta Ltd,Display,26-35,49,Instagram,0.0213,1714.84,2.44,UK
CAMP01358,Alpha Corp,Email,46-60,83,Facebook,0.3069,2057.79,5.74,Germany
CAMP01359,Alpha Corp,Search,36-45,74,Instagram,0.2208,5106.16,9.06,UK
CAMP01360,Delta Solutions,Social Media,26-35,64,Instagram,0.0645,9315.22,2.59,Germany
CAMP01361,Delta Solutions,Influencer,46-60,39,LinkedIn,0.2713,24491.68,1.69,Australia
CAMP01362,Delta Solutions,Email,26-35,86,YouTube,0.1775,6409.39,3.78,Germany
CAMP01363,Gamma Inc,Social Media,26-35,24,Email,0.1836,22868.3,9.67,USA
CAMP01364,Gamma Inc,Email,46-60,33,Email,0.0971,20355.62,2.0,Australia
CAMP01365,Alpha Corp,Display,18-25,77,Google,0.1439,21597.51,1.63,Australia
CAMP01366,Beta Ltd,Social Media,36-45,90,LinkedIn,0.3086,19726.67,9.98,USA
CAMP01367,Beta Ltd,Influencer,36-45,75,YouTube,0.06,24340.79,4.23,USA
CAMP01368,Gamma Inc,Search,18-25,65,YouTube,0.2221,3435.44,1.92,UK
CAMP01369,Alpha Corp,Display,36-45,85,Facebook,0.0837,12234.96,5.81,UK
CAMP01370,Delta Solutions,Display,46-60,16,Google,0.1612,8899.47,0.63,UK
CAMP01371,Beta Ltd,Search,46-60,62,Google,0.1912,7463.82,4.54,USA
CAMP01372,Alpha Corp,Influencer,18-25,40,Instagram,0.0514,11447.19,0.84,UK
CAMP01373,Delta Solutions,Social Media,46-60,56,LinkedIn,0.0367,12282.78,5.87,Australia
CAMP01374,Beta Ltd,Social Media,46-60,26,Email,0.1746,24655.68,6.44,Germany
CAMP01375,Delta Solutions,Display,46-60,47,Facebook,0.1492,6984.7,0.53,USA
CAMP01376,Beta Ltd,Search,18-25,25,LinkedIn,0.3231,22836.19,5.37,UK
CAMP01377,Alpha Corp,Email,46-60,60,Facebook,0.2473,4590.85,9.48,UK
CAMP01378,Alpha Corp,Influencer,18-25,84,Google,0.3149,16793.63,4.28,India
CAMP01379,Alpha Corp,Search,18-25,10,Instagram,0.3256,7982.7,9.57,USA
CAMP01380,Beta Ltd,Email,36-45,87,Google,0.0165,24029.31,9.65,Germany
CAMP01381,Beta Ltd,Social Media,46-60,61,Email,0.3092,16048.02,2.78,Australia
CAMP01382,Alpha Corp,Email,46-60,6,Google,0.3359,2073.28,5.99,UK
CAMP01383,Beta Ltd,Social Media,26-35,54,YouTube,0.1639,23126.73,8.39,India
CAMP01384,Gamma Inc,Email,18-25,16,Instagram,0.2262,7698.53,7.24,UK
CAMP01385,Gamma Inc,Influencer,46-60,74,Google,0.1276,23221.26,7.72,UK
CAMP01386,Beta Ltd,Influencer,36-45,28,Instagram,0.0435,830.39,2.98,Germany
CAMP01387,Delta Solutions,Display,26-35,9,LinkedIn,0.0993,5857.93,9.22,Australia
CAMP01388,Alpha Corp,Display,36-45,77,Facebook,0.0374,7320.76,2.74,India
CAMP01389,Beta Ltd,Search,26-35,51,Google,0.1755,17355.66,6.63,India
CAMP01390,Delta Solutions,Social Media,18-25,57,LinkedIn,0.2322,20049.79,8.9,India
CAMP01391,Alpha Corp,Email,46-60,76,Facebook,0.0118,15937.21,3.92,UK
CAMP01392,Gamma Inc,Influencer,18-25,53,Instagram,0.0878,2019.56,5.75,India
CAMP01393,Gamma Inc,Search,46-60,73,Email,0.0351,11124.14,7.06,India
CAMP01394,Gamma Inc,Email,46-60,56,LinkedIn,0.3384,12602.61,9.32,Germany
CAMP01395,Alpha Corp,Social Media,18-25,7,Email,0.2831,9288.69,4.76,Germany
CAMP01396,Gamma Inc,Email,26-35,86,YouTube,0.0205,10778.87,6.23,USA
CAMP01397,Alpha Corp,Social Media,36-45,87,YouTube,0.2868,12324.09,1.85,USA
CAMP01398,Gamma Inc,Display,36-45,28,YouTube,0.2913,14073.04,1.12,UK
CAMP01399,Alpha Corp,Social Media,36-45,60,Instagram,0.2838,15958.29,0.7,USA
CAMP01400,Beta Ltd,Social Media,18-25,15,YouTube,0.3087,5648.0,5.03,USA
CAMP01401,Gamma Inc,Search,46-60,29,Facebook,0.1693,22591.32,5.68,India
CAMP01402,Delta Solutions,Social Media,18-25,57,Instagram,0.0914,20783.13,1.32,USA
CAMP01403,Alpha Corp,Social Media,36-45,34,Google,0.306,19772.03,2.22,Germany
CAMP01404,Beta Ltd,Display,36-45,88,YouTube,0.2938,20243.43,3.03,Australia
CAMP01405,Beta Ltd,Display,36-45,11,YouTube,0.1034,13373.71,8.97,Germany
CAMP01406,Gamma Inc,Search,36-45,66,Email,0.2074,23849.9,1.44,Australia
CAMP01407,Beta Ltd,Display,26-35,57,YouTube,0.1994,9465.77,5.15,USA
CAMP01408,Alpha Corp,Search,46-60,81,LinkedIn,0.1758,10789.58,8.0,Australia
CAMP01409,Alpha Corp,Search,26-35,74,YouTube,0.2169,20498.83,8.77,India
CAMP01410,Delta Solutions,Email,18-25,82,Facebook,0.0385,21790.6,7.08,USA
CAMP01411,Alpha Corp,Influencer,46-60,73,Facebook,0.1646,11500.19,3.02,Australia
CAMP01412,Alpha Corp,Social Media,36-45,23,YouTube,0.1052,21276.29,1.65,UK
CAMP01413,Delta Solutions,Display,36-45,41,LinkedIn,0.0108,16014.25,2.0,India
CAMP01414,Gamma Inc,Search,26-35,63,Instagram,0.1865,10006.51,7.82,Germany
CAMP01415,Alpha Corp,Social Media,46-60,90,Facebook,0.134,22684.67,3.32,Germany
CAMP01416,Beta Ltd,Search,36-45,79,YouTube,0.1566,12827.95,3.71,UK
CAMP01417,Beta Ltd,Search,18-25,60,LinkedIn,0.0479,21304.02,2.17,USA
CAMP01418,Gamma Inc,Social Media,46-60,13,Facebook,0.1819,20404.24,4.63,UK
CAMP01419,Gamma Inc,Display,36-45,41,Google,0.1018,2867.48,3.68,Germany
CAMP01420,Gamma Inc,Search,26-35,61,Facebook,0.0102,21842.59,3.89,Germany
CAMP01421,Delta Solutions,Social Media,36-45,71,Instagram,0.2752,4479.35,0.82,Australia
CAMP01422,Alpha Corp,Social Media,18-25,28,Google,0.2235,20439.58,4.89,Australia
CAMP01423,Gamma Inc,Display,36-45,45,Google,0.1895,19011.43,1.56,Germany
CAMP01424,Gamma Inc,Influencer,46-60,75,YouTube,0.2215,18560.81,5.59,Australia
CAMP01425,Delta Solutions,Email,46-60,76,Facebook,0.12,23061.48,6.86,Australia
CAMP01426,Beta Ltd,Influencer,36-45,24,Facebook,0.0518,15213.7,5.69,UK
CAMP01427,Gamma Inc,Display,26-35,26,Facebook,0.1314,8795.81,1.89,UK
CAMP01428,Beta Ltd,Influencer,18-25,37,Email,0.2782,15033.22,6.36,India
CAMP01429,Beta Ltd,Influencer,18-25,60,Facebook,0.2168,17555.16,4.42,Australia
CAMP01430,Beta Ltd,Email,26-35,63,Facebook,0.279,9433.18,3.91,UK
CAMP01431,Delta Solutions,Display,18-25,70,YouTube,0.3168,6730.25,1.91,UK
CAMP01432,Delta Solutions,Influencer,26-35,52,Google,0.0949,12497.43,9.95,UK
CAMP01433,Alpha Corp,Email,46-60,83,YouTube,0.3209,22508.52,4.23,India
CAMP01434,Beta Ltd,Display,18-25,15,Google,0.2353,15946.39,4.84,Australia
CAMP01435,Alpha Corp,Email,26-35,50,Email,0.2007,22482.76,1.4,Australia
CAMP01436,Delta Solutions,Display,36-45,24,YouTube,0.1811,12140.33,6.92,UK
CAMP01437,Beta Ltd,Display,26-35,51,Email,0.1694,23701.27,3.19,USA
CAMP01438,Gamma Inc,Influencer,46-60,81,YouTube,0.0351,19893.18,7.53,India
CAMP01439,Alpha Corp,Email,18-25,81,LinkedIn,0.0286,9187.29,1.14,Germany
CAMP01440,Beta Ltd,Search,26-35,90,YouTube,0.1225,11481.38,3.32,Germany
CAMP01441,Alpha Corp,Influencer,18-25,47,Instagram,0.0792,24945.34,7.58,USA
CAMP01442,Alpha Corp,Email,26-35,64,YouTube,0.0394,23865.66,4.26,UK
CAMP01443,Alpha Corp,Search,36-45,46,LinkedIn,0.0183,10550.9,0.83,Australia
CAMP01444,Alpha Corp,Influencer,26-35,5,LinkedIn,0.3427,20922.2,8.0,Germany
CAMP01445,Gamma Inc,Social Media,46-60,29,Email,0.0821,22788.37,9.67,Germany
CAMP01446,Beta Ltd,Influencer,26-35,68,Email,0.3448,6667.82,4.08,Australia
CAMP01447,Delta Solutions,Search,36-45,9,Instagram,0.1951,13181.35,6.41,USA
CAMP01448,Gamma Inc,Influencer,26-35,60,Facebook,0.0752,19048.59,4.04,USA
CAMP01449,Beta Ltd,Search,26-35,44,Instagram,0.0594,2383.11,5.77,India
CAMP01450,Beta Ltd,Email,18-25,40,Facebook,0.0783,20239.26,7.52,India
CAMP01451,Delta Solutions,Email,26-35,68,Email,0.1337,5670.63,6.51,Australia
CAMP01452,Delta Solutions,Influencer,36-45,24,Facebook,0.0797,12234.85,3.49,India
CAMP01453,Alpha Corp,Display,18-25,27,Instagram,0.2915,9692.49,2.35,India
CAMP01454,Gamma Inc,Influencer,26-35,19,Google,0.1348,18634.15,5.67,Australia
CAMP01455,Alpha Corp,Search,26-35,14,Instagram,0.1892,6212.53,6.77,Australia
CAMP01456,Beta Ltd,Influencer,26-35,12,Google,0.1804,11925.77,5.96,Australia
CAMP01457,Gamma Inc,Influencer,36-45,13,Email,0.2342,7006.69,1.72,Germany
CAMP01458,Delta Solutions,Display,26-35,59,YouTube,0.3491,1842.65,3.87,USA
CAMP01459,Delta Solutions,Display,36-45,30,Facebook,0.1608,21166.04,7.57,UK
CAMP01460,Gamma Inc,Search,26-35,34,YouTube,0.1197,6000.74,1.89,Germany
CAMP01461,Beta Ltd,Display,46-60,69,Facebook,0.3412,6194.22,8.89,India
CAMP01462,Delta Solutions,Email,26-35,49,YouTube,0.3492,1645.59,4.93,India
CAMP01463,Delta Solutions,Influencer,26-35,11,Facebook,0.2755,12816.07,8.02,Australia
CAMP01464,Alpha Corp,Email,36-45,50,YouTube,0.2812,7089.62,3.74,UK
CAMP01465,Beta Ltd,Influencer,26-35,61,Facebook,0.1485,14354.79,3.91,Australia
CAMP01466,Gamma Inc,Social Media,46-60,57,LinkedIn,0.1932,18226.47,9.69,USA
CAMP01467,Beta Ltd,Social Media,46-60,79,Google,0.1296,1625.28,5.89,Germany
CAMP01468,Gamma Inc,Search,46-60,56,Google,0.2204,5412.0,1.47,USA
CAMP01469,Gamma Inc,Influencer,36-45,74,YouTube,0.2908,10076.84,9.6,UK
CAMP01470,Gamma Inc,Email,46-60,49,LinkedIn,0.1372,22054.21,4.06,USA
CAMP01471,Alpha Corp,Search,36-45,59,Email,0.192,3188.27,7.25,Australia
CAMP01472,Gamma Inc,Search,46-60,18,YouTube,0.2735,18723.84,1.72,UK
CAMP01473,Gamma Inc,Display,18-25,90,LinkedIn,0.081,23862.77,8.63,Australia
CAMP01474,Gamma Inc,Search,46-60,7,Instagram,0.2175,2402.84,9.61,Germany
CAMP01475,Delta Solutions,Influencer,18-25,88,Email,0.2738,8658.73,4.14,UK
CAMP01476,Delta Solutions,Search,18-25,54,Facebook,0.0277,19354.41,1.87,Australia
CAMP01477,Beta Ltd,Search,26-35,34,Google,0.0963,23411.95,5.8,Australia
CAMP01478,Alpha Corp,Social Media,26-35,41,LinkedIn,0.0186,6544.86,2.04,USA
CAMP01479,Beta Ltd,Influencer,18-25,11,LinkedIn,0.0122,16226.07,4.7,UK
CAMP01480,Gamma Inc,Influencer,26-35,40,YouTube,0.1724,18423.31,6.42,USA
CAMP01481,Alpha Corp,Social Media,46-60,11,Google,0.2482,10398.58,1.82,UK
CAMP01482,Alpha Corp,Display,36-45,41,Google,0.1402,16903.44,9.51,India
CAMP01483,Gamma Inc,Search,26-35,16,Facebook,0.2212,13953.62,7.2,Australia
CAMP01484,Gamma Inc,Display,46-60,14,Instagram,0.0751,23460.83,3.93,Germany
CAMP01485,Delta Solutions,Social Media,18-25,66,Facebook,0.2944,13698.67,4.45,Germany
CAMP01486,Beta Ltd,Social Media,36-45,20,Instagram,0.1333,13157.04,8.56,India
CAMP01487,Alpha Corp,Social Media,46-60,33,YouTube,0.2505,16897.74,5.02,Australia
CAMP01488,Delta Solutions,Influencer,18-25,61,Google,0.0542,4231.29,9.88,Australia
CAMP01489,Delta Solutions,Social Media,36-45,48,Facebook,0.2882,13508.48,1.09,USA
CAMP01490,Gamma Inc,Search,36-45,49,LinkedIn,0.1861,1741.82,3.08,Germany
CAMP01491,Beta Ltd,Influencer,46-60,43,LinkedIn,0.3399,15862.09,5.43,Germany
CAMP01492,Gamma Inc,Display,18-25,57,YouTube,0.1478,13599.26,1.79,India
CAMP01493,Gamma Inc,Display,36-45,61,YouTube,0.3068,21065.3,3.88,UK
CAMP01494,Alpha Corp,Influencer,36-45,16,YouTube,0.1501,20043.73,5.44,Australia
CAMP01495,Gamma Inc,Social Media,18-25,87,Instagram,0.0467,11097.35,2.98,Australia
CAMP01496,Delta Solutions,Email,18-25,75,YouTube,0.2438,16645.34,2.06,Australia
CAMP01497,Beta Ltd,Display,36-45,41,Google,0.0722,7931.22,3.05,USA
CAMP01498,Alpha Corp,Email,18-25,37,Instagram,0.2819,10002.03,1.28,USA
CAMP01499,Alpha Corp,Email,46-60,67,Email,0.1239,2411.6,2.36,India
CAMP01500,Alpha Corp,Display,36-45,57,YouTube,0.2672,2967.24,1.08,India
CAMP01501,Beta Ltd,Email,18-25,74,Facebook,0.1737,20559.26,9.55,UK
CAMP01502,Delta Solutions,Influencer,26-35,45,Google,0.1926,24312.62,2.03,Germany
CAMP01503,Delta Solutions,Influencer,46-60,42,YouTube,0.2598,12485.92,0.51,UK
CAMP01504,Gamma Inc,Influencer,26-35,45,Email,0.2361,3635.12,9.6,Germany
CAMP01505,Delta Solutions,Influencer,26-35,30,Facebook,0.2358,2664.29,7.71,UK
CAMP01506,Gamma Inc,Influencer,18-25,71,YouTube,0.234,1612.46,3.04,Germany
CAMP01507,Gamma Inc,Search,26-35,73,YouTube,0.209,22030.11,8.85,USA
CAMP01508,Delta Solutions,Display,46-60,14,LinkedIn,0.2844,11333.87,8.78,USA
CAMP01509,Gamma Inc,Search,36-45,13,Google,0.112,22069.03,7.54,Germany
CAMP01510,Gamma Inc,Email,18-25,11,Google,0.0717,9389.28,6.13,UK
CAMP01511,Gamma Inc,Display,18-25,33,LinkedIn,0.26,14907.5,6.05,USA
CAMP01512,Alpha Corp,Email,26-35,13,LinkedIn,0.1935,17009.04,9.7,India
CAMP01513,Delta Solutions,Display,26-35,53,Email,0.3162,1725.83,4.92,UK
CAMP01514,Alpha Corp,Influencer,46-60,90,LinkedIn,0.3381,17199.06,8.18,USA
CAMP01515,Beta Ltd,Search,36-45,65,LinkedIn,0.3048,20093.04,1.57,Germany
CAMP01516,Delta Solutions,Display,46-60,84,LinkedIn,0.1962,1040.95,7.16,UK
CAMP01517,Delta Solutions,Influencer,36-45,17,YouTube,0.2664,1941.13,9.9,Australia
CAMP01518,Gamma Inc,Search,26-35,65,Google,0.1237,13291.17,0.59,Australia
CAMP01519,Delta Solutions,Social Media,26-35,67,Instagram,0.015,24298.88,2.95,Germany
CAMP01520,Delta Solutions,Social Media,36-45,43,Facebook,0.2754,24344.5,7.96,Germany
CAMP01521,Alpha Corp,Search,36-45,69,LinkedIn,0.2757,3184.68,7.47,Australia
CAMP01522,Alpha Corp,Display,46-60,12,LinkedIn,0.0127,19141.57,7.47,Germany
CAMP01523,Alpha Corp,Email,26-35,57,Facebook,0.3036,19936.31,9.83,Australia
CAMP01524,Beta Ltd,Email,26-35,75,Instagram,0.3097,21985.4,1.41,India
CAMP01525,Gamma Inc,Influencer,26-35,38,Instagram,0.119,1566.19,6.91,India
CAMP01526,Alpha Corp,Email,46-60,21,Google,0.0159,24324.62,6.59,USA
CAMP01527,Delta Solutions,Social Media,46-60,5,Email,0.3078,20631.86,2.45,UK
CAMP01528,Gamma Inc,Email,36-45,28,Instagram,0.034,15388.31,2.52,Australia
CAMP01529,Beta Ltd,Email,36-45,75,Google,0.0889,2137.29,6.68,Germany
CAMP01530,Beta Ltd,Influencer,46-60,77,Facebook,0.1945,6383.88,6.72,UK
CAMP01531,Alpha Corp,Social Media,36-45,58,YouTube,0.2876,8992.47,6.2,India
CAMP01532,Beta Ltd,Display,46-60,27,Facebook,0.2758,21505.99,4.89,UK
CAMP01533,Delta Solutions,Social Media,46-60,27,Email,0.2416,19147.45,7.03,India
CAMP01534,Delta Solutions,Display,26-35,77,YouTube,0.2917,23547.65,3.56,UK
CAMP01535,Gamma Inc,Search,26-35,55,Email,0.243,10852.17,2.74,Germany
CAMP01536,Alpha Corp,Influencer,46-60,72,YouTube,0.2268,22961.56,6.16,USA
CAMP01537,Beta Ltd,Email,36-45,36,Google,0.067,22444.86,6.36,USA
CAMP01538,Beta Ltd,Social Media,36-45,77,Google,0.1596,952.92,8.22,Germany
CAMP01539,Beta Ltd,Social Media,26-35,45,Facebook,0.1635,6361.73,4.45,USA
CAMP01540,Delta Solutions,Influencer,18-25,62,Instagram,0.0163,20097.13,7.76,Germany
CAMP01541,Alpha Corp,Display,26-35,78,Instagram,0.1479,16794.75,9.22,Germany
CAMP01542,Beta Ltd,Search,26-35,35,Email,0.0872,5960.75,4.54,USA
CAMP01543,Alpha Corp,Social Media,26-35,72,Facebook,0.0405,19646.01,5.65,UK
CAMP01544,Delta Solutions,Display,26-35,61,Instagram,0.1957,8255.62,9.15,USA
CAMP01545,Gamma Inc,Display,18-25,47,Email,0.0906,15252.55,3.35,Australia
CAMP01546,Gamma Inc,Email,36-45,76,Email,0.0747,23399.11,7.37,UK
CAMP01547,Alpha Corp,Email,46-60,42,Email,0.2775,6370.65,5.98,USA
CAMP01548,Alpha Corp,Display,36-45,69,Facebook,0.2854,1856.5,4.43,USA
CAMP01549,Delta Solutions,Social Media,36-45,11,LinkedIn,0.2347,16673.4,8.71,UK
CAMP01550,Beta Ltd,Search,26-35,79,Facebook,0.0745,18346.32,1.99,Australia
CAMP01551,Alpha Corp,Display,26-35,87,Email,0.2251,8158.18,0.84,UK
CAMP01552,Delta Solutions,Influencer,18-25,89,Google,0.2525,11976.07,2.47,USA
CAMP01553,Beta Ltd,Social Media,18-25,77,LinkedIn,0.0893,12776.71,8.82,USA
CAMP01554,Delta Solutions,Influencer,46-60,64,Google,0.0552,20490.71,3.76,Germany
CAMP01555,Alpha Corp,Display,26-35,68,Google,0.1574,17480.44,7.0,UK
CAMP01556,Gamma Inc,Display,46-60,84,LinkedIn,0.1543,7188.11,2.69,India
CAMP01557,Alpha Corp,Email,46-60,67,Email,0.0621,7188.8,5.16,India
CAMP01558,Alpha Corp,Social Media,18-25,28,YouTube,0.0752,8461.64,5.47,Australia
CAMP01559,Beta Ltd,Email,36-45,18,Email,0.1799,4075.84,2.83,USA
CAMP01560,Gamma Inc,Influencer,46-60,88,YouTube,0.1893,3789.82,4.18,India
CAMP01561,Delta Solutions,Search,36-45,16,LinkedIn,0.1929,20526.58,2.99,USA
CAMP01562,Beta Ltd,Email,18-25,83,Google,0.3439,20876.78,1.46,USA
CAMP01563,Beta Ltd,Social Media,18-25,85,YouTube,0.0235,6871.96,4.6,Germany
CAMP01564,Alpha Corp,Social Media,26-35,8,Instagram,0.2773,21334.72,5.85,Australia
CAMP01565,Delta Solutions,Display,36-45,74,LinkedIn,0.1296,14483.01,1.36,UK
CAMP01566,Delta Solutions,Display,46-60,55,Facebook,0.266,17947.87,3.9,Australia
CAMP01567,Delta Solutions,Social Media,46-60,38,LinkedIn,0.26,22070.88,4.9,India
CAMP01568,Beta Ltd,Email,18-25,48,Email,0.2207,8054.43,9.36,Germany
CAMP01569,Beta Ltd,Email,46-60,41,Facebook,0.2246,16724.54,6.3,Australia
CAMP01570,Alpha Corp,Display,18-25,75,Email,0.2356,8059.07,9.45,UK
CAMP01571,Beta Ltd,Search,26-35,40,Google,0.2642,22621.42,5.48,India
CAMP01572,Alpha Corp,Email,46-60,15,Facebook,0.0548,7839.85,8.13,India
CAMP01573,Beta Ltd,Social Media,36-45,39,Email,0.1327,15820.68,1.41,Germany
CAMP01574,Beta Ltd,Display,18-25,50,LinkedIn,0.2963,5180.15,5.86,Australia
CAMP01575,Gamma Inc,Email,18-25,43,LinkedIn,0.1963,9559.6,3.85,India
CAMP01576,Delta Solutions,Influencer,36-45,48,Instagram,0.0566,9109.27,7.42,UK
CAMP01577,Beta Ltd,Search,46-60,89,Instagram,0.337,18882.96,8.84,Australia
CAMP01578,Alpha Corp,Influencer,36-45,39,YouTube,0.3459,7521.58,7.27,India
CAMP01579,Alpha Corp,Social Media,36-45,75,YouTube,0.1843,8521.51,1.34,UK
CAMP01580,Alpha Corp,Social Media,18-25,90,Instagram,0.1913,730.66,6.4,Germany
CAMP01581,Beta Ltd,Search,26-35,76,Facebook,0.1093,8238.01,7.57,USA
CAMP01582,Beta Ltd,Social Media,18-25,51,LinkedIn,0.1855,7167.61,0.78,UK
CAMP01583,Alpha Corp,Display,26-35,90,YouTube,0.3394,13842.88,2.11,USA
CAMP01584,Delta Solutions,Display,46-60,40,Facebook,0.0966,10343.62,6.96,India
CAMP01585,Delta Solutions,Email,46-60,29,YouTube,0.1136,24521.55,3.49,Germany
CAMP01586,Gamma Inc,Search,26-35,78,Facebook,0.3152,13880.24,1.09,India
CAMP01587,Gamma Inc,Email,26-35,84,LinkedIn,0.1407,2282.34,8.95,India
CAMP01588,Alpha Corp,Search,36-45,16,Facebook,0.3407,20332.39,9.55,Australia
CAMP01589,Delta Solutions,Influencer,26-35,32,Google,0.1289,1804.99,4.05,USA
CAMP01590,Gamma Inc,Email,26-35,29,Google,0.0116,21012.13,9.93,USA
CAMP01591,Gamma Inc,Search,18-25,75,YouTube,0.3343,10434.04,8.64,Australia
CAMP01592,Delta Solutions,Social Media,36-45,28,Email,0.0906,2011.08,5.78,UK
CAMP01593,Alpha Corp,Email,46-60,62,Facebook,0.246,24445.46,7.6,USA
CAMP01594,Gamma Inc,Search,36-45,85,Instagram,0.0261,12637.93,9.39,India
CAMP01595,Gamma Inc,Search,18-25,83,Facebook,0.2644,21442.92,7.41,Australia
CAMP01596,Delta Solutions,Display,46-60,80,Instagram,0.0848,10803.67,3.71,UK
CAMP01597,Gamma Inc,Influencer,46-60,50,LinkedIn,0.2821,11809.38,2.33,Germany
CAMP01598,Beta Ltd,Social Media,46-60,57,Facebook,0.3386,9377.92,4.6,India
CAMP01599,Delta Solutions,Email,36-45,67,Email,0.0254,9538.59,2.27,UK
CAMP01600,Gamma Inc,Influencer,26-35,32,Email,0.1351,19939.65,0.7,UK
CAMP01601,Delta Solutions,Search,46-60,48,Facebook,0.2534,1254.22,4.83,UK
CAMP01602,Delta Solutions,Social Media,26-35,45,Google,0.3488,12501.67,3.63,Australia
CAMP01603,Gamma Inc,Display,46-60,73,Google,0.1334,7006.15,1.41,UK
CAMP01604,Gamma Inc,Display,46-60,54,Facebook,0.3483,14139.61,8.78,Australia
CAMP01605,Delta Solutions,Display,46-60,43,Facebook,0.3157,5772.69,1.67,Germany
CAMP01606,Gamma Inc,Display,26-35,51,Email,0.2546,9044.39,6.49,Australia
CAMP01607,Beta Ltd,Email,36-45,19,Google,0.1398,13564.82,5.91,UK
CAMP01608,Delta Solutions,Display,36-45,27,Google,0.1926,18674.31,9.8,USA
CAMP01609,Delta Solutions,Search,46-60,73,Instagram,0.2549,23676.24,2.91,UK
CAMP01610,Delta Solutions,Search,36-45,16,YouTube,0.2431,6456.67,2.74,Germany
CAMP01611,Alpha Corp,Search,18-25,63,Instagram,0.1081,12331.38,6.46,UK
CAMP01612,Beta Ltd,Display,18-25,83,YouTube,0.1995,9041.86,5.8,Germany
CAMP01613,Alpha Corp,Social Media,26-35,63,Email,0.2939,15347.9,8.21,USA
CAMP01614,Delta Solutions,Search,46-60,60,Facebook,0.1715,9478.77,2.14,USA
CAMP01615,Gamma Inc,Influencer,36-45,66,YouTube,0.2025,2875.74,3.36,UK
CAMP01616,Delta Solutions,Influencer,26-35,17,LinkedIn,0.1214,15552.72,0.55,India
CAMP01617,Gamma Inc,Social Media,36-45,16,Instagram,0.0644,1371.3,7.36,USA
CAMP01618,Delta Solutions,Social Media,36-45,90,Facebook,0.0324,1554.54,3.59,Australia
CAMP01619,Beta Ltd,Email,36-45,41,Google,0.1481,22163.41,2.74,Germany
CAMP01620,Alpha Corp,Social Media,36-45,40,Instagram,0.2248,21821.88,6.25,Germany
CAMP01621,Alpha Corp,Social Media,46-60,18,Email,0.2684,14286.5,2.89,USA
CAMP01622,Gamma Inc,Social Media,46-60,68,Facebook,0.0386,941.07,1.04,Germany
CAMP01623,Gamma Inc,Search,36-45,7,LinkedIn,0.1183,8906.09,2.74,USA
CAMP01624,Beta Ltd,Search,36-45,20,Google,0.2847,8983.56,8.57,Australia
CAMP01625,Gamma Inc,Email,18-25,24,Facebook,0.0482,18161.81,6.16,India
CAMP01626,Alpha Corp,Social Media,46-60,85,Facebook,0.3477,20391.76,4.98,India
CAMP01627,Gamma Inc,Social Media,26-35,86,Instagram,0.2251,9178.87,5.17,USA
CAMP01628,Alpha Corp,Social Media,46-60,11,Instagram,0.3296,10832.62,9.97,Germany
CAMP01629,Delta Solutions,Display,26-35,16,Instagram,0.2583,6004.16,0.8,Australia
CAMP01630,Alpha Corp,Email,46-60,87,Instagram,0.3377,18334.0,2.03,Germany
CAMP01631,Delta Solutions,Social Media,18-25,59,Facebook,0.2362,9054.24,8.72,UK
CAMP01632,Beta Ltd,Influencer,36-45,67,Google,0.1011,17784.27,5.58,Germany
CAMP01633,Delta Solutions,Search,36-45,53,YouTube,0.2821,17819.05,9.95,Germany
CAMP01634,Alpha Corp,Display,46-60,24,LinkedIn,0.0869,4327.24,7.0,USA
CAMP01635,Beta Ltd,Display,18-25,67,LinkedIn,0.2021,22194.23,7.37,Germany
CAMP01636,Alpha Corp,Search,36-45,20,Facebook,0.1368,20700.81,6.01,India
CAMP01637,Delta Solutions,Display,18-25,7,YouTube,0.2817,14783.78,0.66,India
CAMP01638,Alpha Corp,Social Media,46-60,76,YouTube,0.2682,2614.96,9.13,UK
CAMP01639,Gamma Inc,Influencer,36-45,37,Facebook,0.3037,4597.75,5.47,India
CAMP01640,Alpha Corp,Email,18-25,8,LinkedIn,0.094,2758.37,0.59,USA
CAMP01641,Delta Solutions,Email,18-25,42,Email,0.3492,11858.57,2.49,USA
CAMP01642,Gamma Inc,Social Media,26-35,14,YouTube,0.2838,7005.06,3.83,Australia
CAMP01643,Beta Ltd,Social Media,36-45,45,Google,0.1415,20854.52,3.22,UK
CAMP01644,Delta Solutions,Email,26-35,62,Instagram,0.0534,11180.93,0.76,UK
CAMP01645,Gamma Inc,Search,18-25,34,YouTube,0.1288,11576.4,3.16,India
CAMP01646,Alpha Corp,Display,46-60,11,YouTube,0.0461,23087.17,9.01,India
CAMP01647,Delta Solutions,Influencer,46-60,81,LinkedIn,0.2192,14655.4,6.09,India
CAMP01648,Delta Solutions,Influencer,18-25,51,Instagram,0.0484,9989.98,3.61,Australia
CAMP01649,Delta Solutions,Search,36-45,6,LinkedIn,0.1564,24594.71,1.34,India
CAMP01650,Delta Solutions,Display,18-25,54,LinkedIn,0.237,11829.68,7.64,India
CAMP01651,Beta Ltd,Search,18-25,84,Instagram,0.164,14702.17,7.32,USA
CAMP01652,Delta Solutions,Display,46-60,6,LinkedIn,0.3098,9859.02,0.52,UK
CAMP01653,Beta Ltd,Search,18-25,72,LinkedIn,0.0919,16895.58,9.94,India
CAMP01654,Beta Ltd,Email,36-45,37,Google,0.1881,19507.29,3.02,Australia
CAMP01655,Gamma Inc,Display,46-60,65,Instagram,0.3205,15901.73,2.99,Australia
CAMP01656,Delta Solutions,Influencer,36-45,7,Facebook,0.1301,6586.31,3.36,India
CAMP01657,Delta Solutions,Social Media,26-35,82,LinkedIn,0.1707,23586.28,9.64,Australia
CAMP01658,Alpha Corp,Search,18-25,88,Google,0.3272,13037.09,8.49,UK
CAMP01659,Beta Ltd,Display,46-60,52,Email,0.1798,20737.56,6.55,Germany
CAMP01660,Alpha Corp,Influencer,46-60,23,Facebook,0.3038,716.21,5.2,USA
CAMP01661,Gamma Inc,Social Media,46-60,18,Email,0.3298,13185.21,3.61,India
CAMP01662,Gamma Inc,Social Media,26-35,64,YouTube,0.0971,23421.7,3.68,UK
CAMP01663,Beta Ltd,Display,46-60,73,YouTube,0.2772,17361.15,3.59,Australia
CAMP01664,Beta Ltd,Search,26-35,62,Facebook,0.2323,3297.47,8.69,UK
CAMP01665,Delta Solutions,Influencer,36-45,47,Email,0.3455,17894.34,6.97,India
CAMP01666,Alpha Corp,Display,46-60,71,Email,0.2091,868.01,4.36,India
CAMP01667,Delta Solutions,Email,36-45,68,LinkedIn,0.2795,9532.68,9.94,Australia
CAMP01668,Alpha Corp,Search,46-60,33,Facebook,0.1275,6299.23,2.19,Germany
CAMP01669,Delta Solutions,Display,46-60,71,LinkedIn,0.2162,6671.24,1.23,Australia
CAMP01670,Delta Solutions,Email,36-45,20,LinkedIn,0.2747,1516.28,4.0,India
CAMP01671,Delta Solutions,Email,18-25,75,Email,0.3388,15619.74,9.83,UK
CAMP01672,Alpha Corp,Email,18-25,50,Google,0.0956,18676.64,0.73,India
CAMP01673,Beta Ltd,Social Media,26-35,69,Email,0.0368,7649.93,1.27,UK
CAMP01674,Beta Ltd,Social Media,26-35,64,Google,0.3419,14877.84,3.74,USA
CAMP01675,Delta Solutions,Email,26-35,13,Facebook,0.2149,12686.15,9.88,India
CAMP01676,Beta Ltd,Search,26-35,69,Instagram,0.0159,24832.13,3.76,Australia
CAMP01677,Beta Ltd,Search,18-25,72,Facebook,0.1868,20402.14,6.94,Germany
CAMP01678,Alpha Corp,Influencer,18-25,9,Google,0.3283,23677.93,8.71,USA
CAMP01679,Beta Ltd,Display,36-45,24,Google,0.3447,20696.08,6.87,Australia
CAMP01680,Beta Ltd,Social Media,46-60,69,LinkedIn,0.1207,16612.96,1.35,Australia
CAMP01681,Alpha Corp,Display,26-35,36,LinkedIn,0.2758,2243.57,1.91,Germany
CAMP01682,Alpha Corp,Social Media,36-45,14,YouTube,0.166,21518.41,2.96,India
CAMP01683,Alpha Corp,Search,26-35,78,Email,0.1453,19144.97,8.06,Germany
CAMP01684,Beta Ltd,Email,36-45,50,YouTube,0.2678,7412.95,8.12,UK
CAMP01685,Alpha Corp,Social Media,18-25,38,Facebook,0.1018,7099.91,2.12,Australia
CAMP01686,Alpha Corp,Social Media,26-35,52,LinkedIn,0.155,13344.15,4.1,Australia
CAMP01687,Gamma Inc,Influencer,26-35,39,LinkedIn,0.0938,7433.53,1.83,Germany
CAMP01688,Gamma Inc,Search,46-60,15,Instagram,0.0585,24280.32,4.99,India
CAMP01689,Delta Solutions,Search,36-45,53,LinkedIn,0.139,5242.45,3.96,UK
CAMP01690,Delta Solutions,Influencer,18-25,87,YouTube,0.3361,4257.77,9.92,Germany
CAMP01691,Alpha Corp,Social Media,46-60,86,LinkedIn,0.1524,1566.34,4.19,UK
CAMP01692,Alpha Corp,Social Media,36-45,59,Email,0.2423,14038.48,0.98,Germany
CAMP01693,Alpha Corp,Email,18-25,18,LinkedIn,0.1069,18638.05,5.44,Germany
CAMP01694,Alpha Corp,Email,26-35,24,Email,0.3042,14865.37,9.12,India
CAMP01695,Alpha Corp,Influencer,18-25,32,Google,0.2225,5602.77,4.01,USA
CAMP01696,Delta Solutions,Email,46-60,9,YouTube,0.3332,23123.99,8.28,USA
CAMP01697,Gamma Inc,Email,46-60,17,YouTube,0.1208,9792.78,4.46,Australia
CAMP01698,Delta Solutions,Search,36-45,71,LinkedIn,0.1929,3949.63,5.9,USA
CAMP01699,Beta Ltd,Social Media,26-35,41,LinkedIn,0.075,5180.86,5.27,Germany
CAMP01700,Beta Ltd,Search,36-45,77,Instagram,0.0562,11236.18,8.8,Australia
CAMP01701,Beta Ltd,Email,36-45,10,Google,0.209,13837.21,5.9,India
CAMP01702,Alpha Corp,Email,46-60,12,Google,0.2832,15235.49,4.1,UK
CAMP01703,Beta Ltd,Display,26-35,64,Email,0.0779,2294.31,7.79,Germany
CAMP01704,Delta Solutions,Display,26-35,27,YouTube,0.249,21753.62,0.98,UK
CAMP01705,Alpha Corp,Search,46-60,24,LinkedIn,0.2383,8742.54,3.09,India
CAMP01706,Beta Ltd,Influencer,18-25,60,Facebook,0.1741,6855.22,3.22,India
CAMP01707,Beta Ltd,Search,46-60,83,Instagram,0.2707,17345.41,5.9,UK
CAMP01708,Alpha Corp,Search,18-25,41,LinkedIn,0.2119,15532.24,8.42,Germany
CAMP01709,Delta Solutions,Display,36-45,70,Email,0.3318,24824.11,5.76,UK
CAMP01710,Beta Ltd,Influencer,26-35,34,Google,0.2697,10553.65,4.85,India
CAMP01711,Delta Solutions,Influencer,18-25,77,Email,0.3114,4989.58,1.12,Australia
CAMP01712,Gamma Inc,Search,36-45,41,LinkedIn,0.1329,24332.73,9.72,Germany
CAMP01713,Beta Ltd,Display,36-45,18,Instagram,0.2857,12309.41,3.31,India
CAMP01714,Beta Ltd,Influencer,18-25,48,LinkedIn,0.3473,16707.39,1.73,Australia
CAMP01715,Delta Solutions,Social Media,18-25,30,LinkedIn,0.0656,1536.72,8.41,India
CAMP01716,Alpha Corp,Display,36-45,20,LinkedIn,0.1838,8729.21,8.96,USA
CAMP01717,Alpha Corp,Search,18-25,20,Instagram,0.3032,24687.01,3.34,India
CAMP01718,Alpha Corp,Influencer,46-60,38,YouTube,0.1449,24127.26,5.71,USA
CAMP01719,Beta Ltd,Email,36-45,5,Email,0.1828,24611.71,7.94,USA
CAMP01720,Delta Solutions,Display,26-35,11,LinkedIn,0.2642,20686.31,0.71,UK
CAMP01721,Alpha Corp,Social Media,18-25,55,Facebook,0.2904,12762.46,9.88,UK
CAMP01722,Delta Solutions,Display,26-35,5,LinkedIn,0.0778,14514.47,3.58,India
CAMP01723,Delta Solutions,Search,18-25,71,YouTube,0.143,2333.89,5.06,UK
CAMP01724,Delta Solutions,Display,18-25,88,Facebook,0.1441,19935.23,0.98,India
CAMP01725,Delta Solutions,Search,26-35,20,Google,0.062,18852.24,0.95,USA
CAMP01726,Delta Solutions,Influencer,36-45,9,Facebook,0.041,17853.28,1.56,UK
CAMP01727,Beta Ltd,Display,46-60,23,Email,0.2632,9872.87,3.55,Australia
CAMP01728,Beta Ltd,Social Media,46-60,8,Instagram,0.2997,7013.3,9.25,India
CAMP01729,Gamma Inc,Social Media,18-25,28,Instagram,0.3337,20343.01,5.4,UK
CAMP01730,Beta Ltd,Display,26-35,81,Facebook,0.3351,24376.17,3.59,India
CAMP01731,Beta Ltd,Social Media,46-60,75,Instagram,0.3482,10875.36,4.79,USA
CAMP01732,Gamma Inc,Email,36-45,88,Email,0.0382,1860.12,3.02,India
CAMP01733,Gamma Inc,Influencer,46-60,74,Instagram,0.1449,22567.81,6.43,UK
CAMP01734,Gamma Inc,Social Media,26-35,77,Email,0.0379,17391.37,5.32,USA
CAMP01735,Gamma Inc,Display,36-45,55,Google,0.2405,16949.84,4.1,UK
CAMP01736,Beta Ltd,Email,18-25,17,Instagram,0.3406,23634.32,7.02,USA
CAMP01737,Gamma Inc,Social Media,36-45,71,Google,0.0225,16927.16,4.22,USA
CAMP01738,Delta Solutions,Email,36-45,59,Google,0.189,15628.98,8.16,Germany
CAMP01739,Gamma Inc,Influencer,26-35,87,Google,0.1913,17897.72,6.18,India
CAMP01740,Alpha Corp,Display,18-25,64,YouTube,0.0655,12356.63,2.42,USA
CAMP01741,Alpha Corp,Search,36-45,51,LinkedIn,0.2934,7531.16,2.05,USA
CAMP01742,Alpha Corp,Social Media,46-60,71,Instagram,0.1442,6668.8,2.93,India
CAMP01743,Gamma Inc,Email,46-60,61,Google,0.153,18293.01,9.22,USA
CAMP01744,Beta Ltd,Display,26-35,14,Email,0.3371,6443.92,8.32,UK
CAMP01745,Alpha Corp,Search,36-45,57,Email,0.0941,23313.31,9.74,Australia
CAMP01746,Gamma Inc,Search,36-45,38,Instagram,0.1411,10373.47,7.57,UK
CAMP01747,Gamma Inc,Display,36-45,18,Instagram,0.2719,16022.44,9.19,India
CAMP01748,Gamma Inc,Search,36-45,28,Facebook,0.1732,1548.59,3.88,Australia
CAMP01749,Delta Solutions,Display,26-35,76,Email,0.2152,11499.02,6.39,India
CAMP01750,Delta Solutions,Social Media,46-60,61,YouTube,0.1725,10289.25,4.22,Australia
CAMP01751,Delta Solutions,Email,46-60,9,Google,0.1063,18989.12,8.72,Germany
CAMP01752,Delta Solutions,Display,18-25,34,Instagram,0.0653,1857.79,9.97,UK
CAMP01753,Delta Solutions,Search,46-60,63,Google,0.299,10357.63,7.58,UK
CAMP01754,Alpha Corp,Influencer,18-25,48,Google,0.1036,21524.27,7.92,UK
CAMP01755,Alpha Corp,Social Media,18-25,71,Facebook,0.3491,16878.22,8.87,USA
CAMP01756,Gamma Inc,Influencer,46-60,58,Email,0.0134,19546.91,1.41,Australia
CAMP01757,Alpha Corp,Search,36-45,8,Instagram,0.3099,19200.05,5.08,USA
CAMP01758,Alpha Corp,Search,46-60,79,LinkedIn,0.3321,16717.67,7.46,UK
CAMP01759,Gamma Inc,Email,18-25,54,YouTube,0.03,10086.77,6.25,India
CAMP01760,Gamma Inc,Influencer,18-25,84,Instagram,0.2234,10285.14,5.63,UK
CAMP01761,Beta Ltd,Social Media,46-60,23,Google,0.2761,1753.96,4.17,USA
CAMP01762,Alpha Corp,Influencer,18-25,64,Instagram,0.2192,5277.48,2.59,Australia
CAMP01763,Delta Solutions,Social Media,26-35,7,YouTube,0.3092,14173.15,9.26,India
CAMP01764,Alpha Corp,Influencer,26-35,18,Google,0.055,22429.45,7.47,Australia
CAMP01765,Beta Ltd,Display,36-45,80,LinkedIn,0.3326,15499.6,6.33,Australia
CAMP01766,Delta Solutions,Social Media,18-25,81,Email,0.1972,9982.67,1.31,UK
CAMP01767,Gamma Inc,Social Media,46-60,87,Facebook,0.1271,20882.39,1.56,Germany
CAMP01768,Alpha Corp,Search,26-35,22,YouTube,0.1886,11494.86,4.61,India
CAMP01769,Delta Solutions,Influencer,46-60,81,Instagram,0.1254,6867.09,1.69,India
CAMP01770,Alpha Corp,Social Media,26-35,9,LinkedIn,0.1649,2461.78,1.91,India
CAMP01771,Beta Ltd,Search,26-35,39,Instagram,0.0632,20799.49,1.27,India
CAMP01772,Delta Solutions,Display,26-35,42,LinkedIn,0.2972,15591.45,3.29,UK
CAMP01773,Alpha Corp,Influencer,26-35,73,YouTube,0.1425,14730.1,0.61,Germany
CAMP01774,Delta Solutions,Influencer,36-45,63,Email,0.1688,18156.42,7.46,UK
CAMP01775,Gamma Inc,Social Media,46-60,35,Email,0.3193,15323.49,6.19,USA
CAMP01776,Beta Ltd,Display,46-60,17,Email,0.3184,9087.9,5.32,USA
CAMP01777,Gamma Inc,Influencer,18-25,36,Instagram,0.2779,15630.74,9.88,Australia
CAMP01778,Delta Solutions,Influencer,46-60,30,Instagram,0.0202,3931.03,5.08,Germany
CAMP01779,Gamma Inc,Display,18-25,62,LinkedIn,0.3182,7756.28,8.76,Australia
CAMP01780,Delta Solutions,Social Media,26-35,11,Instagram,0.0742,13664.18,2.3,UK
CAMP01781,Gamma Inc,Display,46-60,40,YouTube,0.159,2194.15,3.02,USA
CAMP01782,Alpha Corp,Search,36-45,58,Google,0.317,20633.7,3.62,USA
CAMP01783,Beta Ltd,Social Media,18-25,60,Email,0.0423,1593.66,9.91,India
CAMP01784,Beta Ltd,Search,46-60,65,Facebook,0.0553,9622.98,9.12,USA
CAMP01785,Gamma Inc,Search,46-60,29,Instagram,0.2059,11632.68,4.76,USA
CAMP01786,Delta Solutions,Influencer,36-45,49,Instagram,0.169,17177.32,8.52,UK
CAMP01787,Alpha Corp,Search,46-60,13,Facebook,0.1425,4294.3,2.72,UK
CAMP01788,Gamma Inc,Display,18-25,43,YouTube,0.2853,20623.52,6.13,India
CAMP01789,Delta Solutions,Search,26-35,89,Google,0.3142,10939.72,2.04,Australia
CAMP01790,Beta Ltd,Social Media,18-25,77,Email,0.3471,6653.17,5.96,USA
CAMP01791,Beta Ltd,Search,18-25,58,Email,0.0518,2909.23,2.61,Australia
CAMP01792,Delta Solutions,Influencer,36-45,41,YouTube,0.2399,23170.17,6.06,USA
CAMP01793,Gamma Inc,Social Media,26-35,82,Instagram,0.3063,10382.91,4.57,Australia
CAMP01794,Delta Solutions,Social Media,18-25,42,Google,0.0918,9842.69,5.81,UK
CAMP01795,Gamma Inc,Social Media,26-35,70,LinkedIn,0.1732,4915.97,2.03,Australia
CAMP01796,Delta Solutions,Search,46-60,54,Instagram,0.0124,12905.29,5.31,Australia
CAMP01797,Alpha Corp,Email,18-25,6,YouTube,0.0558,8337.15,3.51,Australia
CAMP01798,Gamma Inc,Influencer,18-25,65,Google,0.0527,4565.12,1.87,USA
CAMP01799,Delta Solutions,Social Media,26-35,81,Email,0.2506,18945.32,5.25,UK
CAMP01800,Delta Solutions,Social Media,36-45,71,Instagram,0.2216,22507.51,1.82,UK
CAMP01801,Delta Solutions,Social Media,18-25,57,Instagram,0.0232,9131.21,4.56,Australia
CAMP01802,Alpha Corp,Social Media,46-60,8,LinkedIn,0.2125,7519.13,3.57,UK
CAMP01803,Gamma Inc,Influencer,36-45,6,Facebook,0.0332,9647.94,5.66,Australia
CAMP01804,Gamma Inc,Display,18-25,78,Facebook,0.0787,23158.45,5.1,Germany
CAMP01805,Gamma Inc,Influencer,36-45,45,YouTube,0.3165,14798.35,1.78,UK
CAMP01806,Delta Solutions,Influencer,26-35,43,YouTube,0.1621,4564.84,3.15,India
CAMP01807,Alpha Corp,Influencer,36-45,60,LinkedIn,0.2757,15995.89,5.79,UK
CAMP01808,Delta Solutions,Search,46-60,82,LinkedIn,0.1169,10330.8,8.42,Germany
CAMP01809,Beta Ltd,Email,26-35,42,Google,0.0477,926.52,1.06,India
CAMP01810,Delta Solutions,Display,18-25,51,Instagram,0.312,24263.29,1.36,Australia
CAMP01811,Gamma Inc,Email,36-45,53,Facebook,0.0657,3314.95,8.07,India
CAMP01812,Alpha Corp,Social Media,36-45,45,LinkedIn,0.1289,10630.67,3.73,UK
CAMP01813,Beta Ltd,Influencer,18-25,61,YouTube,0.2484,16612.14,2.94,USA
CAMP01814,Beta Ltd,Email,18-25,21,LinkedIn,0.2112,14857.57,2.68,Germany
CAMP01815,Gamma Inc,Display,18-25,37,Instagram,0.3255,603.35,9.72,Australia
CAMP01816,Delta Solutions,Display,26-35,45,LinkedIn,0.3458,15393.19,5.35,India
CAMP01817,Beta Ltd,Influencer,18-25,49,Instagram,0.0599,18318.15,2.03,Germany
CAMP01818,Beta Ltd,Search,36-45,47,LinkedIn,0.087,21308.4,4.36,Germany
CAMP01819,Beta Ltd,Display,18-25,40,Email,0.2273,5006.6,2.98,Australia
CAMP01820,Alpha Corp,Influencer,46-60,81,Google,0.0599,1400.52,2.1,Germany
CAMP01821,Delta Solutions,Influencer,46-60,73,LinkedIn,0.1944,23637.31,9.8,Australia
CAMP01822,Gamma Inc,Search,26-35,81,YouTube,0.1368,17170.51,4.73,Australia
CAMP01823,Alpha Corp,Social Media,36-45,56,Facebook,0.312,11646.6,7.07,USA
CAMP01824,Beta Ltd,Display,26-35,46,Google,0.3222,18263.74,9.04,Germany
CAMP01825,Gamma Inc,Email,36-45,42,Facebook,0.098,4348.47,2.45,India
CAMP01826,Delta Solutions,Social Media,46-60,79,Instagram,0.0425,23980.75,1.72,India
CAMP01827,Alpha Corp,Influencer,26-35,62,Email,0.347,16528.99,2.97,Australia
CAMP01828,Alpha Corp,Display,18-25,78,Instagram,0.061,21985.33,7.27,UK
CAMP01829,Alpha Corp,Social Media,18-25,78,LinkedIn,0.069,14139.36,4.13,Germany
CAMP01830,Delta Solutions,Search,46-60,86,Facebook,0.0957,20119.72,5.15,UK
CAMP01831,Gamma Inc,Email,26-35,51,Google,0.1259,8528.03,0.69,UK
CAMP01832,Alpha Corp,Display,26-35,36,Facebook,0.0602,3760.36,0.54,USA
CAMP01833,Delta Solutions,Email,36-45,83,Email,0.1196,9168.61,4.37,USA
CAMP01834,Delta Solutions,Email,26-35,23,Facebook,0.0175,22474.65,1.93,Germany
CAMP01835,Gamma Inc,Display,36-45,32,LinkedIn,0.2823,17603.24,8.02,UK
CAMP01836,Delta Solutions,Search,26-35,86,Instagram,0.0996,11677.92,9.54,Australia
CAMP01837,Gamma Inc,Email,36-45,66,YouTube,0.288,6262.69,9.29,India
CAMP01838,Beta Ltd,Influencer,18-25,55,Google,0.23,15152.09,4.92,India
CAMP01839,Beta Ltd,Influencer,46-60,50,Facebook,0.1734,15026.13,3.23,India
CAMP01840,Gamma Inc,Influencer,46-60,45,Email,0.3406,13507.55,5.1,UK
CAMP01841,Delta Solutions,Influencer,46-60,82,Email,0.1415,18576.19,1.49,Germany
CAMP01842,Beta Ltd,Influencer,26-35,40,Email,0.0707,6448.93,9.47,India
CAMP01843,Delta Solutions,Display,26-35,46,Google,0.2063,13019.24,6.88,India
CAMP01844,Beta Ltd,Social Media,46-60,12,Facebook,0.0577,8055.95,3.22,Australia
CAMP01845,Delta Solutions,Influencer,26-35,14,Google,0.1041,5537.21,7.71,Germany
CAMP01846,Delta Solutions,Influencer,46-60,22,Instagram,0.3186,8653.15,2.83,India
CAMP01847,Alpha Corp,Influencer,46-60,30,Email,0.3133,20172.22,7.64,UK
CAMP01848,Delta Solutions,Display,26-35,30,LinkedIn,0.1683,3290.25,4.32,USA
CAMP01849,Gamma Inc,Search,26-35,62,Instagram,0.1726,7249.29,8.71,Australia
CAMP01850,Delta Solutions,Email,46-60,52,Google,0.2027,13559.11,9.9,USA
CAMP01851,Delta Solutions,Social Media,26-35,5,Instagram,0.0386,10323.72,3.54,USA
CAMP01852,Gamma Inc,Display,18-25,49,Facebook,0.0961,20778.05,5.74,Australia
CAMP01853,Beta Ltd,Social Media,46-60,12,LinkedIn,0.2072,19591.42,2.76,UK
CAMP01854,Delta Solutions,Display,18-25,51,Instagram,0.1192,17109.01,8.1,Australia
CAMP01855,Alpha Corp,Social Media,18-25,9,Google,0.0826,7421.2,5.17,UK
CAMP01856,Alpha Corp,Search,36-45,11,LinkedIn,0.2301,1019.86,9.85,Germany
CAMP01857,Delta Solutions,Search,18-25,76,Email,0.2026,8190.68,8.93,USA
CAMP01858,Alpha Corp,Social Media,18-25,5,LinkedIn,0.1212,15223.44,3.09,Australia
CAMP01859,Gamma Inc,Search,18-25,88,YouTube,0.3287,2985.46,1.64,India
CAMP01860,Gamma Inc,Display,26-35,44,Google,0.2744,20677.77,6.39,India
CAMP01861,Gamma Inc,Social Media,46-60,76,Email,0.2127,24671.62,3.52,Australia
CAMP01862,Alpha Corp,Display,36-45,21,YouTube,0.0812,18570.24,2.91,USA
CAMP01863,Beta Ltd,Influencer,36-45,45,Email,0.2304,10658.01,5.68,India
CAMP01864,Delta Solutions,Email,26-35,81,Facebook,0.2438,20031.85,5.61,Germany
CAMP01865,Alpha Corp,Display,26-35,11,YouTube,0.2076,7178.62,5.61,India
CAMP01866,Gamma Inc,Influencer,46-60,42,Google,0.2269,23875.7,3.3,Australia
CAMP01867,Gamma Inc,Email,26-35,15,Facebook,0.0652,9481.93,1.98,USA
CAMP01868,Gamma Inc,Social Media,46-60,35,Email,0.1239,17402.39,2.24,Australia
CAMP01869,Beta Ltd,Influencer,46-60,88,Email,0.3129,963.45,7.34,Australia
CAMP01870,Alpha Corp,Search,36-45,51,Google,0.0566,15952.61,4.95,Germany
CAMP01871,Gamma Inc,Influencer,46-60,33,Email,0.2105,7752.7,4.96,Germany
CAMP01872,Delta Solutions,Influencer,46-60,59,Email,0.3152,3002.07,9.78,USA
CAMP01873,Gamma Inc,Influencer,18-25,29,YouTube,0.0148,11121.79,9.22,Germany
CAMP01874,Beta Ltd,Search,46-60,12,Google,0.3388,3093.43,1.12,Australia
CAMP01875,Alpha Corp,Display,26-35,53,Email,0.3103,5034.03,8.08,Germany
CAMP01876,Gamma Inc,Social Media,46-60,68,Google,0.2531,22430.84,2.86,India
CAMP01877,Alpha Corp,Social Media,26-35,20,Google,0.2511,2054.55,7.36,Germany
CAMP01878,Delta Solutions,Social Media,18-25,16,Email,0.305,15812.4,2.15,Australia
CAMP01879,Beta Ltd,Influencer,36-45,56,LinkedIn,0.0681,1977.05,1.88,UK
CAMP01880,Delta Solutions,Influencer,26-35,38,LinkedIn,0.248,18092.22,9.42,India
CAMP01881,Beta Ltd,Email,46-60,85,Instagram,0.1268,24458.32,5.8,UK
CAMP01882,Alpha Corp,Search,18-25,35,LinkedIn,0.3077,11023.48,3.82,Australia
CAMP01883,Delta Solutions,Influencer,18-25,38,Instagram,0.1913,24219.7,8.97,India
CAMP01884,Alpha Corp,Email,18-25,53,LinkedIn,0.2704,16216.45,3.25,India
CAMP01885,Alpha Corp,Display,26-35,89,Google,0.0668,15088.97,1.11,UK
CAMP01886,Beta Ltd,Email,18-25,64,LinkedIn,0.0923,4693.61,4.25,USA
CAMP01887,Beta Ltd,Influencer,46-60,62,Email,0.295,23832.79,7.22,Australia
CAMP01888,Delta Solutions,Social Media,26-35,73,Email,0.1444,21607.96,6.79,UK
CAMP01889,Beta Ltd,Influencer,46-60,75,Facebook,0.1895,3728.04,5.0,Germany
CAMP01890,Delta Solutions,Display,18-25,50,Facebook,0.2567,1201.63,5.35,USA
CAMP01891,Beta Ltd,Social Media,36-45,29,Facebook,0.0677,9296.79,5.53,USA
CAMP01892,Gamma Inc,Influencer,36-45,18,Instagram,0.1129,4406.02,4.06,UK
CAMP01893,Alpha Corp,Influencer,46-60,53,LinkedIn,0.1207,8735.75,1.29,UK
CAMP01894,Alpha Corp,Email,26-35,64,Google,0.3217,23982.33,2.0,Australia
CAMP01895,Gamma Inc,Email,36-45,36,Google,0.0568,21616.62,7.38,Germany
CAMP01896,Beta Ltd,Display,36-45,46,Instagram,0.1362,11282.96,8.2,India
CAMP01897,Delta Solutions,Search,36-45,43,Facebook,0.3362,7257.86,4.26,Germany
CAMP01898,Delta Solutions,Search,36-45,55,Instagram,0.2939,14656.28,3.63,Australia
CAMP01899,Gamma Inc,Influencer,26-35,75,Facebook,0.238,23468.68,6.27,India
CAMP01900,Delta Solutions,Social Media,46-60,43,Instagram,0.1966,19870.98,0.71,USA
CAMP01901,Alpha Corp,Display,36-45,49,YouTube,0.2952,21759.95,5.91,Australia
CAMP01902,Delta Solutions,Email,46-60,40,Google,0.3318,19147.23,4.96,USA
CAMP01903,Beta Ltd,Social Media,36-45,30,Instagram,0.3242,12839.53,4.7,UK
CAMP01904,Beta Ltd,Email,46-60,65,Email,0.2273,3966.94,0.51,USA
CAMP01905,Delta Solutions,Social Media,18-25,58,LinkedIn,0.2575,20555.94,9.46,UK
CAMP01906,Alpha Corp,Influencer,26-35,50,LinkedIn,0.2736,16448.76,2.15,Germany
CAMP01907,Alpha Corp,Search,46-60,30,YouTube,0.2852,19430.59,1.57,USA
CAMP01908,Delta Solutions,Influencer,36-45,79,Instagram,0.2592,18483.24,4.17,Germany
CAMP01909,Alpha Corp,Influencer,26-35,74,Instagram,0.0712,6529.76,7.9,Australia
CAMP01910,Gamma Inc,Influencer,18-25,68,Email,0.2683,7498.88,7.77,Germany
CAMP01911,Delta Solutions,Social Media,46-60,75,LinkedIn,0.1427,21481.24,5.36,UK
CAMP01912,Gamma Inc,Display,36-45,45,Google,0.0779,10478.24,5.72,India
CAMP01913,Beta Ltd,Email,36-45,59,Email,0.0449,4854.24,4.82,USA
CAMP01914,Delta Solutions,Influencer,46-60,23,Facebook,0.0917,16246.4,0.74,USA
CAMP01915,Alpha Corp,Email,46-60,72,Instagram,0.1826,7808.77,3.14,India
CAMP01916,Delta Solutions,Social Media,18-25,6,Email,0.0939,16245.62,4.19,India
CAMP01917,Beta Ltd,Display,46-60,48,LinkedIn,0.2364,14956.56,5.77,Germany
CAMP01918,Gamma Inc,Search,18-25,22,Email,0.3379,16746.87,6.76,India
CAMP01919,Beta Ltd,Display,46-60,56,LinkedIn,0.025,24839.13,9.88,Australia
CAMP01920,Gamma Inc,Influencer,46-60,29,Instagram,0.0544,7294.08,5.32,Australia
CAMP01921,Gamma Inc,Social Media,26-35,87,Facebook,0.0941,24403.09,6.88,Germany
CAMP01922,Alpha Corp,Search,26-35,15,Facebook,0.2835,19204.83,9.63,India
CAMP01923,Alpha Corp,Influencer,36-45,75,Facebook,0.1022,21457.29,3.15,UK
CAMP01924,Beta Ltd,Email,36-45,62,Email,0.0751,20161.17,4.81,Australia
CAMP01925,Delta Solutions,Social Media,26-35,90,Facebook,0.062,1062.58,7.35,India
CAMP01926,Gamma Inc,Email,46-60,33,YouTube,0.061,12840.38,5.87,Germany
CAMP01927,Beta Ltd,Social Media,36-45,65,LinkedIn,0.2547,3091.26,8.99,UK
CAMP01928,Gamma Inc,Search,26-35,7,LinkedIn,0.2508,17000.23,5.88,UK
CAMP01929,Delta Solutions,Social Media,26-35,63,YouTube,0.1158,1961.28,9.26,USA
CAMP01930,Delta Solutions,Email,46-60,42,Instagram,0.1628,1313.36,1.91,India
CAMP01931,Gamma Inc,Influencer,46-60,67,Email,0.2236,22714.9,8.13,USA
CAMP01932,Beta Ltd,Display,36-45,72,Facebook,0.3415,22967.91,2.53,Germany
CAMP01933,Delta Solutions,Display,46-60,46,Facebook,0.2627,15782.38,0.97,Australia
CAMP01934,Gamma Inc,Influencer,36-45,34,YouTube,0.283,11768.21,1.56,Australia
CAMP01935,Gamma Inc,Search,18-25,66,Email,0.3424,20798.11,6.02,Australia
CAMP01936,Alpha Corp,Social Media,18-25,82,Email,0.1396,24123.41,3.26,Germany
CAMP01937,Gamma Inc,Influencer,18-25,35,Instagram,0.0335,1830.14,1.87,UK
CAMP01938,Alpha Corp,Influencer,36-45,78,YouTube,0.2639,3036.42,6.48,Germany
CAMP01939,Gamma Inc,Influencer,36-45,43,LinkedIn,0.0512,22674.66,5.14,UK
CAMP01940,Delta Solutions,Email,18-25,81,Google,0.1591,2935.22,4.12,UK
CAMP01941,Gamma Inc,Social Media,18-25,60,Facebook,0.261,17997.15,5.59,Australia
CAMP01942,Delta Solutions,Display,18-25,62,Google,0.1998,14061.0,8.68,UK
CAMP01943,Alpha Corp,Social Media,46-60,64,Google,0.1348,13280.09,7.38,Australia
CAMP01944,Beta Ltd,Influencer,36-45,74,Email,0.1849,2892.23,5.2,USA
CAMP01945,Delta Solutions,Display,26-35,79,Email,0.0934,18353.34,8.31,Australia
CAMP01946,Delta Solutions,Social Media,36-45,38,Google,0.0352,15249.26,8.69,Germany
CAMP01947,Delta Solutions,Influencer,36-45,69,Google,0.1502,23256.63,4.07,USA
CAMP01948,Delta Solutions,Search,18-25,64,YouTube,0.0298,12284.32,1.92,Germany
CAMP01949,Delta Solutions,Influencer,18-25,55,Google,0.3431,22854.2,1.59,Germany
CAMP01950,Alpha Corp,Influencer,18-25,24,Facebook,0.1622,5005.39,6.57,India
CAMP01951,Alpha Corp,Influencer,26-35,45,Instagram,0.31,5495.33,9.39,UK
CAMP01952,Beta Ltd,Display,36-45,22,Facebook,0.3336,23749.97,0.87,USA
CAMP01953,Alpha Corp,Search,46-60,16,Email,0.1628,2934.84,5.22,UK
CAMP01954,Delta Solutions,Email,18-25,86,Instagram,0.1529,6295.22,2.35,UK
CAMP01955,Gamma Inc,Email,46-60,67,Facebook,0.3138,3963.15,5.55,USA
CAMP01956,Gamma Inc,Influencer,18-25,52,Facebook,0.0218,17888.4,8.64,India
CAMP01957,Delta Solutions,Email,26-35,43,YouTube,0.1756,19615.89,7.98,Australia
CAMP01958,Gamma Inc,Search,46-60,11,YouTube,0.1013,22586.15,9.73,USA
CAMP01959,Delta Solutions,Search,18-25,35,LinkedIn,0.2659,4096.74,5.1,India
CAMP01960,Alpha Corp,Search,36-45,21,Google,0.2945,8382.59,6.8,USA
CAMP01961,Delta Solutions,Display,46-60,51,Email,0.2208,8271.29,9.04,USA
CAMP01962,Delta Solutions,Social Media,46-60,44,Email,0.1484,24350.07,7.13,India
CAMP01963,Delta Solutions,Search,18-25,87,LinkedIn,0.1987,14781.24,9.66,USA
CAMP01964,Gamma Inc,Social Media,18-25,77,Google,0.2052,8768.7,2.83,India
CAMP01965,Gamma Inc,Influencer,36-45,56,Email,0.2259,7819.04,1.78,USA
CAMP01966,Alpha Corp,Search,36-45,82,LinkedIn,0.3235,8315.87,1.92,Australia
CAMP01967,Alpha Corp,Email,36-45,33,Google,0.0947,17948.44,8.6,Australia
CAMP01968,Delta Solutions,Display,18-25,14,Google,0.0785,13957.43,1.0,USA
CAMP01969,Alpha Corp,Email,36-45,53,LinkedIn,0.0747,15778.46,8.19,Germany
CAMP01970,Beta Ltd,Influencer,36-45,10,Facebook,0.2471,12027.37,4.91,Australia
CAMP01971,Gamma Inc,Influencer,36-45,86,Google,0.3177,1143.27,7.07,USA
CAMP01972,Delta Solutions,Email,46-60,15,Facebook,0.1211,17334.14,7.58,Australia
CAMP01973,Gamma Inc,Display,36-45,78,Email,0.153,18241.1,4.53,Germany
CAMP01974,Alpha Corp,Email,46-60,62,Facebook,0.3392,4916.09,1.89,India
CAMP01975,Delta Solutions,Email,18-25,26,Instagram,0.0594,16409.64,6.36,USA
CAMP01976,Beta Ltd,Social Media,26-35,50,Google,0.309,21999.91,9.59,USA
CAMP01977,Alpha Corp,Search,46-60,51,Facebook,0.3362,15267.83,0.74,USA
CAMP01978,Beta Ltd,Display,36-45,68,Instagram,0.2818,16879.25,2.66,India
CAMP01979,Gamma Inc,Social Media,26-35,41,Email,0.1244,17667.45,8.81,Germany
CAMP01980,Beta Ltd,Social Media,26-35,56,Email,0.2322,8446.21,1.16,Australia
CAMP01981,Gamma Inc,Social Media,36-45,40,Google,0.1091,4280.23,0.6,Germany
CAMP01982,Alpha Corp,Social Media,26-35,13,Google,0.0511,12079.96,8.84,UK
CAMP01983,Delta Solutions,Display,26-35,66,LinkedIn,0.0465,6179.0,7.8,India
CAMP01984,Beta Ltd,Search,36-45,27,LinkedIn,0.0132,17331.34,2.91,UK
CAMP01985,Beta Ltd,Email,36-45,28,Instagram,0.3426,18015.63,9.68,Australia
CAMP01986,Delta Solutions,Social Media,36-45,33,Facebook,0.2327,700.47,7.27,USA
CAMP01987,Delta Solutions,Influencer,18-25,53,Email,0.1192,23877.93,1.63,India
CAMP01988,Alpha Corp,Display,36-45,65,Facebook,0.2069,23162.54,4.87,UK
CAMP01989,Delta Solutions,Search,36-45,75,LinkedIn,0.2205,3732.5,8.72,USA
CAMP01990,Beta Ltd,Display,36-45,56,YouTube,0.0722,12205.97,6.84,India
CAMP01991,Gamma Inc,Email,18-25,39,Facebook,0.1082,5621.06,6.07,Germany
CAMP01992,Alpha Corp,Display,26-35,86,Google,0.1961,24115.99,4.46,UK
CAMP01993,Beta Ltd,Display,18-25,45,LinkedIn,0.2955,14367.8,2.86,USA
CAMP01994,Gamma Inc,Influencer,18-25,17,LinkedIn,0.0541,17653.91,6.33,Australia
CAMP01995,Alpha Corp,Email,18-25,73,Facebook,0.3018,24458.19,1.96,India
CAMP01996,Alpha Corp,Display,26-35,85,YouTube,0.2171,16988.53,8.19,UK
CAMP01997,Delta Solutions,Social Media,36-45,30,LinkedIn,0.1765,21833.99,2.49,UK
CAMP01998,Delta Solutions,Display,36-45,23,Facebook,0.0589,6393.52,1.65,Germany
CAMP01999,Delta Solutions,Social Media,18-25,35,Facebook,0.197,6120.09,1.18,Australia
CAMP02000,Beta Ltd,Email,36-45,34,Facebook,0.1302,11309.32,8.24,USA
