engagement_id,campaign_id,customer_id,platform,post_date,post_type,impressions,clicks,likes,comments,shares,engagement_rate
SOC00001,CAMP00796,CUST01584,YouTube,2025-12-31,Text,92344,1357,1769,1773,3291,0.0887
SOC00002,CAMP00315,CUST01929,Instagram,2025-12-22,Image,94025,1849,11548,2629,202,0.1726
SOC00003,CAMP00357,CUST01111,YouTube,2025-08-19,Story,105370,3609,10279,2693,2153,0.1778
SOC00004,CAMP00210,CUST00592,LinkedIn,2026-03-27,Image,69922,278,2866,229,3085,0.0924
SOC00005,CAMP01955,CUST01339,Instagram,2025-06-10,Story,27451,6414,4380,444,614,0.4318
SOC00006,CAMP01763,CUST01519,LinkedIn,2026-03-05,Reel,59095,477,11234,1662,2544,0.2693
SOC00007,CAMP01243,CUST00390,Facebook,2025-11-17,Video,109673,9270,4442,2738,2549,0.1732
SOC00008,CAMP01156,CUST01528,LinkedIn,2025-06-09,Text,167787,14402,11772,2199,4024,0.1931
SOC00009,CAMP00724,CUST01277,X,2026-08-07,Reel,88048,7931,3292,1308,1988,0.1649
SOC00010,CAMP01606,CUST01556,YouTube,2025-11-18,Story,42484,14849,7955,771,847,0.5
SOC00011,CAMP00640,CUST01476,Instagram,2026-03-01,Text,54323,7902,2410,824,2044,0.2426
SOC00012,CAMP00031,CUST00184,YouTube,2026-02-17,Image,92402,611,7643,47,990,0.1005
SOC00013,CAMP00399,CUST01770,Instagram,2026-06-29,Reel,182933,6142,9884,1860,3917,0.1192
SOC00014,CAMP00951,CUST01698,X,2026-05-01,Video,85265,2863,10081,1979,2463,0.2039
SOC00015,CAMP01292,CUST00208,Facebook,2025-04-20,Image,52721,7297,4960,1543,2542,0.31
SOC00016,CAMP01250,CUST00882,Instagram,2025-10-16,Text,94784,7321,11685,2324,3021,0.2569
SOC00017,CAMP00787,CUST01215,Instagram,2026-02-13,Reel,183362,10948,5076,2182,4329,0.1229
SOC00018,CAMP01833,CUST01644,X,2025-01-05,Text,133795,9680,7490,2196,812,0.1508
SOC00019,CAMP00604,CUST01375,Instagram,2025-06-15,Reel,144048,2568,10578,173,199,0.0938
SOC00020,CAMP01199,CUST00669,YouTube,2025-09-09,Story,177460,2602,280,508,4531,0.0446
SOC00021,CAMP00244,CUST01463,YouTube,2025-04-19,Video,6166,2401,8386,2620,4802,0.5
SOC00022,CAMP00263,CUST01835,Instagram,2026-01-02,Story,32374,3204,9123,1700,4215,0.5
SOC00023,CAMP01819,CUST00866,Facebook,2025-06-29,Video,46428,14651,5049,398,933,0.453
SOC00024,CAMP01421,CUST00445,Instagram,2025-03-25,Image,143606,7720,3595,682,628,0.0879
SOC00025,CAMP01337,CUST00916,Facebook,2025-10-16,Reel,42543,3480,8788,2824,1793,0.3969
SOC00026,CAMP00713,CUST00363,Facebook,2026-07-06,Reel,29438,761,6115,1843,4247,0.4405
SOC00027,CAMP01493,CUST01027,LinkedIn,2025-04-01,Image,85669,7575,1451,1361,4402,0.1726
SOC00028,CAMP00485,CUST00025,YouTube,2025-04-17,Reel,2324,2324,7489,1446,4572,0.5
SOC00029,CAMP01258,CUST00119,Facebook,2025-03-09,Video,175970,9361,11420,1765,1395,0.1361
SOC00030,CAMP01698,CUST00576,YouTube,2025-04-01,Video,2577,2577,4440,1710,1222,0.5
SOC00031,CAMP01609,CUST00461,X,2025-09-13,Reel,30903,5911,9445,1750,1488,0.5
SOC00032,CAMP01119,CUST00849,X,2025-01-01,Text,179317,14805,1432,943,4323,0.1199
SOC00033,CAMP00664,CUST01566,LinkedIn,2025-03-18,Video,197575,7300,654,194,371,0.0431
SOC00034,CAMP00986,CUST01535,Instagram,2025-05-29,Video,169419,8122,6510,1580,2815,0.1123
SOC00035,CAMP01985,CUST00518,X,2025-01-01,Reel,99122,14278,3060,1725,501,0.1974
SOC00036,CAMP01683,CUST00129,X,2026-05-14,Video,65872,5566,5730,1546,4011,0.2558
SOC00037,CAMP00112,CUST00062,LinkedIn,2025-06-30,Story,183485,661,4606,2925,1451,0.0526
SOC00038,CAMP01882,CUST00451,Facebook,2026-03-05,Text,130159,11536,11721,515,3012,0.2058
SOC00039,CAMP01888,CUST01637,Facebook,2026-02-08,Story,8948,8948,4315,2236,2132,0.5
SOC00040,CAMP01278,CUST01200,Facebook,2025-03-31,Reel,30844,13530,951,57,1490,0.5
SOC00041,CAMP01091,CUST00106,YouTube,2025-03-27,Story,178961,13622,2924,973,3878,0.1196
SOC00042,CAMP01691,CUST01535,Instagram,2026-07-11,Text,151063,7257,10423,1977,3461,0.153
SOC00043,CAMP00658,CUST00764,LinkedIn,2025-10-21,Image,16067,10566,5842,1480,4052,0.5
SOC00044,CAMP00845,CUST01381,Facebook,2026-01-17,Text,199680,12682,5936,731,3498,0.1144
SOC00045,CAMP00606,CUST01363,YouTube,2026-02-21,Video,114111,11472,9905,1439,3824,0.2335
SOC00046,CAMP01807,CUST01536,Facebook,2025-10-29,Reel,188989,6416,2530,1592,3605,0.0748
SOC00047,CAMP01180,CUST01947,LinkedIn,2026-01-23,Video,192145,6333,10021,324,572,0.0898
SOC00048,CAMP01439,CUST01554,Instagram,2025-03-16,Text,127152,6762,3542,53,3800,0.1113
SOC00049,CAMP00105,CUST00781,LinkedIn,2026-06-25,Text,12043,10809,9233,689,1995,0.5
SOC00050,CAMP01822,CUST00333,LinkedIn,2026-06-15,Image,89949,8674,113,801,3231,0.1425
SOC00051,CAMP01227,CUST01305,Facebook,2026-03-31,Text,179037,1985,4722,1588,335,0.0482
SOC00052,CAMP01728,CUST00570,Facebook,2025-12-24,Story,73916,6496,6503,121,2170,0.2069
SOC00053,CAMP00155,CUST00103,Instagram,2025-09-13,Video,62254,5032,5982,1154,1692,0.2226
SOC00054,CAMP00711,CUST01797,LinkedIn,2025-03-23,Reel,56051,3783,11082,883,1662,0.3106
SOC00055,CAMP01190,CUST00972,LinkedIn,2025-08-01,Image,133805,13572,4120,1838,2134,0.1619
SOC00056,CAMP01770,CUST01457,X,2025-10-15,Image,18033,13115,9025,2189,4548,0.5
SOC00057,CAMP01832,CUST00090,LinkedIn,2026-04-09,Text,87942,9301,10737,2206,3496,0.2927
SOC00058,CAMP01091,CUST01923,Facebook,2025-01-23,Text,42701,14316,3495,1881,4070,0.5
SOC00059,CAMP00947,CUST01413,X,2025-09-16,Image,176954,2990,8906,1506,2904,0.0921
SOC00060,CAMP01591,CUST01938,X,2025-02-15,Text,112170,8181,4251,493,4176,0.1525
SOC00061,CAMP01455,CUST01167,YouTube,2026-01-09,Story,54695,10361,5368,1839,3687,0.3886
SOC00062,CAMP01419,CUST00007,YouTube,2025-04-21,Video,55091,11838,3569,363,456,0.2945
SOC00063,CAMP00028,CUST00755,X,2025-10-26,Reel,147868,5872,4036,1271,3270,0.0977
SOC00064,CAMP01849,CUST01187,Facebook,2025-09-11,Image,145378,3426,1520,354,2032,0.0504
SOC00065,CAMP00068,CUST01519,YouTube,2025-11-12,Video,176756,6171,9240,815,2461,0.1057
SOC00066,CAMP01409,CUST01597,Facebook,2026-05-03,Video,153789,10411,1910,2548,1771,0.1082
SOC00067,CAMP01323,CUST00400,LinkedIn,2025-04-20,Image,31297,14248,8829,28,378,0.5
SOC00068,CAMP01442,CUST01300,Facebook,2026-02-05,Text,95850,4636,8600,854,4379,0.1927
SOC00069,CAMP01860,CUST01810,Facebook,2025-08-10,Reel,1471,1471,10545,261,1141,0.5
SOC00070,CAMP01994,CUST00137,YouTube,2026-02-12,Text,181205,2599,6994,2985,1656,0.0786
SOC00071,CAMP00257,CUST00497,Instagram,2025-06-29,Image,152528,5495,1743,2618,3154,0.0853
SOC00072,CAMP01738,CUST01364,Facebook,2025-02-15,Story,163240,7320,3468,1664,4701,0.1051
SOC00073,CAMP01139,CUST01197,X,2025-07-14,Text,146537,8419,9359,513,1335,0.1339
SOC00074,CAMP01225,CUST00943,YouTube,2025-04-29,Reel,16475,479,3160,2996,4048,0.5
SOC00075,CAMP01976,CUST01503,X,2025-11-09,Image,134485,2454,9710,243,627,0.0969
SOC00076,CAMP01502,CUST01147,Instagram,2025-09-22,Story,160696,4385,8690,722,4343,0.1129
SOC00077,CAMP01857,CUST00076,Facebook,2026-06-06,Video,127710,7383,7599,1672,1136,0.1393
SOC00078,CAMP00511,CUST01589,X,2026-07-14,Story,166126,3376,1152,2846,532,0.0476
SOC00079,CAMP01679,CUST00853,Facebook,2025-04-13,Story,119443,1696,6712,448,2990,0.0992
SOC00080,CAMP01098,CUST00338,Facebook,2026-01-09,Image,69973,7458,2609,2768,4879,0.2532
SOC00081,CAMP00412,CUST00847,LinkedIn,2025-03-24,Story,80894,14591,11911,651,4704,0.3938
SOC00082,CAMP01964,CUST00716,X,2025-05-06,Video,99104,7451,4241,512,1849,0.1418
SOC00083,CAMP00640,CUST00978,LinkedIn,2025-05-25,Image,60623,13620,5249,2908,423,0.3662
SOC00084,CAMP00344,CUST00102,LinkedIn,2025-01-04,Story,14952,10222,10503,2958,401,0.5
SOC00085,CAMP01183,CUST00400,Facebook,2025-09-30,Video,98769,11865,409,391,988,0.1382
SOC00086,CAMP01794,CUST01144,YouTube,2025-02-08,Image,53918,1841,9817,1050,3117,0.2935
SOC00087,CAMP00968,CUST00677,Facebook,2025-08-07,Image,103677,11745,3413,1184,2255,0.1794
SOC00088,CAMP01488,CUST00177,X,2025-04-16,Story,190341,6628,1000,442,4322,0.0651
SOC00089,CAMP01910,CUST00529,X,2026-08-14,Text,135554,12164,2275,2776,455,0.1304
SOC00090,CAMP00579,CUST00505,Instagram,2026-01-10,Image,186676,690,6675,1094,3640,0.0648
SOC00091,CAMP00068,CUST01721,X,2025-02-09,Reel,165688,4222,2728,2417,4736,0.0851
SOC00092,CAMP01893,CUST01503,YouTube,2025-03-27,Text,136900,12016,10039,244,3526,0.1886
SOC00093,CAMP01365,CUST01406,YouTube,2026-06-02,Reel,28650,1003,876,1164,4735,0.2715
SOC00094,CAMP00851,CUST00227,X,2025-01-25,Image,4643,4643,6540,1792,4705,0.5
SOC00095,CAMP01667,CUST00516,Facebook,2025-12-04,Reel,32263,2615,382,570,1706,0.1634
SOC00096,CAMP00944,CUST00693,Instagram,2025-12-09,Video,5761,5761,5556,1799,4836,0.5
SOC00097,CAMP01824,CUST01018,Facebook,2026-02-27,Image,99922,12591,8845,1287,834,0.2358
SOC00098,CAMP00965,CUST01504,LinkedIn,2025-04-16,Video,119415,7799,10708,996,4119,0.1978
SOC00099,CAMP00555,CUST01253,Instagram,2026-08-14,Story,110503,614,10195,1189,4700,0.1511
SOC00100,CAMP00391,CUST01541,X,2025-05-14,Reel,46820,12736,8813,942,3920,0.5
SOC00101,CAMP00497,CUST01793,Instagram,2025-02-27,Image,86243,536,10277,838,3985,0.1813
SOC00102,CAMP01277,CUST01498,LinkedIn,2026-07-30,Video,130688,6897,6112,107,1752,0.1138
SOC00103,CAMP00302,CUST00570,X,2026-04-11,Text,60263,11193,10707,1638,3571,0.4498
SOC00104,CAMP01044,CUST01197,X,2026-05-01,Story,20081,3061,2114,1997,2313,0.4723
SOC00105,CAMP00210,CUST00889,LinkedIn,2026-06-21,Story,34082,761,5534,2803,844,0.2917
SOC00106,CAMP01966,CUST01394,X,2026-05-13,Reel,197505,12587,2144,751,2649,0.0918
SOC00107,CAMP00240,CUST01275,X,2026-08-05,Image,43383,12592,1756,1309,4411,0.4626
SOC00108,CAMP01551,CUST01331,Instagram,2025-01-19,Image,23823,716,2848,1419,2395,0.3097
SOC00109,CAMP00783,CUST00652,YouTube,2025-06-08,Reel,167407,1944,8868,1939,2358,0.0903
SOC00110,CAMP00877,CUST01093,Instagram,2026-08-02,Text,68004,8919,7039,1518,4035,0.3163
SOC00111,CAMP00183,CUST00409,X,2025-10-24,Story,191477,76,6762,1368,4841,0.0681
SOC00112,CAMP01779,CUST00775,Instagram,2025-10-14,Video,20439,14046,6570,2362,4966,0.5
SOC00113,CAMP01931,CUST01942,YouTube,2025-10-05,Reel,11763,6266,5144,417,4446,0.5
SOC00114,CAMP01850,CUST00222,YouTube,2025-02-22,Video,77425,4083,7601,1899,1028,0.1887
SOC00115,CAMP01870,CUST01514,YouTube,2025-11-23,Video,180201,3490,2012,573,1197,0.0404
SOC00116,CAMP01146,CUST01664,Instagram,2025-07-07,Text,67949,3801,2375,2912,3943,0.1918
SOC00117,CAMP01970,CUST01147,Facebook,2025-07-04,Text,144783,11333,3638,2048,3955,0.1449
SOC00118,CAMP01920,CUST00998,Instagram,2025-03-02,Story,129494,1590,6229,1896,3055,0.0986
SOC00119,CAMP01496,CUST01805,X,2026-04-07,Story,15887,8597,7668,2614,3384,0.5
SOC00120,CAMP01041,CUST01567,LinkedIn,2025-07-15,Image,171994,7558,7327,1071,3633,0.1139
SOC00121,CAMP00408,CUST01855,YouTube,2025-11-02,Text,24551,3225,1615,296,846,0.2437
SOC00122,CAMP00439,CUST00940,LinkedIn,2025-03-18,Story,162233,9563,10292,2609,2502,0.1539
SOC00123,CAMP00938,CUST01422,X,2025-02-24,Story,24198,5332,8745,2780,3001,0.5
SOC00124,CAMP01051,CUST01279,X,2025-05-30,Video,146843,7666,3313,1547,3480,0.109
SOC00125,CAMP01245,CUST01517,Facebook,2025-04-15,Story,179147,3225,1927,1340,1068,0.0422
SOC00126,CAMP00975,CUST01963,Facebook,2025-02-10,Video,199565,5085,3344,562,3126,0.0607
SOC00127,CAMP01542,CUST01056,X,2026-01-13,Story,134854,11094,11686,713,2097,0.1898
SOC00128,CAMP01026,CUST00191,Facebook,2025-06-02,Text,9677,6453,11913,1695,3278,0.5
SOC00129,CAMP01454,CUST01056,Instagram,2025-12-14,Text,7731,7731,5048,502,1244,0.5
SOC00130,CAMP00351,CUST00579,YouTube,2025-07-23,Text,158120,12509,757,368,4754,0.1163
SOC00131,CAMP01388,CUST00411,X,2026-06-29,Story,93772,9950,4161,825,1906,0.1796
SOC00132,CAMP00409,CUST00516,YouTube,2026-07-24,Story,26931,14159,5863,1035,228,0.5
SOC00133,CAMP01037,CUST01617,YouTube,2025-04-23,Reel,54268,4512,11557,727,1456,0.3363
SOC00134,CAMP00789,CUST01789,YouTube,2026-01-24,Video,122013,4899,11142,91,1480,0.1443
SOC00135,CAMP00422,CUST00618,X,2026-05-09,Story,19746,3680,8363,975,1744,0.5
SOC00136,CAMP01512,CUST00248,LinkedIn,2026-02-03,Reel,162421,9562,6598,234,3222,0.1208
SOC00137,CAMP01694,CUST01374,Instagram,2026-05-03,Text,157154,11500,6093,2252,229,0.1277
SOC00138,CAMP00464,CUST01679,X,2025-04-25,Text,132617,12373,6966,655,1911,0.1652
SOC00139,CAMP01393,CUST01956,X,2025-12-01,Text,110589,4929,1191,78,807,0.0633
SOC00140,CAMP00163,CUST00209,LinkedIn,2025-01-11,Text,23796,9518,3226,1865,2249,0.5
SOC00141,CAMP00901,CUST01361,X,2025-09-18,Video,80732,3732,6938,1152,1677,0.1672
SOC00142,CAMP00535,CUST01965,YouTube,2025-03-07,Video,37587,13332,8816,1479,2133,0.5
SOC00143,CAMP00168,CUST01610,Instagram,2025-08-27,Image,114188,1207,5124,1860,1949,0.0888
SOC00144,CAMP00794,CUST00290,YouTube,2026-02-13,Text,177513,9966,11542,1298,3891,0.1504
SOC00145,CAMP01511,CUST00139,YouTube,2026-06-27,Image,176828,4439,8998,304,4465,0.103
SOC00146,CAMP00112,CUST00075,YouTube,2025-04-25,Video,182227,3719,5593,1713,284,0.0621
SOC00147,CAMP01129,CUST01325,Instagram,2026-07-23,Text,69258,397,11753,1682,1877,0.2268
SOC00148,CAMP00821,CUST01831,Facebook,2025-02-27,Story,149544,9055,10389,586,2249,0.149
SOC00149,CAMP00465,CUST01327,X,2026-02-22,Story,89883,3539,6154,2243,1991,0.1549
SOC00150,CAMP01175,CUST01858,LinkedIn,2026-06-28,Text,59422,8387,426,2046,3334,0.2389
SOC00151,CAMP01296,CUST00399,YouTube,2026-05-30,Image,152758,4531,7009,2026,3523,0.1119
SOC00152,CAMP01650,CUST00916,Instagram,2025-08-10,Video,50842,5093,10099,1632,2046,0.3711
SOC00153,CAMP00840,CUST00086,X,2026-04-13,Reel,130175,2681,10766,1906,2936,0.1405
SOC00154,CAMP00969,CUST01238,Facebook,2026-02-06,Story,15344,1236,11493,418,324,0.5
SOC00155,CAMP00792,CUST01858,Instagram,2026-03-02,Image,120168,13088,882,356,858,0.1264
SOC00156,CAMP01463,CUST00389,LinkedIn,2026-03-30,Video,94107,12488,10202,1662,4748,0.3092
SOC00157,CAMP00505,CUST01948,YouTube,2025-05-24,Text,15796,10126,4870,2270,2843,0.5
SOC00158,CAMP01356,CUST01912,Instagram,2025-08-16,Video,79528,11888,1059,338,1895,0.1909
SOC00159,CAMP01713,CUST01523,X,2025-09-05,Image,182447,13190,5211,1858,4881,0.1378
SOC00160,CAMP01081,CUST01679,LinkedIn,2026-01-10,Image,49768,447,7639,2022,4701,0.2976
SOC00161,CAMP00547,CUST00178,X,2025-05-29,Video,79040,5588,7395,2997,288,0.2058
SOC00162,CAMP01120,CUST01775,LinkedIn,2025-03-21,Story,130392,10886,903,677,4607,0.1309
SOC00163,CAMP00860,CUST00646,Instagram,2026-03-25,Video,26299,747,1303,2355,826,0.1989
SOC00164,CAMP00581,CUST01691,YouTube,2025-08-07,Reel,42209,9843,822,146,682,0.2723
SOC00165,CAMP01811,CUST01428,X,2025-06-29,Story,63224,9493,939,2327,512,0.2099
SOC00166,CAMP00294,CUST01109,LinkedIn,2026-08-17,Image,18693,5471,937,562,3190,0.5
SOC00167,CAMP00753,CUST01791,LinkedIn,2026-02-24,Image,94970,13030,2321,1377,2813,0.2058
SOC00168,CAMP01060,CUST00665,LinkedIn,2026-02-24,Story,87034,11850,1723,1448,1434,0.1891
SOC00169,CAMP01396,CUST00279,X,2025-07-17,Reel,36269,10354,9088,2833,4302,0.5
SOC00170,CAMP00541,CUST01987,YouTube,2025-03-19,Reel,145685,12436,6436,2134,1029,0.1513
SOC00171,CAMP01642,CUST01859,X,2025-02-07,Reel,113400,1902,6816,1474,1871,0.1064
SOC00172,CAMP00741,CUST00797,X,2026-04-07,Reel,37605,12920,8962,1112,2807,0.5
SOC00173,CAMP01973,CUST01569,X,2026-06-16,Story,54075,9003,7167,2939,4517,0.4369
SOC00174,CAMP01499,CUST01944,YouTube,2026-05-19,Story,117980,1175,1963,1096,2681,0.0586
SOC00175,CAMP00503,CUST00469,Instagram,2025-09-05,Image,59118,8385,10696,2527,4216,0.4368
SOC00176,CAMP01341,CUST00467,Facebook,2025-08-15,Video,18395,5677,89,1318,4423,0.5
SOC00177,CAMP00085,CUST01703,Facebook,2025-05-18,Image,154550,8892,3666,593,2785,0.1031
SOC00178,CAMP00296,CUST01199,YouTube,2026-06-04,Image,54466,473,5123,2599,3385,0.2126
SOC00179,CAMP00027,CUST00035,Instagram,2025-11-16,Text,128450,83,2571,283,2114,0.0393
SOC00180,CAMP00260,CUST01102,Facebook,2025-03-10,Reel,167149,10963,5110,2401,3666,0.1325
SOC00181,CAMP01574,CUST00240,LinkedIn,2025-03-21,Text,14056,12215,2015,2389,1663,0.5
SOC00182,CAMP01714,CUST00532,LinkedIn,2025-02-03,Video,30220,6336,5263,2780,3954,0.5
SOC00183,CAMP01342,CUST01977,X,2025-01-07,Image,53590,5341,1372,2987,740,0.1948
SOC00184,CAMP00777,CUST00520,YouTube,2026-02-25,Image,133570,11245,6691,2356,338,0.1545
SOC00185,CAMP00969,CUST00639,Instagram,2025-01-15,Video,2378,2378,6726,102,251,0.5
SOC00186,CAMP00365,CUST01564,Facebook,2026-03-15,Reel,3841,3841,11660,1335,1813,0.5
SOC00187,CAMP00865,CUST00970,X,2026-08-14,Video,162777,8582,2044,2474,779,0.0853
SOC00188,CAMP01227,CUST00664,LinkedIn,2026-05-11,Reel,110244,1010,3400,1715,3056,0.0833
SOC00189,CAMP01572,CUST01823,LinkedIn,2026-04-20,Video,26823,10359,7487,1512,2845,0.5
SOC00190,CAMP01935,CUST01337,LinkedIn,2026-04-13,Text,49241,14158,6846,1655,3879,0.5
SOC00191,CAMP00833,CUST00886,Facebook,2026-05-19,Text,108304,11435,7159,681,1457,0.1914
SOC00192,CAMP01209,CUST01054,X,2025-02-10,Video,45276,7465,10119,2965,4029,0.5
SOC00193,CAMP00206,CUST00130,Instagram,2025-10-21,Story,26755,9330,5903,516,4154,0.5
SOC00194,CAMP01204,CUST00376,Facebook,2025-07-14,Text,101349,14508,5225,2212,4357,0.2595
SOC00195,CAMP00236,CUST01892,X,2025-11-13,Story,16356,8130,4133,208,4078,0.5
SOC00196,CAMP01778,CUST00563,LinkedIn,2025-08-14,Video,197553,2061,188,1600,3374,0.0366
SOC00197,CAMP00274,CUST01595,Instagram,2025-04-20,Video,148758,2521,4782,2956,417,0.0718
SOC00198,CAMP00399,CUST00645,LinkedIn,2025-12-29,Text,47629,5272,4228,1936,705,0.2549
SOC00199,CAMP00489,CUST00685,X,2025-10-24,Story,190497,12814,8683,2441,4650,0.1501
SOC00200,CAMP01124,CUST00542,Facebook,2025-05-07,Text,110805,6885,8445,2874,1387,0.1768
SOC00201,CAMP01405,CUST00182,LinkedIn,2025-12-12,Video,51824,10571,3253,1755,4780,0.3928
SOC00202,CAMP00482,CUST00204,X,2025-03-30,Video,76442,14101,2249,572,3034,0.2611
SOC00203,CAMP01566,CUST00069,Instagram,2026-05-06,Story,154790,10011,8136,2063,2877,0.1492
SOC00204,CAMP01367,CUST00018,LinkedIn,2025-12-27,Image,139279,1593,8001,2828,3156,0.1118
SOC00205,CAMP01295,CUST01544,Instagram,2026-05-24,Video,76422,14034,3457,2120,1788,0.28
SOC00206,CAMP01135,CUST01600,LinkedIn,2025-10-08,Story,185995,8230,633,1058,28,0.0535
SOC00207,CAMP01864,CUST00652,Facebook,2026-05-04,Text,14978,6736,5850,596,1200,0.5
SOC00208,CAMP01712,CUST00529,LinkedIn,2025-05-24,Text,85039,2009,8057,1045,2479,0.1598
SOC00209,CAMP01575,CUST00706,LinkedIn,2026-07-22,Video,54924,6938,2473,2247,1169,0.2335
SOC00210,CAMP01164,CUST01798,YouTube,2026-08-07,Image,181824,3369,6005,673,4891,0.0822
SOC00211,CAMP01120,CUST01522,YouTube,2026-06-24,Story,39082,5875,10950,760,2354,0.5
SOC00212,CAMP01200,CUST00054,Instagram,2026-03-22,Image,183459,9122,8434,1062,295,0.1031
SOC00213,CAMP01994,CUST01581,Facebook,2025-06-15,Story,148891,2116,10232,814,1997,0.1018
SOC00214,CAMP00973,CUST01569,YouTube,2026-01-09,Text,174421,4219,343,1518,1842,0.0454
SOC00215,CAMP01352,CUST00840,LinkedIn,2025-04-28,Video,76245,8150,11255,2009,3357,0.3249
SOC00216,CAMP00111,CUST00598,X,2025-08-10,Video,50340,4314,11425,512,2935,0.3811
SOC00217,CAMP01529,CUST01464,YouTube,2025-08-12,Text,36945,7566,7898,2453,2138,0.5
SOC00218,CAMP00942,CUST01343,YouTube,2025-03-28,Image,140593,10056,6966,506,4685,0.158
SOC00219,CAMP01984,CUST01205,Facebook,2025-02-19,Video,20844,4126,2071,2151,3161,0.5
SOC00220,CAMP00087,CUST01389,X,2025-05-12,Story,68338,12128,8026,863,373,0.313
SOC00221,CAMP01973,CUST00192,LinkedIn,2026-05-10,Image,88853,4356,7541,1782,1660,0.1726
SOC00222,CAMP01228,CUST00436,LinkedIn,2025-11-25,Video,38676,530,9786,23,4181,0.3754
SOC00223,CAMP00411,CUST01451,X,2025-10-05,Text,91217,13066,2326,524,3493,0.2128
SOC00224,CAMP00471,CUST00404,YouTube,2026-07-13,Video,92823,3383,601,1938,1541,0.0804
SOC00225,CAMP00367,CUST00115,Facebook,2025-03-13,Reel,31720,6120,5631,400,1407,0.4274
SOC00226,CAMP00027,CUST01701,Instagram,2025-03-26,Image,96781,7911,1927,603,1494,0.1233
SOC00227,CAMP00102,CUST01446,LinkedIn,2025-09-29,Image,112613,11273,10484,2267,2870,0.2388
SOC00228,CAMP01524,CUST00454,Instagram,2026-02-19,Video,129630,13643,1900,2619,1360,0.1506
SOC00229,CAMP00410,CUST01870,X,2025-11-25,Text,51471,6168,2249,2425,2172,0.2528
SOC00230,CAMP00658,CUST00242,YouTube,2026-05-29,Image,64909,5576,1897,1135,4430,0.2009
SOC00231,CAMP00849,CUST01232,Instagram,2025-08-04,Reel,186080,3061,10546,1722,3004,0.0985
SOC00232,CAMP01303,CUST01379,LinkedIn,2026-02-19,Video,16944,4345,1056,1364,828,0.4481
SOC00233,CAMP01596,CUST00840,Facebook,2025-07-07,Image,60024,8385,5793,377,2892,0.2907
SOC00234,CAMP01374,CUST00435,LinkedIn,2025-06-03,Story,58634,1429,11041,2784,363,0.2663
SOC00235,CAMP01695,CUST00006,Facebook,2025-09-21,Reel,48740,12968,3763,2329,2668,0.4458
SOC00236,CAMP00999,CUST01448,LinkedIn,2025-12-15,Reel,163889,3159,4187,75,3980,0.0696
SOC00237,CAMP00964,CUST01716,Facebook,2025-05-30,Reel,179236,8876,8098,30,1856,0.1052
SOC00238,CAMP00002,CUST00918,Facebook,2026-07-26,Text,172865,7466,1372,2122,4363,0.0886
SOC00239,CAMP01233,CUST00650,YouTube,2025-08-13,Reel,39407,2672,6781,993,4504,0.3794
SOC00240,CAMP01600,CUST00724,YouTube,2025-10-21,Story,14851,4422,8550,1517,1285,0.5
SOC00241,CAMP01288,CUST01546,YouTube,2026-02-25,Image,175875,7804,4909,1371,1564,0.089
SOC00242,CAMP00747,CUST00123,YouTube,2025-07-08,Story,41419,8915,4406,1909,4865,0.4852
SOC00243,CAMP01316,CUST01961,X,2026-06-23,Text,159307,2636,1832,2484,1075,0.0504
SOC00244,CAMP00509,CUST00589,Instagram,2026-03-29,Text,12940,4541,2474,2910,4663,0.5
SOC00245,CAMP00106,CUST01971,YouTube,2025-02-01,Reel,121359,7252,3592,701,2209,0.1133
SOC00246,CAMP01486,CUST00524,Instagram,2025-08-27,Reel,100461,3590,11145,388,606,0.1566
SOC00247,CAMP01023,CUST00816,X,2026-08-02,Reel,173982,2149,1862,859,4694,0.055
SOC00248,CAMP01579,CUST01493,YouTube,2026-03-30,Story,35445,9672,10171,2025,778,0.5
SOC00249,CAMP01272,CUST00465,X,2025-09-09,Image,16478,2911,3956,878,3072,0.5
SOC00250,CAMP01626,CUST01001,LinkedIn,2026-07-25,Text,155871,10895,7106,2113,1897,0.1412
SOC00251,CAMP01508,CUST00719,YouTube,2026-05-19,Reel,76476,2154,9533,629,4890,0.225
SOC00252,CAMP01539,CUST01826,Facebook,2025-11-01,Reel,164562,13794,5975,1359,3361,0.1488
SOC00253,CAMP01752,CUST00593,Facebook,2026-01-28,Image,57368,8008,11592,302,4013,0.4169
SOC00254,CAMP00372,CUST00165,YouTube,2026-02-28,Video,100009,8492,1237,538,36,0.103
SOC00255,CAMP01017,CUST01605,LinkedIn,2026-05-06,Story,109389,6013,7751,2902,1803,0.1688
SOC00256,CAMP01555,CUST01022,X,2025-04-06,Text,93610,14215,5777,516,3060,0.2518
SOC00257,CAMP00926,CUST00371,YouTube,2025-04-03,Story,125358,1119,6262,1272,1824,0.0836
SOC00258,CAMP00489,CUST00481,Instagram,2025-08-11,Image,107733,3260,4960,1260,4279,0.1277
SOC00259,CAMP01967,CUST00272,Facebook,2025-03-16,Video,86005,10992,10069,2070,4067,0.3162
SOC00260,CAMP00614,CUST00926,Instagram,2025-05-05,Image,48738,7939,6049,2025,2390,0.3776
SOC00261,CAMP00983,CUST00340,LinkedIn,2025-01-29,Story,35420,8120,10072,1510,1844,0.5
SOC00262,CAMP00519,CUST00397,LinkedIn,2026-07-10,Reel,138849,6933,4865,1649,401,0.0997
SOC00263,CAMP00187,CUST00364,YouTube,2025-05-10,Reel,181017,7561,512,2349,4286,0.0813
SOC00264,CAMP00438,CUST00616,Facebook,2025-06-06,Video,135593,10398,6387,308,949,0.1331
SOC00265,CAMP00814,CUST00963,Facebook,2026-01-20,Image,30493,7735,11940,621,3903,0.5
SOC00266,CAMP01157,CUST01366,YouTube,2025-07-23,Story,29436,3490,6846,159,3077,0.4611
SOC00267,CAMP01876,CUST01595,Facebook,2025-10-27,Reel,81923,12466,11335,909,3147,0.34
SOC00268,CAMP01235,CUST01641,Instagram,2025-01-09,Video,62108,1970,1023,1112,3083,0.1157
SOC00269,CAMP00742,CUST01582,Instagram,2026-02-01,Image,44809,13856,8019,362,2494,0.5
SOC00270,CAMP01496,CUST01112,Instagram,2026-07-17,Story,95998,6590,2523,336,727,0.106
SOC00271,CAMP01511,CUST01564,Instagram,2026-08-03,Image,98670,7137,614,1406,4623,0.1397
SOC00272,CAMP00397,CUST00638,YouTube,2026-07-02,Reel,182380,10218,5493,420,3124,0.1056
SOC00273,CAMP01605,CUST00432,Instagram,2025-04-07,Story,156453,12527,7816,2188,4692,0.174
SOC00274,CAMP00946,CUST00730,X,2025-05-22,Reel,33379,10775,10838,2038,1537,0.5
SOC00275,CAMP01633,CUST00798,X,2025-05-13,Text,115888,2398,6632,1731,1267,0.1038
SOC00276,CAMP01192,CUST01031,Facebook,2026-04-24,Text,15450,10117,11273,1426,514,0.5
SOC00277,CAMP00109,CUST01821,X,2025-05-14,Text,198840,11407,6970,2635,2495,0.1182
SOC00278,CAMP00733,CUST01103,YouTube,2026-02-25,Reel,27486,9723,6813,1944,2777,0.5
SOC00279,CAMP00136,CUST01762,Facebook,2026-03-08,Image,189834,5861,2418,2684,3003,0.0736
SOC00280,CAMP00444,CUST01638,X,2026-07-16,Text,47653,2415,6878,1042,3421,0.2887
SOC00281,CAMP00161,CUST00289,YouTube,2025-01-19,Reel,199185,1468,11778,1590,4049,0.0948
SOC00282,CAMP00157,CUST01913,Instagram,2025-03-16,Video,122455,11878,6392,282,1312,0.1622
SOC00283,CAMP00786,CUST00571,YouTube,2025-07-20,Story,111204,13057,7519,1463,314,0.201
SOC00284,CAMP00557,CUST00401,X,2026-03-15,Video,7108,7108,3499,193,3880,0.5
SOC00285,CAMP01273,CUST00133,YouTube,2025-11-24,Video,145363,13358,10937,1111,3482,0.1987
SOC00286,CAMP01044,CUST01850,YouTube,2025-07-11,Story,7706,1042,5477,50,320,0.5
SOC00287,CAMP01797,CUST00379,Instagram,2025-01-09,Text,104649,13807,4730,729,3159,0.2143
SOC00288,CAMP00337,CUST01158,LinkedIn,2025-01-13,Story,177973,3842,6843,2589,1347,0.0822
SOC00289,CAMP00534,CUST00608,YouTube,2026-07-10,Story,150371,5652,8157,2156,3953,0.1325
SOC00290,CAMP01752,CUST00713,Facebook,2026-08-19,Image,24719,4003,10395,2893,2224,0.5
SOC00291,CAMP01858,CUST01134,LinkedIn,2026-07-28,Video,33983,5548,6584,2869,1495,0.4854
SOC00292,CAMP01414,CUST00377,YouTube,2026-03-15,Video,66227,2009,4142,449,2414,0.1361
SOC00293,CAMP01964,CUST00846,Facebook,2026-05-05,Story,145940,7441,3709,541,2229,0.0954
SOC00294,CAMP00204,CUST01311,Facebook,2025-10-30,Reel,72760,2133,2512,2838,3090,0.1453
SOC00295,CAMP01932,CUST01030,Facebook,2025-10-08,Story,120828,2534,3227,2420,3632,0.0978
SOC00296,CAMP00406,CUST01357,Facebook,2026-07-30,Reel,159146,13371,1791,790,1565,0.1101
SOC00297,CAMP01843,CUST01912,LinkedIn,2025-12-15,Reel,140574,1646,9300,933,2143,0.0997
SOC00298,CAMP00104,CUST01800,LinkedIn,2026-04-03,Video,182507,6756,3809,1934,811,0.0729
SOC00299,CAMP01825,CUST00436,Instagram,2025-01-16,Text,173395,7688,11612,1643,4827,0.1486
SOC00300,CAMP01712,CUST00654,LinkedIn,2025-04-28,Story,154519,6226,6071,1139,4839,0.1183
SOC00301,CAMP00827,CUST00138,Facebook,2026-04-25,Video,50069,7402,1230,1013,996,0.2125
SOC00302,CAMP00464,CUST01076,Instagram,2025-09-30,Text,100764,12155,11817,1856,578,0.2621
SOC00303,CAMP00187,CUST01242,YouTube,2025-01-08,Text,160127,5326,8058,2758,1546,0.1105
SOC00304,CAMP01935,CUST01280,X,2026-01-03,Story,108721,5473,2355,2528,28,0.0955
SOC00305,CAMP01859,CUST00142,Facebook,2026-01-10,Story,166581,2958,9072,2243,2406,0.1001
SOC00306,CAMP01953,CUST01557,X,2025-06-19,Text,88278,4783,595,2582,2715,0.1209
SOC00307,CAMP01645,CUST00475,Instagram,2025-02-23,Text,186200,13039,1033,176,2572,0.0903
SOC00308,CAMP00489,CUST01707,YouTube,2025-09-03,Reel,196068,3100,3259,2606,764,0.0496
SOC00309,CAMP01549,CUST00583,X,2026-04-17,Text,62510,2846,8358,1182,4654,0.2726
SOC00310,CAMP01851,CUST01473,LinkedIn,2025-01-05,Video,192246,1330,7324,793,3305,0.0663
SOC00311,CAMP01554,CUST00299,YouTube,2025-11-12,Story,81656,14704,3850,2596,4483,0.3139
SOC00312,CAMP00706,CUST00600,Instagram,2025-11-27,Story,152426,2998,11452,2330,3287,0.1317
SOC00313,CAMP01121,CUST00672,Facebook,2025-04-04,Reel,130289,3114,8744,243,1581,0.105
SOC00314,CAMP00666,CUST01007,YouTube,2025-09-30,Story,176287,12282,8114,1047,2515,0.1359
SOC00315,CAMP01340,CUST01046,YouTube,2025-02-09,Story,179170,13350,477,2007,177,0.0894
SOC00316,CAMP01819,CUST01063,Facebook,2025-07-30,Image,111433,8467,9440,541,1684,0.1807
SOC00317,CAMP00100,CUST01428,LinkedIn,2025-05-27,Text,26557,4447,1662,507,4360,0.4133
SOC00318,CAMP01188,CUST01959,LinkedIn,2025-10-26,Story,113014,8834,7421,925,3445,0.1825
SOC00319,CAMP00639,CUST00039,Facebook,2026-08-01,Image,123508,12174,3314,943,1519,0.1453
SOC00320,CAMP01370,CUST01074,YouTube,2025-05-12,Image,149202,5526,11561,1044,2960,0.1414
SOC00321,CAMP00895,CUST01954,LinkedIn,2025-03-14,Text,139230,11922,11636,2381,749,0.1917
SOC00322,CAMP00831,CUST00082,X,2025-11-28,Reel,70831,7383,7054,1690,1393,0.2473
SOC00323,CAMP00493,CUST01663,Facebook,2025-09-29,Text,165717,10330,6001,1337,1747,0.1172
SOC00324,CAMP01045,CUST01500,Facebook,2025-01-22,Video,132635,9890,8139,1851,571,0.1542
SOC00325,CAMP01011,CUST01676,Facebook,2025-06-12,Video,150209,6584,10583,2927,2601,0.1511
SOC00326,CAMP01549,CUST00789,Facebook,2026-01-17,Story,85151,6257,11804,1196,661,0.2339
SOC00327,CAMP00573,CUST01214,X,2026-01-30,Image,67863,12158,11117,1401,2776,0.4045
SOC00328,CAMP00342,CUST01035,Facebook,2026-05-04,Text,184443,4980,6697,2481,2856,0.0922
SOC00329,CAMP00395,CUST00816,Facebook,2026-04-02,Text,135577,9857,1381,607,1808,0.1007
SOC00330,CAMP01976,CUST01481,Instagram,2025-08-20,Image,71800,3786,2850,159,2269,0.1262
SOC00331,CAMP01138,CUST01141,YouTube,2026-07-14,Text,75496,9904,4601,1822,1831,0.2405
SOC00332,CAMP01602,CUST01927,X,2025-09-02,Image,127600,3189,11394,2601,3382,0.1612
SOC00333,CAMP01094,CUST01609,Facebook,2025-10-05,Story,93521,7630,4119,1858,2675,0.1741
SOC00334,CAMP00536,CUST01610,X,2025-03-26,Video,4907,4907,6618,2190,225,0.5
SOC00335,CAMP00927,CUST01195,X,2025-10-03,Story,18677,2215,8922,504,3966,0.5
SOC00336,CAMP01401,CUST00511,Facebook,2026-07-15,Video,116807,1102,9695,1092,4857,0.1434
SOC00337,CAMP01607,CUST01286,LinkedIn,2025-06-16,Reel,35342,3746,2841,945,1938,0.268
SOC00338,CAMP00027,CUST00434,X,2026-08-14,Text,155337,2416,4836,1847,2786,0.0765
SOC00339,CAMP01449,CUST00376,Facebook,2026-03-22,Text,69874,4605,10669,768,3303,0.2769
SOC00340,CAMP01503,CUST01956,X,2025-05-08,Text,166766,8881,11528,1291,1060,0.1365
SOC00341,CAMP01557,CUST00565,YouTube,2026-08-15,Image,155996,5060,7002,406,3404,0.1017
SOC00342,CAMP01595,CUST00427,Facebook,2026-05-14,Story,175616,12106,9458,324,1017,0.1304
SOC00343,CAMP00951,CUST01066,LinkedIn,2025-08-01,Text,125126,7082,6086,909,493,0.1164
SOC00344,CAMP00281,CUST00276,Facebook,2026-06-12,Reel,101514,3989,7611,2891,4377,0.1859
SOC00345,CAMP01481,CUST01751,Facebook,2026-02-23,Video,136115,229,11826,277,3803,0.1185
SOC00346,CAMP00611,CUST01789,YouTube,2025-01-09,Reel,117724,162,9189,1059,417,0.092
SOC00347,CAMP00181,CUST01182,Instagram,2026-04-05,Image,182948,14016,9244,1609,374,0.138
SOC00348,CAMP01298,CUST00891,LinkedIn,2026-06-08,Text,64295,10029,9832,2526,536,0.3565
SOC00349,CAMP00096,CUST00916,X,2026-05-01,Text,21565,12771,172,124,4469,0.5
SOC00350,CAMP01414,CUST00098,Facebook,2025-10-02,Video,190751,624,10255,2336,3905,0.0898
SOC00351,CAMP00698,CUST00785,YouTube,2025-12-27,Video,165659,3333,7305,2187,4914,0.1071
SOC00352,CAMP00138,CUST01187,X,2026-03-26,Text,126828,4993,6669,2278,4737,0.1473
SOC00353,CAMP01790,CUST01249,LinkedIn,2025-08-30,Video,30866,1551,11286,1814,4046,0.5
SOC00354,CAMP00854,CUST00738,Facebook,2025-08-24,Reel,51973,6756,8436,106,2204,0.3368
SOC00355,CAMP00155,CUST01420,LinkedIn,2025-12-19,Story,64592,13865,7067,64,4138,0.3891
SOC00356,CAMP00961,CUST00876,Facebook,2025-01-11,Video,178484,11341,11626,2501,484,0.1454
SOC00357,CAMP00590,CUST00996,LinkedIn,2025-03-01,Text,72963,4120,6831,2549,769,0.1956
SOC00358,CAMP01365,CUST01199,Facebook,2026-05-28,Image,127784,11598,6872,1433,3446,0.1827
SOC00359,CAMP01564,CUST01904,Instagram,2026-08-02,Image,187500,3400,1304,1123,10,0.0311
SOC00360,CAMP00700,CUST01984,Instagram,2025-09-24,Reel,137219,6270,113,2622,1360,0.0755
SOC00361,CAMP00858,CUST01185,X,2025-04-03,Image,112733,11411,4651,2496,1535,0.1782
SOC00362,CAMP00720,CUST00221,X,2025-03-14,Story,26158,13109,148,1173,4746,0.5
SOC00363,CAMP00308,CUST00565,LinkedIn,2025-05-10,Reel,54008,10791,6808,500,651,0.3472
SOC00364,CAMP00435,CUST00474,X,2025-08-20,Image,5147,5147,9244,1946,4506,0.5
SOC00365,CAMP01147,CUST01784,LinkedIn,2025-12-23,Reel,33476,4102,3954,2623,3818,0.4331
SOC00366,CAMP01819,CUST01673,X,2025-06-19,Story,117909,7127,562,901,4397,0.1101
SOC00367,CAMP01594,CUST00580,Facebook,2025-11-18,Story,135128,12220,10567,456,3908,0.2009
SOC00368,CAMP00190,CUST00274,Instagram,2026-02-10,Reel,34474,5959,8195,2168,14,0.4739
SOC00369,CAMP01465,CUST00811,LinkedIn,2025-02-09,Image,66828,6941,1016,179,355,0.1271
SOC00370,CAMP00979,CUST01948,Instagram,2025-12-01,Image,137986,9294,10692,2975,4698,0.2004
SOC00371,CAMP00580,CUST00037,X,2025-11-30,Image,14573,8991,5464,1160,1996,0.5
SOC00372,CAMP00286,CUST00657,Facebook,2026-03-04,Image,121173,6062,6733,961,3422,0.1418
SOC00373,CAMP00582,CUST00276,X,2026-02-01,Reel,94065,3738,9695,2950,4627,0.2234
SOC00374,CAMP00061,CUST01261,Instagram,2026-08-01,Story,65907,13975,2802,996,242,0.2733
SOC00375,CAMP00909,CUST01730,LinkedIn,2025-10-13,Story,93859,14733,2339,597,1579,0.2051
SOC00376,CAMP01390,CUST00393,Facebook,2025-05-23,Image,87763,12611,11144,2235,3591,0.3371
SOC00377,CAMP00785,CUST00771,Facebook,2025-12-11,Reel,175380,2780,1331,1744,2778,0.0492
SOC00378,CAMP00332,CUST00633,X,2025-04-17,Story,166035,5853,6074,1446,4599,0.1082
SOC00379,CAMP00766,CUST00265,Instagram,2025-03-11,Reel,187567,5859,3116,58,2441,0.0612
SOC00380,CAMP01165,CUST01110,X,2026-02-02,Story,136304,380,2153,839,1723,0.0374
SOC00381,CAMP01235,CUST00332,X,2026-06-19,Text,96386,7742,10785,2092,1567,0.2302
SOC00382,CAMP01250,CUST01930,Instagram,2025-12-03,Text,62691,8198,4956,2910,3396,0.3104
SOC00383,CAMP00368,CUST00625,Facebook,2026-08-16,Reel,117612,10833,11784,106,1208,0.2035
SOC00384,CAMP01953,CUST00758,Facebook,2025-11-29,Video,100826,3649,9206,199,1662,0.146
SOC00385,CAMP01298,CUST01317,LinkedIn,2026-01-02,Reel,171513,6916,7782,142,2078,0.0986
SOC00386,CAMP00862,CUST01806,YouTube,2026-01-13,Video,91381,4816,6909,2623,3277,0.1929
SOC00387,CAMP01652,CUST00211,X,2025-11-24,Video,138337,2207,1779,1666,92,0.0415
SOC00388,CAMP00151,CUST00417,LinkedIn,2025-06-08,Reel,10610,6893,6738,155,2634,0.5
SOC00389,CAMP00636,CUST01959,Facebook,2026-02-22,Video,87894,3047,11503,1960,2369,0.2148
SOC00390,CAMP00921,CUST00072,Instagram,2025-11-17,Story,72337,12073,506,1934,646,0.2096
SOC00391,CAMP01956,CUST00437,Facebook,2026-06-12,Image,128854,7088,10109,434,1697,0.15
SOC00392,CAMP00268,CUST01681,YouTube,2025-03-26,Text,25279,11223,5043,1062,37,0.5
SOC00393,CAMP01469,CUST01828,LinkedIn,2025-04-20,Video,28659,3222,5300,956,4993,0.5
SOC00394,CAMP01037,CUST01408,Facebook,2026-01-14,Image,34929,8372,8248,2037,3820,0.5
SOC00395,CAMP00850,CUST01178,LinkedIn,2025-10-24,Text,113277,4717,9255,1495,4030,0.1721
SOC00396,CAMP00959,CUST00231,Instagram,2025-08-28,Image,68109,10928,2053,1986,1108,0.236
SOC00397,CAMP01002,CUST00245,LinkedIn,2025-08-30,Story,17373,13425,8553,1784,2175,0.5
SOC00398,CAMP00909,CUST00042,Facebook,2026-01-28,Story,199136,4621,11779,864,2046,0.097
SOC00399,CAMP01190,CUST00488,Facebook,2025-04-06,Text,125434,7007,2814,84,471,0.0827
SOC00400,CAMP01585,CUST01642,X,2025-10-15,Story,119390,7402,332,1054,4468,0.111
SOC00401,CAMP01080,CUST00681,LinkedIn,2025-09-03,Text,129446,3271,3058,1429,300,0.0622
SOC00402,CAMP00746,CUST00343,Facebook,2025-12-02,Story,62636,1084,3159,2235,4232,0.171
SOC00403,CAMP00614,CUST00421,LinkedIn,2026-06-08,Image,7491,7491,5676,2401,814,0.5
SOC00404,CAMP01521,CUST00958,X,2025-01-25,Reel,33705,806,432,34,3187,0.1323
SOC00405,CAMP00153,CUST00837,YouTube,2025-03-09,Text,162723,286,6892,2768,4995,0.0918
SOC00406,CAMP01564,CUST01706,LinkedIn,2025-10-12,Text,76912,2425,3077,1118,1384,0.1041
SOC00407,CAMP00358,CUST01671,Facebook,2025-04-18,Story,196046,6951,6713,2453,1319,0.0889
SOC00408,CAMP00730,CUST01140,Facebook,2025-11-29,Video,55769,11270,3734,584,622,0.2907
SOC00409,CAMP01810,CUST01940,Facebook,2026-01-18,Image,94207,13715,10882,2601,4948,0.3412
SOC00410,CAMP00631,CUST01801,X,2026-08-03,Text,174792,13833,5766,1490,894,0.1258
SOC00411,CAMP00593,CUST00183,X,2025-05-07,Video,146246,14021,11812,1970,3884,0.2167
SOC00412,CAMP00040,CUST00075,Facebook,2025-04-12,Text,105782,9265,10363,633,4744,0.2364
SOC00413,CAMP01996,CUST00287,Instagram,2025-04-14,Story,117050,7417,8885,2735,3617,0.1935
SOC00414,CAMP01557,CUST00848,X,2026-03-21,Reel,187010,627,3610,2085,3153,0.0507
SOC00415,CAMP00610,CUST00919,Instagram,2026-07-05,Reel,99730,6931,10094,831,498,0.184
SOC00416,CAMP01471,CUST00394,YouTube,2025-07-05,Story,65739,9355,2432,2370,2067,0.2468
SOC00417,CAMP01714,CUST01391,YouTube,2025-09-20,Text,152771,10588,9689,581,3234,0.1577
SOC00418,CAMP00302,CUST00804,Facebook,2026-08-12,Image,26613,4143,2455,896,4722,0.459
SOC00419,CAMP00081,CUST00271,Facebook,2025-05-08,Image,9158,4726,6319,564,1547,0.5
SOC00420,CAMP00314,CUST01523,Instagram,2025-01-30,Reel,170684,13187,1027,1681,2664,0.1087
SOC00421,CAMP00922,CUST01480,X,2025-10-29,Image,180976,12622,6806,2293,26,0.1202
SOC00422,CAMP01536,CUST01786,X,2025-12-01,Video,128222,10967,1790,1447,2013,0.1265
SOC00423,CAMP00943,CUST01997,Instagram,2025-02-09,Image,40469,5695,10223,1969,2976,0.5
SOC00424,CAMP00257,CUST00297,LinkedIn,2025-12-10,Video,138586,5435,3570,708,629,0.0746
SOC00425,CAMP00434,CUST00496,X,2025-05-19,Video,189644,7805,11862,2344,4408,0.1393
SOC00426,CAMP01594,CUST00693,Facebook,2025-03-23,Story,31789,6619,2774,2242,422,0.3793
SOC00427,CAMP01597,CUST01820,Facebook,2025-12-06,Story,38047,11929,9037,2728,3806,0.5
SOC00428,CAMP00443,CUST00888,Instagram,2026-05-29,Reel,63460,10784,944,869,3348,0.2513
SOC00429,CAMP00417,CUST01801,X,2025-04-19,Text,56986,2573,6737,763,4292,0.2521
SOC00430,CAMP00966,CUST00497,Facebook,2025-03-29,Story,12571,12571,11507,1782,276,0.5
SOC00431,CAMP00140,CUST00621,YouTube,2026-07-05,Image,18000,6938,2677,214,4741,0.5
SOC00432,CAMP00379,CUST00397,YouTube,2026-04-26,Story,55337,4489,937,2583,410,0.1521
SOC00433,CAMP01289,CUST00723,Instagram,2025-05-26,Reel,51397,6347,7233,1206,4844,0.3819
SOC00434,CAMP00511,CUST01644,X,2025-06-24,Story,134910,11562,8852,1969,4807,0.2015
SOC00435,CAMP01592,CUST00643,LinkedIn,2025-06-20,Story,154466,5338,3250,744,893,0.0662
SOC00436,CAMP01158,CUST01736,X,2025-09-18,Reel,161729,10327,3198,1161,2965,0.1091
SOC00437,CAMP00679,CUST00448,Facebook,2026-02-26,Video,177246,9182,7078,1511,3560,0.1203
SOC00438,CAMP01705,CUST00061,Facebook,2026-04-13,Reel,187218,3605,6639,1596,4471,0.0871
SOC00439,CAMP00920,CUST01128,X,2026-06-01,Image,150194,8522,3211,2080,999,0.0986
SOC00440,CAMP01184,CUST01843,Instagram,2026-08-16,Image,69869,3762,27,2659,847,0.1044
SOC00441,CAMP01028,CUST00515,LinkedIn,2025-02-19,Image,47207,12003,4676,2372,3013,0.4674
SOC00442,CAMP00422,CUST01580,LinkedIn,2026-01-27,Image,52720,3215,96,1902,4750,0.189
SOC00443,CAMP00640,CUST01879,LinkedIn,2025-11-28,Reel,143825,4945,9701,131,2874,0.1227
SOC00444,CAMP01107,CUST00578,YouTube,2026-06-18,Video,170288,2620,4050,1647,3534,0.0696
SOC00445,CAMP00023,CUST00233,X,2026-03-14,Text,8934,4697,921,320,4300,0.5
SOC00446,CAMP00351,CUST01278,LinkedIn,2026-05-10,Video,72536,4672,8450,1227,1577,0.2196
SOC00447,CAMP00061,CUST01450,X,2026-05-31,Story,93625,5817,8775,2883,1995,0.208
SOC00448,CAMP01033,CUST00926,YouTube,2026-04-26,Reel,82648,1954,11669,2265,4528,0.247
SOC00449,CAMP00675,CUST01265,Instagram,2025-02-22,Image,110843,10483,9137,605,1100,0.1924
SOC00450,CAMP00443,CUST00414,X,2026-01-06,Reel,44289,3791,5429,516,523,0.2316
SOC00451,CAMP01942,CUST00601,Instagram,2026-08-16,Reel,19765,5582,4382,831,275,0.5
SOC00452,CAMP01565,CUST00221,LinkedIn,2025-10-03,Video,11532,5427,8163,2146,4473,0.5
SOC00453,CAMP01048,CUST01024,X,2025-03-01,Story,1686,1686,2207,935,3665,0.5
SOC00454,CAMP01707,CUST01182,X,2025-01-29,Video,39309,8354,6807,1678,3305,0.5
SOC00455,CAMP00017,CUST01691,YouTube,2026-04-24,Text,153310,12830,3923,1531,1643,0.13
SOC00456,CAMP01249,CUST00068,YouTube,2026-05-24,Image,37657,6553,11273,270,2542,0.5
SOC00457,CAMP01964,CUST01573,LinkedIn,2025-03-30,Video,77831,11904,2148,1950,2480,0.2375
SOC00458,CAMP00790,CUST01605,Facebook,2026-07-26,Reel,148665,4780,6741,2508,4402,0.124
SOC00459,CAMP01933,CUST01581,LinkedIn,2026-01-03,Video,199941,8042,3413,1396,4865,0.0886
SOC00460,CAMP01677,CUST01321,Facebook,2025-07-14,Text,128227,1763,3301,1728,68,0.0535
SOC00461,CAMP01518,CUST01457,LinkedIn,2025-07-22,Video,25165,4085,8375,2148,3049,0.5
SOC00462,CAMP00727,CUST01300,X,2025-05-19,Text,14043,8421,8465,1836,2781,0.5
SOC00463,CAMP00995,CUST00411,LinkedIn,2025-07-22,Reel,30662,5754,10050,955,3157,0.5
SOC00464,CAMP00704,CUST01087,Instagram,2025-03-09,Image,4337,4337,10320,1734,2539,0.5
SOC00465,CAMP01329,CUST00542,Facebook,2025-08-09,Video,42326,7630,10629,1642,4828,0.5
SOC00466,CAMP00250,CUST01234,Instagram,2025-04-03,Story,95138,9228,10182,2742,775,0.241
SOC00467,CAMP01464,CUST01637,Facebook,2026-03-05,Text,167276,2344,1487,2789,1077,0.046
SOC00468,CAMP01737,CUST01835,Instagram,2026-03-08,Video,113878,8512,9623,1639,1297,0.185
SOC00469,CAMP01286,CUST01357,YouTube,2025-08-20,Story,171495,1274,10715,2708,3478,0.106
SOC00470,CAMP00278,CUST01117,YouTube,2026-08-17,Video,134587,5759,1114,2295,920,0.075
SOC00471,CAMP00041,CUST00401,LinkedIn,2026-07-11,Image,18646,1507,9759,1252,1413,0.5
SOC00472,CAMP01895,CUST00554,YouTube,2026-04-02,Image,61247,7977,5586,1611,1232,0.2679
SOC00473,CAMP00676,CUST00327,LinkedIn,2025-04-29,Story,96326,9696,4366,1802,1288,0.1781
SOC00474,CAMP01464,CUST01446,Facebook,2025-10-16,Video,112836,10069,5152,2400,3519,0.1874
SOC00475,CAMP01269,CUST00975,X,2025-01-03,Image,152923,13546,5456,500,889,0.1333
SOC00476,CAMP01683,CUST00672,LinkedIn,2025-02-01,Story,121460,4371,11813,2357,4825,0.1924
SOC00477,CAMP00376,CUST01120,Instagram,2025-04-15,Image,157452,11234,10509,2818,512,0.1592
SOC00478,CAMP00970,CUST01731,YouTube,2026-02-16,Video,7110,7110,1777,2975,3249,0.5
SOC00479,CAMP00988,CUST00747,LinkedIn,2026-07-26,Story,70103,8192,10956,95,114,0.2761
SOC00480,CAMP00503,CUST00881,Instagram,2025-01-13,Image,198181,347,5514,1787,2760,0.0525
SOC00481,CAMP01880,CUST00724,X,2026-01-18,Reel,28930,11776,10373,1472,130,0.5
SOC00482,CAMP00982,CUST00534,Facebook,2025-10-02,Image,189066,5041,8772,1080,2462,0.0918
SOC00483,CAMP01650,CUST00937,Facebook,2026-01-02,Video,68125,1280,8492,1735,1088,0.1849
SOC00484,CAMP01604,CUST00156,LinkedIn,2025-09-10,Story,75841,14731,783,2716,699,0.2496
SOC00485,CAMP00695,CUST00175,Facebook,2026-08-06,Video,21790,6179,4760,26,1428,0.5
SOC00486,CAMP00943,CUST00668,Instagram,2025-05-27,Reel,119106,12164,10720,1956,3751,0.24
SOC00487,CAMP00755,CUST01580,YouTube,2025-09-28,Story,49851,4659,4038,721,1460,0.2182
SOC00488,CAMP00550,CUST01036,Instagram,2026-02-22,Video,76523,855,8482,1840,4558,0.2056
SOC00489,CAMP00225,CUST00915,Facebook,2025-07-06,Text,147601,7977,4308,2276,4326,0.128
SOC00490,CAMP01119,CUST00160,Instagram,2026-08-11,Image,167950,5421,1647,2229,1866,0.0665
SOC00491,CAMP00343,CUST00141,LinkedIn,2025-01-07,Reel,145427,10054,5141,357,2251,0.1224
SOC00492,CAMP00064,CUST01953,Instagram,2026-01-08,Video,19004,10319,8226,1514,581,0.5
SOC00493,CAMP00545,CUST01023,Facebook,2025-06-16,Story,124382,13079,11109,2128,16,0.2117
SOC00494,CAMP01485,CUST01212,YouTube,2025-03-10,Image,35746,8273,7642,2136,3491,0.5
SOC00495,CAMP00568,CUST00691,X,2025-10-12,Image,184690,10590,5574,1174,4113,0.1161
SOC00496,CAMP01329,CUST01533,YouTube,2025-12-22,Text,145627,14016,1461,2950,3729,0.1521
SOC00497,CAMP01914,CUST01585,LinkedIn,2025-01-01,Video,115085,14470,10415,673,3189,0.2498
SOC00498,CAMP00449,CUST00159,Instagram,2026-01-13,Story,49772,11838,11575,2149,709,0.5
SOC00499,CAMP01938,CUST01061,Facebook,2026-05-29,Video,198146,9396,6221,678,3276,0.0988
SOC00500,CAMP00435,CUST00813,Instagram,2025-01-05,Image,197346,9900,6092,2284,1206,0.0987
SOC00501,CAMP01386,CUST01691,Instagram,2025-11-22,Reel,120559,12908,9810,1091,4464,0.2345
SOC00502,CAMP01548,CUST00775,LinkedIn,2026-07-29,Image,167221,9085,6429,2100,1700,0.1155
SOC00503,CAMP00268,CUST00411,X,2026-06-08,Text,140422,9204,1618,296,232,0.0808
SOC00504,CAMP00589,CUST01343,YouTube,2025-10-09,Reel,166057,14976,8209,1914,1617,0.1609
SOC00505,CAMP00910,CUST00612,Instagram,2026-02-27,Image,27190,11688,2310,1738,2088,0.5
SOC00506,CAMP01130,CUST00945,YouTube,2025-07-04,Text,34378,7541,2420,1915,1378,0.3855
SOC00507,CAMP01453,CUST00477,Facebook,2026-01-09,Reel,56909,8474,2956,2887,600,0.2621
SOC00508,CAMP01115,CUST00502,Instagram,2025-03-25,Video,40757,94,7130,2959,2931,0.3218
SOC00509,CAMP00160,CUST01869,X,2026-02-28,Video,143609,7442,2113,1552,1441,0.0874
SOC00510,CAMP01215,CUST01497,LinkedIn,2025-10-05,Image,162482,11141,3918,1976,4256,0.131
SOC00511,CAMP00188,CUST00617,LinkedIn,2026-03-17,Video,140108,4748,9945,331,2317,0.1238
SOC00512,CAMP00076,CUST01389,YouTube,2026-04-28,Reel,85275,7869,10560,139,2933,0.2521
SOC00513,CAMP01295,CUST01065,Instagram,2025-08-27,Story,141184,7226,3783,1128,689,0.0908
SOC00514,CAMP00922,CUST00819,Instagram,2025-06-24,Text,149251,12644,10752,636,802,0.1664
SOC00515,CAMP00724,CUST00328,LinkedIn,2026-03-04,Text,17616,4726,3984,1572,3786,0.5
SOC00516,CAMP01547,CUST01752,LinkedIn,2025-08-18,Video,125459,6766,9080,826,706,0.1385
SOC00517,CAMP00716,CUST00022,X,2026-06-01,Reel,4566,3341,352,1204,3989,0.5
SOC00518,CAMP01499,CUST00282,Instagram,2025-10-07,Story,174178,2454,2044,2038,4834,0.0653
SOC00519,CAMP00640,CUST00949,X,2026-03-24,Image,8317,8317,3822,1250,1847,0.5
SOC00520,CAMP00865,CUST01029,Facebook,2026-07-19,Video,159667,9846,5660,488,42,0.1004
SOC00521,CAMP00586,CUST01180,X,2026-02-07,Story,12640,8613,6596,1466,3286,0.5
SOC00522,CAMP00229,CUST01700,Instagram,2025-12-21,Story,134264,13726,11551,2679,4672,0.243
SOC00523,CAMP00474,CUST01974,X,2026-05-13,Image,16044,10601,670,2366,2529,0.5
SOC00524,CAMP01065,CUST01413,LinkedIn,2026-05-01,Reel,127370,1376,4346,506,2326,0.0672
SOC00525,CAMP00873,CUST01944,YouTube,2025-05-06,Text,47060,8734,4905,2464,3823,0.4234
SOC00526,CAMP01217,CUST01053,X,2025-08-25,Image,159828,2740,3901,2513,28,0.0574
SOC00527,CAMP01923,CUST01758,YouTube,2025-07-13,Text,196041,1216,5919,1984,1681,0.0551
SOC00528,CAMP01636,CUST00190,X,2026-05-01,Image,99667,3442,2630,2749,1222,0.1008
SOC00529,CAMP01947,CUST01186,LinkedIn,2025-12-10,Video,41938,11725,5216,1722,18,0.4454
SOC00530,CAMP01536,CUST00070,X,2025-03-13,Text,104899,2128,873,2976,3080,0.0863
SOC00531,CAMP00498,CUST01586,Facebook,2025-05-02,Reel,25623,14857,1875,353,2483,0.5
SOC00532,CAMP00744,CUST01340,LinkedIn,2025-06-25,Reel,188256,8451,919,48,1037,0.0555
SOC00533,CAMP00771,CUST00831,X,2026-02-18,Story,8049,5408,7295,1252,1328,0.5
SOC00534,CAMP01251,CUST00876,Facebook,2025-12-23,Story,158975,1165,2106,1443,4616,0.0587
SOC00535,CAMP00204,CUST01964,YouTube,2026-03-26,Reel,149696,4765,10371,1713,2694,0.1306
SOC00536,CAMP01053,CUST00836,Instagram,2025-09-14,Story,176391,14769,4944,2372,154,0.1261
SOC00537,CAMP01815,CUST01997,Facebook,2025-01-16,Reel,156179,6466,3067,2302,1301,0.0841
SOC00538,CAMP00441,CUST00783,YouTube,2025-07-04,Text,135098,2549,6743,2763,1692,0.1018
SOC00539,CAMP01040,CUST01844,LinkedIn,2026-01-29,Text,41395,14050,663,893,4160,0.4775
SOC00540,CAMP00531,CUST00348,Facebook,2025-07-11,Reel,75676,765,6363,1545,1727,0.1374
SOC00541,CAMP01309,CUST00246,X,2025-01-19,Story,112109,7169,6584,1876,2442,0.1612
SOC00542,CAMP01421,CUST01121,Instagram,2026-04-25,Text,185091,5024,5123,723,3508,0.0777
SOC00543,CAMP01194,CUST01859,LinkedIn,2025-01-29,Text,119724,6092,8981,1649,321,0.1424
SOC00544,CAMP01447,CUST00761,LinkedIn,2026-03-03,Video,51137,7152,10433,1045,4931,0.4607
SOC00545,CAMP00526,CUST00765,YouTube,2025-03-30,Video,70186,6656,8685,1110,724,0.2447
SOC00546,CAMP01436,CUST00147,Facebook,2026-04-09,Story,64213,12379,9932,1213,4748,0.4403
SOC00547,CAMP00146,CUST01108,Instagram,2025-05-17,Reel,136577,1271,5041,1491,3098,0.0798
SOC00548,CAMP00677,CUST01857,Facebook,2025-12-07,Video,46092,9259,4711,2378,2094,0.4001
SOC00549,CAMP00874,CUST00659,LinkedIn,2026-05-30,Text,198833,9143,610,215,4729,0.0739
SOC00550,CAMP01019,CUST01000,Instagram,2025-04-24,Text,143178,14752,6114,2802,3185,0.1875
SOC00551,CAMP01138,CUST00693,Facebook,2025-11-29,Image,45668,13749,11369,632,3427,0.5
SOC00552,CAMP00394,CUST00500,YouTube,2026-04-27,Video,117768,6010,10628,1377,4593,0.192
SOC00553,CAMP01078,CUST00374,YouTube,2025-02-02,Image,54596,8282,1394,2220,1287,0.2415
SOC00554,CAMP01383,CUST01409,Instagram,2025-09-17,Image,115223,1422,2256,2875,3750,0.0894
SOC00555,CAMP00734,CUST01086,LinkedIn,2026-07-28,Text,99868,12246,10750,102,1089,0.2422
SOC00556,CAMP00713,CUST01700,LinkedIn,2026-05-02,Text,140596,13665,4241,2077,757,0.1475
SOC00557,CAMP00713,CUST00487,X,2025-10-06,Image,42991,13034,6873,1655,2167,0.5
SOC00558,CAMP00649,CUST00600,Facebook,2025-01-18,Image,165821,8621,7198,1386,4596,0.1315
SOC00559,CAMP01326,CUST01383,LinkedIn,2025-11-25,Story,155585,13004,4985,1290,3267,0.1449
SOC00560,CAMP00697,CUST01858,Facebook,2025-01-28,Story,52938,7673,5363,321,2246,0.2947
SOC00561,CAMP00364,CUST00250,X,2026-02-26,Text,165454,2219,10115,334,902,0.082
SOC00562,CAMP00097,CUST01183,LinkedIn,2025-07-09,Reel,152794,6775,6698,1516,2117,0.112
SOC00563,CAMP01011,CUST00214,Instagram,2026-05-15,Reel,65142,653,11778,2298,3258,0.2761
SOC00564,CAMP00882,CUST00521,Instagram,2025-09-17,Reel,104729,2832,494,1175,336,0.0462
SOC00565,CAMP01793,CUST00039,LinkedIn,2025-12-18,Story,1366,1366,1489,2150,2165,0.5
SOC00566,CAMP01064,CUST01406,X,2025-04-15,Reel,178342,5530,5883,386,4297,0.0903
SOC00567,CAMP00913,CUST01338,LinkedIn,2026-01-08,Reel,137630,376,8090,1822,169,0.076
SOC00568,CAMP00140,CUST01240,LinkedIn,2025-10-20,Reel,8936,4896,11490,2650,4572,0.5
SOC00569,CAMP01535,CUST01849,YouTube,2025-02-21,Video,151783,6659,11258,26,3273,0.1398
SOC00570,CAMP00744,CUST01847,Facebook,2026-01-28,Video,47650,5370,11290,359,4475,0.4511
SOC00571,CAMP00391,CUST01074,Instagram,2025-02-02,Text,102017,6897,5410,2094,3152,0.1721
SOC00572,CAMP01973,CUST01772,YouTube,2026-07-01,Video,36774,4153,8344,2808,968,0.4425
SOC00573,CAMP00065,CUST00134,Instagram,2025-06-04,Image,3688,3688,3310,1932,3924,0.5
SOC00574,CAMP00918,CUST01208,YouTube,2025-10-02,Reel,12128,7518,11210,74,547,0.5
SOC00575,CAMP00656,CUST01515,YouTube,2025-11-23,Story,5748,2799,10258,444,309,0.5
SOC00576,CAMP00801,CUST01267,X,2026-01-15,Text,134023,11267,9087,568,1111,0.1644
SOC00577,CAMP01126,CUST00731,X,2026-06-19,Image,186826,3888,8079,302,506,0.0684
SOC00578,CAMP01173,CUST00428,Instagram,2025-10-23,Video,158276,14401,2269,2140,1258,0.1268
SOC00579,CAMP01238,CUST00034,YouTube,2025-04-14,Story,190410,5168,8418,804,75,0.076
SOC00580,CAMP00732,CUST01495,Facebook,2026-07-17,Text,105665,1780,8243,2862,1678,0.1378
SOC00581,CAMP00168,CUST00010,Facebook,2026-07-15,Text,70142,8089,3689,507,4507,0.2394
SOC00582,CAMP00244,CUST01640,X,2025-08-26,Story,166930,13158,11881,180,2552,0.1664
SOC00583,CAMP01705,CUST01847,Facebook,2025-06-07,Reel,43424,8155,4176,2465,3706,0.4261
SOC00584,CAMP01598,CUST01985,Facebook,2026-03-08,Story,128043,5181,7862,755,4932,0.1463
SOC00585,CAMP01860,CUST00536,Instagram,2026-05-04,Reel,28730,12977,11704,2284,2469,0.5
SOC00586,CAMP01593,CUST00442,Instagram,2025-03-05,Image,129427,7789,9670,1791,1841,0.163
SOC00587,CAMP00727,CUST01496,YouTube,2025-06-19,Reel,51729,6925,9304,2246,3151,0.4181
SOC00588,CAMP01461,CUST01112,Instagram,2025-06-19,Story,47331,1753,8340,2828,1116,0.2966
SOC00589,CAMP01032,CUST00424,LinkedIn,2025-08-30,Video,152073,10001,811,363,4816,0.1052
SOC00590,CAMP00545,CUST01943,X,2025-12-14,Reel,193142,2075,456,1278,1031,0.0251
SOC00591,CAMP00873,CUST00933,YouTube,2026-02-23,Story,135763,11108,8718,341,4605,0.1825
SOC00592,CAMP01128,CUST01440,LinkedIn,2026-05-14,Video,99327,12234,231,1741,2962,0.1728
SOC00593,CAMP01087,CUST00596,X,2026-06-10,Image,144685,8743,8086,2739,1582,0.1462
SOC00594,CAMP00941,CUST00664,YouTube,2025-08-30,Text,192634,7716,8954,1065,3444,0.1099
SOC00595,CAMP00389,CUST01987,LinkedIn,2025-05-27,Video,160156,13593,2729,1522,3525,0.1334
SOC00596,CAMP01359,CUST00090,X,2025-02-09,Story,81219,3635,3679,377,2301,0.123
SOC00597,CAMP00775,CUST00893,X,2026-04-06,Story,109869,1415,10170,360,2504,0.1315
SOC00598,CAMP01436,CUST01957,Facebook,2025-05-22,Image,90684,13852,5774,66,4074,0.2621
SOC00599,CAMP00245,CUST01998,X,2026-08-16,Reel,103193,3938,8215,1114,3722,0.1646
SOC00600,CAMP00788,CUST01283,Facebook,2025-07-17,Image,141857,12942,3957,2017,76,0.1339
SOC00601,CAMP01842,CUST00164,X,2025-08-27,Video,44179,2307,1847,5,3660,0.177
SOC00602,CAMP01555,CUST01642,Instagram,2026-03-09,Story,160842,5693,2387,2632,3049,0.0856
SOC00603,CAMP01130,CUST00460,YouTube,2025-02-28,Video,102178,12075,2773,1858,2161,0.1846
SOC00604,CAMP01249,CUST00159,X,2025-05-29,Video,47606,3048,3667,492,3027,0.215
SOC00605,CAMP00158,CUST01249,LinkedIn,2025-12-07,Text,180846,3018,8483,1460,1493,0.0799
SOC00606,CAMP01476,CUST01156,YouTube,2025-10-06,Story,198866,5335,5257,1745,4494,0.0846
SOC00607,CAMP00192,CUST00517,LinkedIn,2025-05-23,Text,107485,10428,5901,2686,2596,0.2011
SOC00608,CAMP01424,CUST01842,Instagram,2025-07-26,Text,8774,8774,3516,2223,1022,0.5
SOC00609,CAMP00512,CUST01234,YouTube,2025-02-25,Reel,117428,10621,7198,2531,2440,0.1941
SOC00610,CAMP01545,CUST01262,X,2026-06-05,Reel,10988,4913,11589,896,1864,0.5
SOC00611,CAMP01301,CUST00320,LinkedIn,2025-12-26,Story,173257,11318,9836,148,894,0.1281
SOC00612,CAMP01140,CUST00761,YouTube,2026-06-14,Image,23816,7142,11332,1150,2468,0.5
SOC00613,CAMP00371,CUST01140,YouTube,2025-07-29,Video,150095,5641,5234,2653,1344,0.0991
SOC00614,CAMP01229,CUST00598,X,2026-04-24,Image,113231,14242,1317,2772,2619,0.185
SOC00615,CAMP01224,CUST01170,LinkedIn,2025-06-30,Reel,141911,14938,3107,1398,554,0.1409
SOC00616,CAMP00217,CUST00200,LinkedIn,2025-08-03,Image,127705,14139,2845,1007,1412,0.1519
SOC00617,CAMP00973,CUST01340,Instagram,2026-06-27,Reel,65805,8033,6300,1797,1461,0.2673
SOC00618,CAMP01061,CUST00007,Facebook,2025-08-12,Video,180044,6815,1465,806,2549,0.0646
SOC00619,CAMP00490,CUST01557,Facebook,2025-03-07,Text,159480,1532,5124,398,117,0.045
SOC00620,CAMP01815,CUST00687,YouTube,2026-01-06,Story,90365,13495,7121,264,813,0.2401
SOC00621,CAMP01118,CUST01867,X,2025-09-24,Reel,172691,4165,4985,2916,2811,0.0861
SOC00622,CAMP00570,CUST01138,Facebook,2026-06-04,Video,157008,5796,6544,1816,1855,0.102
SOC00623,CAMP01590,CUST00733,X,2026-03-02,Story,70850,5200,6101,2301,233,0.1953
SOC00624,CAMP00797,CUST01800,Facebook,2026-05-13,Text,123026,7238,1544,1404,4721,0.1212
SOC00625,CAMP00210,CUST01240,X,2026-01-05,Story,38526,5601,2256,919,4185,0.3364
SOC00626,CAMP01195,CUST01971,Facebook,2025-03-20,Video,83403,3202,7796,2877,925,0.1775
SOC00627,CAMP01248,CUST00291,Facebook,2026-01-17,Image,78718,5156,5438,2917,1065,0.1852
SOC00628,CAMP00596,CUST00197,Instagram,2025-12-16,Image,115154,3719,4239,1778,685,0.0905
SOC00629,CAMP00207,CUST01920,LinkedIn,2026-04-25,Video,66611,11387,6573,2762,4146,0.3733
SOC00630,CAMP00421,CUST00574,Facebook,2025-01-12,Video,43733,10434,5639,710,150,0.3872
SOC00631,CAMP01155,CUST01439,Instagram,2025-07-22,Story,74863,35,7524,345,4923,0.1713
SOC00632,CAMP01811,CUST00064,LinkedIn,2025-04-02,Image,152937,11691,8708,174,3660,0.1585
SOC00633,CAMP00518,CUST00212,LinkedIn,2025-09-27,Reel,8012,8012,1250,1054,26,0.5
SOC00634,CAMP00126,CUST00691,X,2026-08-19,Story,108831,8569,343,2698,3097,0.1351
SOC00635,CAMP01332,CUST01658,LinkedIn,2025-07-15,Story,112524,7336,8052,263,3740,0.1723
SOC00636,CAMP00487,CUST01307,YouTube,2025-01-21,Reel,164918,9609,10638,2239,1008,0.1425
SOC00637,CAMP01334,CUST00152,Instagram,2025-06-02,Video,42988,899,8463,585,495,0.2429
SOC00638,CAMP01269,CUST00832,YouTube,2026-03-18,Text,74035,4681,1366,1793,2019,0.1332
SOC00639,CAMP00866,CUST00668,LinkedIn,2025-08-07,Video,8635,8635,10451,2526,994,0.5
SOC00640,CAMP01682,CUST01625,LinkedIn,2025-04-30,Image,39007,13518,6503,1354,959,0.5
SOC00641,CAMP00942,CUST00181,X,2025-07-21,Reel,147543,3460,28,1704,3415,0.0583
SOC00642,CAMP00268,CUST00134,Facebook,2026-02-19,Reel,97371,10387,11315,124,3493,0.26
SOC00643,CAMP00609,CUST00657,YouTube,2025-09-10,Image,146249,13933,407,2824,4439,0.1477
SOC00644,CAMP00623,CUST01279,Facebook,2025-06-19,Reel,98827,13050,11443,1732,688,0.2723
SOC00645,CAMP00520,CUST01586,X,2026-05-26,Image,144589,11184,9053,1625,287,0.1532
SOC00646,CAMP01631,CUST01998,YouTube,2025-10-28,Video,64463,11588,8997,375,3777,0.3837
SOC00647,CAMP01210,CUST01677,X,2025-07-27,Image,117237,9555,10789,354,3335,0.205
SOC00648,CAMP00331,CUST00375,LinkedIn,2026-05-24,Story,121274,7039,7653,2273,1699,0.1539
SOC00649,CAMP00674,CUST00760,LinkedIn,2025-09-22,Image,131680,13302,1348,2918,2269,0.1506
SOC00650,CAMP00124,CUST01930,Facebook,2025-05-03,Image,60634,10106,6079,2676,2377,0.3503
SOC00651,CAMP00102,CUST01130,YouTube,2025-09-14,Text,63738,13722,1910,1287,3623,0.3223
SOC00652,CAMP00083,CUST01537,X,2026-04-14,Reel,118948,2108,1916,2774,4035,0.0911
SOC00653,CAMP00086,CUST01456,Instagram,2025-06-18,Story,180573,1377,1043,2091,3884,0.0465
SOC00654,CAMP01794,CUST00647,Instagram,2025-04-22,Reel,106960,5494,5881,171,2658,0.1328
SOC00655,CAMP00526,CUST00908,LinkedIn,2025-10-14,Text,88395,2091,7963,1658,2069,0.1559
SOC00656,CAMP01635,CUST00848,LinkedIn,2026-06-19,Image,5303,5303,4013,1295,1930,0.5
SOC00657,CAMP01340,CUST01890,YouTube,2026-06-01,Video,18585,13124,8513,2095,4512,0.5
SOC00658,CAMP00935,CUST00214,YouTube,2026-06-09,Reel,133708,2615,10897,1810,1915,0.1289
SOC00659,CAMP01827,CUST00308,X,2025-06-14,Image,30351,12937,3788,1161,2591,0.5
SOC00660,CAMP01815,CUST01366,LinkedIn,2026-05-20,Image,82563,12321,175,1353,2614,0.1994
SOC00661,CAMP01290,CUST01226,YouTube,2025-10-18,Story,20609,926,8548,336,4055,0.5
SOC00662,CAMP00189,CUST01123,Instagram,2025-07-17,Text,160652,5683,7245,1981,821,0.0979
SOC00663,CAMP00232,CUST01039,LinkedIn,2025-10-15,Text,48935,7454,799,1570,197,0.2048
SOC00664,CAMP00075,CUST00362,Facebook,2026-03-04,Image,145386,13765,10058,1525,1387,0.1839
SOC00665,CAMP00933,CUST00472,Facebook,2026-02-17,Story,96199,7667,7361,2723,56,0.1851
SOC00666,CAMP00978,CUST01052,YouTube,2026-04-14,Story,158342,12402,556,324,2784,0.1015
SOC00667,CAMP00963,CUST00128,YouTube,2025-10-26,Text,94900,6433,7978,896,4860,0.2125
SOC00668,CAMP01551,CUST01914,YouTube,2025-04-25,Text,53400,4069,6926,460,1016,0.2335
SOC00669,CAMP00143,CUST01944,Facebook,2025-05-16,Text,192698,11526,222,1369,564,0.071
SOC00670,CAMP00147,CUST01937,X,2025-05-06,Video,149601,158,6510,1923,3066,0.0779
SOC00671,CAMP01567,CUST01363,YouTube,2025-08-08,Text,129210,7429,6010,1221,4818,0.1507
SOC00672,CAMP00697,CUST01589,Facebook,2025-03-13,Image,132041,1021,680,2402,1286,0.0408
SOC00673,CAMP01589,CUST00467,YouTube,2025-04-14,Text,174739,608,4417,174,410,0.0321
SOC00674,CAMP00280,CUST00285,Facebook,2026-01-23,Text,184088,1212,8456,48,3183,0.0701
SOC00675,CAMP01595,CUST01332,X,2025-02-22,Image,32911,2061,6973,2992,4861,0.5
SOC00676,CAMP01437,CUST00727,YouTube,2025-12-10,Story,130709,4389,4993,1025,617,0.0843
SOC00677,CAMP00195,CUST01831,LinkedIn,2025-04-08,Text,183085,14319,7146,2902,2811,0.1484
SOC00678,CAMP00535,CUST01219,Facebook,2025-05-21,Text,23371,333,5329,666,2511,0.3782
SOC00679,CAMP00771,CUST00481,LinkedIn,2025-02-28,Reel,170406,13738,1026,1527,1299,0.1032
SOC00680,CAMP01092,CUST00351,Facebook,2025-12-10,Reel,108239,7003,649,2837,3750,0.1316
SOC00681,CAMP01056,CUST00445,X,2025-02-24,Reel,16458,12469,7567,239,1511,0.5
SOC00682,CAMP00016,CUST01748,YouTube,2026-07-13,Reel,128383,8755,4721,991,1576,0.125
SOC00683,CAMP01173,CUST01725,Instagram,2025-03-26,Story,64114,10895,9112,1836,1927,0.3707
SOC00684,CAMP00857,CUST01380,YouTube,2025-07-31,Text,184137,11752,1223,1348,3817,0.0985
SOC00685,CAMP00862,CUST01251,Facebook,2025-08-12,Reel,180141,10175,9793,1146,247,0.1186
SOC00686,CAMP00163,CUST00549,X,2025-03-11,Image,57039,13362,8617,2194,1651,0.4527
SOC00687,CAMP00215,CUST00503,LinkedIn,2025-03-27,Reel,166042,14483,9938,913,3774,0.1753
SOC00688,CAMP01802,CUST01752,YouTube,2025-10-23,Text,72871,420,9381,351,3863,0.1923
SOC00689,CAMP00274,CUST00978,LinkedIn,2025-10-18,Image,41855,3331,645,1532,3791,0.2222
SOC00690,CAMP01299,CUST01380,Instagram,2025-09-11,Text,164867,14761,1976,856,4335,0.133
SOC00691,CAMP01336,CUST01930,Facebook,2025-06-02,Video,95214,11642,2132,233,932,0.1569
SOC00692,CAMP01103,CUST01642,X,2026-08-08,Text,122346,8590,1375,2698,239,0.1055
SOC00693,CAMP00389,CUST01327,Facebook,2026-05-15,Reel,55718,7378,8747,277,700,0.3069
SOC00694,CAMP00659,CUST01283,LinkedIn,2025-07-24,Video,89677,9784,11634,1935,1322,0.2752
SOC00695,CAMP01146,CUST01487,YouTube,2025-03-10,Reel,165287,10991,9878,1393,1894,0.1461
SOC00696,CAMP00052,CUST01920,Instagram,2025-08-27,Video,144714,3389,5401,1477,4835,0.1044
SOC00697,CAMP01747,CUST01336,Instagram,2026-03-03,Reel,196945,12797,10892,2063,4627,0.1543
SOC00698,CAMP00771,CUST01719,Facebook,2026-05-05,Reel,6952,6952,8857,1927,467,0.5
SOC00699,CAMP00590,CUST01891,LinkedIn,2025-02-13,Reel,161562,11412,8431,721,756,0.132
SOC00700,CAMP00410,CUST01893,Instagram,2025-05-13,Text,77876,5176,2746,1908,649,0.1346
SOC00701,CAMP01927,CUST01384,LinkedIn,2026-08-01,Text,146061,12573,9623,672,4334,0.1862
SOC00702,CAMP00999,CUST01854,X,2025-08-05,Video,83568,6068,1951,737,76,0.1057
SOC00703,CAMP00810,CUST00983,Facebook,2026-03-01,Reel,34450,6987,6872,2777,2092,0.5
SOC00704,CAMP00209,CUST01239,LinkedIn,2026-04-19,Image,17918,5512,3713,2847,1330,0.5
SOC00705,CAMP01978,CUST01435,Instagram,2026-05-30,Image,198797,7897,8481,754,4325,0.1079
SOC00706,CAMP01116,CUST01704,X,2026-08-09,Video,193004,2481,8962,1018,2948,0.0798
SOC00707,CAMP00462,CUST00343,Facebook,2025-02-24,Video,66070,2888,6975,1459,3217,0.2201
SOC00708,CAMP01653,CUST00737,YouTube,2025-07-16,Video,195714,4953,6350,1244,1277,0.0706
SOC00709,CAMP01079,CUST01590,LinkedIn,2025-12-30,Text,158033,10365,14,898,3829,0.0956
SOC00710,CAMP00830,CUST00199,X,2025-03-19,Reel,120127,11094,10022,334,4843,0.2189
SOC00711,CAMP01584,CUST00852,YouTube,2025-01-05,Image,104064,9647,8177,2530,4081,0.2348
SOC00712,CAMP00101,CUST00974,X,2025-11-16,Image,67492,4090,134,1573,2303,0.12
SOC00713,CAMP01057,CUST00812,LinkedIn,2025-08-10,Story,167101,2051,6363,750,77,0.0553
SOC00714,CAMP01164,CUST00256,YouTube,2025-04-10,Story,130270,11140,6601,1814,3061,0.1736
SOC00715,CAMP01674,CUST01252,Instagram,2026-08-09,Video,180905,9946,293,279,2948,0.0744
SOC00716,CAMP01871,CUST00413,Facebook,2025-10-06,Story,185480,6987,5129,1509,1145,0.0796
SOC00717,CAMP00933,CUST00231,X,2025-08-07,Reel,183159,6967,846,2206,194,0.0558
SOC00718,CAMP01880,CUST01174,YouTube,2026-07-16,Image,174859,14588,1958,2274,3152,0.1257
SOC00719,CAMP00939,CUST00121,Instagram,2025-12-09,Video,128381,9397,10107,1959,3976,0.1982
SOC00720,CAMP00760,CUST00512,YouTube,2025-05-27,Image,65248,5425,4296,1010,1361,0.1853
SOC00721,CAMP01067,CUST01717,X,2025-11-04,Video,89996,4946,1514,2929,2938,0.137
SOC00722,CAMP00861,CUST00030,LinkedIn,2026-04-06,Text,142602,14458,5891,1788,4699,0.1882
SOC00723,CAMP01030,CUST00102,Instagram,2025-07-06,Video,110189,7337,6388,2127,3044,0.1715
SOC00724,CAMP00579,CUST00587,Instagram,2025-06-04,Reel,31639,773,4630,648,4104,0.321
SOC00725,CAMP01900,CUST00454,YouTube,2025-02-04,Image,149329,2699,1351,434,3777,0.0553
SOC00726,CAMP01817,CUST01118,Facebook,2025-12-03,Image,134921,1493,10903,2824,59,0.1132
SOC00727,CAMP01497,CUST00438,YouTube,2026-06-03,Image,54038,1824,815,2537,3332,0.1574
SOC00728,CAMP00420,CUST00979,Instagram,2025-02-12,Story,48037,3912,4449,2232,2057,0.2633
SOC00729,CAMP01702,CUST00159,X,2026-02-01,Story,145613,5789,7991,634,722,0.1039
SOC00730,CAMP01113,CUST00629,Instagram,2025-03-07,Reel,162362,13229,10497,743,2074,0.1635
SOC00731,CAMP01293,CUST00540,YouTube,2026-08-06,Video,193743,11720,8381,1458,947,0.1162
SOC00732,CAMP00981,CUST01434,LinkedIn,2025-04-15,Video,139774,11003,7012,273,2724,0.1503
SOC00733,CAMP01340,CUST00298,YouTube,2026-01-04,Reel,147731,14413,5301,1409,1838,0.1554
SOC00734,CAMP00176,CUST00517,YouTube,2026-08-18,Image,3229,3229,9809,501,4019,0.5
SOC00735,CAMP01793,CUST01518,LinkedIn,2025-03-05,Video,99779,14585,5559,2156,4087,0.2645
SOC00736,CAMP01006,CUST01435,X,2025-11-10,Reel,112757,131,7098,449,4350,0.1067
SOC00737,CAMP01072,CUST00689,Instagram,2025-09-22,Reel,21534,57,5144,111,3398,0.4045
SOC00738,CAMP01128,CUST00408,YouTube,2025-01-20,Text,91064,12306,9351,2121,2892,0.2929
SOC00739,CAMP01911,CUST01832,X,2025-06-07,Story,14407,6520,595,1826,3244,0.5
SOC00740,CAMP00551,CUST00146,Facebook,2026-02-12,Story,187788,12802,2609,27,3485,0.1008
SOC00741,CAMP00720,CUST01739,YouTube,2026-07-13,Image,27944,1959,10120,1981,2535,0.5
SOC00742,CAMP00348,CUST00724,Instagram,2026-03-07,Text,110133,3922,1141,786,1425,0.066
SOC00743,CAMP01132,CUST00591,Facebook,2025-05-07,Story,148036,12798,7277,2987,4141,0.1838
SOC00744,CAMP00893,CUST01720,Instagram,2025-12-19,Text,23279,376,7374,1205,433,0.4033
SOC00745,CAMP00542,CUST01806,YouTube,2025-09-23,Video,74513,13814,1642,530,1091,0.2292
SOC00746,CAMP01932,CUST01478,LinkedIn,2025-07-23,Story,158902,14564,3109,84,33,0.112
SOC00747,CAMP00774,CUST00118,LinkedIn,2026-07-18,Reel,103286,4379,3647,342,1585,0.0964
SOC00748,CAMP01916,CUST01408,Instagram,2025-04-04,Image,175712,5595,5602,755,114,0.0687
SOC00749,CAMP01624,CUST01706,LinkedIn,2025-02-21,Image,24615,3252,6443,1134,1280,0.4919
SOC00750,CAMP00781,CUST00155,Instagram,2025-05-22,Text,111329,3429,2903,2344,3641,0.1106
SOC00751,CAMP01084,CUST01835,Facebook,2026-03-20,Story,128699,12424,3836,1318,1639,0.1493
SOC00752,CAMP01592,CUST00358,LinkedIn,2025-08-09,Video,175216,14508,7693,2556,1037,0.1472
SOC00753,CAMP00444,CUST01056,X,2026-01-18,Reel,103139,10128,10661,1063,1610,0.2275
SOC00754,CAMP01553,CUST01315,LinkedIn,2025-09-11,Story,62902,11142,8706,1396,3540,0.394
SOC00755,CAMP01711,CUST00656,LinkedIn,2025-09-15,Text,44611,44,10905,2732,223,0.3117
SOC00756,CAMP01883,CUST01367,YouTube,2025-06-07,Story,59118,2530,6052,2140,460,0.1891
SOC00757,CAMP01439,CUST00720,Instagram,2025-03-02,Text,36869,3877,405,2926,4400,0.3148
SOC00758,CAMP01321,CUST00823,Facebook,2025-06-07,Image,177165,6877,4387,2533,4059,0.1008
SOC00759,CAMP01692,CUST00115,LinkedIn,2026-05-15,Text,42897,3565,11978,203,4647,0.4754
SOC00760,CAMP00591,CUST01833,Instagram,2026-08-08,Text,84075,6335,7333,244,3127,0.2027
SOC00761,CAMP01068,CUST00496,LinkedIn,2025-01-17,Story,24025,7992,3312,111,4823,0.5
SOC00762,CAMP01968,CUST01944,Facebook,2025-11-19,Story,198844,5885,10136,2428,1895,0.1023
SOC00763,CAMP00244,CUST00556,Facebook,2026-04-13,Text,85955,10659,4567,2191,1386,0.2188
SOC00764,CAMP00688,CUST00307,LinkedIn,2026-01-27,Story,187145,10121,3616,2514,4114,0.1088
SOC00765,CAMP01400,CUST00795,Facebook,2025-12-27,Video,103242,5997,57,2361,4903,0.129
SOC00766,CAMP00268,CUST00447,LinkedIn,2025-09-07,Story,107808,1959,1614,2146,3474,0.0853
SOC00767,CAMP01622,CUST01512,Instagram,2025-04-25,Text,162929,14797,5215,252,4945,0.1547
SOC00768,CAMP00963,CUST01953,YouTube,2025-04-04,Text,157097,6624,6889,1226,4173,0.1204
SOC00769,CAMP01396,CUST01255,Instagram,2025-12-01,Video,180866,5967,2115,2902,1151,0.0671
SOC00770,CAMP01925,CUST01608,LinkedIn,2026-01-15,Image,160145,8098,5258,1546,3549,0.1152
SOC00771,CAMP01882,CUST01719,Instagram,2026-02-18,Story,179741,10674,4864,129,1546,0.0958
SOC00772,CAMP01293,CUST00467,X,2025-10-07,Video,71892,9348,6519,463,248,0.2306
SOC00773,CAMP00574,CUST01929,YouTube,2025-08-20,Reel,5172,5172,10802,1180,1786,0.5
SOC00774,CAMP01229,CUST01799,Facebook,2026-05-20,Text,92832,2271,5480,2252,2842,0.1384
SOC00775,CAMP01423,CUST01886,Instagram,2026-04-23,Story,34472,10186,8539,2405,540,0.5
SOC00776,CAMP00663,CUST01278,YouTube,2025-03-23,Text,180721,12475,7288,2156,2716,0.1363
SOC00777,CAMP01426,CUST01806,LinkedIn,2026-07-24,Story,147551,10614,10029,1937,1972,0.1664
SOC00778,CAMP01467,CUST01106,LinkedIn,2025-02-17,Reel,102116,8357,11429,1868,4109,0.2523
SOC00779,CAMP01013,CUST01467,LinkedIn,2026-03-19,Text,120651,4943,9531,1693,4869,0.1744
SOC00780,CAMP00362,CUST01490,LinkedIn,2026-03-28,Image,60888,14379,2602,2496,894,0.3346
SOC00781,CAMP01336,CUST01784,YouTube,2025-01-02,Story,156646,11177,3100,2130,4081,0.1308
SOC00782,CAMP00194,CUST00447,Instagram,2025-10-21,Video,26449,5522,2918,248,1127,0.3711
SOC00783,CAMP00528,CUST00075,Facebook,2025-07-23,Video,152251,14714,9063,2829,2177,0.189
SOC00784,CAMP01748,CUST00817,LinkedIn,2025-01-07,Image,85870,13726,11976,1580,477,0.3233
SOC00785,CAMP00034,CUST01638,Facebook,2026-06-29,Video,89703,6154,687,510,2558,0.1105
SOC00786,CAMP01038,CUST00851,X,2025-12-03,Reel,90512,1473,11751,952,2257,0.1816
SOC00787,CAMP00777,CUST00736,Facebook,2025-07-21,Image,191704,3216,7663,2445,2200,0.081
SOC00788,CAMP01773,CUST00795,X,2025-02-19,Image,99211,14566,5542,1785,25,0.2209
SOC00789,CAMP00453,CUST01299,Instagram,2025-04-24,Video,5778,5778,9065,2623,2271,0.5
SOC00790,CAMP00071,CUST00189,X,2025-09-16,Text,151047,11660,5789,31,3096,0.1362
SOC00791,CAMP00952,CUST01699,LinkedIn,2025-03-27,Story,186406,2021,4272,1587,268,0.0437
SOC00792,CAMP01409,CUST00831,Instagram,2025-03-09,Image,195572,6528,6789,856,758,0.0763
SOC00793,CAMP00041,CUST01304,LinkedIn,2026-04-23,Reel,55422,9042,5612,2230,1530,0.3323
SOC00794,CAMP00254,CUST00299,X,2025-01-14,Image,78487,1156,6681,260,756,0.1128
SOC00795,CAMP00695,CUST01879,Instagram,2025-05-26,Story,54191,8868,9868,253,3998,0.4242
SOC00796,CAMP00297,CUST01251,X,2025-06-01,Story,162177,12081,8713,1311,494,0.1393
SOC00797,CAMP00872,CUST00369,LinkedIn,2025-09-30,Image,129429,12149,9295,2691,1554,0.1985
SOC00798,CAMP00416,CUST01811,LinkedIn,2026-03-29,Reel,126359,6338,6306,2769,2286,0.1401
SOC00799,CAMP01711,CUST01130,Instagram,2025-10-27,Image,197225,10917,11873,1094,0,0.1211
SOC00800,CAMP00081,CUST01485,LinkedIn,2025-03-08,Image,170113,9504,8823,137,1077,0.1149
SOC00801,CAMP00055,CUST01556,YouTube,2026-07-28,Video,28047,6311,3774,619,196,0.3886
SOC00802,CAMP01976,CUST00885,Instagram,2026-04-19,Text,85701,6590,9219,2760,178,0.2187
SOC00803,CAMP01847,CUST00660,Facebook,2026-01-21,Text,184617,11687,4370,1816,2673,0.1113
SOC00804,CAMP01302,CUST00946,Facebook,2026-03-10,Reel,93480,3415,4135,2096,1105,0.115
SOC00805,CAMP00146,CUST01697,Facebook,2026-07-26,Text,71948,12779,5421,534,1972,0.2878
SOC00806,CAMP01808,CUST01217,Instagram,2026-04-24,Reel,61083,1200,8312,2648,3629,0.2585
SOC00807,CAMP00347,CUST00103,YouTube,2025-05-05,Image,139213,3386,3364,1974,4802,0.0972
SOC00808,CAMP00291,CUST01896,Instagram,2025-11-29,Video,140358,14819,6513,2377,27,0.1691
SOC00809,CAMP00078,CUST00870,Instagram,2026-05-29,Image,90895,9565,9996,1100,3500,0.2658
SOC00810,CAMP01592,CUST01908,X,2026-01-14,Story,56690,3835,11476,1280,1261,0.3149
SOC00811,CAMP01044,CUST00095,Facebook,2025-05-03,Story,8503,1174,3835,45,883,0.5
SOC00812,CAMP00184,CUST01416,X,2025-08-31,Reel,82447,6776,6504,1340,1135,0.1911
SOC00813,CAMP01060,CUST00059,Instagram,2025-06-14,Story,71628,13404,10768,2270,398,0.3747
SOC00814,CAMP00272,CUST00880,Facebook,2025-10-14,Story,103643,8573,9371,49,1294,0.1861
SOC00815,CAMP01443,CUST01540,LinkedIn,2026-08-07,Text,2054,997,7932,2648,4892,0.5
SOC00816,CAMP01749,CUST00442,Facebook,2025-07-21,Text,164407,11710,1368,1507,1102,0.0954
SOC00817,CAMP01862,CUST00143,YouTube,2025-10-23,Story,51640,7493,9749,2286,1470,0.4066
SOC00818,CAMP00356,CUST00340,YouTube,2026-07-25,Story,130083,4123,7734,1509,1765,0.1163
SOC00819,CAMP00966,CUST00439,Instagram,2025-08-04,Video,99511,7718,5926,2079,3173,0.1899
SOC00820,CAMP01609,CUST00016,LinkedIn,2026-08-19,Text,107835,11510,1359,2276,3839,0.176
SOC00821,CAMP01800,CUST01914,X,2026-01-25,Text,179836,11285,8426,1790,2537,0.1337
SOC00822,CAMP01826,CUST00732,YouTube,2025-01-18,Image,16333,1895,8047,1708,3189,0.5
SOC00823,CAMP00265,CUST01215,YouTube,2026-04-10,Story,68401,3114,3109,785,1866,0.1297
SOC00824,CAMP00076,CUST00123,Facebook,2025-07-14,Reel,14622,12265,3925,853,1643,0.5
SOC00825,CAMP00774,CUST01703,YouTube,2025-09-28,Reel,157099,4523,11536,2319,1543,0.1268
SOC00826,CAMP01873,CUST01389,X,2025-03-17,Text,72224,13559,7621,680,3581,0.3523
SOC00827,CAMP00121,CUST01062,Facebook,2026-05-14,Image,90457,2012,6322,1818,444,0.1171
SOC00828,CAMP01100,CUST00295,LinkedIn,2025-06-16,Image,5822,5822,5216,2319,1667,0.5
SOC00829,CAMP00603,CUST00881,Instagram,2026-01-17,Video,120895,7452,6427,1758,2382,0.149
SOC00830,CAMP01231,CUST01622,LinkedIn,2025-01-31,Video,45786,660,9832,1519,2367,0.314
SOC00831,CAMP01341,CUST01274,X,2026-05-28,Image,13180,1839,688,939,3507,0.5
SOC00832,CAMP01678,CUST00604,LinkedIn,2026-03-06,Video,190225,7480,1481,301,3001,0.0645
SOC00833,CAMP01559,CUST00271,YouTube,2026-07-20,Reel,103913,1367,2513,456,273,0.0444
SOC00834,CAMP01344,CUST01718,LinkedIn,2026-01-19,Text,44072,13352,2927,2396,2785,0.4869
SOC00835,CAMP00892,CUST01834,Facebook,2026-01-18,Text,70354,271,1583,403,3102,0.0762
SOC00836,CAMP01928,CUST00033,YouTube,2026-03-17,Story,160082,11894,5097,1187,1885,0.1253
SOC00837,CAMP00547,CUST00348,YouTube,2026-03-01,Image,95296,13084,117,2728,7,0.1672
SOC00838,CAMP01837,CUST00208,LinkedIn,2026-08-06,Reel,132136,13214,4208,834,1319,0.1481
SOC00839,CAMP00174,CUST01891,LinkedIn,2025-02-17,Story,59652,2969,337,1054,19,0.0734
SOC00840,CAMP00503,CUST01571,LinkedIn,2025-10-19,Image,25972,10739,1104,341,3278,0.5
SOC00841,CAMP00151,CUST01083,X,2026-04-19,Story,2640,2640,7893,1442,2004,0.5
SOC00842,CAMP01481,CUST01274,X,2025-04-13,Image,41603,12778,5178,581,1983,0.4932
SOC00843,CAMP01324,CUST00780,LinkedIn,2026-08-05,Video,184795,11468,11667,1885,3278,0.1531
SOC00844,CAMP00773,CUST00281,Facebook,2025-12-30,Story,6968,919,6893,156,2901,0.5
SOC00845,CAMP00811,CUST01796,X,2025-10-09,Video,4241,4241,4653,1189,3927,0.5
SOC00846,CAMP00234,CUST01801,Facebook,2025-02-21,Video,7013,2982,8806,2163,2063,0.5
SOC00847,CAMP01304,CUST00486,X,2025-08-30,Image,147059,1078,10018,1407,3467,0.1086
SOC00848,CAMP00607,CUST01347,YouTube,2026-07-27,Video,177587,10862,2390,1849,3958,0.1073
SOC00849,CAMP01266,CUST01852,Facebook,2026-02-21,Text,90276,6270,6538,960,1342,0.1674
SOC00850,CAMP00101,CUST01004,YouTube,2026-03-09,Reel,195953,12211,3406,2889,4697,0.1184
SOC00851,CAMP00077,CUST00030,LinkedIn,2025-05-07,Text,71999,10941,11910,2301,3465,0.3975
SOC00852,CAMP01049,CUST01453,X,2025-08-23,Reel,185854,2759,5392,498,4718,0.0719
SOC00853,CAMP00600,CUST00869,LinkedIn,2025-03-12,Reel,99833,5203,976,2604,538,0.0934
SOC00854,CAMP00008,CUST01261,Facebook,2026-04-03,Text,71618,12073,10071,920,180,0.3246
SOC00855,CAMP01668,CUST01426,Facebook,2026-07-08,Story,176513,8147,10715,1010,2111,0.1245
SOC00856,CAMP00350,CUST00004,Instagram,2025-08-29,Image,15665,3441,4517,1918,2368,0.5
SOC00857,CAMP01402,CUST01699,LinkedIn,2025-02-10,Video,23675,10897,5492,1414,4983,0.5
SOC00858,CAMP01992,CUST01793,LinkedIn,2026-07-04,Image,153056,9971,8710,1666,1820,0.1448
SOC00859,CAMP00768,CUST00437,Facebook,2026-02-19,Video,183826,13431,396,2000,3438,0.1048
SOC00860,CAMP01881,CUST01669,Facebook,2025-10-13,Image,57721,7775,10606,1633,452,0.3546
SOC00861,CAMP00310,CUST01230,YouTube,2025-06-29,Story,122720,12158,13,458,4184,0.137
SOC00862,CAMP01204,CUST01157,LinkedIn,2025-06-27,Story,39718,11544,2219,278,4192,0.4591
SOC00863,CAMP01797,CUST01230,Instagram,2025-01-07,Video,33841,3428,3788,1732,2311,0.3327
SOC00864,CAMP01969,CUST01053,YouTube,2026-01-31,Story,92399,6504,7715,62,3338,0.1907
SOC00865,CAMP00579,CUST01938,LinkedIn,2025-05-23,Story,189796,7046,9396,2464,3009,0.1155
SOC00866,CAMP00928,CUST01610,Facebook,2025-04-12,Image,17061,3062,2122,2165,2846,0.5
SOC00867,CAMP01257,CUST01010,LinkedIn,2026-05-10,Reel,179875,8777,4000,1854,4779,0.1079
SOC00868,CAMP00967,CUST00287,X,2025-05-19,Text,5908,5908,9596,2122,4600,0.5
SOC00869,CAMP00995,CUST01686,LinkedIn,2025-01-13,Video,199415,1065,3996,1191,1064,0.0367
SOC00870,CAMP00887,CUST01889,LinkedIn,2025-10-09,Video,101310,13902,4343,85,3215,0.2127
SOC00871,CAMP00267,CUST01561,Facebook,2025-05-07,Story,161784,12424,5058,2497,3146,0.1429
SOC00872,CAMP00072,CUST01872,YouTube,2026-03-03,Text,126161,9370,7446,2493,4601,0.1895
SOC00873,CAMP01832,CUST01292,Instagram,2026-03-16,Story,168860,13126,9658,1873,965,0.1517
SOC00874,CAMP00685,CUST00864,LinkedIn,2025-09-06,Story,122413,12972,11116,2300,3351,0.2429
SOC00875,CAMP01117,CUST00930,LinkedIn,2026-08-09,Image,31898,14354,10059,229,2805,0.5
SOC00876,CAMP01052,CUST01194,LinkedIn,2026-04-07,Reel,6022,349,2998,651,390,0.5
SOC00877,CAMP00205,CUST00004,Instagram,2026-01-31,Text,166521,13562,4524,636,858,0.1176
SOC00878,CAMP01028,CUST01324,LinkedIn,2025-08-14,Video,18313,8189,7628,1698,88,0.5
SOC00879,CAMP01597,CUST00118,Facebook,2025-11-15,Reel,145137,12064,4686,2065,1422,0.1394
SOC00880,CAMP01017,CUST01578,YouTube,2025-07-08,Reel,37955,5794,6529,788,4378,0.4608
SOC00881,CAMP01446,CUST01597,Facebook,2025-08-21,Video,132473,6793,4116,1321,1234,0.1016
SOC00882,CAMP00713,CUST01655,Facebook,2026-01-09,Reel,67450,10677,7937,2502,2677,0.3528
SOC00883,CAMP01663,CUST00635,LinkedIn,2026-03-13,Reel,176807,6259,7368,1110,2261,0.0961
SOC00884,CAMP01433,CUST01414,YouTube,2025-12-08,Text,145979,4944,1231,522,1657,0.0572
SOC00885,CAMP01117,CUST00576,Facebook,2025-05-08,Text,95980,1972,11873,2902,1668,0.1919
SOC00886,CAMP01902,CUST01637,YouTube,2025-02-18,Text,6013,223,1235,2490,3002,0.5
SOC00887,CAMP00180,CUST00707,YouTube,2025-06-22,Image,62733,13222,4824,2872,3806,0.3941
SOC00888,CAMP01601,CUST00556,Instagram,2026-02-23,Reel,38291,7099,10147,1974,2184,0.5
SOC00889,CAMP01071,CUST00150,LinkedIn,2025-01-05,Image,149093,4294,356,2055,71,0.0454
SOC00890,CAMP00646,CUST00984,YouTube,2026-06-25,Reel,149083,8924,3449,556,1476,0.0966
SOC00891,CAMP01588,CUST00266,Instagram,2026-03-21,Story,85404,14682,8423,2041,1182,0.3083
SOC00892,CAMP00573,CUST01774,X,2026-06-04,Text,78400,10174,8171,2596,1752,0.2895
SOC00893,CAMP01351,CUST01285,Instagram,2025-08-06,Text,115354,7852,10679,2077,3524,0.2092
SOC00894,CAMP01769,CUST01382,YouTube,2025-08-13,Reel,91450,12497,8320,2488,3118,0.2889
SOC00895,CAMP01151,CUST01940,LinkedIn,2025-01-07,Video,96206,402,7066,109,4740,0.128
SOC00896,CAMP00435,CUST01527,YouTube,2026-07-14,Image,21526,14997,2249,1906,3192,0.5
SOC00897,CAMP01406,CUST00502,Instagram,2025-06-05,Video,174653,10696,10591,328,1481,0.1322
SOC00898,CAMP00235,CUST00907,YouTube,2025-02-18,Reel,60120,11442,4835,1497,4664,0.3732
SOC00899,CAMP00374,CUST00176,LinkedIn,2025-03-15,Reel,80523,3550,2120,287,4962,0.1356
SOC00900,CAMP00532,CUST01048,Instagram,2025-02-08,Reel,68570,4596,1405,1887,3980,0.1731
SOC00901,CAMP00620,CUST01215,LinkedIn,2025-01-30,Video,191489,9384,11660,1516,500,0.1204
SOC00902,CAMP01076,CUST00280,Facebook,2025-11-21,Image,191610,14104,1312,2009,3736,0.1104
SOC00903,CAMP01232,CUST01584,LinkedIn,2025-07-06,Text,182710,3755,2283,1927,2826,0.0591
SOC00904,CAMP00016,CUST01312,YouTube,2026-02-17,Text,111598,10179,10629,308,3964,0.2247
SOC00905,CAMP01749,CUST00758,X,2025-03-19,Story,66830,4613,8156,2782,2440,0.2692
SOC00906,CAMP00393,CUST01194,Instagram,2025-06-13,Image,27462,13422,7794,1202,85,0.5
SOC00907,CAMP01865,CUST00535,YouTube,2025-11-15,Text,110931,8729,1212,61,4893,0.1343
SOC00908,CAMP00512,CUST01957,LinkedIn,2025-12-16,Reel,150007,6247,3929,2807,4902,0.1192
SOC00909,CAMP01997,CUST01196,LinkedIn,2026-08-12,Image,135993,14914,9299,2567,3419,0.2221
SOC00910,CAMP01117,CUST01003,LinkedIn,2025-02-03,Story,185845,2147,6712,2319,4786,0.0859
SOC00911,CAMP01693,CUST00781,LinkedIn,2025-09-17,Reel,193969,6083,669,2213,1151,0.0522
SOC00912,CAMP01459,CUST00955,LinkedIn,2026-06-20,Image,8162,8162,7435,230,1159,0.5
SOC00913,CAMP01003,CUST01165,X,2026-02-13,Text,83255,6068,598,984,3371,0.1324
SOC00914,CAMP01965,CUST01045,X,2025-11-30,Text,105017,2052,238,2572,4207,0.0864
SOC00915,CAMP00884,CUST01426,Instagram,2026-08-01,Text,119120,4430,2794,280,159,0.0643
SOC00916,CAMP00400,CUST01741,LinkedIn,2026-07-17,Image,81477,13053,4135,188,1896,0.2365
SOC00917,CAMP01006,CUST00949,Instagram,2025-11-26,Text,132594,2699,6638,298,3163,0.0965
SOC00918,CAMP01395,CUST01131,Facebook,2025-12-13,Video,124698,9633,6869,2053,3581,0.1775
SOC00919,CAMP01463,CUST01981,Facebook,2026-07-22,Text,106078,2070,10606,2396,1849,0.1595
SOC00920,CAMP00457,CUST00938,YouTube,2026-05-21,Video,22351,6650,4242,1010,1323,0.5
SOC00921,CAMP01501,CUST00982,X,2025-11-17,Story,56414,6071,3687,2718,2151,0.2593
SOC00922,CAMP01196,CUST00572,LinkedIn,2026-07-21,Reel,31183,1945,3521,814,4707,0.3523
SOC00923,CAMP00451,CUST01295,LinkedIn,2025-02-11,Text,70430,11762,5405,998,3124,0.3023
SOC00924,CAMP00511,CUST01999,Facebook,2025-10-08,Video,111055,4232,5616,1441,4481,0.142
SOC00925,CAMP01577,CUST01357,LinkedIn,2026-04-25,Video,75509,8672,2673,1193,1639,0.1878
SOC00926,CAMP00929,CUST01384,YouTube,2025-07-16,Story,97934,4254,8791,237,4080,0.1773
SOC00927,CAMP01051,CUST01981,LinkedIn,2026-05-27,Story,58417,6224,6368,1760,2067,0.2811
SOC00928,CAMP00956,CUST00229,X,2025-07-12,Story,140024,711,8866,2900,292,0.0912
SOC00929,CAMP01194,CUST00609,YouTube,2026-04-05,Image,101834,3701,315,1110,4705,0.0965
SOC00930,CAMP01915,CUST00258,Facebook,2025-08-09,Reel,144068,2209,7118,2868,344,0.087
SOC00931,CAMP01324,CUST01858,X,2026-04-01,Image,13269,9829,10507,2502,1847,0.5
SOC00932,CAMP00519,CUST01117,Instagram,2025-06-07,Text,164682,9135,9226,511,2641,0.1306
SOC00933,CAMP01023,CUST01437,Instagram,2025-07-22,Video,156257,3491,3615,2974,4348,0.0923
SOC00934,CAMP01650,CUST01315,Facebook,2026-07-15,Image,150349,591,1719,2878,4397,0.0638
SOC00935,CAMP01872,CUST01661,X,2026-04-09,Text,1505,1505,11078,2084,1625,0.5
SOC00936,CAMP01460,CUST00653,YouTube,2025-11-11,Reel,189269,7119,1908,2872,1099,0.0687
SOC00937,CAMP00941,CUST00525,Facebook,2025-03-04,Story,129169,965,5306,993,2505,0.0756
SOC00938,CAMP01095,CUST00028,YouTube,2025-12-28,Video,120059,8941,9129,366,650,0.159
SOC00939,CAMP01536,CUST01955,LinkedIn,2025-09-01,Image,14110,6830,6732,432,755,0.5
SOC00940,CAMP01419,CUST01257,LinkedIn,2025-02-10,Story,154544,3713,3287,40,2291,0.0604
SOC00941,CAMP01091,CUST01106,YouTube,2025-05-29,Video,191247,6116,10086,2571,2039,0.1088
SOC00942,CAMP00715,CUST00276,YouTube,2026-06-10,Reel,182914,14926,2404,1407,4668,0.128
SOC00943,CAMP01362,CUST01271,Facebook,2026-03-08,Story,117443,14434,11259,1498,1600,0.2451
SOC00944,CAMP01260,CUST01074,YouTube,2025-02-17,Reel,95873,6875,1389,1013,4724,0.146
SOC00945,CAMP01319,CUST01999,YouTube,2026-03-28,Story,84574,13457,254,1577,3850,0.2263
SOC00946,CAMP00293,CUST01818,X,2025-11-04,Image,24584,11314,5262,1445,4655,0.5
SOC00947,CAMP01954,CUST00070,LinkedIn,2026-05-19,Reel,75768,4270,5008,1351,326,0.1446
SOC00948,CAMP01578,CUST00979,Facebook,2026-05-31,Image,167954,3352,6524,1544,2546,0.0832
SOC00949,CAMP01551,CUST01361,YouTube,2026-02-18,Image,187333,1257,6108,765,2131,0.0548
SOC00950,CAMP00672,CUST00320,X,2025-03-04,Video,24529,531,3404,2261,4687,0.4437
SOC00951,CAMP00049,CUST01706,LinkedIn,2025-04-22,Image,37918,6520,4033,32,4936,0.4093
SOC00952,CAMP01972,CUST01064,Facebook,2026-05-11,Image,67415,1116,4296,1895,4908,0.1812
SOC00953,CAMP01036,CUST01985,Facebook,2025-06-16,Video,93670,10536,11846,389,3550,0.281
SOC00954,CAMP00870,CUST00200,LinkedIn,2026-03-03,Image,156970,4401,11599,1532,4549,0.1407
SOC00955,CAMP00341,CUST00721,YouTube,2025-11-13,Image,115639,3458,6593,1880,2992,0.129
SOC00956,CAMP01861,CUST01602,X,2025-11-19,Reel,42828,4574,3099,1506,2186,0.2654
SOC00957,CAMP01037,CUST00748,YouTube,2026-01-25,Video,27698,7627,6214,2923,4358,0.5
SOC00958,CAMP00520,CUST01054,YouTube,2025-07-19,Story,43428,2892,4942,2818,1252,0.2741
SOC00959,CAMP00594,CUST00257,X,2025-10-09,Image,38486,4708,192,2860,554,0.216
SOC00960,CAMP00584,CUST00770,LinkedIn,2026-03-08,Text,165736,5034,4395,889,3759,0.0849
SOC00961,CAMP01196,CUST00202,LinkedIn,2026-04-06,Story,22802,14434,4230,2998,3532,0.5
SOC00962,CAMP01605,CUST01096,Instagram,2026-07-15,Story,68727,1841,6836,570,1313,0.1537
SOC00963,CAMP00950,CUST01652,X,2025-04-22,Story,170776,2237,9557,1087,1050,0.0816
SOC00964,CAMP01764,CUST00393,Instagram,2025-04-08,Image,102446,13297,9905,941,1766,0.2529
SOC00965,CAMP01396,CUST00014,Instagram,2026-06-09,Reel,9830,9830,11959,607,4014,0.5
SOC00966,CAMP00977,CUST00605,Instagram,2025-01-04,Video,53139,4579,10943,2362,2685,0.3871
SOC00967,CAMP01770,CUST01783,Facebook,2026-04-26,Story,39224,1262,1867,2232,3407,0.2235
SOC00968,CAMP00128,CUST00688,YouTube,2025-01-03,Story,73660,10973,4871,893,4309,0.2857
SOC00969,CAMP00354,CUST00611,Facebook,2025-10-15,Story,101717,9411,1786,2072,226,0.1327
SOC00970,CAMP00699,CUST01258,Instagram,2026-08-12,Story,156726,13716,5018,1953,2400,0.1473
SOC00971,CAMP00175,CUST01641,X,2025-12-14,Story,188993,817,9460,2840,3941,0.0903
SOC00972,CAMP01611,CUST01188,Instagram,2025-11-29,Image,172441,14040,6893,1137,392,0.1303
SOC00973,CAMP01183,CUST00510,YouTube,2026-01-13,Reel,100595,8230,8696,562,2540,0.1991
SOC00974,CAMP00959,CUST00241,YouTube,2025-10-30,Text,94393,8499,10628,1195,2899,0.246
SOC00975,CAMP00859,CUST01175,Facebook,2025-01-16,Story,76859,11669,11288,143,2965,0.3391
SOC00976,CAMP01437,CUST01773,X,2025-04-24,Image,100649,4908,969,2229,388,0.0844
SOC00977,CAMP01461,CUST01552,YouTube,2026-02-01,Story,28039,8256,3659,2963,822,0.5
SOC00978,CAMP00757,CUST00502,Instagram,2025-07-02,Reel,136579,13595,11671,560,1186,0.1978
SOC00979,CAMP01101,CUST00345,Facebook,2025-08-10,Story,25031,8318,4857,2618,2290,0.5
SOC00980,CAMP00066,CUST01735,X,2025-12-29,Image,57374,14586,9219,1851,554,0.4568
SOC00981,CAMP01555,CUST01648,X,2025-01-28,Text,163598,1049,5969,1961,3976,0.0792
SOC00982,CAMP01354,CUST00689,X,2025-03-30,Video,151587,11294,5498,1710,2898,0.1412
SOC00983,CAMP00551,CUST01266,YouTube,2025-12-26,Video,73679,14485,3558,482,4286,0.3096
SOC00984,CAMP00596,CUST01030,YouTube,2025-10-26,Reel,189205,8687,7348,2418,1230,0.104
SOC00985,CAMP00142,CUST00262,Instagram,2026-01-28,Image,96382,113,661,712,3882,0.0557
SOC00986,CAMP00976,CUST00947,X,2025-01-10,Story,35100,2510,11556,2740,3077,0.5
SOC00987,CAMP01724,CUST00857,LinkedIn,2026-01-13,Text,187868,4210,9350,2528,3804,0.1059
SOC00988,CAMP01825,CUST01329,LinkedIn,2026-03-20,Story,73999,9409,2413,428,3309,0.2103
SOC00989,CAMP01280,CUST00733,Facebook,2026-08-10,Image,79770,12226,7299,1311,634,0.2691
SOC00990,CAMP00444,CUST00524,Instagram,2025-04-30,Image,27394,3542,11302,771,2377,0.5
SOC00991,CAMP00336,CUST01006,X,2026-04-20,Reel,45135,2143,913,2571,1249,0.1523
SOC00992,CAMP00700,CUST01311,X,2025-07-18,Reel,22847,2691,2249,426,9,0.2353
SOC00993,CAMP00383,CUST00482,YouTube,2026-07-28,Text,98992,3686,6188,619,179,0.1078
SOC00994,CAMP00313,CUST00865,LinkedIn,2025-11-28,Text,118288,6020,11550,2995,153,0.1751
SOC00995,CAMP00322,CUST01944,Instagram,2025-02-25,Video,106842,11516,896,2132,1111,0.1465
SOC00996,CAMP00074,CUST01473,Instagram,2026-03-17,Story,56647,6008,181,1825,2409,0.184
SOC00997,CAMP00012,CUST00904,Facebook,2025-10-12,Image,2200,2200,5010,277,3540,0.5
SOC00998,CAMP00825,CUST01112,Instagram,2025-02-14,Text,52961,7628,8507,2815,1050,0.3776
SOC00999,CAMP01797,CUST01912,LinkedIn,2025-06-20,Image,191873,10409,7930,509,2844,0.1131
SOC01000,CAMP00198,CUST01570,X,2025-10-31,Video,79485,5786,376,2890,2411,0.1442
SOC01001,CAMP01628,CUST01475,LinkedIn,2025-11-25,Text,47691,12429,5277,1672,3283,0.4752
SOC01002,CAMP00600,CUST01769,X,2025-10-05,Video,138532,589,5548,2712,2883,0.0847
SOC01003,CAMP01424,CUST00250,LinkedIn,2025-12-07,Text,96537,5709,5924,1370,735,0.1423
SOC01004,CAMP01699,CUST00837,LinkedIn,2026-03-05,Image,59625,7234,92,799,2331,0.1754
SOC01005,CAMP01183,CUST01635,Instagram,2026-03-28,Image,58304,12112,5373,330,2511,0.3486
SOC01006,CAMP00087,CUST00392,LinkedIn,2025-10-27,Reel,106635,4527,521,1519,2688,0.0868
SOC01007,CAMP00204,CUST00439,Facebook,2026-01-17,Reel,198912,3127,5548,1820,2036,0.063
SOC01008,CAMP01267,CUST00146,Instagram,2026-05-14,Text,161526,8872,9494,700,4831,0.1479
SOC01009,CAMP01121,CUST01869,X,2025-04-12,Reel,109140,7938,428,978,4404,0.126
SOC01010,CAMP00778,CUST00696,Facebook,2025-08-14,Story,15210,6298,11041,1291,3161,0.5
SOC01011,CAMP01163,CUST00265,Facebook,2025-11-11,Image,137590,8435,6926,377,97,0.1151
SOC01012,CAMP00782,CUST01154,Instagram,2025-06-03,Text,37259,6082,8552,1277,983,0.4534
SOC01013,CAMP00161,CUST01769,Instagram,2026-07-14,Reel,173554,2026,5771,1023,1191,0.0577
SOC01014,CAMP01002,CUST01407,X,2025-11-19,Reel,106108,12841,10089,2742,810,0.2496
SOC01015,CAMP00259,CUST00022,X,2025-01-20,Story,28977,2494,3421,859,1312,0.279
SOC01016,CAMP00690,CUST01287,Facebook,2025-03-19,Text,55585,11122,1874,2084,4755,0.3568
SOC01017,CAMP00991,CUST00736,YouTube,2025-01-26,Image,84147,2984,5681,2318,2924,0.1653
SOC01018,CAMP00164,CUST00364,Instagram,2025-06-04,Text,188207,11880,7186,2224,4902,0.1392
SOC01019,CAMP01724,CUST01816,LinkedIn,2025-05-28,Video,127177,3219,10121,1331,2282,0.1333
SOC01020,CAMP01772,CUST00978,LinkedIn,2025-03-24,Story,15070,9522,5976,2219,2291,0.5
SOC01021,CAMP00163,CUST01727,X,2026-04-01,Story,102077,14522,1111,1399,3102,0.1972
SOC01022,CAMP00385,CUST01540,X,2025-06-28,Reel,66467,13203,10280,1639,4307,0.4428
SOC01023,CAMP00612,CUST00725,Instagram,2026-08-19,Story,159013,3279,9891,1585,24,0.0929
SOC01024,CAMP01369,CUST01574,Facebook,2025-02-18,Story,2059,2059,6674,1035,3186,0.5
SOC01025,CAMP00073,CUST00625,X,2025-04-18,Reel,179451,4805,678,1008,3984,0.0584
SOC01026,CAMP01506,CUST01196,Facebook,2026-01-24,Story,2088,451,10991,2516,220,0.5
SOC01027,CAMP01206,CUST01384,LinkedIn,2025-06-23,Image,110122,14490,7963,338,1631,0.2218
SOC01028,CAMP00414,CUST00267,Instagram,2026-05-19,Story,14494,7548,10911,1041,3865,0.5
SOC01029,CAMP00963,CUST01720,X,2026-05-29,Story,77406,6571,1531,1400,1946,0.1479
SOC01030,CAMP00319,CUST00884,Facebook,2025-08-01,Story,82432,8626,4128,1562,1846,0.1961
SOC01031,CAMP00554,CUST01863,Instagram,2026-01-24,Image,121281,2556,2768,505,506,0.0522
SOC01032,CAMP01826,CUST00001,Instagram,2025-09-23,Story,67379,13371,8951,455,2886,0.3809
SOC01033,CAMP00035,CUST01705,X,2025-07-05,Image,182146,6413,3785,1937,3300,0.0847
SOC01034,CAMP00052,CUST01370,Instagram,2025-02-04,Reel,85207,7746,10617,1777,4451,0.2886
SOC01035,CAMP00973,CUST01856,Instagram,2026-02-21,Story,178419,14121,5037,559,2213,0.1229
SOC01036,CAMP00873,CUST00759,X,2025-07-03,Image,73785,3560,4393,1410,2633,0.1626
SOC01037,CAMP01600,CUST00290,X,2025-04-17,Text,135034,13231,7383,2058,2587,0.1871
SOC01038,CAMP00140,CUST00394,X,2025-03-15,Image,15931,6767,9296,2635,2928,0.5
SOC01039,CAMP01095,CUST01588,Instagram,2026-02-28,Image,69103,1598,4689,75,527,0.0997
SOC01040,CAMP00851,CUST00455,YouTube,2025-08-15,Story,121585,6353,16,908,4038,0.0931
SOC01041,CAMP01075,CUST00288,Facebook,2025-03-07,Reel,69501,6986,10951,2256,345,0.2955
SOC01042,CAMP00383,CUST00014,X,2025-12-02,Image,66328,8361,5128,912,4030,0.2779
SOC01043,CAMP01857,CUST00009,LinkedIn,2025-12-08,Reel,93837,8440,1349,423,2994,0.1407
SOC01044,CAMP01837,CUST01682,X,2026-05-08,Video,107680,3986,7648,372,3144,0.1407
SOC01045,CAMP01144,CUST00856,Facebook,2025-10-19,Reel,92294,13460,8642,1843,2165,0.2829
SOC01046,CAMP00630,CUST00009,YouTube,2025-04-27,Text,160428,4962,4381,1446,188,0.0684
SOC01047,CAMP00579,CUST01982,LinkedIn,2025-09-18,Image,114710,10061,1908,773,577,0.1161
SOC01048,CAMP01596,CUST00712,Instagram,2026-03-10,Reel,182217,14414,10603,2299,4371,0.1739
SOC01049,CAMP00359,CUST01673,Facebook,2025-11-22,Video,41706,2086,10367,565,1907,0.3579
SOC01050,CAMP00748,CUST01271,Instagram,2025-06-13,Story,174728,7335,7830,1941,3121,0.1158
SOC01051,CAMP00229,CUST00773,YouTube,2026-08-13,Video,66838,1589,3193,2714,2000,0.1421
SOC01052,CAMP01061,CUST01636,YouTube,2026-06-02,Text,73868,12725,6439,266,2724,0.2999
SOC01053,CAMP00908,CUST00617,YouTube,2025-11-15,Text,161207,12356,7291,1405,2247,0.1445
SOC01054,CAMP01354,CUST01912,Instagram,2026-04-25,Image,36118,14423,10387,900,4242,0.5
SOC01055,CAMP01692,CUST00171,Facebook,2025-04-02,Reel,179957,13629,10769,2362,4765,0.1752
SOC01056,CAMP01345,CUST00562,Facebook,2026-03-24,Reel,112326,12153,8999,975,1883,0.2138
SOC01057,CAMP00078,CUST01897,X,2025-04-24,Reel,117930,5228,7942,2303,3233,0.1586
SOC01058,CAMP01701,CUST00003,Facebook,2026-05-04,Video,174536,5943,2929,1802,492,0.064
SOC01059,CAMP00471,CUST00146,LinkedIn,2025-05-24,Text,112263,757,1470,2393,4955,0.0853
SOC01060,CAMP00636,CUST01481,Instagram,2025-11-20,Video,161339,2990,9624,2365,1282,0.1008
SOC01061,CAMP00931,CUST00636,X,2026-03-12,Video,53838,6747,1246,2114,229,0.192
SOC01062,CAMP00975,CUST01017,LinkedIn,2025-01-15,Video,91860,12067,6167,2980,4562,0.2806
SOC01063,CAMP01725,CUST00775,X,2025-04-21,Text,45463,13073,6335,2475,499,0.4923
SOC01064,CAMP01671,CUST00835,X,2025-05-12,Text,155216,9243,2471,764,3951,0.1058
SOC01065,CAMP00305,CUST01887,Facebook,2025-05-04,Image,180819,2799,3233,322,1131,0.0414
SOC01066,CAMP00643,CUST01414,Instagram,2026-04-15,Image,37911,4785,11719,580,2450,0.5
SOC01067,CAMP01020,CUST00560,Facebook,2026-08-06,Video,185997,3016,8907,1298,4996,0.0979
SOC01068,CAMP00421,CUST01987,YouTube,2025-09-06,Text,6072,6072,4807,1268,4105,0.5
SOC01069,CAMP00667,CUST00522,X,2026-03-28,Story,158710,12778,8897,2237,330,0.1527
SOC01070,CAMP00556,CUST00452,Facebook,2025-05-15,Story,182776,8642,438,2028,4357,0.0846
SOC01071,CAMP00632,CUST01438,LinkedIn,2025-08-15,Story,159517,5560,2177,435,3354,0.0723
SOC01072,CAMP00657,CUST01256,LinkedIn,2025-04-09,Video,189941,11717,11054,2154,4000,0.1523
SOC01073,CAMP01449,CUST00119,Facebook,2025-12-15,Story,176444,12279,9567,1831,1809,0.1444
SOC01074,CAMP00316,CUST01193,LinkedIn,2025-06-22,Video,145535,7617,1532,2489,4980,0.1142
SOC01075,CAMP01701,CUST01143,YouTube,2025-10-05,Reel,37791,11607,2482,1302,2018,0.4607
SOC01076,CAMP00365,CUST01231,YouTube,2026-02-06,Video,68136,9195,5475,936,4795,0.2994
SOC01077,CAMP01739,CUST00420,LinkedIn,2026-01-03,Video,39593,13758,4715,831,4221,0.5
SOC01078,CAMP00105,CUST01060,Facebook,2025-09-23,Video,17694,5488,6220,2522,2809,0.5
SOC01079,CAMP01878,CUST00183,LinkedIn,2026-07-23,Video,95317,2715,10032,754,1107,0.1533
SOC01080,CAMP00446,CUST01949,LinkedIn,2026-06-15,Image,7927,5201,9127,2010,3340,0.5
SOC01081,CAMP00022,CUST01955,YouTube,2026-04-14,Reel,36024,3157,8946,1375,814,0.3967
SOC01082,CAMP01814,CUST00507,Facebook,2025-01-21,Text,5836,5836,948,57,4951,0.5
SOC01083,CAMP00233,CUST00694,X,2025-11-08,Image,154994,2446,5403,1517,2267,0.0751
SOC01084,CAMP01223,CUST01746,Facebook,2026-08-11,Image,59396,5750,8986,2918,4537,0.3736
SOC01085,CAMP01481,CUST00752,Instagram,2025-03-29,Reel,166901,27,8403,998,1840,0.0675
SOC01086,CAMP00662,CUST01320,YouTube,2025-11-30,Video,54631,6095,8420,758,2406,0.3236
SOC01087,CAMP01776,CUST01895,Instagram,2025-02-07,Video,118442,10527,9577,1523,2122,0.2005
SOC01088,CAMP01603,CUST01815,YouTube,2026-03-03,Reel,52371,4485,3670,226,1119,0.1814
SOC01089,CAMP00065,CUST01252,X,2025-10-18,Story,116412,12734,9852,1141,4972,0.2465
SOC01090,CAMP01199,CUST01593,Instagram,2025-05-26,Text,177238,11953,9521,1329,832,0.1334
SOC01091,CAMP01307,CUST01688,X,2025-02-09,Text,76894,1384,2583,1222,4254,0.1228
SOC01092,CAMP00373,CUST01319,YouTube,2025-03-09,Image,35515,12422,2190,1603,697,0.4762
SOC01093,CAMP01658,CUST00725,LinkedIn,2026-08-08,Image,52940,6606,3927,1456,656,0.2389
SOC01094,CAMP01243,CUST00093,LinkedIn,2026-05-24,Reel,24491,2375,11597,1402,98,0.5
SOC01095,CAMP01147,CUST01809,LinkedIn,2025-10-29,Video,145416,10908,6785,963,4257,0.1576
SOC01096,CAMP01872,CUST01210,LinkedIn,2026-07-17,Story,81517,10300,11203,2303,3758,0.3381
SOC01097,CAMP01371,CUST00171,Instagram,2025-04-07,Text,96486,2473,4569,1017,3850,0.1234
SOC01098,CAMP00154,CUST00445,Instagram,2025-02-11,Reel,156151,3699,7931,350,2664,0.0938
SOC01099,CAMP01555,CUST00082,X,2025-05-20,Story,113422,6972,11878,2029,1019,0.1931
SOC01100,CAMP01981,CUST00679,Instagram,2025-09-20,Image,95006,3671,4111,2436,2270,0.1314
SOC01101,CAMP01083,CUST00455,YouTube,2025-05-16,Image,27484,8324,8795,24,4040,0.5
SOC01102,CAMP00849,CUST00795,LinkedIn,2026-07-26,Story,133500,2873,5081,1454,6,0.0705
SOC01103,CAMP00252,CUST01891,LinkedIn,2025-11-02,Video,78638,11289,10837,287,2988,0.323
SOC01104,CAMP00978,CUST01748,X,2025-05-21,Video,130834,3346,9154,231,2370,0.1154
SOC01105,CAMP00065,CUST01697,X,2025-09-20,Video,7842,1111,8803,2313,790,0.5
SOC01106,CAMP00046,CUST01873,LinkedIn,2026-08-13,Image,31400,5946,2500,2925,73,0.3645
SOC01107,CAMP00291,CUST00187,YouTube,2026-01-09,Image,182053,3447,11482,95,1594,0.0913
SOC01108,CAMP00529,CUST01544,Facebook,2025-03-01,Text,148466,4407,3748,2682,3450,0.0962
SOC01109,CAMP01250,CUST01649,Instagram,2025-08-28,Reel,121690,6184,4832,779,1744,0.1113
SOC01110,CAMP00754,CUST00304,Facebook,2026-06-22,Text,24985,3112,5307,954,4931,0.5
SOC01111,CAMP01513,CUST00727,Facebook,2026-02-07,Image,114729,1463,8458,1359,1557,0.1119
SOC01112,CAMP01936,CUST00790,Facebook,2026-01-07,Text,142843,9426,9395,1514,4451,0.1735
SOC01113,CAMP01617,CUST01172,X,2025-08-13,Image,157239,9727,11145,454,3785,0.1597
SOC01114,CAMP01477,CUST00011,Instagram,2026-06-29,Reel,184759,11927,1743,730,965,0.0832
SOC01115,CAMP01148,CUST00146,X,2025-07-02,Text,170662,7917,10103,1395,1269,0.1212
SOC01116,CAMP01879,CUST01715,LinkedIn,2025-04-24,Reel,24041,6504,1398,1522,3199,0.5
SOC01117,CAMP00433,CUST00858,Facebook,2025-01-25,Image,69398,1929,6445,1299,557,0.1474
SOC01118,CAMP01465,CUST00276,Facebook,2026-03-25,Reel,26161,135,10843,746,1332,0.4991
SOC01119,CAMP01780,CUST00576,X,2026-04-20,Image,31662,1090,9159,711,3029,0.4418
SOC01120,CAMP01696,CUST01297,LinkedIn,2025-01-24,Image,197634,8989,11594,1110,2705,0.1235
SOC01121,CAMP00590,CUST00215,YouTube,2025-10-27,Reel,83546,7082,474,1120,2557,0.1345
SOC01122,CAMP00064,CUST01063,YouTube,2025-05-26,Reel,194320,12440,6432,819,2295,0.1131
SOC01123,CAMP01753,CUST01544,LinkedIn,2025-04-29,Image,195304,13696,885,625,372,0.0798
SOC01124,CAMP01729,CUST00507,X,2026-06-20,Story,97881,9209,8536,1344,1287,0.2082
SOC01125,CAMP01267,CUST00614,Instagram,2025-10-01,Text,116687,3138,2208,2597,4979,0.1107
SOC01126,CAMP01627,CUST01161,X,2026-02-05,Video,30919,12683,2330,203,2697,0.5
SOC01127,CAMP01074,CUST01423,LinkedIn,2025-07-16,Video,43606,12684,3473,348,1663,0.4166
SOC01128,CAMP01188,CUST00607,X,2026-02-10,Reel,128021,193,10397,1604,3389,0.1217
SOC01129,CAMP00499,CUST01882,LinkedIn,2025-05-09,Story,173634,11588,4012,2395,2497,0.118
SOC01130,CAMP01404,CUST00628,Instagram,2025-09-13,Reel,105813,3368,10408,659,3430,0.1688
SOC01131,CAMP01615,CUST01059,YouTube,2026-02-01,Story,41371,3858,7181,910,3553,0.3747
SOC01132,CAMP01545,CUST00265,YouTube,2025-04-23,Video,78390,9777,1849,506,911,0.1664
SOC01133,CAMP00051,CUST01498,X,2025-10-04,Image,119270,6580,2826,2533,1033,0.1088
SOC01134,CAMP00102,CUST01097,Facebook,2025-11-10,Image,146465,5652,8894,1048,102,0.1072
SOC01135,CAMP01685,CUST01300,LinkedIn,2025-09-14,Video,20546,6380,10135,965,2855,0.5
SOC01136,CAMP00498,CUST01795,Facebook,2025-06-04,Reel,48550,2978,2506,2183,3980,0.2399
SOC01137,CAMP01272,CUST00600,X,2025-10-06,Image,37856,3417,5848,392,2909,0.3319
SOC01138,CAMP01877,CUST00693,YouTube,2025-05-31,Story,155844,13728,5409,1067,3300,0.1508
SOC01139,CAMP01038,CUST00618,Instagram,2026-01-24,Text,56181,13225,5574,1096,3464,0.4158
SOC01140,CAMP00601,CUST01154,Instagram,2025-06-26,Reel,130287,6065,3975,2262,2270,0.1118
SOC01141,CAMP01920,CUST00570,YouTube,2026-04-21,Video,26601,13940,10511,564,3834,0.5
SOC01142,CAMP00207,CUST00753,Facebook,2025-07-01,Story,24148,12665,10451,2936,3168,0.5
SOC01143,CAMP00964,CUST00588,YouTube,2025-10-03,Reel,23523,14409,4462,1190,1807,0.5
SOC01144,CAMP01367,CUST00563,YouTube,2025-10-27,Story,86017,14486,5585,2831,4427,0.3177
SOC01145,CAMP00051,CUST00190,YouTube,2025-11-20,Text,5030,5030,10785,492,2792,0.5
SOC01146,CAMP00760,CUST00984,LinkedIn,2025-04-02,Image,104071,426,9863,662,1825,0.1228
SOC01147,CAMP00181,CUST01526,YouTube,2026-01-20,Image,54636,12464,6136,226,1457,0.3712
SOC01148,CAMP01652,CUST00507,YouTube,2025-11-10,Image,96187,14219,7293,2791,2232,0.2759
SOC01149,CAMP00868,CUST01531,X,2025-04-15,Story,123474,14980,9989,1915,2878,0.241
SOC01150,CAMP01158,CUST01382,X,2026-01-13,Reel,94219,10810,5844,2590,2612,0.232
SOC01151,CAMP01892,CUST00134,YouTube,2026-04-05,Text,158869,14910,10367,214,2986,0.1792
SOC01152,CAMP01984,CUST01826,YouTube,2025-10-19,Story,158387,11656,8063,84,3433,0.1467
SOC01153,CAMP00082,CUST00451,Facebook,2025-01-20,Story,122677,4287,4655,1548,3759,0.1162
SOC01154,CAMP01433,CUST00839,X,2026-02-09,Story,108644,2795,48,2914,2462,0.0757
SOC01155,CAMP00054,CUST00333,YouTube,2025-05-22,Video,114688,8737,9631,1041,4555,0.2089
SOC01156,CAMP01300,CUST01352,YouTube,2026-01-01,Reel,45652,2664,6502,2872,3569,0.3419
SOC01157,CAMP01969,CUST00821,Facebook,2026-08-11,Image,100144,10082,7019,2571,2465,0.2211
SOC01158,CAMP00988,CUST00491,X,2025-07-13,Image,117636,7109,2294,2225,1370,0.1105
SOC01159,CAMP01313,CUST01099,LinkedIn,2026-01-08,Text,186578,8148,10356,2777,226,0.1153
SOC01160,CAMP00129,CUST01034,YouTube,2026-05-24,Text,59064,2307,9406,1810,609,0.2393
SOC01161,CAMP00048,CUST00549,Facebook,2025-09-09,Text,140547,4893,900,1856,3205,0.0772
SOC01162,CAMP00066,CUST01188,LinkedIn,2025-09-01,Reel,39866,10761,10396,2970,314,0.5
SOC01163,CAMP01249,CUST01358,Facebook,2026-03-15,Video,19717,10205,5063,1110,3,0.5
SOC01164,CAMP01498,CUST01677,YouTube,2026-08-09,Reel,198941,13541,8970,586,414,0.1182
SOC01165,CAMP01075,CUST01753,LinkedIn,2025-08-21,Story,51814,12168,11593,1592,3360,0.5
SOC01166,CAMP01522,CUST01380,X,2025-11-03,Story,126951,14270,11267,2324,107,0.2203
SOC01167,CAMP00346,CUST01611,Facebook,2025-08-04,Video,52619,3354,10404,528,4206,0.3514
SOC01168,CAMP00421,CUST00586,Facebook,2025-05-06,Story,66853,4563,1733,2712,4909,0.2082
SOC01169,CAMP00266,CUST01548,Facebook,2026-03-24,Text,153772,7711,6729,2688,3855,0.1365
SOC01170,CAMP01104,CUST01561,Facebook,2025-01-14,Image,54985,7765,2622,1499,3790,0.2851
SOC01171,CAMP00733,CUST01305,Facebook,2025-10-06,Video,14011,7347,9731,2725,2759,0.5
SOC01172,CAMP00656,CUST01697,Facebook,2026-02-27,Video,83437,2858,8551,894,2689,0.1797
SOC01173,CAMP01256,CUST01495,X,2025-10-08,Reel,153605,3562,4318,2487,1015,0.0741
SOC01174,CAMP01469,CUST01098,X,2025-03-03,Image,154875,5058,1652,1334,1310,0.0604
SOC01175,CAMP01026,CUST01136,Instagram,2025-03-08,Story,119645,14093,10689,2504,1140,0.2376
SOC01176,CAMP01640,CUST01139,Instagram,2025-08-03,Story,152856,4162,6128,2915,3652,0.1103
SOC01177,CAMP01616,CUST00697,Facebook,2026-05-07,Image,160944,8555,8493,328,4062,0.1332
SOC01178,CAMP00884,CUST01360,Facebook,2025-06-16,Video,113040,7750,8207,2227,4980,0.2049
SOC01179,CAMP00445,CUST01610,X,2025-07-26,Reel,91752,6022,7748,1049,2092,0.1843
SOC01180,CAMP01380,CUST00934,Instagram,2026-06-15,Video,164323,3982,2523,1640,1808,0.0606
SOC01181,CAMP01174,CUST01539,X,2025-12-03,Reel,137033,7754,1939,2151,447,0.0897
SOC01182,CAMP00723,CUST01151,LinkedIn,2026-07-02,Reel,106133,290,4825,330,1906,0.0693
SOC01183,CAMP01833,CUST01385,LinkedIn,2025-09-02,Video,22494,13994,11304,2242,2629,0.5
SOC01184,CAMP01045,CUST01384,Instagram,2025-11-08,Video,159543,3995,9730,2075,4254,0.1257
SOC01185,CAMP00393,CUST00074,X,2025-12-29,Reel,10538,10538,10934,1550,378,0.5
SOC01186,CAMP01481,CUST00545,X,2026-04-20,Text,160524,2044,4359,793,1929,0.0568
SOC01187,CAMP00927,CUST01410,Instagram,2025-11-11,Story,112451,11922,4347,900,3852,0.1869
SOC01188,CAMP00244,CUST00167,LinkedIn,2025-08-31,Text,112960,610,8292,2966,4395,0.144
SOC01189,CAMP01314,CUST00439,Instagram,2026-07-26,Story,191411,6171,554,2632,3327,0.0663
SOC01190,CAMP00037,CUST00626,Facebook,2025-07-07,Story,37440,7092,11433,1551,851,0.5
SOC01191,CAMP01344,CUST01622,Facebook,2026-07-25,Image,85929,14338,9755,2425,2811,0.3413
SOC01192,CAMP01293,CUST00796,Instagram,2026-02-19,Image,147243,9626,9164,1843,4568,0.1712
SOC01193,CAMP01356,CUST01758,Facebook,2025-04-12,Text,180974,9644,9265,1721,3728,0.1346
SOC01194,CAMP01579,CUST01787,X,2026-02-07,Image,166929,13578,9533,2997,680,0.1605
SOC01195,CAMP00067,CUST01323,LinkedIn,2026-06-17,Image,138206,13147,6386,139,1627,0.1541
SOC01196,CAMP01256,CUST01815,YouTube,2025-03-21,Video,106759,3107,3781,2258,3676,0.1201
SOC01197,CAMP01297,CUST00009,YouTube,2025-09-19,Video,181604,5953,11799,525,3600,0.1205
SOC01198,CAMP00366,CUST01236,LinkedIn,2026-06-12,Text,141920,1157,2024,1459,1588,0.0439
SOC01199,CAMP01918,CUST01300,X,2025-10-07,Image,111522,11269,11073,1631,4607,0.2563
SOC01200,CAMP01009,CUST00193,YouTube,2025-11-18,Text,98278,10927,8902,1653,4049,0.2598
SOC01201,CAMP01437,CUST01331,YouTube,2026-03-17,Story,66626,680,9880,2297,1908,0.2216
SOC01202,CAMP00812,CUST00279,Facebook,2025-02-10,Image,2292,2292,5351,2714,844,0.5
SOC01203,CAMP01228,CUST00150,Instagram,2025-10-30,Text,143702,12876,8837,579,2899,0.1753
SOC01204,CAMP01889,CUST00005,Instagram,2025-01-22,Story,156453,13725,8325,2810,3172,0.1792
SOC01205,CAMP00016,CUST01509,X,2026-03-06,Image,11519,5061,10149,1167,109,0.5
SOC01206,CAMP01384,CUST00893,X,2025-11-10,Image,90888,7010,3674,1452,2533,0.1614
SOC01207,CAMP01560,CUST00708,Facebook,2025-09-07,Story,67027,4740,8891,1408,4815,0.2962
SOC01208,CAMP01040,CUST01347,Facebook,2025-09-02,Text,192848,13020,2510,1042,1437,0.0934
SOC01209,CAMP01671,CUST00278,LinkedIn,2026-03-08,Story,164482,4417,11722,1236,4733,0.1344
SOC01210,CAMP00796,CUST01879,Facebook,2026-04-27,Video,6675,994,6028,2344,2431,0.5
SOC01211,CAMP01711,CUST00042,LinkedIn,2025-10-20,Reel,82587,12110,10871,71,4106,0.3288
SOC01212,CAMP00679,CUST00450,LinkedIn,2026-05-15,Video,173863,14910,1395,477,4798,0.1241
SOC01213,CAMP01087,CUST01460,LinkedIn,2025-03-08,Text,131100,2403,4233,1523,4211,0.0944
SOC01214,CAMP00270,CUST00274,YouTube,2026-04-26,Text,28214,6194,6783,1192,3790,0.5
SOC01215,CAMP00167,CUST00566,LinkedIn,2025-12-23,Reel,86147,11472,11693,2039,4584,0.3458
SOC01216,CAMP01406,CUST00538,Instagram,2025-04-25,Reel,16997,13008,2940,64,290,0.5
SOC01217,CAMP00661,CUST00086,Instagram,2026-02-07,Image,49039,575,5523,911,1435,0.1722
SOC01218,CAMP01079,CUST01087,X,2026-02-20,Video,81706,567,1803,2515,4887,0.1196
SOC01219,CAMP00657,CUST01524,LinkedIn,2025-05-28,Story,174824,13898,9406,769,1879,0.1484
SOC01220,CAMP00156,CUST00075,LinkedIn,2026-07-31,Image,37120,2827,5766,146,3601,0.3324
SOC01221,CAMP01341,CUST00628,Instagram,2026-02-02,Story,105414,736,2768,727,1620,0.0555
SOC01222,CAMP00819,CUST01659,X,2025-04-01,Story,131464,8829,7081,1638,1263,0.1431
SOC01223,CAMP01741,CUST01371,LinkedIn,2026-08-17,Text,154599,4557,8399,1748,402,0.0977
SOC01224,CAMP01533,CUST01235,YouTube,2026-04-27,Video,121663,247,9532,2982,4800,0.1443
SOC01225,CAMP01874,CUST00064,X,2025-10-15,Image,27003,6898,4021,2904,340,0.5
SOC01226,CAMP00291,CUST01533,YouTube,2026-06-17,Video,167460,8398,3424,979,2476,0.0912
SOC01227,CAMP00778,CUST01230,LinkedIn,2025-07-06,Image,189428,9613,8237,385,1111,0.1021
SOC01228,CAMP01555,CUST01906,X,2025-04-30,Video,170180,4077,6900,2409,2716,0.0946
SOC01229,CAMP00480,CUST00951,YouTube,2025-04-12,Text,38050,14799,2559,2669,3067,0.5
SOC01230,CAMP00916,CUST01455,LinkedIn,2026-02-23,Text,59180,7962,6979,404,1239,0.2802
SOC01231,CAMP00134,CUST01049,X,2025-04-28,Video,12642,1158,7184,2636,1298,0.5
SOC01232,CAMP00139,CUST01620,Facebook,2025-05-13,Video,154762,11236,2006,388,4981,0.1203
SOC01233,CAMP00508,CUST01045,Facebook,2025-05-16,Image,43619,5904,11885,1923,2450,0.5
SOC01234,CAMP01881,CUST01309,YouTube,2026-01-03,Reel,188189,9409,248,679,1521,0.063
SOC01235,CAMP00108,CUST00867,Facebook,2025-08-04,Image,125353,10151,7872,2208,2532,0.1816
SOC01236,CAMP00372,CUST00552,X,2025-09-15,Video,64791,11181,7281,2406,3210,0.3716
SOC01237,CAMP00892,CUST00347,Facebook,2025-01-16,Video,92064,2608,3815,2470,398,0.1009
SOC01238,CAMP00085,CUST00423,LinkedIn,2025-09-19,Video,72260,5220,6464,1879,2916,0.2281
SOC01239,CAMP00270,CUST01178,LinkedIn,2025-10-12,Story,19469,14566,3469,1571,2534,0.5
SOC01240,CAMP01061,CUST01958,YouTube,2025-03-17,Text,31408,10754,11364,2494,3570,0.5
SOC01241,CAMP01753,CUST00533,LinkedIn,2026-06-13,Text,107460,572,5332,2804,4162,0.1198
SOC01242,CAMP00299,CUST00825,Instagram,2026-07-26,Story,199179,8064,7183,856,368,0.0827
SOC01243,CAMP00515,CUST00811,LinkedIn,2025-10-05,Story,35864,11610,4158,565,173,0.4602
SOC01244,CAMP00098,CUST01014,YouTube,2025-01-17,Video,190794,7633,2409,524,2482,0.0684
SOC01245,CAMP00303,CUST01640,LinkedIn,2025-10-31,Image,33567,11222,1913,1993,2827,0.5
SOC01246,CAMP01346,CUST00411,Instagram,2025-02-15,Story,142051,9400,8927,1641,1150,0.1487
SOC01247,CAMP00174,CUST00465,Instagram,2025-12-07,Text,184442,12268,11501,1422,1318,0.1437
SOC01248,CAMP00216,CUST00235,YouTube,2025-05-16,Video,5727,5727,270,104,611,0.5
SOC01249,CAMP00286,CUST00139,X,2026-08-05,Text,59031,14439,1669,717,4054,0.3537
SOC01250,CAMP01932,CUST00897,Facebook,2025-10-28,Story,103080,6706,8453,1462,2627,0.1867
SOC01251,CAMP01921,CUST00301,LinkedIn,2025-06-23,Image,108507,9998,2631,975,3834,0.1607
SOC01252,CAMP01624,CUST01269,Instagram,2026-01-14,Image,174678,4754,9753,2876,2265,0.1125
SOC01253,CAMP00320,CUST00318,Facebook,2026-07-26,Image,64931,11886,9245,1478,1057,0.3645
SOC01254,CAMP01744,CUST01747,X,2025-05-11,Story,18707,9032,2051,1946,2271,0.5
SOC01255,CAMP01711,CUST00484,X,2026-03-31,Text,130792,1813,1070,2710,141,0.0438
SOC01256,CAMP01338,CUST00659,Facebook,2026-07-02,Image,84630,4458,3302,1518,1900,0.1321
SOC01257,CAMP01386,CUST01909,X,2025-09-22,Text,41091,8924,1676,231,3838,0.357
SOC01258,CAMP01091,CUST00805,X,2026-07-08,Story,19472,26,1164,588,1561,0.1715
SOC01259,CAMP00603,CUST01513,Instagram,2026-05-17,Reel,66726,13940,11188,797,4847,0.4612
SOC01260,CAMP01370,CUST01741,LinkedIn,2025-11-06,Video,179255,956,2372,1378,143,0.0271
SOC01261,CAMP00590,CUST01089,YouTube,2026-07-24,Image,9617,1595,6621,46,1326,0.5
SOC01262,CAMP01173,CUST01418,Facebook,2025-04-16,Video,127307,13193,3033,1650,2965,0.1637
SOC01263,CAMP01397,CUST00170,X,2026-07-15,Text,52074,2945,2301,2297,1465,0.173
SOC01264,CAMP01616,CUST00567,X,2025-07-02,Text,124418,12698,3365,1505,4552,0.1778
SOC01265,CAMP01916,CUST00227,LinkedIn,2025-09-27,Text,174650,5138,2958,2354,385,0.062
SOC01266,CAMP00371,CUST01832,YouTube,2025-06-27,Reel,64037,14363,5489,1637,2453,0.3739
SOC01267,CAMP00119,CUST01759,Instagram,2026-06-27,Image,81171,4499,7329,2579,1623,0.1975
SOC01268,CAMP00266,CUST00096,Facebook,2025-06-21,Text,82149,6716,11340,2899,1468,0.273
SOC01269,CAMP00609,CUST01058,YouTube,2026-02-24,Story,142253,13319,8434,2056,285,0.1694
SOC01270,CAMP01356,CUST01288,Facebook,2025-11-11,Video,151604,4083,889,580,1540,0.0468
SOC01271,CAMP01588,CUST01024,Instagram,2025-02-16,Story,80082,4152,2074,2276,215,0.1089
SOC01272,CAMP00400,CUST01945,X,2026-04-01,Video,18701,14980,4097,1194,1304,0.5
SOC01273,CAMP01907,CUST00043,LinkedIn,2025-01-22,Reel,109197,2276,7198,2658,4178,0.1494
SOC01274,CAMP01960,CUST00118,LinkedIn,2025-04-18,Image,139748,9132,2631,445,2192,0.103
SOC01275,CAMP01338,CUST01990,Facebook,2025-08-27,Video,92910,5688,6683,1747,1323,0.1662
SOC01276,CAMP00300,CUST01106,YouTube,2025-09-18,Text,99891,13623,9046,1235,269,0.242
SOC01277,CAMP01479,CUST01174,Instagram,2026-01-20,Story,133902,8008,352,1795,1490,0.087
SOC01278,CAMP01324,CUST00738,LinkedIn,2025-02-06,Story,83997,5372,11217,287,1182,0.215
SOC01279,CAMP00642,CUST00415,LinkedIn,2026-06-17,Text,143624,5137,8408,2816,2287,0.1298
SOC01280,CAMP01596,CUST00824,LinkedIn,2025-01-29,Reel,127049,11593,5207,1063,4714,0.1777
SOC01281,CAMP00029,CUST01259,YouTube,2025-01-23,Text,20912,1571,2681,823,229,0.2536
SOC01282,CAMP00569,CUST00477,X,2026-03-17,Image,4490,4490,10810,1161,2275,0.5
SOC01283,CAMP00167,CUST00217,Facebook,2025-06-11,Text,194167,1437,3830,980,2329,0.0442
SOC01284,CAMP01342,CUST01813,Facebook,2025-05-27,Story,106726,9876,10289,2181,232,0.2116
SOC01285,CAMP01460,CUST01445,X,2026-03-22,Text,156338,5555,10658,1190,1298,0.1196
SOC01286,CAMP01914,CUST00319,Facebook,2025-12-26,Reel,113921,3655,4295,2741,57,0.0943
SOC01287,CAMP00991,CUST00206,X,2025-08-05,Text,52847,3924,429,811,3550,0.1649
SOC01288,CAMP01908,CUST00165,YouTube,2025-07-07,Image,23248,12480,1236,1518,4896,0.5
SOC01289,CAMP00586,CUST01773,X,2025-12-26,Image,170097,13138,7480,2427,264,0.137
SOC01290,CAMP00297,CUST00201,YouTube,2026-05-29,Image,24301,7050,11635,2328,3904,0.5
SOC01291,CAMP01985,CUST00009,YouTube,2025-08-26,Reel,81011,131,9613,2296,2660,0.1815
SOC01292,CAMP00229,CUST00081,Instagram,2025-09-14,Text,77608,11316,9717,1218,1323,0.3038
SOC01293,CAMP01667,CUST00962,X,2025-05-04,Image,35476,1777,10730,2941,3174,0.5
SOC01294,CAMP00610,CUST01139,YouTube,2025-11-13,Reel,184495,8143,8628,847,1652,0.1044
SOC01295,CAMP00592,CUST00604,X,2025-02-06,Image,105444,13190,2527,2524,4978,0.2202
SOC01296,CAMP00119,CUST00508,Instagram,2026-04-30,Video,122315,1614,5309,450,3777,0.0912
SOC01297,CAMP00531,CUST01849,Instagram,2025-11-17,Story,76547,5096,4195,1590,1290,0.159
SOC01298,CAMP00282,CUST01801,X,2025-06-22,Video,112279,6571,2538,1182,3205,0.1202
SOC01299,CAMP01036,CUST00429,Facebook,2025-04-21,Text,176906,2552,6077,2189,4602,0.0872
SOC01300,CAMP00768,CUST01554,Instagram,2025-06-08,Image,194822,5696,4041,2274,3299,0.0786
SOC01301,CAMP00596,CUST01119,X,2025-02-11,Image,59690,5500,9949,79,3305,0.3155
SOC01302,CAMP00026,CUST01221,YouTube,2026-07-23,Reel,108229,13902,5520,1801,1867,0.2133
SOC01303,CAMP01624,CUST01658,X,2025-07-04,Video,73202,967,7444,2775,3131,0.1956
SOC01304,CAMP00140,CUST00541,YouTube,2026-07-05,Reel,6195,6195,7540,654,4188,0.5
SOC01305,CAMP00316,CUST01834,LinkedIn,2026-07-06,Reel,133939,12599,1843,2345,370,0.1281
SOC01306,CAMP01930,CUST01924,LinkedIn,2025-01-09,Story,167518,4770,1365,2243,3540,0.0711
SOC01307,CAMP01608,CUST01324,Instagram,2025-11-30,Reel,93702,12367,5783,79,1081,0.2061
SOC01308,CAMP01439,CUST00334,Instagram,2026-04-18,Video,191374,9161,8588,265,3634,0.1131
SOC01309,CAMP00212,CUST00849,LinkedIn,2025-05-24,Image,150689,14214,7694,1105,2564,0.1697
SOC01310,CAMP00625,CUST01863,X,2026-08-07,Video,194117,6632,8731,467,984,0.0866
SOC01311,CAMP00539,CUST01557,Facebook,2026-01-05,Video,6970,4041,10177,904,4993,0.5
SOC01312,CAMP00241,CUST00652,Instagram,2026-04-13,Image,43046,9849,11871,544,1518,0.5
SOC01313,CAMP00592,CUST01789,Instagram,2026-04-05,Reel,56236,6540,9454,2496,4115,0.402
SOC01314,CAMP00959,CUST01409,X,2025-03-26,Reel,109114,6517,9346,2050,1811,0.1808
SOC01315,CAMP00514,CUST01633,YouTube,2026-05-22,Reel,186655,2951,7490,552,699,0.0626
SOC01316,CAMP01195,CUST01407,Facebook,2025-03-13,Reel,81871,6122,11878,851,1523,0.2489
SOC01317,CAMP01072,CUST01932,YouTube,2026-08-14,Video,46385,7268,9764,2079,4838,0.5
SOC01318,CAMP00548,CUST01072,LinkedIn,2026-01-10,Video,88764,11667,774,2646,1007,0.1813
SOC01319,CAMP01598,CUST00041,Instagram,2026-01-03,Image,92858,13043,843,2981,4143,0.2263
SOC01320,CAMP01134,CUST00668,Instagram,2026-07-21,Image,64911,14249,11144,275,3369,0.4473
SOC01321,CAMP01984,CUST01095,LinkedIn,2025-09-15,Story,142929,3526,11313,1874,2162,0.1321
SOC01322,CAMP00906,CUST00514,Instagram,2025-10-25,Reel,6522,699,9575,2810,3249,0.5
SOC01323,CAMP01439,CUST01045,LinkedIn,2026-02-09,Text,62117,4839,9282,2676,2909,0.3172
SOC01324,CAMP01274,CUST00870,X,2025-05-13,Video,41025,343,6801,15,2749,0.2415
SOC01325,CAMP00127,CUST00346,Facebook,2025-03-07,Reel,15154,14098,7939,143,3547,0.5
SOC01326,CAMP00839,CUST01818,Instagram,2026-08-08,Video,18541,7843,4244,2752,3065,0.5
SOC01327,CAMP00830,CUST00948,LinkedIn,2026-03-16,Video,171690,10209,7406,700,274,0.1083
SOC01328,CAMP01005,CUST00633,YouTube,2025-12-07,Image,97679,10842,1743,391,4863,0.1826
SOC01329,CAMP01605,CUST00801,YouTube,2025-06-16,Text,195064,2192,6524,438,4978,0.0724
SOC01330,CAMP00245,CUST01228,LinkedIn,2026-04-21,Story,37344,13742,833,70,342,0.4013
SOC01331,CAMP01447,CUST00468,X,2026-02-02,Text,189440,13871,2586,1264,31,0.0937
SOC01332,CAMP00428,CUST00163,X,2025-09-15,Story,100812,4382,4325,806,3369,0.1278
SOC01333,CAMP00949,CUST01153,YouTube,2025-10-05,Reel,22641,8755,7546,207,4291,0.5
SOC01334,CAMP00936,CUST00346,LinkedIn,2026-07-19,Reel,40829,7163,4926,1009,4048,0.4199
SOC01335,CAMP01796,CUST01995,X,2025-05-31,Video,97815,3801,5002,900,2981,0.1297
SOC01336,CAMP01061,CUST00029,Instagram,2025-02-14,Text,136643,12407,9093,2206,2183,0.1895
SOC01337,CAMP01102,CUST01673,Instagram,2026-04-04,Story,164795,11679,8876,585,4569,0.156
SOC01338,CAMP01547,CUST01827,X,2025-05-15,Video,183903,5133,3072,2694,1547,0.0677
SOC01339,CAMP00589,CUST01276,Facebook,2026-06-07,Image,178114,13076,2529,307,4433,0.1142
SOC01340,CAMP00365,CUST01236,LinkedIn,2025-12-22,Image,117066,1003,3357,1157,2742,0.0705
SOC01341,CAMP00531,CUST01818,X,2025-12-07,Text,6679,4190,1790,2904,2710,0.5
SOC01342,CAMP01394,CUST01486,Facebook,2025-05-25,Text,21673,12716,2222,754,3810,0.5
SOC01343,CAMP01111,CUST00077,LinkedIn,2026-05-15,Image,198950,7976,11167,2497,2889,0.1233
SOC01344,CAMP00913,CUST01443,X,2026-04-04,Image,32379,4015,11415,840,4327,0.5
SOC01345,CAMP00835,CUST00903,LinkedIn,2026-05-16,Story,19655,9932,6336,210,4365,0.5
SOC01346,CAMP00059,CUST00041,LinkedIn,2025-11-16,Story,163791,14824,1801,2627,3311,0.1378
SOC01347,CAMP00366,CUST00448,LinkedIn,2025-05-25,Image,110594,4918,11787,2392,1786,0.1888
SOC01348,CAMP00104,CUST00940,YouTube,2025-12-06,Story,83804,3812,6305,162,3218,0.1611
SOC01349,CAMP00525,CUST00205,YouTube,2025-12-30,Text,89911,2049,2909,1504,4909,0.1265
SOC01350,CAMP01041,CUST01792,Facebook,2025-04-27,Reel,136607,9419,4313,1303,4477,0.1428
SOC01351,CAMP01861,CUST00559,Facebook,2026-08-15,Reel,199110,6853,4559,2111,4361,0.0898
SOC01352,CAMP01350,CUST01467,Facebook,2025-09-04,Video,135673,13940,6818,661,2663,0.1775
SOC01353,CAMP01232,CUST00497,X,2025-03-10,Reel,114373,2248,4255,943,4807,0.1071
SOC01354,CAMP01724,CUST01411,LinkedIn,2026-04-01,Reel,43411,3940,119,1070,1804,0.1597
SOC01355,CAMP01259,CUST01816,X,2026-01-21,Text,68556,12397,3338,2472,3693,0.3194
SOC01356,CAMP00466,CUST01242,X,2025-02-06,Text,59223,6405,10330,783,941,0.3117
SOC01357,CAMP01428,CUST01838,YouTube,2025-08-07,Text,146676,6950,10533,847,1472,0.135
SOC01358,CAMP01635,CUST00585,X,2025-03-02,Text,144214,6459,4843,2342,669,0.0992
SOC01359,CAMP00592,CUST00360,LinkedIn,2025-08-20,Story,8539,8539,9501,552,1857,0.5
SOC01360,CAMP00352,CUST00726,Facebook,2025-02-02,Video,3367,3367,3138,756,1859,0.5
SOC01361,CAMP01142,CUST01407,LinkedIn,2025-02-06,Story,189874,1540,3497,1233,1246,0.0396
SOC01362,CAMP01302,CUST00002,X,2026-05-03,Text,98446,5552,3761,2702,140,0.1235
SOC01363,CAMP01443,CUST00796,Facebook,2025-06-17,Story,184833,9788,10042,1045,1792,0.1226
SOC01364,CAMP00340,CUST01354,X,2026-03-14,Story,27791,8009,11613,2119,3192,0.5
SOC01365,CAMP00541,CUST01332,YouTube,2026-05-25,Text,74804,9217,11398,867,4271,0.3443
SOC01366,CAMP01253,CUST00520,YouTube,2026-02-13,Text,102738,9428,4430,878,4375,0.186
SOC01367,CAMP00992,CUST00479,YouTube,2025-02-05,Image,39880,1988,8557,2903,1872,0.3842
SOC01368,CAMP00546,CUST00725,Facebook,2026-05-05,Reel,98138,4562,5649,196,3208,0.1387
SOC01369,CAMP01088,CUST00661,Instagram,2025-07-02,Reel,52170,1201,10147,412,409,0.2333
SOC01370,CAMP00757,CUST00169,YouTube,2026-02-07,Text,111177,9350,10368,516,4904,0.2261
SOC01371,CAMP00792,CUST00646,LinkedIn,2026-08-12,Video,85622,4891,10302,484,1500,0.2006
SOC01372,CAMP01294,CUST01751,LinkedIn,2025-02-02,Reel,71219,3123,11945,1562,4622,0.2984
SOC01373,CAMP00588,CUST01299,Facebook,2025-03-28,Reel,149368,10570,2911,488,2248,0.1086
SOC01374,CAMP01061,CUST00347,Instagram,2026-05-13,Story,46621,3923,11677,2477,2968,0.4514
SOC01375,CAMP00448,CUST01876,LinkedIn,2026-03-31,Reel,57823,2521,2608,1994,2588,0.1679
SOC01376,CAMP00178,CUST00891,YouTube,2026-07-16,Story,94553,1193,1623,1151,652,0.0489
SOC01377,CAMP01422,CUST00617,Instagram,2026-08-16,Story,57043,4697,9205,1285,1509,0.2927
SOC01378,CAMP01236,CUST00723,Facebook,2025-02-12,Text,93746,12905,6698,1201,980,0.2324
SOC01379,CAMP00801,CUST01680,Facebook,2026-06-15,Text,35467,3969,9194,1473,3488,0.5
SOC01380,CAMP01126,CUST00408,X,2025-04-30,Video,93911,6439,7189,2744,1775,0.1932
SOC01381,CAMP01535,CUST01899,Facebook,2026-05-25,Text,99032,7491,5023,802,4235,0.1772
SOC01382,CAMP01482,CUST01696,Instagram,2026-01-12,Text,107197,4389,9397,1280,853,0.1485
SOC01383,CAMP01541,CUST00271,Instagram,2026-08-18,Image,105799,11101,7574,1031,2599,0.2108
SOC01384,CAMP01705,CUST00513,YouTube,2026-08-09,Image,97200,10071,5821,510,2070,0.19
SOC01385,CAMP01374,CUST01053,YouTube,2025-06-12,Story,75647,355,6255,1816,265,0.1149
SOC01386,CAMP00394,CUST00633,LinkedIn,2025-11-07,Text,68962,5456,5661,547,4972,0.2412
SOC01387,CAMP00901,CUST01674,Instagram,2026-07-27,Image,106161,12046,2207,2159,3119,0.184
SOC01388,CAMP01348,CUST01654,YouTube,2026-04-08,Image,57961,7439,4319,2550,4983,0.3328
SOC01389,CAMP00953,CUST01764,Facebook,2025-11-19,Image,66081,1664,1432,1916,364,0.0814
SOC01390,CAMP00707,CUST00835,Facebook,2026-03-02,Image,147083,5517,8771,1439,3761,0.1325
SOC01391,CAMP00976,CUST00248,YouTube,2025-03-05,Text,154833,5669,8376,2139,3875,0.1296
SOC01392,CAMP00473,CUST01135,LinkedIn,2026-03-08,Image,109100,4087,7852,2350,3065,0.1591
SOC01393,CAMP00088,CUST01777,YouTube,2026-05-31,Story,153381,3635,3548,1497,662,0.0609
SOC01394,CAMP01427,CUST01544,Facebook,2025-09-17,Reel,22837,14547,11810,1717,4261,0.5
SOC01395,CAMP01797,CUST00529,Facebook,2025-03-19,Video,173366,11249,8961,957,2588,0.137
SOC01396,CAMP01028,CUST00707,YouTube,2025-03-01,Image,42141,162,7045,629,4811,0.3001
SOC01397,CAMP01121,CUST01206,Facebook,2025-04-16,Video,84850,13247,7490,177,252,0.2495
SOC01398,CAMP01788,CUST00907,Facebook,2025-12-15,Reel,93947,4862,11027,746,4245,0.2223
SOC01399,CAMP01233,CUST01368,LinkedIn,2025-01-01,Image,78672,3780,117,1018,1618,0.083
SOC01400,CAMP00482,CUST00657,LinkedIn,2026-08-19,Reel,7335,7335,11608,410,3255,0.5
SOC01401,CAMP00813,CUST00545,Instagram,2025-08-14,Text,152603,14102,5667,2618,2322,0.1619
SOC01402,CAMP00348,CUST00179,LinkedIn,2025-10-20,Image,26049,6940,456,302,2434,0.389
SOC01403,CAMP00919,CUST01509,Facebook,2025-09-06,Video,175993,13905,4187,996,320,0.1103
SOC01404,CAMP01008,CUST01365,YouTube,2026-02-17,Text,28057,7455,462,1833,1874,0.4143
SOC01405,CAMP00626,CUST01835,X,2025-06-04,Story,126908,7513,7273,467,202,0.1218
SOC01406,CAMP01576,CUST00742,Instagram,2026-05-31,Text,173776,8744,11782,2371,2190,0.1444
SOC01407,CAMP01961,CUST01376,YouTube,2026-05-04,Reel,133422,14202,7603,2029,4471,0.2121
SOC01408,CAMP01035,CUST00110,Facebook,2026-03-29,Story,76912,11440,7197,2055,801,0.2794
SOC01409,CAMP00719,CUST01853,YouTube,2026-06-10,Text,126396,9830,745,2310,281,0.1042
SOC01410,CAMP00854,CUST01913,Instagram,2026-03-30,Reel,172445,1554,3405,2710,1313,0.0521
SOC01411,CAMP00107,CUST00838,Facebook,2025-06-25,Image,124449,3112,3249,1575,1744,0.0778
SOC01412,CAMP01290,CUST00896,Instagram,2026-02-06,Reel,73834,920,5303,2719,3825,0.1729
SOC01413,CAMP00535,CUST00361,Instagram,2025-11-06,Video,49766,6061,9788,2818,652,0.3882
SOC01414,CAMP01064,CUST00034,X,2026-02-12,Reel,141700,5019,5328,2837,3199,0.1156
SOC01415,CAMP01451,CUST00361,Instagram,2026-07-16,Video,36369,429,1918,2624,740,0.157
SOC01416,CAMP01276,CUST00721,Facebook,2025-02-15,Reel,104879,6866,1257,2308,1579,0.1145
SOC01417,CAMP01111,CUST00772,Instagram,2025-04-18,Image,30653,3329,1337,2940,1870,0.3091
SOC01418,CAMP01516,CUST01475,YouTube,2026-07-19,Reel,46557,12268,10929,1434,2568,0.5
SOC01419,CAMP00226,CUST00409,Instagram,2025-05-11,Reel,176942,6496,2704,577,832,0.06
SOC01420,CAMP01964,CUST00533,X,2025-10-18,Text,180568,196,3861,1043,1863,0.0386
SOC01421,CAMP01080,CUST01936,X,2025-08-13,Video,164373,10829,6104,787,1568,0.1173
SOC01422,CAMP00489,CUST00062,X,2026-05-10,Video,175295,9472,6592,236,1195,0.0998
SOC01423,CAMP00075,CUST01731,Instagram,2025-05-25,Story,153400,11085,9839,1545,2827,0.1649
SOC01424,CAMP01204,CUST01978,YouTube,2025-04-03,Text,149924,5056,10435,2807,531,0.1256
SOC01425,CAMP01074,CUST00610,Instagram,2025-01-22,Story,157508,14160,2593,2664,4933,0.1546
SOC01426,CAMP01204,CUST01241,Facebook,2025-07-05,Story,133126,6746,10674,856,2655,0.1572
SOC01427,CAMP00046,CUST00269,Facebook,2026-06-20,Video,154988,9210,4908,1196,4424,0.1274
SOC01428,CAMP00460,CUST00994,YouTube,2026-05-20,Text,89179,8537,2251,461,3145,0.1614
SOC01429,CAMP01335,CUST00109,Facebook,2025-02-01,Reel,143981,8634,6297,1306,3523,0.1372
SOC01430,CAMP01925,CUST01570,X,2026-08-06,Image,27493,3286,2040,254,8,0.2033
SOC01431,CAMP01188,CUST01494,Facebook,2025-08-06,Image,79904,7001,4278,310,4367,0.1997
SOC01432,CAMP01576,CUST00600,X,2025-03-21,Reel,84667,3104,1665,733,190,0.0672
SOC01433,CAMP01847,CUST00756,LinkedIn,2025-02-26,Story,116026,3534,9020,2158,1096,0.1362
SOC01434,CAMP00447,CUST01276,YouTube,2025-06-23,Story,145380,11551,2815,2562,933,0.1229
SOC01435,CAMP00803,CUST01812,YouTube,2025-07-27,Story,197708,11780,11262,2560,4345,0.1515
SOC01436,CAMP01962,CUST00069,Instagram,2026-01-15,Video,96459,12483,3842,2847,3750,0.2376
SOC01437,CAMP01440,CUST00215,Instagram,2025-03-06,Reel,162034,8989,1883,345,1547,0.0788
SOC01438,CAMP00451,CUST00582,Facebook,2025-11-01,Reel,196556,3940,8735,750,3668,0.087
SOC01439,CAMP00404,CUST00974,YouTube,2025-03-08,Text,51606,1681,5921,1594,1229,0.202
SOC01440,CAMP00506,CUST00089,X,2026-01-06,Story,126261,9448,1831,2517,2087,0.1258
SOC01441,CAMP00762,CUST01708,LinkedIn,2026-01-18,Story,25694,13190,4631,252,2467,0.5
SOC01442,CAMP00027,CUST00431,Facebook,2026-02-14,Video,33106,7751,2611,1764,4991,0.5
SOC01443,CAMP00176,CUST00991,LinkedIn,2025-09-22,Video,103535,4198,8191,432,273,0.1265
SOC01444,CAMP00226,CUST01681,Facebook,2025-09-09,Reel,16568,8948,4538,868,2528,0.5
SOC01445,CAMP01930,CUST01112,X,2025-06-12,Text,108138,2501,1194,2116,2524,0.0771
SOC01446,CAMP00159,CUST00750,YouTube,2026-07-07,Story,43761,12959,289,881,3285,0.3979
SOC01447,CAMP01677,CUST01251,YouTube,2026-07-24,Reel,137552,5790,11541,2237,1926,0.1563
SOC01448,CAMP01868,CUST00169,YouTube,2025-03-03,Reel,108602,8976,3031,1197,2676,0.1462
SOC01449,CAMP00646,CUST00691,YouTube,2026-08-02,Image,159921,10154,9825,2869,304,0.1448
SOC01450,CAMP01714,CUST01956,Facebook,2025-11-26,Story,193403,12887,5578,428,4655,0.1218
SOC01451,CAMP01339,CUST01960,Instagram,2026-01-01,Story,167132,5100,8183,637,4494,0.1102
SOC01452,CAMP01362,CUST00886,X,2026-02-07,Video,197637,7093,6684,1949,642,0.0828
SOC01453,CAMP01858,CUST01503,X,2025-05-02,Video,104594,5598,5021,2928,920,0.1383
SOC01454,CAMP00775,CUST00370,LinkedIn,2026-07-16,Image,152940,966,7615,101,275,0.0586
SOC01455,CAMP00638,CUST01993,LinkedIn,2026-07-09,Reel,188119,4634,1272,1808,3203,0.058
SOC01456,CAMP01504,CUST00716,LinkedIn,2025-09-01,Video,49200,2402,4715,2671,2750,0.2548
SOC01457,CAMP01093,CUST00745,Instagram,2025-08-07,Text,168384,11210,1461,2517,3038,0.1082
SOC01458,CAMP00967,CUST00083,X,2026-06-21,Text,198551,9696,6755,2271,3274,0.1108
SOC01459,CAMP01674,CUST00764,YouTube,2025-10-16,Story,67835,1655,6530,1506,2305,0.1768
SOC01460,CAMP01923,CUST00830,LinkedIn,2025-06-11,Text,187786,5700,10315,1030,4190,0.1131
SOC01461,CAMP00376,CUST01951,Instagram,2026-03-16,Reel,81725,347,186,1877,1086,0.0428
SOC01462,CAMP00066,CUST00726,LinkedIn,2025-01-10,Video,130697,7076,8709,1484,2449,0.1509
SOC01463,CAMP01499,CUST01787,Instagram,2026-03-19,Video,12851,3603,7990,958,1261,0.5
SOC01464,CAMP00015,CUST01835,Facebook,2026-01-28,Reel,4133,4133,6900,1244,840,0.5
SOC01465,CAMP01454,CUST01735,YouTube,2025-10-01,Reel,157779,14038,10720,425,1533,0.1693
SOC01466,CAMP00761,CUST01288,Instagram,2025-11-25,Image,50750,9374,9321,2855,1809,0.4603
SOC01467,CAMP00123,CUST01055,X,2025-11-18,Story,158052,2075,4019,489,177,0.0428
SOC01468,CAMP01683,CUST01258,Instagram,2025-05-25,Reel,97650,11015,3525,1472,3905,0.204
SOC01469,CAMP01813,CUST01934,Instagram,2026-08-03,Story,20577,7739,8786,1299,338,0.5
SOC01470,CAMP01364,CUST01896,Facebook,2025-10-26,Story,60238,575,11482,2841,1437,0.2712
SOC01471,CAMP01401,CUST00157,YouTube,2025-10-23,Video,39276,1207,3921,1481,1823,0.2147
SOC01472,CAMP00649,CUST00287,X,2025-12-30,Story,122944,13944,8279,2342,4293,0.2347
SOC01473,CAMP00955,CUST01018,X,2026-02-25,Image,21726,11217,2392,1683,3061,0.5
SOC01474,CAMP00199,CUST01057,YouTube,2025-10-07,Reel,114530,5482,8064,2327,599,0.1438
SOC01475,CAMP00017,CUST01345,X,2025-05-07,Text,163961,83,3418,1184,2715,0.0451
SOC01476,CAMP01127,CUST01294,Facebook,2025-09-03,Video,196557,10669,9426,2127,2121,0.1238
SOC01477,CAMP00640,CUST00804,X,2026-01-05,Text,137226,6859,8534,2708,1308,0.1414
SOC01478,CAMP01123,CUST00944,X,2025-05-27,Story,88010,6243,57,2029,3559,0.1351
SOC01479,CAMP01133,CUST01655,YouTube,2025-04-17,Text,103680,409,8920,1249,304,0.105
SOC01480,CAMP00063,CUST00388,Instagram,2025-03-30,Text,6868,3166,1704,1189,1782,0.5
SOC01481,CAMP01947,CUST00541,Instagram,2025-08-07,Video,179581,3671,2848,1519,4144,0.0678
SOC01482,CAMP01659,CUST00535,Instagram,2026-04-11,Image,10988,8255,6882,305,3316,0.5
SOC01483,CAMP00115,CUST00595,X,2025-09-25,Reel,195269,9332,7055,517,766,0.0905
SOC01484,CAMP01514,CUST00031,Facebook,2025-07-03,Reel,32469,1316,7297,1510,4918,0.4632
SOC01485,CAMP00328,CUST00016,Facebook,2026-02-04,Video,183886,14253,3998,788,3824,0.1243
SOC01486,CAMP00993,CUST00513,Facebook,2026-04-17,Story,50984,736,10765,2349,214,0.2759
SOC01487,CAMP00939,CUST01989,LinkedIn,2025-02-18,Reel,9418,9418,7565,1057,4383,0.5
SOC01488,CAMP00346,CUST01119,YouTube,2026-07-15,Reel,134340,4191,6391,369,163,0.0827
SOC01489,CAMP00989,CUST01638,Instagram,2025-03-01,Story,191498,14851,8858,1355,2488,0.1439
SOC01490,CAMP01064,CUST01680,Instagram,2026-03-08,Story,135870,6427,3226,1419,3010,0.1036
SOC01491,CAMP00667,CUST00540,YouTube,2025-02-01,Story,66201,8944,5130,845,1384,0.2463
SOC01492,CAMP01261,CUST01389,LinkedIn,2025-06-29,Story,168766,3698,5875,761,4761,0.0894
SOC01493,CAMP00405,CUST01230,LinkedIn,2025-08-16,Video,118272,5031,1433,1712,3938,0.1024
SOC01494,CAMP01823,CUST01890,LinkedIn,2025-04-27,Story,1958,1958,3793,1357,2452,0.5
SOC01495,CAMP01719,CUST00031,Facebook,2025-05-01,Text,39004,12653,9717,2169,2306,0.5
SOC01496,CAMP00471,CUST01988,Facebook,2025-08-05,Video,136000,441,8167,609,2326,0.0849
SOC01497,CAMP00877,CUST00760,Instagram,2026-04-04,Story,13539,10167,11001,2475,2239,0.5
SOC01498,CAMP01566,CUST00546,LinkedIn,2025-10-20,Text,112721,13026,7348,2032,1130,0.2088
SOC01499,CAMP00916,CUST01061,LinkedIn,2026-05-07,Image,61126,9704,674,403,3259,0.2297
SOC01500,CAMP01007,CUST01302,YouTube,2026-04-28,Reel,52069,6366,2281,1936,1825,0.2383
SOC01501,CAMP01552,CUST00954,X,2025-05-26,Video,104492,6336,3931,1343,3812,0.1476
SOC01502,CAMP00108,CUST01481,X,2025-09-24,Image,120159,11338,4461,1288,21,0.1424
SOC01503,CAMP01039,CUST00676,YouTube,2026-01-02,Reel,113445,13702,11775,1711,876,0.2474
SOC01504,CAMP01602,CUST00103,Instagram,2025-06-14,Text,30156,13637,8124,754,2622,0.5
SOC01505,CAMP01092,CUST01099,Instagram,2025-10-19,Image,137494,8634,10436,2778,1455,0.1695
SOC01506,CAMP01158,CUST01018,X,2025-06-27,Video,5088,5088,11331,836,4078,0.5
SOC01507,CAMP01420,CUST00808,X,2025-04-30,Image,85192,10898,7082,2737,3225,0.281
SOC01508,CAMP00098,CUST01548,LinkedIn,2025-02-13,Story,95212,7485,4754,592,3904,0.1758
SOC01509,CAMP01637,CUST01706,Facebook,2026-01-15,Story,109929,755,6208,625,3756,0.1032
SOC01510,CAMP01365,CUST00938,Facebook,2025-10-15,Video,127881,9460,8668,2899,2202,0.1816
SOC01511,CAMP01063,CUST00482,YouTube,2026-03-16,Reel,168633,12087,8863,1800,447,0.1376
SOC01512,CAMP01116,CUST00831,LinkedIn,2025-02-10,Video,110678,14596,5068,689,2186,0.2036
SOC01513,CAMP01700,CUST01464,X,2026-05-15,Image,148058,4334,1211,1405,1210,0.0551
SOC01514,CAMP00804,CUST01099,YouTube,2026-07-25,Image,158131,1232,4574,1277,3387,0.0662
SOC01515,CAMP01776,CUST01592,Facebook,2025-06-30,Reel,86278,8852,5341,2283,4782,0.2464
SOC01516,CAMP00182,CUST00216,Facebook,2026-08-04,Story,47882,8495,7600,1505,4678,0.4653
SOC01517,CAMP00507,CUST01898,Facebook,2025-04-02,Video,137104,10597,7052,200,3739,0.1575
SOC01518,CAMP01782,CUST00149,X,2025-11-12,Text,69081,7246,11525,2012,3710,0.3546
SOC01519,CAMP01470,CUST01339,X,2026-07-10,Video,29382,10115,8187,2478,4825,0.5
SOC01520,CAMP01860,CUST00022,Facebook,2025-09-14,Story,118137,12294,3869,2253,2493,0.177
SOC01521,CAMP00373,CUST00831,LinkedIn,2026-07-09,Video,53918,3430,9522,634,62,0.2531
SOC01522,CAMP01873,CUST00826,YouTube,2025-05-02,Reel,78160,1601,5331,1156,4552,0.1617
SOC01523,CAMP00585,CUST00990,X,2025-06-20,Text,95709,11783,4083,120,2808,0.1964
SOC01524,CAMP01265,CUST00921,Facebook,2026-01-19,Text,155471,9623,656,1551,4938,0.1079
SOC01525,CAMP00189,CUST00152,Facebook,2025-02-03,Text,128565,2323,9261,946,4071,0.1291
SOC01526,CAMP00127,CUST01892,Instagram,2025-05-22,Image,3466,3466,7558,2700,3584,0.5
SOC01527,CAMP00740,CUST01139,Instagram,2026-02-27,Reel,22595,8313,857,730,2007,0.5
SOC01528,CAMP01275,CUST01822,Facebook,2025-03-20,Text,154232,11419,4511,344,4518,0.1348
SOC01529,CAMP00552,CUST00317,Instagram,2025-08-06,Story,184640,8047,5028,2159,4579,0.1073
SOC01530,CAMP01669,CUST00762,LinkedIn,2025-11-28,Image,162859,1008,1444,1325,4703,0.0521
SOC01531,CAMP00411,CUST00520,YouTube,2026-03-29,Reel,36451,11625,9225,1909,2696,0.5
SOC01532,CAMP01988,CUST01940,Instagram,2025-11-08,Reel,140452,12593,7441,568,2850,0.167
SOC01533,CAMP01515,CUST00959,YouTube,2025-02-12,Video,20661,643,2658,2621,3454,0.4538
SOC01534,CAMP01124,CUST00317,X,2025-12-19,Video,110375,26,8163,138,1470,0.0888
SOC01535,CAMP00710,CUST00960,YouTube,2025-10-01,Reel,61020,1974,6792,1187,710,0.1747
SOC01536,CAMP00713,CUST00475,Instagram,2025-08-23,Text,49635,13270,1491,464,3664,0.3806
SOC01537,CAMP00182,CUST01168,Facebook,2025-07-18,Video,69388,14003,6978,2148,2148,0.3643
SOC01538,CAMP00902,CUST01039,X,2026-05-02,Image,30064,7250,7197,746,828,0.5
SOC01539,CAMP00357,CUST01548,LinkedIn,2026-01-19,Reel,187356,6371,2247,1393,4713,0.0786
SOC01540,CAMP01150,CUST00747,Facebook,2025-01-21,Story,178549,13877,10129,1690,1670,0.1533
SOC01541,CAMP00232,CUST00427,X,2026-02-27,Story,180191,3713,8972,796,3084,0.0919
SOC01542,CAMP01652,CUST01061,YouTube,2025-06-23,Story,199934,157,6502,2300,1991,0.0548
SOC01543,CAMP00074,CUST00766,LinkedIn,2026-07-20,Story,172786,12733,8597,769,1953,0.1392
SOC01544,CAMP01890,CUST00012,Facebook,2025-09-26,Story,33817,13822,9560,2822,4237,0.5
SOC01545,CAMP01980,CUST00723,LinkedIn,2025-07-27,Story,94330,12147,6077,1988,4135,0.2581
SOC01546,CAMP00449,CUST01352,LinkedIn,2025-03-15,Image,77052,8158,5913,2874,2168,0.2481
SOC01547,CAMP01638,CUST01415,Facebook,2025-03-18,Video,2883,2883,4977,201,2519,0.5
SOC01548,CAMP00500,CUST00550,X,2026-03-18,Text,46534,1013,2795,2636,3113,0.2054
SOC01549,CAMP00986,CUST01400,Instagram,2026-07-27,Reel,140884,13223,6629,2918,555,0.1656
SOC01550,CAMP01673,CUST00616,LinkedIn,2025-08-25,Image,41796,14778,1861,1545,4321,0.5
SOC01551,CAMP00426,CUST00005,YouTube,2025-12-06,Video,120074,8136,398,2659,2776,0.1163
SOC01552,CAMP00922,CUST01825,Facebook,2026-07-23,Story,140918,4229,2771,1271,680,0.0635
SOC01553,CAMP00743,CUST00016,LinkedIn,2026-07-11,Image,1555,1555,1239,1363,3381,0.5
SOC01554,CAMP00551,CUST01774,Instagram,2026-02-15,Story,187228,2778,7701,1350,3384,0.0813
SOC01555,CAMP00856,CUST00235,YouTube,2026-05-11,Reel,94639,1576,1988,1914,3079,0.0904
SOC01556,CAMP00242,CUST00813,X,2025-11-05,Video,80272,1029,3509,2895,3378,0.1347
SOC01557,CAMP01044,CUST01169,Instagram,2025-10-20,Story,3741,3741,5138,626,4217,0.5
SOC01558,CAMP00368,CUST00754,X,2025-09-19,Text,168316,7769,6566,1768,2751,0.112
SOC01559,CAMP00550,CUST00487,LinkedIn,2025-02-22,Reel,178755,1639,1934,1486,539,0.0313
SOC01560,CAMP00666,CUST01581,LinkedIn,2025-12-28,Image,175012,10144,9646,2235,4533,0.1517
SOC01561,CAMP00962,CUST00849,LinkedIn,2025-06-28,Image,116943,7989,1471,1346,2218,0.1114
SOC01562,CAMP00059,CUST01460,Facebook,2026-03-04,Video,137919,4519,1193,194,2647,0.062
SOC01563,CAMP00069,CUST00001,X,2026-02-21,Reel,166280,13468,1878,2404,1442,0.1154
SOC01564,CAMP01943,CUST00276,YouTube,2025-07-12,Text,156034,10429,1415,2921,789,0.0997
SOC01565,CAMP01952,CUST01003,Instagram,2026-03-14,Image,99164,5705,1720,2848,4612,0.1501
SOC01566,CAMP01094,CUST00800,X,2025-04-13,Story,18836,12675,8840,1561,3355,0.5
SOC01567,CAMP00180,CUST01748,LinkedIn,2025-05-30,Text,81296,14678,7325,1033,2157,0.3099
SOC01568,CAMP01647,CUST00997,LinkedIn,2026-02-12,Image,158430,6823,371,1807,2085,0.07
SOC01569,CAMP01674,CUST01721,Instagram,2026-01-17,Image,193721,9275,7063,2510,1743,0.1063
SOC01570,CAMP00881,CUST00946,LinkedIn,2026-06-07,Story,30792,14470,2491,2423,4956,0.5
SOC01571,CAMP00216,CUST01251,X,2025-03-03,Image,170970,6829,963,1677,1412,0.0636
SOC01572,CAMP01916,CUST00206,Instagram,2026-02-23,Image,145146,1617,5190,253,4067,0.0767
SOC01573,CAMP01841,CUST00726,X,2025-05-08,Text,73792,6192,9816,747,32,0.2275
SOC01574,CAMP00848,CUST01262,Facebook,2025-07-24,Story,191213,10940,11609,37,684,0.1217
SOC01575,CAMP00803,CUST00587,Instagram,2025-03-15,Video,10713,10713,934,1522,1159,0.5
SOC01576,CAMP00797,CUST01274,X,2025-07-06,Image,57632,11054,6292,2866,1866,0.3831
SOC01577,CAMP01108,CUST01120,YouTube,2025-05-02,Text,17023,14423,5956,1814,2394,0.5
SOC01578,CAMP01455,CUST01569,X,2025-11-07,Text,96538,8368,1718,639,785,0.1192
SOC01579,CAMP01015,CUST01374,YouTube,2025-04-09,Text,151731,11085,7159,116,1701,0.1322
SOC01580,CAMP01125,CUST01210,LinkedIn,2025-12-11,Image,94815,2110,7006,317,4522,0.1472
SOC01581,CAMP01148,CUST00175,X,2026-03-05,Story,79103,12736,391,1002,1246,0.1944
SOC01582,CAMP00613,CUST00089,Facebook,2025-08-27,Reel,38727,8165,4523,2807,152,0.404
SOC01583,CAMP01236,CUST01255,LinkedIn,2026-06-30,Story,68296,434,11038,125,679,0.1797
SOC01584,CAMP00003,CUST00489,X,2025-03-18,Reel,4752,2495,707,1125,2016,0.5
SOC01585,CAMP00779,CUST01325,Instagram,2026-07-30,Reel,118980,10997,1093,1180,4572,0.15
SOC01586,CAMP00248,CUST01072,LinkedIn,2025-12-23,Text,152824,1294,6051,2563,1030,0.0716
SOC01587,CAMP00637,CUST00502,YouTube,2025-08-22,Image,144678,9559,11721,1839,2928,0.18
SOC01588,CAMP00521,CUST00831,Facebook,2025-01-17,Video,178305,8122,7632,2793,2267,0.1167
SOC01589,CAMP00010,CUST00789,LinkedIn,2026-05-28,Video,92918,6930,8018,2565,3250,0.2235
SOC01590,CAMP00215,CUST01223,Facebook,2026-07-17,Reel,54401,9116,11525,589,3961,0.4631
SOC01591,CAMP01720,CUST00445,LinkedIn,2025-02-24,Video,101377,10071,714,1822,303,0.1273
SOC01592,CAMP01035,CUST00143,Facebook,2025-06-07,Image,134810,12048,8708,207,117,0.1564
SOC01593,CAMP01423,CUST00692,YouTube,2025-12-06,Video,145739,8083,10968,1981,4355,0.1742
SOC01594,CAMP00677,CUST00616,Facebook,2025-07-20,Image,122799,3084,9369,117,1315,0.1131
SOC01595,CAMP00133,CUST00987,Facebook,2025-12-27,Story,34301,13208,2579,1909,2268,0.5
SOC01596,CAMP01399,CUST00435,Instagram,2025-12-17,Video,65582,13982,10943,829,4183,0.4565
SOC01597,CAMP00860,CUST00698,Instagram,2025-09-02,Text,25943,2886,5506,2126,4514,0.5
SOC01598,CAMP00950,CUST01169,YouTube,2026-03-11,Video,55364,8573,3888,534,1463,0.2611
SOC01599,CAMP00213,CUST00386,Facebook,2025-01-14,Story,79207,7182,2497,838,4746,0.1927
SOC01600,CAMP00422,CUST00247,X,2026-01-11,Reel,174180,9681,6790,2704,1548,0.119
SOC01601,CAMP01166,CUST01955,LinkedIn,2025-07-16,Image,75025,930,1910,1856,3030,0.103
SOC01602,CAMP00879,CUST00679,Facebook,2025-05-12,Video,80087,2524,11656,2786,1416,0.2295
SOC01603,CAMP01215,CUST00970,LinkedIn,2025-01-03,Image,126653,2439,2958,2283,1625,0.0735
SOC01604,CAMP01458,CUST01699,Instagram,2025-01-17,Video,199421,12015,6639,1325,3412,0.1173
SOC01605,CAMP01003,CUST01117,Instagram,2026-04-27,Text,56561,9274,505,1116,4302,0.2687
SOC01606,CAMP01041,CUST01414,X,2026-05-16,Image,166543,9869,1576,1058,4428,0.1017
SOC01607,CAMP00957,CUST00921,Facebook,2026-08-19,Video,185171,4739,10269,1419,2963,0.1047
SOC01608,CAMP00851,CUST00890,YouTube,2026-06-06,Image,167038,2790,11498,1223,1878,0.1041
SOC01609,CAMP01308,CUST01118,Facebook,2025-05-04,Reel,34479,1483,4956,387,2352,0.2662
SOC01610,CAMP00719,CUST01005,Instagram,2025-05-04,Video,44330,7531,4240,2501,4860,0.4316
SOC01611,CAMP00836,CUST00093,X,2026-04-05,Reel,156570,11354,7804,701,481,0.1299
SOC01612,CAMP01386,CUST00031,Facebook,2025-10-11,Video,83554,5803,3033,434,765,0.1201
SOC01613,CAMP01800,CUST00018,Facebook,2026-06-16,Text,94944,14602,3428,512,3659,0.2338
SOC01614,CAMP01430,CUST01629,Facebook,2025-01-26,Text,25263,14970,7569,452,4357,0.5
SOC01615,CAMP01184,CUST01452,Facebook,2025-06-21,Image,33570,1037,5846,1899,1478,0.3056
SOC01616,CAMP01259,CUST00634,Facebook,2025-05-01,Text,75890,14765,4236,840,1771,0.2848
SOC01617,CAMP00238,CUST01742,Instagram,2026-01-22,Video,141680,11529,3331,48,1446,0.1154
SOC01618,CAMP01140,CUST00497,LinkedIn,2026-03-15,Video,199597,8875,4941,1748,846,0.0822
SOC01619,CAMP01215,CUST01066,X,2025-05-29,Reel,16287,2938,10189,1308,2475,0.5
SOC01620,CAMP00718,CUST00640,Facebook,2026-05-10,Text,126841,5797,2596,2136,3394,0.1098
SOC01621,CAMP01436,CUST01399,Facebook,2025-02-09,Image,184949,12405,2870,545,2363,0.0983
SOC01622,CAMP01493,CUST00399,Instagram,2025-01-06,Video,67786,7160,463,2971,1259,0.1749
SOC01623,CAMP01880,CUST00553,Facebook,2025-12-11,Text,177541,13624,2285,395,2428,0.1055
SOC01624,CAMP01755,CUST01635,Instagram,2026-07-21,Story,59126,3994,884,122,699,0.0964
SOC01625,CAMP00918,CUST00038,YouTube,2025-06-23,Reel,110852,4669,7499,1075,2186,0.1392
SOC01626,CAMP00253,CUST00116,LinkedIn,2025-12-16,Video,43529,11605,3331,1070,2450,0.424
SOC01627,CAMP00341,CUST00541,X,2026-05-30,Text,166687,1835,8150,2729,2339,0.0903
SOC01628,CAMP01841,CUST00949,YouTube,2025-03-02,Reel,22991,7559,5079,923,883,0.5
SOC01629,CAMP00571,CUST01101,YouTube,2026-07-26,Story,115239,5090,8887,1847,1283,0.1484
SOC01630,CAMP00465,CUST01314,YouTube,2026-01-05,Image,34714,8358,9920,126,2607,0.5
SOC01631,CAMP01179,CUST01392,Instagram,2025-04-16,Reel,41552,2480,300,1773,4229,0.2113
SOC01632,CAMP00269,CUST00101,YouTube,2025-10-30,Text,73899,697,2579,2375,4673,0.1397
SOC01633,CAMP00162,CUST00952,LinkedIn,2025-03-31,Image,19432,11553,10082,2168,1131,0.5
SOC01634,CAMP01334,CUST01051,X,2025-01-18,Story,86288,1295,7855,1277,19,0.1211
SOC01635,CAMP00221,CUST01720,LinkedIn,2025-04-30,Text,63969,5787,368,1628,1685,0.148
SOC01636,CAMP00877,CUST00811,LinkedIn,2026-05-30,Text,77062,3234,11112,1842,1835,0.2339
SOC01637,CAMP01248,CUST01584,YouTube,2025-10-05,Text,34277,10499,10124,1297,2176,0.5
SOC01638,CAMP01960,CUST01451,Facebook,2025-07-24,Reel,31321,6584,4882,1356,3083,0.5
SOC01639,CAMP00652,CUST00870,X,2025-07-09,Text,146464,14999,6005,2806,1258,0.1712
SOC01640,CAMP00829,CUST01771,X,2026-07-07,Text,56727,6579,11746,1098,2443,0.3855
SOC01641,CAMP01004,CUST00197,Instagram,2026-01-17,Story,114551,3992,11885,2760,228,0.1647
SOC01642,CAMP01309,CUST00067,YouTube,2026-08-06,Image,89387,12744,7653,412,2949,0.2658
SOC01643,CAMP00412,CUST01312,Instagram,2025-10-05,Text,62473,12372,6916,1430,2094,0.3651
SOC01644,CAMP00298,CUST00538,YouTube,2026-03-21,Video,17739,11697,11484,2672,117,0.5
SOC01645,CAMP01428,CUST00547,Instagram,2025-01-14,Video,104061,6852,2766,654,4522,0.1422
SOC01646,CAMP00839,CUST01297,LinkedIn,2026-02-10,Image,10985,9523,3546,358,2668,0.5
SOC01647,CAMP00999,CUST01076,LinkedIn,2026-03-23,Story,54216,4131,7243,1920,905,0.2619
SOC01648,CAMP01363,CUST01913,YouTube,2026-06-08,Video,158995,491,7863,1735,3300,0.0842
SOC01649,CAMP00916,CUST00777,Instagram,2025-07-30,Image,28991,1367,3853,1411,4132,0.3713
SOC01650,CAMP00242,CUST01905,X,2025-11-30,Video,40756,8279,1914,2928,2993,0.3954
SOC01651,CAMP00768,CUST01890,LinkedIn,2026-01-31,Text,167612,3584,6965,1154,1992,0.0817
SOC01652,CAMP01150,CUST01993,Instagram,2026-03-14,Reel,61339,14773,10961,859,212,0.437
SOC01653,CAMP01202,CUST01228,Instagram,2026-05-16,Story,97872,977,424,1155,3827,0.0652
SOC01654,CAMP01910,CUST01700,LinkedIn,2025-07-24,Video,20945,7491,4059,1432,525,0.5
SOC01655,CAMP00558,CUST00086,X,2025-03-06,Image,93408,8436,9771,2015,2433,0.2425
SOC01656,CAMP00596,CUST00237,Instagram,2026-07-27,Text,37729,8285,1911,2236,3442,0.4207
SOC01657,CAMP01589,CUST00375,X,2025-12-22,Story,80959,7633,10040,1185,880,0.2438
SOC01658,CAMP01205,CUST01621,YouTube,2025-04-09,Image,167468,726,6356,770,726,0.0512
SOC01659,CAMP00381,CUST01929,Facebook,2026-07-10,Reel,108091,9986,696,1856,3365,0.1471
SOC01660,CAMP01258,CUST00331,Instagram,2026-08-10,Image,184882,3947,2016,675,1549,0.0443
SOC01661,CAMP01714,CUST00417,LinkedIn,2025-03-22,Text,193000,3923,912,446,1082,0.033
SOC01662,CAMP01672,CUST01020,X,2026-07-02,Reel,83009,9092,3367,332,2226,0.1809
SOC01663,CAMP01097,CUST00681,YouTube,2025-12-28,Video,54789,11761,2952,763,4457,0.3638
SOC01664,CAMP00305,CUST01145,X,2025-04-16,Video,43325,12975,4585,68,2202,0.4577
SOC01665,CAMP00973,CUST01942,Facebook,2025-05-10,Reel,123902,12852,6667,1995,737,0.1796
SOC01666,CAMP01430,CUST01253,X,2025-04-28,Image,139309,11423,1771,848,276,0.1028
SOC01667,CAMP01599,CUST01754,Facebook,2025-09-12,Story,155516,6444,11884,229,2727,0.1369
SOC01668,CAMP01107,CUST00250,X,2026-04-24,Story,41590,12549,493,2037,2257,0.4168
SOC01669,CAMP00375,CUST00436,Facebook,2026-03-12,Image,132980,13587,8574,2666,1102,0.195
SOC01670,CAMP01090,CUST01524,YouTube,2025-09-20,Story,136524,11878,4505,225,2109,0.1371
SOC01671,CAMP00263,CUST00421,YouTube,2026-05-17,Story,99143,72,2540,669,3269,0.0661
SOC01672,CAMP01274,CUST00141,X,2026-07-31,Video,137470,9397,2495,2303,1408,0.1135
SOC01673,CAMP01561,CUST01201,LinkedIn,2026-07-06,Text,98707,13729,9342,2392,358,0.2616
SOC01674,CAMP01586,CUST01917,X,2025-05-21,Text,160170,7987,8059,1281,2586,0.1243
SOC01675,CAMP01016,CUST01567,LinkedIn,2026-04-24,Story,61691,1239,8631,1437,1685,0.2106
SOC01676,CAMP01437,CUST01033,X,2025-04-15,Story,51612,5387,12,1661,3652,0.2075
SOC01677,CAMP00201,CUST01361,Facebook,2026-06-02,Video,123384,10500,10492,1564,4740,0.2212
SOC01678,CAMP00110,CUST00651,X,2025-06-27,Story,64809,12136,7776,936,4960,0.3982
SOC01679,CAMP00274,CUST00977,Facebook,2025-02-24,Story,101627,9283,1237,2435,4918,0.1759
SOC01680,CAMP00959,CUST00396,LinkedIn,2025-01-02,Video,51120,6531,6525,1977,4845,0.3888
SOC01681,CAMP01835,CUST01199,X,2026-02-22,Text,49481,7725,9298,1467,171,0.3771
SOC01682,CAMP01343,CUST01848,X,2025-06-04,Story,128216,8109,6284,2268,3438,0.1568
SOC01683,CAMP01021,CUST00528,Instagram,2026-02-20,Story,56876,14837,8087,748,1888,0.4494
SOC01684,CAMP00017,CUST01429,X,2025-07-25,Video,195228,14983,6097,255,1177,0.1153
SOC01685,CAMP00457,CUST00666,LinkedIn,2025-02-21,Story,163197,6713,716,890,4877,0.0809
SOC01686,CAMP00601,CUST01113,Facebook,2025-08-11,Story,84570,4258,6511,2663,4148,0.2079
SOC01687,CAMP00160,CUST00930,Instagram,2025-07-20,Reel,49312,3456,8938,2169,4900,0.3947
SOC01688,CAMP00228,CUST01447,Instagram,2025-09-14,Image,67997,6370,6083,1764,1667,0.2336
SOC01689,CAMP00971,CUST00161,Facebook,2025-07-30,Image,89918,2431,11821,1698,32,0.1777
SOC01690,CAMP00634,CUST01730,LinkedIn,2025-08-19,Video,116433,1235,5361,1948,961,0.0816
SOC01691,CAMP00776,CUST00382,LinkedIn,2026-01-21,Image,72321,4797,8141,2769,1235,0.2343
SOC01692,CAMP01519,CUST00943,LinkedIn,2025-08-24,Text,71359,5056,4084,1580,1627,0.173
SOC01693,CAMP00636,CUST00781,X,2025-11-20,Video,99679,11223,43,976,4184,0.1648
SOC01694,CAMP01571,CUST01924,Instagram,2025-05-21,Story,23255,13431,4363,280,281,0.5
SOC01695,CAMP01773,CUST01007,Instagram,2026-07-13,Image,8471,4971,8666,294,1447,0.5
SOC01696,CAMP01340,CUST00459,Facebook,2026-07-29,Reel,99513,4051,1173,1337,1976,0.0858
SOC01697,CAMP01343,CUST01664,Instagram,2025-03-26,Image,143642,5819,2190,1946,531,0.073
SOC01698,CAMP00271,CUST01566,YouTube,2026-05-22,Reel,117617,12546,4737,529,4005,0.1855
SOC01699,CAMP00101,CUST01707,Facebook,2025-12-20,Reel,16169,4780,10360,480,1423,0.5
SOC01700,CAMP01449,CUST01271,LinkedIn,2026-04-25,Story,87051,8061,5889,1532,39,0.1783
SOC01701,CAMP01165,CUST00945,Instagram,2025-03-20,Reel,109323,6924,750,437,1202,0.0852
SOC01702,CAMP01454,CUST02000,YouTube,2026-02-17,Reel,153178,8141,9162,2704,0,0.1306
SOC01703,CAMP01272,CUST01507,X,2026-05-28,Text,134948,7510,6696,2588,358,0.1271
SOC01704,CAMP00088,CUST01707,Instagram,2025-07-30,Reel,135878,14739,5264,1413,880,0.1641
SOC01705,CAMP01099,CUST01941,X,2025-08-16,Reel,2038,2038,3171,2318,2777,0.5
SOC01706,CAMP01106,CUST01977,X,2026-08-06,Reel,92451,7015,9241,627,981,0.1932
SOC01707,CAMP01325,CUST00309,Instagram,2025-06-16,Text,185084,9776,10965,427,1078,0.1202
SOC01708,CAMP01006,CUST01388,LinkedIn,2026-04-25,Image,189925,4575,9353,1515,3219,0.0983
SOC01709,CAMP00946,CUST01701,X,2025-06-19,Text,154545,7408,910,2313,1827,0.0806
SOC01710,CAMP01296,CUST01151,Facebook,2025-10-16,Text,117801,9668,3928,1013,801,0.1308
SOC01711,CAMP01227,CUST01949,YouTube,2025-03-12,Text,164418,11994,10127,675,4830,0.168
SOC01712,CAMP01379,CUST00893,Facebook,2026-06-19,Text,72641,7538,5957,2786,1991,0.2515
SOC01713,CAMP00578,CUST01808,X,2025-05-05,Reel,90712,10701,7383,1324,2649,0.2432
SOC01714,CAMP00133,CUST00859,LinkedIn,2026-02-22,Video,75628,7132,3917,1278,3190,0.2052
SOC01715,CAMP00950,CUST01236,X,2025-08-18,Video,20940,6471,5558,807,295,0.5
SOC01716,CAMP00498,CUST01434,X,2025-04-06,Video,5341,5341,878,2390,1214,0.5
SOC01717,CAMP00384,CUST01947,Facebook,2025-01-21,Image,66874,5665,4250,652,4059,0.2187
SOC01718,CAMP01651,CUST00305,YouTube,2025-03-22,Text,134647,11068,10258,1445,848,0.1754
SOC01719,CAMP01123,CUST01986,X,2025-10-29,Text,143554,3257,10313,254,1103,0.104
SOC01720,CAMP01039,CUST00540,Facebook,2025-04-21,Image,149269,6274,9847,708,4436,0.1425
SOC01721,CAMP00614,CUST01155,YouTube,2025-04-21,Video,112680,2553,8626,2904,1026,0.1341
SOC01722,CAMP01630,CUST00872,YouTube,2026-07-22,Image,45380,2744,1026,1989,1096,0.1511
SOC01723,CAMP01713,CUST00027,X,2025-11-25,Story,169541,4758,2638,728,4936,0.077
SOC01724,CAMP00512,CUST01695,X,2025-02-09,Story,153898,1109,7858,56,4465,0.0876
SOC01725,CAMP00967,CUST00421,X,2025-03-23,Video,40952,9330,2177,990,1719,0.3471
SOC01726,CAMP01877,CUST00037,Instagram,2025-11-09,Text,135831,3733,10143,2449,4735,0.155
SOC01727,CAMP01174,CUST00501,Facebook,2025-06-03,Text,47317,9583,7249,1961,3312,0.4672
SOC01728,CAMP00926,CUST00343,YouTube,2025-05-11,Reel,11850,11850,489,2676,4638,0.5
SOC01729,CAMP01492,CUST01081,Facebook,2026-04-17,Image,12041,12041,6518,2176,1214,0.5
SOC01730,CAMP00974,CUST01713,LinkedIn,2025-10-05,Reel,53871,1751,4693,1642,2411,0.1949
SOC01731,CAMP00124,CUST00570,LinkedIn,2026-08-16,Reel,45023,9239,10719,2907,1349,0.5
SOC01732,CAMP00588,CUST01020,LinkedIn,2026-02-05,Reel,199989,14963,2936,742,3606,0.1112
SOC01733,CAMP01702,CUST00649,X,2025-07-27,Video,190512,10469,11906,448,3660,0.139
SOC01734,CAMP01588,CUST00808,Facebook,2026-04-27,Text,2583,2583,5706,522,1233,0.5
SOC01735,CAMP01712,CUST00422,YouTube,2025-10-09,Reel,197698,12009,2258,1805,4045,0.1018
SOC01736,CAMP01394,CUST00075,Facebook,2026-03-19,Image,184130,7379,1855,2164,321,0.0636
SOC01737,CAMP00693,CUST00350,LinkedIn,2025-09-20,Image,190903,10561,2649,2120,1094,0.086
SOC01738,CAMP01729,CUST01168,X,2025-01-01,Text,163644,12731,417,643,2598,0.1002
SOC01739,CAMP00896,CUST00732,X,2025-08-02,Video,24751,8799,618,2152,1494,0.5
SOC01740,CAMP00848,CUST01340,YouTube,2025-05-06,Video,145783,4551,261,1533,509,0.047
SOC01741,CAMP01586,CUST00655,YouTube,2025-06-03,Image,151573,11502,11285,2986,3029,0.19
SOC01742,CAMP01633,CUST00258,LinkedIn,2025-08-22,Story,111759,843,11384,2588,3894,0.1674
SOC01743,CAMP01551,CUST00783,X,2026-01-19,Story,21277,10136,9877,396,3841,0.5
SOC01744,CAMP00881,CUST01320,YouTube,2026-05-05,Image,51514,2672,814,2292,2533,0.1613
SOC01745,CAMP01458,CUST00436,LinkedIn,2025-05-21,Reel,103886,256,1253,303,2402,0.0406
SOC01746,CAMP00608,CUST01908,YouTube,2025-12-20,Video,33548,12005,2624,44,318,0.4469
SOC01747,CAMP00755,CUST01633,X,2025-09-25,Story,194425,12009,8560,551,4392,0.1312
SOC01748,CAMP01973,CUST01098,YouTube,2025-02-05,Story,12380,8713,7516,2110,3598,0.5
SOC01749,CAMP01937,CUST01812,Facebook,2025-08-24,Text,107611,283,5237,2663,1752,0.0923
SOC01750,CAMP00546,CUST00450,X,2026-03-05,Story,112743,7046,7666,35,2429,0.1523
SOC01751,CAMP00582,CUST01704,Facebook,2026-03-22,Reel,93685,6695,11218,2922,2684,0.251
SOC01752,CAMP00398,CUST01542,Instagram,2026-04-04,Reel,176200,11377,1159,972,2314,0.0898
SOC01753,CAMP00771,CUST01516,X,2026-05-03,Reel,24061,12932,3182,831,1359,0.5
SOC01754,CAMP01172,CUST00300,YouTube,2025-11-08,Story,31341,7215,6550,1122,2814,0.5
SOC01755,CAMP01717,CUST01431,Instagram,2025-01-14,Reel,13937,10451,4490,121,1132,0.5
SOC01756,CAMP01533,CUST00399,YouTube,2025-08-08,Image,48729,7089,5508,1415,3943,0.3685
SOC01757,CAMP01281,CUST01417,Facebook,2025-12-04,Text,7905,7905,404,2129,4659,0.5
SOC01758,CAMP00278,CUST01487,Instagram,2025-06-05,Story,30650,13748,2692,1964,702,0.5
SOC01759,CAMP00331,CUST00680,Facebook,2025-03-10,Reel,123594,10946,2363,2114,174,0.1262
SOC01760,CAMP01604,CUST01739,Instagram,2025-08-09,Reel,124960,8583,9666,2973,567,0.1744
SOC01761,CAMP01547,CUST00164,Instagram,2025-02-23,Video,148486,7506,8935,1580,2009,0.1349
SOC01762,CAMP01942,CUST00621,Facebook,2026-04-25,Text,152741,9745,11587,531,856,0.1487
SOC01763,CAMP00552,CUST01420,X,2025-07-22,Image,153213,5427,11028,856,3105,0.1333
SOC01764,CAMP01026,CUST01106,Facebook,2025-12-22,Video,168355,9544,3540,2013,1526,0.0987
SOC01765,CAMP01398,CUST01648,YouTube,2025-02-12,Text,151867,342,7507,1970,4923,0.0971
SOC01766,CAMP01932,CUST01126,Facebook,2025-10-08,Image,48095,4142,2479,544,3750,0.2269
SOC01767,CAMP00062,CUST01280,LinkedIn,2026-07-08,Reel,198404,10818,9046,2116,2011,0.1209
SOC01768,CAMP00275,CUST01480,YouTube,2025-05-30,Video,140424,14976,4375,997,2968,0.166
SOC01769,CAMP01855,CUST01862,Instagram,2026-02-18,Video,24008,2895,6238,338,2949,0.5
SOC01770,CAMP01143,CUST00336,X,2025-07-31,Story,90602,632,10596,2442,312,0.1543
SOC01771,CAMP00617,CUST01408,X,2026-01-20,Video,182071,5289,6984,922,2509,0.0863
SOC01772,CAMP01769,CUST00161,LinkedIn,2026-08-09,Story,197908,4786,9192,215,4103,0.0924
SOC01773,CAMP00578,CUST00820,Instagram,2025-04-11,Image,193463,14935,1721,2871,583,0.1039
SOC01774,CAMP00914,CUST01465,Facebook,2025-03-16,Text,140859,5175,9017,59,227,0.1028
SOC01775,CAMP01787,CUST01302,X,2026-05-23,Text,116117,13843,5415,635,1230,0.1819
SOC01776,CAMP01653,CUST01898,LinkedIn,2025-10-30,Video,21426,14688,10835,1081,1034,0.5
SOC01777,CAMP01639,CUST01407,Instagram,2025-06-05,Image,117523,133,3546,1661,2044,0.0628
SOC01778,CAMP01310,CUST01912,X,2025-12-11,Story,61555,9000,2795,1319,4439,0.2852
SOC01779,CAMP01572,CUST01548,LinkedIn,2025-06-07,Reel,55091,4103,7558,911,2793,0.2789
SOC01780,CAMP00521,CUST01646,YouTube,2025-09-24,Video,135789,5633,10364,1235,1749,0.1398
SOC01781,CAMP00434,CUST01835,Facebook,2026-06-15,Reel,47782,6417,1370,2377,3132,0.2783
SOC01782,CAMP01801,CUST01844,Instagram,2025-08-01,Reel,139959,4809,11008,1760,1703,0.1378
SOC01783,CAMP01547,CUST00112,Facebook,2026-01-08,Story,87014,2613,6885,1355,3852,0.169
SOC01784,CAMP00743,CUST00478,Instagram,2026-07-04,Text,79027,1342,8358,2204,945,0.1626
SOC01785,CAMP00331,CUST00844,Instagram,2026-02-03,Image,57881,2258,10232,1452,2289,0.2804
SOC01786,CAMP00092,CUST00056,Facebook,2025-08-26,Story,60211,509,4887,1928,893,0.1365
SOC01787,CAMP01069,CUST01727,Facebook,2026-08-03,Text,158278,6060,10609,1942,4839,0.1482
SOC01788,CAMP00463,CUST00363,Instagram,2025-09-23,Text,51893,2372,10895,2214,151,0.3012
SOC01789,CAMP01069,CUST00214,Instagram,2025-08-27,Video,128922,2851,8816,983,1141,0.107
SOC01790,CAMP01599,CUST01214,Instagram,2026-01-11,Text,65319,6914,438,1559,4241,0.2014
SOC01791,CAMP00807,CUST00859,Instagram,2025-06-13,Image,136835,8838,6952,656,1009,0.1276
SOC01792,CAMP01438,CUST01055,Instagram,2025-10-19,Video,18375,4343,3413,1325,3653,0.5
SOC01793,CAMP01756,CUST00165,Facebook,2025-06-08,Image,184258,7181,1108,15,2108,0.0565
SOC01794,CAMP01337,CUST01931,LinkedIn,2025-02-06,Story,73557,14770,1159,392,1880,0.2474
SOC01795,CAMP01741,CUST01277,Instagram,2025-04-29,Video,35600,13259,10783,968,378,0.5
SOC01796,CAMP00177,CUST00206,LinkedIn,2026-02-14,Image,33411,4184,4609,2956,3776,0.4647
SOC01797,CAMP01392,CUST01656,YouTube,2026-05-14,Text,149488,10523,1211,2120,3125,0.1136
SOC01798,CAMP01538,CUST00431,Facebook,2025-04-30,Story,44856,12520,8895,1970,1414,0.5
SOC01799,CAMP01393,CUST00076,X,2025-06-21,Image,55875,8391,7605,2405,2203,0.3688
SOC01800,CAMP01222,CUST00034,Instagram,2025-04-03,Text,46924,12796,4825,690,1709,0.4266
SOC01801,CAMP01238,CUST00103,X,2025-03-11,Video,61327,4875,6333,2960,1717,0.259
SOC01802,CAMP00261,CUST00494,Instagram,2025-04-26,Video,35277,3251,6706,2062,4420,0.466
SOC01803,CAMP01034,CUST00557,YouTube,2026-04-07,Image,117207,6404,11151,1253,3645,0.1916
SOC01804,CAMP00885,CUST00805,LinkedIn,2026-03-30,Story,101021,3417,4964,1612,1122,0.11
SOC01805,CAMP01717,CUST01659,Instagram,2026-07-29,Text,18388,9046,396,1024,4118,0.5
SOC01806,CAMP00635,CUST00740,YouTube,2025-01-14,Reel,132925,10693,406,1211,4271,0.1247
SOC01807,CAMP00820,CUST01707,Instagram,2026-04-02,Story,184196,13419,8384,2752,643,0.1368
SOC01808,CAMP01427,CUST00096,LinkedIn,2025-12-15,Video,174137,14432,773,1845,1232,0.105
SOC01809,CAMP00299,CUST01997,Instagram,2025-07-18,Reel,67233,7385,11332,1557,4585,0.3697
SOC01810,CAMP00836,CUST01158,X,2025-04-10,Story,105216,7971,548,668,4559,0.1306
SOC01811,CAMP01156,CUST01125,Instagram,2025-04-13,Video,88740,142,7807,2419,504,0.1225
SOC01812,CAMP01364,CUST00555,YouTube,2025-10-31,Reel,11470,5654,9718,2914,1140,0.5
SOC01813,CAMP01785,CUST01623,LinkedIn,2026-04-15,Text,111148,4352,1710,2413,2827,0.1017
SOC01814,CAMP01836,CUST00115,Facebook,2025-03-20,Video,66469,479,1009,1313,1460,0.0641
SOC01815,CAMP00075,CUST01178,Instagram,2026-01-31,Text,172572,749,11927,2653,625,0.0924
SOC01816,CAMP00856,CUST00799,Facebook,2025-04-05,Video,106538,11849,3994,1715,2762,0.1907
SOC01817,CAMP01873,CUST01003,X,2025-04-28,Reel,73342,1738,3064,1121,2029,0.1084
SOC01818,CAMP01753,CUST01857,YouTube,2025-01-17,Image,143644,3848,6681,308,1002,0.0824
SOC01819,CAMP01266,CUST01332,YouTube,2026-07-19,Video,36733,9381,3048,1785,1377,0.4244
SOC01820,CAMP00703,CUST01830,X,2025-07-01,Video,46299,3001,6430,2638,126,0.2634
SOC01821,CAMP01379,CUST00219,YouTube,2025-12-19,Video,119841,8654,3740,2964,4609,0.1666
SOC01822,CAMP00631,CUST00409,LinkedIn,2025-03-31,Story,151415,3209,7387,2041,1505,0.0934
SOC01823,CAMP01294,CUST00955,Facebook,2025-12-19,Reel,161917,5479,1081,907,3719,0.0691
SOC01824,CAMP00312,CUST00368,YouTube,2026-02-21,Story,147248,10084,6312,298,2157,0.128
SOC01825,CAMP00383,CUST01803,LinkedIn,2025-08-25,Story,137975,12282,6759,2054,4669,0.1867
SOC01826,CAMP01457,CUST01316,Instagram,2025-12-11,Image,149989,6190,5923,1282,62,0.0897
SOC01827,CAMP01188,CUST01165,Facebook,2025-05-03,Story,159812,8930,3303,1270,531,0.0878
SOC01828,CAMP01489,CUST01784,X,2025-09-20,Story,133396,12135,8045,782,3927,0.1866
SOC01829,CAMP00253,CUST00650,X,2025-12-14,Reel,102608,12130,4069,233,2483,0.1843
SOC01830,CAMP00263,CUST01074,Facebook,2025-02-22,Reel,47229,1387,3510,1452,1394,0.1639
SOC01831,CAMP00762,CUST01192,Instagram,2025-09-08,Text,150741,776,2249,1163,1435,0.0373
SOC01832,CAMP01857,CUST01177,YouTube,2025-08-17,Image,117677,10305,5480,1249,878,0.1522
SOC01833,CAMP00270,CUST01006,Facebook,2025-04-08,Story,39067,7330,5618,325,4281,0.4493
SOC01834,CAMP00756,CUST01206,Facebook,2025-02-24,Reel,55979,13027,5188,2330,3132,0.423
SOC01835,CAMP01407,CUST01762,Instagram,2025-01-12,Text,195826,8921,3907,1843,3414,0.0924
SOC01836,CAMP01301,CUST01310,X,2025-08-04,Story,183329,12784,4262,1703,4388,0.1262
SOC01837,CAMP01012,CUST01827,X,2026-06-12,Video,15561,11587,7985,167,889,0.5
SOC01838,CAMP01724,CUST01817,Facebook,2026-03-06,Text,11369,2545,11961,1323,2256,0.5
SOC01839,CAMP01678,CUST01285,Instagram,2026-07-10,Reel,172810,13225,8146,1057,2609,0.1449
SOC01840,CAMP01009,CUST01296,YouTube,2025-11-01,Video,135713,8980,10836,522,2129,0.1655
SOC01841,CAMP00922,CUST01250,X,2025-03-01,Reel,103073,1435,6328,2784,1618,0.118
SOC01842,CAMP01762,CUST00250,YouTube,2025-10-22,Story,174336,14322,8106,2836,2485,0.1592
SOC01843,CAMP01236,CUST01187,X,2025-06-24,Text,95901,3494,4360,2794,4076,0.1535
SOC01844,CAMP01520,CUST01841,Facebook,2026-01-04,Video,67647,11986,8879,909,790,0.3336
SOC01845,CAMP01600,CUST01424,Instagram,2026-07-18,Story,36892,5682,6504,518,4368,0.4628
SOC01846,CAMP00750,CUST00820,Facebook,2026-01-21,Image,51450,12926,10471,186,1550,0.4885
SOC01847,CAMP01094,CUST00675,YouTube,2025-12-24,Text,57728,1487,5040,1626,423,0.1486
SOC01848,CAMP00896,CUST00016,Instagram,2025-08-26,Image,23242,13926,4310,889,2275,0.5
SOC01849,CAMP01257,CUST01191,X,2025-04-27,Story,85328,7507,5151,2726,3028,0.2158
SOC01850,CAMP01284,CUST01203,LinkedIn,2025-07-12,Image,104120,1704,6361,550,4973,0.1305
SOC01851,CAMP01135,CUST01216,Facebook,2025-12-10,Video,145727,6783,1125,2821,3862,0.1001
SOC01852,CAMP01757,CUST01753,LinkedIn,2026-08-12,Video,38581,2777,4251,1101,1949,0.2612
SOC01853,CAMP01528,CUST01033,X,2025-12-26,Image,198133,7860,5997,2653,178,0.0842
SOC01854,CAMP01976,CUST01284,X,2025-03-08,Video,118231,11935,10704,2451,250,0.2143
SOC01855,CAMP00626,CUST01057,YouTube,2025-03-10,Story,38925,1714,7104,2054,3818,0.3774
SOC01856,CAMP00319,CUST00047,LinkedIn,2026-05-05,Reel,114916,11906,7296,1134,1280,0.1881
SOC01857,CAMP01536,CUST01375,YouTube,2026-05-16,Reel,101244,12195,3925,2217,2823,0.209
SOC01858,CAMP01244,CUST01055,Facebook,2025-08-18,Reel,26804,1541,6739,1375,4645,0.5
SOC01859,CAMP00795,CUST01322,LinkedIn,2025-06-28,Video,102395,12563,10747,2899,1492,0.2705
SOC01860,CAMP01814,CUST01530,Facebook,2025-01-08,Reel,138658,12877,5422,2385,4201,0.1795
SOC01861,CAMP01770,CUST00225,X,2026-04-25,Reel,7073,7073,9102,1693,1607,0.5
SOC01862,CAMP00549,CUST00872,YouTube,2026-04-21,Video,183553,4648,6874,1525,3109,0.088
SOC01863,CAMP01779,CUST00947,LinkedIn,2026-01-23,Reel,190784,2594,9720,213,280,0.0671
SOC01864,CAMP01003,CUST00452,LinkedIn,2026-08-05,Image,186286,13863,3487,2174,2672,0.1192
SOC01865,CAMP00173,CUST00504,YouTube,2025-04-24,Video,193941,11938,5177,2427,3550,0.1191
SOC01866,CAMP01404,CUST01902,Facebook,2026-05-10,Text,30643,948,6180,1447,3202,0.3843
SOC01867,CAMP01419,CUST00709,Instagram,2026-08-01,Text,36800,3845,2592,1321,4576,0.3352
SOC01868,CAMP00942,CUST00114,YouTube,2026-01-06,Video,164818,9105,2480,1034,4810,0.1057
SOC01869,CAMP01004,CUST01445,LinkedIn,2026-01-27,Reel,24098,9013,7131,1601,2802,0.5
SOC01870,CAMP00343,CUST00094,Facebook,2026-03-21,Reel,149790,14764,2906,1509,2198,0.1427
SOC01871,CAMP00770,CUST00953,Instagram,2025-07-29,Reel,21423,10265,2890,2536,187,0.5
SOC01872,CAMP00381,CUST01276,Instagram,2025-06-16,Text,192304,8838,2177,2935,3999,0.0933
SOC01873,CAMP00182,CUST00857,LinkedIn,2026-01-27,Text,110637,5015,8946,898,926,0.1427
SOC01874,CAMP01188,CUST00630,YouTube,2025-06-15,Image,50029,1740,2359,323,4385,0.176
SOC01875,CAMP00136,CUST01859,YouTube,2026-04-01,Video,42208,4227,6198,1563,3519,0.3674
SOC01876,CAMP01978,CUST01830,X,2026-05-27,Image,115664,1365,5731,2657,1048,0.0934
SOC01877,CAMP00331,CUST00316,Facebook,2025-11-04,Video,35795,14321,1547,662,1492,0.5
SOC01878,CAMP00224,CUST01621,YouTube,2025-12-18,Text,107649,8596,713,1877,1932,0.1219
SOC01879,CAMP01482,CUST01346,YouTube,2025-02-25,Reel,151759,6295,8865,204,2328,0.1166
SOC01880,CAMP00982,CUST00964,Instagram,2025-09-24,Image,165875,10910,3986,2904,3601,0.129
SOC01881,CAMP01850,CUST00506,Instagram,2026-08-17,Reel,195531,9613,10814,419,1350,0.1135
SOC01882,CAMP00176,CUST00947,YouTube,2026-01-12,Story,16064,12007,5755,749,1172,0.5
SOC01883,CAMP00031,CUST00582,Facebook,2025-02-16,Reel,170783,705,4155,773,2035,0.0449
SOC01884,CAMP01517,CUST01628,YouTube,2025-08-16,Reel,104976,8742,1802,1144,1594,0.1265
SOC01885,CAMP00932,CUST01647,X,2026-02-23,Story,164413,63,1495,2331,1521,0.0329
SOC01886,CAMP01620,CUST01518,Facebook,2026-06-21,Text,90629,4584,4272,328,1762,0.1208
SOC01887,CAMP01081,CUST01366,X,2026-03-12,Video,98796,5047,2768,419,4007,0.1239
SOC01888,CAMP01404,CUST01264,Facebook,2025-06-23,Text,196835,1537,6553,157,4868,0.0666
SOC01889,CAMP00989,CUST00436,Instagram,2025-05-29,Text,92736,14146,141,263,486,0.1621
SOC01890,CAMP01325,CUST01365,Facebook,2025-04-06,Video,164391,9872,10868,1393,3477,0.1558
SOC01891,CAMP01558,CUST00907,LinkedIn,2026-02-23,Text,165579,12207,5445,575,1874,0.1214
SOC01892,CAMP01646,CUST01796,Instagram,2025-04-18,Reel,191150,8343,3877,268,2607,0.079
SOC01893,CAMP00049,CUST00307,YouTube,2026-01-24,Video,31744,7373,498,2098,2043,0.3784
SOC01894,CAMP01437,CUST00177,Facebook,2026-07-05,Reel,139352,3888,70,1807,2234,0.0574
SOC01895,CAMP01312,CUST00194,LinkedIn,2026-02-02,Reel,138512,3397,2293,178,2264,0.0587
SOC01896,CAMP01221,CUST00407,X,2025-07-03,Image,48530,14258,8095,1691,3420,0.5
SOC01897,CAMP01252,CUST01710,Facebook,2025-05-17,Story,104867,13770,487,1103,3892,0.1836
SOC01898,CAMP01433,CUST00638,Instagram,2026-08-06,Reel,132985,8506,11507,2835,4465,0.2054
SOC01899,CAMP01976,CUST01132,X,2025-03-19,Video,66866,12951,1228,2133,4257,0.3076
SOC01900,CAMP00217,CUST00737,LinkedIn,2025-01-25,Story,167092,11736,11861,2734,1152,0.1645
SOC01901,CAMP01143,CUST00304,LinkedIn,2025-10-31,Image,125197,11203,4082,1996,4502,0.174
SOC01902,CAMP00694,CUST00254,LinkedIn,2025-01-30,Reel,59713,9110,5560,884,3707,0.3226
SOC01903,CAMP01583,CUST01218,Facebook,2026-05-02,Video,154629,5582,8799,1265,1897,0.1135
SOC01904,CAMP01322,CUST01302,X,2026-05-04,Story,117061,2341,2120,2772,1226,0.0723
SOC01905,CAMP01097,CUST00822,Facebook,2025-03-22,Reel,192814,6945,1844,2182,3251,0.0738
SOC01906,CAMP01596,CUST00828,LinkedIn,2025-08-29,Reel,21225,13964,8088,163,3884,0.5
SOC01907,CAMP00756,CUST01083,Facebook,2026-07-11,Text,121196,1628,6091,630,2459,0.0892
SOC01908,CAMP00420,CUST00487,LinkedIn,2026-02-24,Video,30144,8645,9690,2198,3693,0.5
SOC01909,CAMP00874,CUST00092,Facebook,2025-03-15,Story,166393,7257,5619,1292,3657,0.1071
SOC01910,CAMP00662,CUST01716,YouTube,2025-12-20,Video,80258,9734,6680,1741,3459,0.2693
SOC01911,CAMP01518,CUST00260,LinkedIn,2025-11-19,Story,71682,10672,3896,1376,1616,0.245
SOC01912,CAMP00891,CUST01071,Instagram,2026-02-14,Image,104269,7761,4224,1065,1335,0.138
SOC01913,CAMP01440,CUST00783,Instagram,2026-06-14,Text,37500,8930,11778,1042,2067,0.5
SOC01914,CAMP01825,CUST00638,LinkedIn,2025-11-10,Reel,86259,11570,4012,2464,4959,0.2667
SOC01915,CAMP00090,CUST00070,YouTube,2026-07-21,Story,114510,3039,10660,1367,264,0.1339
SOC01916,CAMP00737,CUST01655,Instagram,2026-02-24,Image,8392,8392,5303,1060,1668,0.5
SOC01917,CAMP00267,CUST01862,Facebook,2025-02-02,Image,129871,7705,7449,2772,4478,0.1725
SOC01918,CAMP00280,CUST00947,Instagram,2025-12-06,Video,161503,4962,2456,1591,4403,0.083
SOC01919,CAMP01490,CUST01743,Instagram,2025-08-27,Story,154368,13385,3945,2148,972,0.1325
SOC01920,CAMP01743,CUST00839,YouTube,2025-08-29,Text,59958,12763,5104,2055,898,0.3472
SOC01921,CAMP01601,CUST01571,Instagram,2026-02-21,Image,142645,2584,9104,796,692,0.0924
SOC01922,CAMP00795,CUST01440,Facebook,2026-02-20,Reel,182777,1782,9880,803,1884,0.0785
SOC01923,CAMP00706,CUST00813,YouTube,2025-08-30,Text,61044,12733,6586,1535,429,0.3487
SOC01924,CAMP01726,CUST01872,Facebook,2025-03-14,Text,48262,6401,6667,349,115,0.2804
SOC01925,CAMP01545,CUST01154,Facebook,2025-02-27,Story,194387,14778,504,952,3090,0.0994
SOC01926,CAMP00168,CUST01434,X,2025-06-09,Text,133219,13450,3069,2084,503,0.1434
SOC01927,CAMP00259,CUST00421,Instagram,2026-03-22,Text,18993,1694,10672,644,2463,0.5
SOC01928,CAMP01892,CUST01830,Facebook,2025-04-22,Reel,91946,8755,8401,557,2230,0.2169
SOC01929,CAMP01436,CUST01060,YouTube,2026-05-27,Video,182935,8287,10229,2839,2899,0.1326
SOC01930,CAMP01910,CUST01989,LinkedIn,2026-05-16,Video,5083,600,4202,636,4119,0.5
SOC01931,CAMP01688,CUST01692,Facebook,2025-11-03,Reel,171573,4981,8056,1818,1640,0.0961
SOC01932,CAMP00573,CUST01676,LinkedIn,2026-01-06,Image,122262,5518,2253,599,3343,0.0958
SOC01933,CAMP01362,CUST01827,Facebook,2026-03-12,Image,120812,8957,8611,2693,3730,0.1986
SOC01934,CAMP00073,CUST01417,X,2025-01-01,Text,7304,7304,609,2242,2870,0.5
SOC01935,CAMP00897,CUST01910,YouTube,2025-10-11,Text,148970,2224,11907,2155,2047,0.1231
SOC01936,CAMP00803,CUST00976,Facebook,2026-05-07,Image,11717,4884,10402,943,64,0.5
SOC01937,CAMP00089,CUST00445,LinkedIn,2026-07-17,Story,70856,6042,7848,1909,1215,0.2401
SOC01938,CAMP00462,CUST00765,Instagram,2025-06-14,Image,132624,3630,6750,2221,4160,0.1264
SOC01939,CAMP00854,CUST01409,YouTube,2025-10-23,Video,189948,12893,9465,1908,2164,0.1391
SOC01940,CAMP01547,CUST01381,X,2025-01-07,Image,99954,12027,367,1702,1632,0.1574
SOC01941,CAMP01417,CUST01502,Instagram,2025-03-23,Story,135782,1647,2327,1603,4579,0.0748
SOC01942,CAMP00088,CUST00936,Facebook,2025-02-17,Story,176575,3715,5940,1521,2755,0.0789
SOC01943,CAMP00023,CUST00999,LinkedIn,2025-07-25,Image,175561,4265,1338,1738,4825,0.0693
SOC01944,CAMP00232,CUST01012,Instagram,2025-11-27,Video,91148,3072,3428,2712,4108,0.1461
SOC01945,CAMP00771,CUST01796,X,2025-07-10,Reel,171130,2346,6674,715,991,0.0627
SOC01946,CAMP01319,CUST01590,Facebook,2025-04-19,Story,197423,10418,3141,1733,264,0.0788
SOC01947,CAMP00724,CUST01216,X,2026-06-03,Text,81413,12801,4725,2454,91,0.2465
SOC01948,CAMP01631,CUST01622,X,2026-01-10,Image,5109,5109,11088,709,1581,0.5
SOC01949,CAMP01445,CUST01795,LinkedIn,2026-04-17,Video,31098,10463,8435,320,4277,0.5
SOC01950,CAMP00068,CUST00446,LinkedIn,2026-05-25,Story,184471,43,11482,2950,4773,0.1043
SOC01951,CAMP00386,CUST01619,LinkedIn,2026-06-02,Story,143218,1417,2818,2344,4768,0.0792
SOC01952,CAMP00509,CUST01220,LinkedIn,2025-09-01,Image,44681,8439,8869,930,483,0.419
SOC01953,CAMP01673,CUST00884,Instagram,2026-02-22,Video,140371,9591,11003,189,3394,0.1722
SOC01954,CAMP01220,CUST01943,Facebook,2026-06-04,Text,38696,968,2985,1421,1823,0.186
SOC01955,CAMP01387,CUST00677,X,2026-03-31,Story,176043,10926,1314,2120,414,0.0839
SOC01956,CAMP00562,CUST01788,Facebook,2025-05-08,Text,97656,13647,1197,1129,4494,0.2096
SOC01957,CAMP00449,CUST01991,YouTube,2026-07-03,Video,171102,9711,11641,2174,2247,0.1506
SOC01958,CAMP01302,CUST00072,YouTube,2026-01-18,Video,130780,11079,664,2217,601,0.1113
SOC01959,CAMP00098,CUST01312,YouTube,2025-03-25,Story,43211,11228,5249,853,2224,0.4525
SOC01960,CAMP01239,CUST01700,Facebook,2026-06-16,Video,125257,11025,589,1393,3418,0.1311
SOC01961,CAMP01624,CUST00352,Facebook,2026-04-19,Text,133963,7946,3456,2354,2559,0.1218
SOC01962,CAMP01012,CUST01753,X,2025-11-24,Text,71349,11108,11672,1050,3444,0.3823
SOC01963,CAMP00982,CUST00849,X,2025-07-31,Text,109371,87,1958,1081,2037,0.0472
SOC01964,CAMP01567,CUST00544,YouTube,2026-04-10,Story,123353,2797,2101,1941,1216,0.0653
SOC01965,CAMP01120,CUST01308,YouTube,2025-12-15,Text,14218,7120,348,1189,3119,0.5
SOC01966,CAMP00142,CUST01938,Instagram,2025-12-27,Reel,90752,1609,8775,1476,725,0.1387
SOC01967,CAMP01474,CUST01979,LinkedIn,2025-02-04,Image,147129,6813,2506,1771,2163,0.0901
SOC01968,CAMP00215,CUST00858,X,2025-04-06,Text,42437,6742,3771,52,3800,0.3385
SOC01969,CAMP01835,CUST00643,YouTube,2025-07-15,Image,32247,7238,9025,2070,667,0.5
SOC01970,CAMP00260,CUST01499,X,2026-07-02,Video,8333,8333,9179,1934,1144,0.5
SOC01971,CAMP01385,CUST01969,Facebook,2026-02-16,Reel,139313,5297,5857,2391,1386,0.1072
SOC01972,CAMP01955,CUST00083,Instagram,2025-05-03,Video,131004,14893,9798,477,3887,0.2218
SOC01973,CAMP01747,CUST00331,LinkedIn,2026-06-10,Video,6301,602,6997,73,188,0.5
SOC01974,CAMP00552,CUST00327,X,2026-04-13,Video,120357,4192,3164,2881,4536,0.1227
SOC01975,CAMP00269,CUST00489,X,2025-02-17,Text,78142,13111,2672,142,2640,0.2376
SOC01976,CAMP00788,CUST00821,LinkedIn,2025-02-25,Text,101236,13629,4063,2232,235,0.1991
SOC01977,CAMP01186,CUST01330,X,2025-08-12,Video,128785,13410,212,2193,4700,0.1593
SOC01978,CAMP00540,CUST00197,LinkedIn,2025-10-19,Reel,90920,1171,5947,1120,1398,0.106
SOC01979,CAMP01551,CUST01842,Facebook,2026-04-02,Story,78713,7103,1395,1077,8,0.1217
SOC01980,CAMP01475,CUST01179,X,2025-12-14,Video,101334,4527,631,180,3640,0.0886
SOC01981,CAMP00112,CUST01293,Instagram,2025-07-23,Story,187883,1131,2298,2457,2903,0.0468
SOC01982,CAMP00531,CUST00518,Instagram,2026-02-07,Reel,23452,6173,299,983,2829,0.4385
SOC01983,CAMP00628,CUST00378,Instagram,2026-02-01,Text,71331,495,1781,2849,1499,0.0929
SOC01984,CAMP01135,CUST00569,X,2026-02-23,Image,136611,5319,9787,1954,2580,0.1438
SOC01985,CAMP01944,CUST00869,X,2025-12-31,Reel,95912,8684,10957,67,3011,0.2369
SOC01986,CAMP00221,CUST01340,YouTube,2026-07-07,Video,172189,12503,5477,2695,2341,0.1337
SOC01987,CAMP00193,CUST00838,LinkedIn,2025-07-12,Text,56580,1384,6277,2709,1611,0.2118
SOC01988,CAMP01627,CUST01002,X,2026-04-30,Reel,23773,6561,5984,2242,4785,0.5
SOC01989,CAMP01162,CUST00327,X,2026-02-03,Text,42562,6214,7319,2757,2365,0.4383
SOC01990,CAMP01910,CUST00435,Facebook,2026-01-08,Text,154309,11532,7293,2310,3885,0.1621
SOC01991,CAMP01508,CUST01257,X,2025-08-12,Story,123458,3840,3676,1805,1730,0.0895
SOC01992,CAMP00711,CUST00423,YouTube,2026-04-07,Reel,84335,13257,3953,391,2765,0.2415
SOC01993,CAMP00503,CUST01011,YouTube,2025-09-24,Text,44882,4044,8369,1366,2439,0.3613
SOC01994,CAMP00197,CUST00662,Facebook,2025-06-01,Reel,157860,7602,9150,688,1635,0.1208
SOC01995,CAMP01492,CUST01587,X,2025-02-28,Text,67082,12194,2629,1119,4788,0.309
SOC01996,CAMP00699,CUST00635,LinkedIn,2025-03-02,Video,101348,5774,282,2371,118,0.0843
SOC01997,CAMP00018,CUST00479,X,2025-12-24,Reel,161989,11323,114,2547,2221,0.1
SOC01998,CAMP00328,CUST01850,Instagram,2025-09-16,Reel,45080,54,1537,1129,3388,0.1355
SOC01999,CAMP01927,CUST00376,YouTube,2025-07-15,Story,78527,14461,4574,579,991,0.2624
SOC02000,CAMP01781,CUST01495,Facebook,2025-10-26,Text,82774,10943,11135,2575,777,0.3072
