interaction_id,customer_id,agent_id,interaction_datetime,channel,call_reason,duration_minutes,outcome,satisfaction_score
CALL00001,CUST01916,AG004,2026-04-19 15:50:40,Phone,Billing,37,No Response,2
CALL00002,CUST01180,AG005,2026-06-24 11:09:06,Email,Product Query,16,Resolved,4
CALL00003,CUST01562,AG005,2025-05-18 23:31:37,Chat,Complaint,23,No Response,3
CALL00004,CUST00742,AG007,2025-08-06 09:03:19,Email,Billing,22,Follow-up Required,1
CALL00005,CUST01521,AG009,2025-10-28 05:09:00,Email,Technical Support,18,Follow-up Required,4
CALL00006,CUST01787,AG010,2025-10-13 20:02:50,Phone,Cancellation,49,Escalated,5
CALL00007,CUST00847,AG002,2026-03-08 14:24:11,Chat,Product Query,3,No Response,3
CALL00008,CUST01294,AG001,2026-06-29 16:04:56,Chat,Complaint,36,Resolved,1
CALL00009,CUST01561,AG009,2026-06-04 21:28:17,Phone,Cancellation,10,No Response,5
CALL00010,CUST00719,AG008,2026-06-12 12:12:04,Email,Technical Support,30,No Response,1
CALL00011,CUST01308,AG003,2025-07-14 13:45:18,Chat,Cancellation,37,Resolved,2
CALL00012,CUST00979,AG002,2025-01-07 19:50:37,Email,Billing,29,No Response,2
CALL00013,CUST01126,AG002,2025-04-16 08:19:11,Phone,Billing,25,Resolved,3
CALL00014,CUST01053,AG005,2025-04-17 17:01:57,Phone,Complaint,36,Escalated,2
CALL00015,CUST00450,AG003,2026-04-09 16:18:43,Phone,Billing,2,Follow-up Required,5
CALL00016,CUST01969,AG002,2025-09-01 08:35:53,Email,Product Query,55,No Response,2
CALL00017,CUST00631,AG009,2025-08-12 21:07:32,Chat,Billing,22,Follow-up Required,3
CALL00018,CUST01491,AG008,2026-03-24 09:31:38,Chat,Billing,3,Resolved,1
CALL00019,CUST01557,AG006,2025-02-12 20:30:13,Chat,Product Query,22,Resolved,3
CALL00020,CUST01428,AG001,2025-08-17 09:56:00,Email,Billing,22,No Response,2
CALL00021,CUST00416,AG002,2025-08-27 19:45:09,Chat,Product Query,14,No Response,2
CALL00022,CUST01968,AG008,2025-05-03 21:02:40,Email,Product Query,37,No Response,3
CALL00023,CUST01242,AG004,2025-07-13 00:21:08,Phone,Billing,10,Escalated,4
CALL00024,CUST00307,AG005,2026-05-09 20:42:37,Email,Product Query,21,Follow-up Required,5
CALL00025,CUST01215,AG009,2026-02-14 08:24:30,Chat,Product Query,1,No Response,2
CALL00026,CUST00935,AG003,2025-07-23 05:06:36,Email,Product Query,14,Resolved,2
CALL00027,CUST01384,AG010,2026-06-05 07:15:40,Email,Complaint,38,Resolved,2
CALL00028,CUST01924,AG010,2025-03-09 13:49:28,Phone,Billing,17,Escalated,5
CALL00029,CUST00507,AG006,2026-06-09 20:31:39,Email,Product Query,47,Follow-up Required,1
CALL00030,CUST01705,AG003,2026-01-13 14:26:48,Phone,Product Query,31,Resolved,1
CALL00031,CUST01698,AG010,2025-05-06 08:05:05,Chat,Complaint,14,Follow-up Required,3
CALL00032,CUST00410,AG003,2026-05-31 08:24:21,Phone,Complaint,16,Follow-up Required,2
CALL00033,CUST00592,AG009,2025-03-25 23:56:54,Chat,Billing,20,No Response,2
CALL00034,CUST00843,AG005,2025-12-10 17:44:07,Email,Billing,33,Resolved,3
CALL00035,CUST00575,AG009,2025-12-19 02:23:57,Chat,Billing,54,Follow-up Required,5
CALL00036,CUST00376,AG004,2026-08-17 20:00:33,Email,Billing,15,Follow-up Required,2
CALL00037,CUST01468,AG008,2025-05-11 18:45:52,Chat,Product Query,58,Resolved,4
CALL00038,CUST01402,AG008,2026-06-05 22:35:13,Chat,Billing,40,Follow-up Required,4
CALL00039,CUST01496,AG004,2025-03-26 14:25:03,Chat,Technical Support,34,Follow-up Required,5
CALL00040,CUST01235,AG001,2025-05-26 19:59:08,Phone,Technical Support,19,Follow-up Required,5
CALL00041,CUST00375,AG003,2025-01-23 03:30:13,Email,Complaint,24,No Response,4
CALL00042,CUST01163,AG007,2025-07-16 05:43:17,Phone,Complaint,46,Escalated,5
CALL00043,CUST01073,AG008,2026-03-10 08:42:11,Chat,Billing,60,No Response,5
CALL00044,CUST01807,AG005,2025-04-27 16:08:02,Phone,Product Query,31,Follow-up Required,4
CALL00045,CUST01755,AG009,2025-02-13 08:46:34,Chat,Cancellation,4,Follow-up Required,1
CALL00046,CUST00201,AG008,2025-11-29 09:06:52,Chat,Cancellation,35,Follow-up Required,2
CALL00047,CUST01087,AG002,2025-01-04 06:18:46,Chat,Product Query,18,Follow-up Required,4
CALL00048,CUST01881,AG004,2026-01-24 14:39:28,Phone,Cancellation,47,Follow-up Required,5
CALL00049,CUST01418,AG006,2026-03-24 06:51:53,Chat,Technical Support,32,Follow-up Required,1
CALL00050,CUST00970,AG001,2026-03-23 18:52:21,Email,Complaint,9,Resolved,5
CALL00051,CUST01349,AG003,2025-02-24 16:01:45,Chat,Complaint,15,No Response,1
CALL00052,CUST00055,AG008,2025-11-12 16:18:12,Chat,Technical Support,55,Resolved,1
CALL00053,CUST00995,AG009,2025-07-11 20:36:20,Phone,Product Query,56,Follow-up Required,1
CALL00054,CUST01830,AG002,2025-03-15 00:22:39,Phone,Technical Support,23,Resolved,4
CALL00055,CUST00897,AG006,2025-04-07 10:57:08,Chat,Cancellation,32,Resolved,4
CALL00056,CUST01863,AG005,2025-05-30 05:20:33,Phone,Technical Support,21,No Response,5
CALL00057,CUST01597,AG009,2026-03-26 05:08:43,Phone,Cancellation,54,Resolved,4
CALL00058,CUST01888,AG009,2025-10-07 02:59:13,Phone,Cancellation,51,Escalated,1
CALL00059,CUST00291,AG010,2025-02-22 13:51:50,Phone,Complaint,20,Follow-up Required,2
CALL00060,CUST01670,AG010,2025-06-10 12:59:17,Phone,Complaint,15,Resolved,2
CALL00061,CUST00427,AG008,2025-04-16 20:16:37,Phone,Billing,10,Follow-up Required,5
CALL00062,CUST00557,AG003,2025-01-31 05:10:58,Phone,Cancellation,47,Escalated,4
CALL00063,CUST00265,AG003,2026-06-06 23:57:46,Phone,Billing,55,Follow-up Required,5
CALL00064,CUST00573,AG009,2026-06-15 03:51:35,Phone,Product Query,32,Escalated,5
CALL00065,CUST01289,AG007,2025-02-04 07:35:20,Phone,Billing,29,Resolved,5
CALL00066,CUST00657,AG008,2025-11-07 17:03:12,Chat,Technical Support,23,No Response,3
CALL00067,CUST00049,AG003,2026-05-28 16:22:00,Chat,Technical Support,48,Resolved,4
CALL00068,CUST00452,AG010,2025-12-21 18:53:02,Phone,Product Query,3,Resolved,4
CALL00069,CUST00261,AG002,2025-07-23 10:27:19,Phone,Billing,19,No Response,3
CALL00070,CUST01817,AG009,2025-03-03 00:41:19,Chat,Cancellation,37,Resolved,3
CALL00071,CUST01508,AG004,2025-02-25 10:25:47,Email,Cancellation,7,No Response,2
CALL00072,CUST01070,AG001,2026-06-27 16:32:30,Phone,Cancellation,22,No Response,5
CALL00073,CUST01704,AG009,2026-01-17 19:36:35,Email,Billing,39,Escalated,3
CALL00074,CUST00533,AG010,2026-05-30 00:29:18,Phone,Technical Support,21,Escalated,2
CALL00075,CUST01815,AG010,2026-08-05 07:00:58,Email,Complaint,16,Resolved,1
CALL00076,CUST01545,AG001,2025-08-21 18:52:00,Phone,Cancellation,44,Resolved,3
CALL00077,CUST00504,AG005,2026-02-24 02:30:43,Chat,Product Query,56,Resolved,5
CALL00078,CUST01256,AG004,2025-04-29 03:24:57,Chat,Billing,13,No Response,4
CALL00079,CUST01920,AG004,2026-02-06 23:33:14,Phone,Complaint,18,Escalated,3
CALL00080,CUST00759,AG004,2026-04-19 11:36:46,Phone,Product Query,13,Resolved,2
CALL00081,CUST00433,AG001,2025-11-16 00:31:57,Email,Complaint,18,Resolved,2
CALL00082,CUST01829,AG005,2025-12-09 05:28:53,Email,Cancellation,56,Escalated,3
CALL00083,CUST00630,AG001,2025-09-27 21:11:49,Phone,Billing,46,Follow-up Required,2
CALL00084,CUST01112,AG003,2026-05-11 14:33:34,Phone,Billing,49,No Response,4
CALL00085,CUST00193,AG008,2025-10-30 05:51:46,Chat,Technical Support,23,Follow-up Required,3
CALL00086,CUST01257,AG002,2025-10-15 05:13:55,Email,Complaint,8,Resolved,5
CALL00087,CUST01984,AG007,2025-08-15 11:34:52,Phone,Cancellation,9,Resolved,1
CALL00088,CUST00066,AG009,2026-06-16 04:48:53,Chat,Cancellation,56,No Response,1
CALL00089,CUST00567,AG010,2025-02-23 07:26:00,Chat,Complaint,15,No Response,4
CALL00090,CUST01260,AG007,2026-03-03 20:04:41,Phone,Billing,7,Follow-up Required,1
CALL00091,CUST01191,AG009,2025-09-11 09:01:23,Chat,Product Query,40,Follow-up Required,4
CALL00092,CUST00826,AG005,2025-07-29 22:54:20,Email,Billing,20,Follow-up Required,2
CALL00093,CUST00631,AG010,2025-09-18 18:23:37,Phone,Billing,8,Follow-up Required,4
CALL00094,CUST01497,AG008,2026-03-26 21:25:57,Chat,Cancellation,21,Escalated,4
CALL00095,CUST00975,AG010,2025-07-30 01:45:32,Phone,Product Query,42,Escalated,4
CALL00096,CUST00088,AG010,2025-07-11 16:08:42,Email,Complaint,21,Escalated,3
CALL00097,CUST00283,AG007,2026-08-15 11:48:12,Phone,Product Query,57,Follow-up Required,5
CALL00098,CUST00772,AG003,2025-09-13 23:20:54,Email,Cancellation,27,No Response,3
CALL00099,CUST01293,AG001,2026-04-24 06:35:16,Email,Billing,9,Resolved,1
CALL00100,CUST00132,AG004,2025-08-27 04:14:23,Phone,Complaint,54,Follow-up Required,4
CALL00101,CUST01995,AG003,2026-08-06 02:41:42,Email,Complaint,17,No Response,3
CALL00102,CUST01863,AG010,2025-09-07 07:59:40,Email,Technical Support,22,Resolved,1
CALL00103,CUST00137,AG001,2025-08-05 22:35:46,Email,Product Query,21,Escalated,4
CALL00104,CUST00840,AG006,2026-03-09 11:42:40,Chat,Technical Support,30,No Response,1
CALL00105,CUST00742,AG010,2026-05-02 04:26:52,Email,Complaint,36,Resolved,5
CALL00106,CUST00279,AG003,2025-05-27 10:02:09,Email,Technical Support,34,No Response,1
CALL00107,CUST01032,AG006,2026-07-14 04:57:08,Chat,Cancellation,39,Escalated,2
CALL00108,CUST01487,AG002,2025-07-12 15:13:45,Email,Billing,17,Escalated,2
CALL00109,CUST01066,AG005,2026-06-18 16:31:07,Chat,Billing,58,Follow-up Required,2
CALL00110,CUST01764,AG010,2025-11-02 07:09:28,Email,Cancellation,29,Resolved,3
CALL00111,CUST01283,AG007,2025-12-08 05:57:14,Phone,Product Query,60,Escalated,1
CALL00112,CUST01551,AG006,2025-06-14 23:38:37,Chat,Cancellation,5,Resolved,5
CALL00113,CUST01692,AG010,2025-04-08 04:48:43,Phone,Complaint,20,Escalated,5
CALL00114,CUST01702,AG009,2025-03-21 05:48:07,Phone,Billing,50,No Response,1
CALL00115,CUST01141,AG003,2025-03-09 09:43:09,Chat,Billing,13,Follow-up Required,2
CALL00116,CUST01694,AG007,2026-02-24 03:02:12,Email,Billing,39,Follow-up Required,3
CALL00117,CUST00759,AG007,2026-01-01 15:28:30,Phone,Billing,15,No Response,1
CALL00118,CUST01979,AG005,2025-12-23 01:14:36,Chat,Product Query,50,No Response,2
CALL00119,CUST01319,AG002,2026-07-06 20:55:50,Phone,Technical Support,37,Escalated,5
CALL00120,CUST00727,AG009,2026-07-18 23:59:24,Email,Cancellation,30,No Response,3
CALL00121,CUST00119,AG002,2025-10-18 00:00:34,Phone,Cancellation,17,Escalated,5
CALL00122,CUST00698,AG004,2026-03-19 13:52:51,Chat,Billing,56,No Response,2
CALL00123,CUST00965,AG003,2025-02-17 06:21:46,Phone,Complaint,49,No Response,3
CALL00124,CUST00224,AG008,2025-12-07 23:31:11,Email,Complaint,28,Resolved,5
CALL00125,CUST01135,AG001,2025-09-15 09:08:27,Phone,Technical Support,28,No Response,2
CALL00126,CUST01716,AG005,2025-06-08 22:01:39,Phone,Complaint,46,Resolved,4
CALL00127,CUST00632,AG009,2025-08-14 20:42:11,Chat,Billing,1,Resolved,3
CALL00128,CUST01862,AG009,2025-04-29 22:59:15,Chat,Complaint,47,Escalated,2
CALL00129,CUST00819,AG003,2025-11-02 07:59:46,Chat,Product Query,48,Resolved,1
CALL00130,CUST00565,AG006,2025-11-08 22:33:54,Chat,Complaint,45,Escalated,5
CALL00131,CUST01674,AG005,2025-03-12 23:15:48,Chat,Product Query,26,Follow-up Required,1
CALL00132,CUST01231,AG004,2025-10-02 13:57:29,Chat,Technical Support,28,Resolved,1
CALL00133,CUST01248,AG009,2025-07-09 00:34:10,Chat,Complaint,60,Follow-up Required,3
CALL00134,CUST00490,AG008,2025-08-30 09:10:05,Phone,Technical Support,42,Follow-up Required,1
CALL00135,CUST01200,AG001,2026-06-18 20:02:59,Phone,Technical Support,46,No Response,5
CALL00136,CUST01724,AG009,2025-09-21 04:04:34,Phone,Product Query,28,No Response,4
CALL00137,CUST00390,AG004,2026-01-25 21:56:22,Email,Billing,34,Escalated,1
CALL00138,CUST00014,AG009,2025-05-07 10:52:28,Email,Billing,23,No Response,5
CALL00139,CUST01532,AG008,2026-07-28 04:54:32,Chat,Billing,8,Resolved,4
CALL00140,CUST01391,AG005,2025-09-08 17:32:22,Email,Cancellation,49,No Response,4
CALL00141,CUST00407,AG007,2025-07-07 01:59:32,Phone,Billing,32,Resolved,2
CALL00142,CUST01086,AG005,2025-01-24 08:45:33,Email,Technical Support,32,No Response,5
CALL00143,CUST00243,AG008,2026-05-21 09:12:44,Phone,Cancellation,37,No Response,1
CALL00144,CUST00573,AG002,2025-12-01 01:33:26,Phone,Technical Support,41,No Response,5
CALL00145,CUST00363,AG007,2025-03-27 21:34:56,Email,Cancellation,52,Resolved,2
CALL00146,CUST01847,AG001,2025-11-28 21:58:08,Phone,Cancellation,45,Escalated,1
CALL00147,CUST00718,AG008,2025-06-09 08:59:55,Chat,Technical Support,49,Escalated,1
CALL00148,CUST00960,AG010,2026-02-02 11:06:06,Chat,Product Query,43,Resolved,1
CALL00149,CUST00481,AG008,2025-04-16 22:45:51,Email,Billing,57,No Response,1
CALL00150,CUST01050,AG008,2026-03-02 10:00:36,Chat,Cancellation,8,Follow-up Required,3
CALL00151,CUST01114,AG009,2025-04-17 09:43:40,Chat,Cancellation,43,No Response,2
CALL00152,CUST00167,AG006,2026-02-06 16:13:36,Email,Billing,8,Follow-up Required,3
CALL00153,CUST01570,AG007,2025-06-23 09:21:44,Phone,Cancellation,29,No Response,1
CALL00154,CUST00824,AG006,2026-04-25 01:25:34,Phone,Complaint,3,Escalated,5
CALL00155,CUST00936,AG005,2025-11-13 21:12:16,Chat,Technical Support,25,Follow-up Required,3
CALL00156,CUST00319,AG001,2025-03-21 07:22:20,Chat,Billing,23,No Response,3
CALL00157,CUST00132,AG001,2026-06-02 17:09:14,Phone,Cancellation,29,Follow-up Required,1
CALL00158,CUST01109,AG005,2026-06-13 03:38:22,Chat,Technical Support,51,Escalated,2
CALL00159,CUST00055,AG003,2025-07-12 20:00:41,Email,Complaint,19,Follow-up Required,1
CALL00160,CUST01157,AG010,2025-08-20 12:03:34,Phone,Billing,7,Follow-up Required,2
CALL00161,CUST01530,AG010,2026-02-02 08:42:45,Chat,Complaint,9,Escalated,4
CALL00162,CUST00489,AG005,2025-09-26 18:09:30,Chat,Complaint,49,No Response,3
CALL00163,CUST00572,AG007,2025-03-13 20:30:48,Phone,Complaint,16,No Response,4
CALL00164,CUST01887,AG006,2026-01-24 00:29:51,Email,Cancellation,23,Resolved,1
CALL00165,CUST00916,AG003,2025-05-14 16:58:15,Email,Billing,42,Escalated,2
CALL00166,CUST00606,AG004,2025-05-20 13:23:23,Chat,Product Query,54,Escalated,1
CALL00167,CUST01773,AG004,2026-07-09 18:24:00,Phone,Complaint,5,Resolved,5
CALL00168,CUST01309,AG002,2026-03-22 16:02:56,Phone,Product Query,47,Follow-up Required,5
CALL00169,CUST01196,AG001,2025-03-23 23:35:58,Email,Billing,24,No Response,2
CALL00170,CUST01959,AG004,2025-12-07 04:39:45,Phone,Billing,32,No Response,4
CALL00171,CUST01210,AG010,2025-10-05 06:58:50,Phone,Product Query,11,Escalated,4
CALL00172,CUST01608,AG001,2025-03-28 00:48:21,Phone,Cancellation,8,Resolved,2
CALL00173,CUST01405,AG006,2025-02-26 08:05:47,Email,Technical Support,42,Escalated,3
CALL00174,CUST01493,AG006,2026-06-02 07:34:40,Phone,Complaint,38,Follow-up Required,5
CALL00175,CUST01368,AG007,2025-02-25 14:39:01,Phone,Complaint,21,Follow-up Required,2
CALL00176,CUST00119,AG010,2025-12-24 10:06:34,Chat,Complaint,22,No Response,3
CALL00177,CUST00368,AG004,2025-08-19 10:13:21,Phone,Product Query,32,No Response,2
CALL00178,CUST01049,AG004,2026-01-16 14:19:31,Email,Product Query,27,No Response,3
CALL00179,CUST01418,AG006,2025-09-22 13:42:50,Phone,Complaint,51,Escalated,2
CALL00180,CUST01508,AG009,2026-01-15 02:40:54,Email,Complaint,14,Escalated,1
CALL00181,CUST01613,AG006,2025-06-15 07:35:15,Phone,Complaint,32,Resolved,4
CALL00182,CUST01321,AG001,2025-06-11 08:24:45,Chat,Cancellation,40,Escalated,2
CALL00183,CUST00087,AG005,2025-12-03 00:47:40,Chat,Technical Support,18,No Response,1
CALL00184,CUST01136,AG006,2025-04-01 15:37:11,Phone,Product Query,12,Resolved,1
CALL00185,CUST01422,AG009,2025-12-02 20:15:19,Chat,Complaint,36,Follow-up Required,5
CALL00186,CUST01843,AG007,2026-01-01 20:39:01,Phone,Cancellation,24,Follow-up Required,3
CALL00187,CUST01223,AG007,2026-08-08 19:23:50,Chat,Product Query,59,No Response,2
CALL00188,CUST01120,AG004,2025-05-29 13:16:38,Chat,Product Query,13,No Response,2
CALL00189,CUST00315,AG008,2025-03-05 20:40:31,Email,Billing,35,Resolved,3
CALL00190,CUST01676,AG001,2025-06-11 13:07:29,Chat,Technical Support,26,No Response,2
CALL00191,CUST00814,AG002,2026-04-23 15:21:05,Email,Product Query,21,Resolved,2
CALL00192,CUST01772,AG003,2025-09-08 13:08:14,Phone,Technical Support,35,Resolved,3
CALL00193,CUST00355,AG005,2025-04-09 16:30:55,Chat,Product Query,47,Resolved,5
CALL00194,CUST01573,AG001,2025-05-15 02:58:50,Chat,Product Query,18,No Response,2
CALL00195,CUST00598,AG006,2026-04-23 10:10:25,Chat,Product Query,38,Resolved,1
CALL00196,CUST00300,AG009,2026-07-14 22:10:03,Email,Complaint,51,Resolved,3
CALL00197,CUST01831,AG004,2025-03-31 20:05:03,Phone,Complaint,59,Escalated,2
CALL00198,CUST01551,AG001,2025-12-11 12:03:42,Phone,Technical Support,38,No Response,4
CALL00199,CUST01730,AG003,2026-08-09 13:49:17,Phone,Billing,10,No Response,4
CALL00200,CUST01575,AG001,2025-02-10 20:43:24,Email,Complaint,51,Escalated,3
CALL00201,CUST01170,AG007,2025-04-06 13:58:16,Chat,Technical Support,60,No Response,2
CALL00202,CUST01348,AG008,2025-10-15 14:34:31,Email,Technical Support,57,No Response,4
CALL00203,CUST00101,AG003,2025-02-11 05:46:56,Chat,Product Query,42,Resolved,3
CALL00204,CUST00743,AG003,2025-12-01 09:44:39,Chat,Product Query,8,Follow-up Required,2
CALL00205,CUST00655,AG004,2026-02-15 07:13:45,Phone,Complaint,37,Resolved,1
CALL00206,CUST00579,AG004,2025-08-02 17:49:51,Chat,Product Query,11,Resolved,1
CALL00207,CUST00710,AG007,2026-07-01 14:29:02,Email,Cancellation,46,No Response,5
CALL00208,CUST01302,AG004,2026-06-05 21:38:26,Phone,Complaint,3,Escalated,4
CALL00209,CUST01242,AG004,2026-03-07 05:31:58,Chat,Complaint,10,Escalated,5
CALL00210,CUST01460,AG009,2025-11-07 10:23:45,Phone,Product Query,42,No Response,3
CALL00211,CUST00859,AG008,2025-03-03 18:10:38,Email,Product Query,16,No Response,1
CALL00212,CUST01840,AG010,2025-05-23 08:52:07,Email,Product Query,6,No Response,5
CALL00213,CUST01026,AG004,2026-08-01 21:14:31,Email,Product Query,8,Resolved,4
CALL00214,CUST00683,AG010,2025-11-19 13:11:55,Email,Complaint,19,No Response,4
CALL00215,CUST01781,AG003,2025-09-16 01:03:21,Chat,Cancellation,30,No Response,1
CALL00216,CUST00579,AG004,2026-03-07 21:20:51,Chat,Billing,43,Follow-up Required,1
CALL00217,CUST01653,AG010,2025-05-23 21:43:49,Chat,Technical Support,31,Follow-up Required,5
CALL00218,CUST01483,AG003,2025-07-03 23:56:35,Chat,Technical Support,26,No Response,5
CALL00219,CUST01905,AG009,2025-08-19 03:11:34,Phone,Cancellation,55,Escalated,1
CALL00220,CUST01957,AG009,2026-06-05 01:11:25,Chat,Cancellation,47,Follow-up Required,3
CALL00221,CUST00275,AG010,2025-10-06 09:59:50,Phone,Cancellation,27,Resolved,2
CALL00222,CUST00581,AG009,2025-02-03 22:42:43,Email,Technical Support,60,No Response,4
CALL00223,CUST00997,AG009,2025-10-08 01:16:44,Phone,Technical Support,44,Resolved,5
CALL00224,CUST00549,AG004,2025-06-27 09:52:20,Phone,Product Query,22,Escalated,4
CALL00225,CUST00311,AG006,2025-10-09 19:42:17,Chat,Complaint,25,Escalated,2
CALL00226,CUST01788,AG006,2026-07-07 20:18:14,Email,Complaint,5,No Response,2
CALL00227,CUST00007,AG003,2025-07-11 23:51:55,Email,Technical Support,48,Resolved,5
CALL00228,CUST00530,AG004,2025-06-09 09:45:43,Phone,Technical Support,37,Follow-up Required,1
CALL00229,CUST01721,AG009,2025-10-11 03:30:01,Email,Technical Support,7,Escalated,4
CALL00230,CUST00831,AG001,2025-02-15 04:57:52,Email,Billing,10,No Response,3
CALL00231,CUST00538,AG001,2025-05-05 03:08:17,Email,Billing,7,Escalated,3
CALL00232,CUST01985,AG005,2025-01-27 20:06:04,Email,Cancellation,10,Resolved,1
CALL00233,CUST01337,AG008,2026-06-24 01:08:14,Email,Technical Support,20,Escalated,1
CALL00234,CUST01602,AG009,2026-03-26 03:57:10,Email,Product Query,46,Follow-up Required,3
CALL00235,CUST00713,AG007,2025-04-06 22:21:21,Chat,Cancellation,60,No Response,4
CALL00236,CUST00500,AG009,2025-07-20 08:34:49,Phone,Technical Support,26,Resolved,1
CALL00237,CUST00864,AG002,2025-03-08 00:01:50,Chat,Technical Support,33,Resolved,3
CALL00238,CUST01905,AG002,2026-04-01 18:28:44,Email,Technical Support,33,Escalated,5
CALL00239,CUST01189,AG006,2025-03-20 03:49:33,Email,Complaint,40,Resolved,3
CALL00240,CUST01688,AG004,2026-01-24 06:05:22,Phone,Technical Support,42,Resolved,4
CALL00241,CUST01892,AG009,2025-12-09 04:41:51,Email,Technical Support,6,No Response,3
CALL00242,CUST01949,AG001,2026-03-24 09:55:15,Phone,Product Query,35,Escalated,1
CALL00243,CUST01880,AG004,2026-05-23 22:09:23,Email,Product Query,24,No Response,3
CALL00244,CUST00807,AG003,2026-07-01 18:11:34,Email,Billing,49,No Response,1
CALL00245,CUST01898,AG006,2025-07-17 03:54:55,Email,Complaint,56,Resolved,3
CALL00246,CUST01335,AG003,2026-05-01 11:32:28,Phone,Technical Support,22,Escalated,2
CALL00247,CUST01813,AG010,2025-04-14 17:38:24,Email,Technical Support,35,Resolved,4
CALL00248,CUST00764,AG001,2025-04-01 04:50:23,Phone,Technical Support,16,Escalated,1
CALL00249,CUST00019,AG001,2026-06-11 19:01:11,Email,Billing,4,Resolved,3
CALL00250,CUST00885,AG009,2026-06-25 14:05:08,Phone,Complaint,9,No Response,1
CALL00251,CUST00599,AG006,2026-02-06 11:10:17,Chat,Billing,52,No Response,5
CALL00252,CUST01343,AG009,2025-07-20 01:43:48,Email,Cancellation,20,No Response,4
CALL00253,CUST01239,AG005,2025-09-05 19:33:15,Phone,Technical Support,7,Resolved,3
CALL00254,CUST00830,AG010,2026-04-25 11:43:27,Phone,Billing,15,Follow-up Required,5
CALL00255,CUST01339,AG005,2025-05-18 01:27:13,Chat,Technical Support,38,Escalated,1
CALL00256,CUST00839,AG008,2025-11-07 16:42:29,Email,Product Query,26,Resolved,4
CALL00257,CUST01474,AG010,2025-08-23 04:57:02,Email,Complaint,10,Escalated,5
CALL00258,CUST01084,AG008,2025-04-15 11:35:53,Email,Product Query,29,Follow-up Required,3
CALL00259,CUST00563,AG003,2025-12-10 01:53:51,Chat,Product Query,53,Resolved,5
CALL00260,CUST00215,AG008,2026-02-16 03:28:38,Chat,Technical Support,28,Resolved,5
CALL00261,CUST00201,AG004,2025-05-19 10:16:30,Chat,Cancellation,59,No Response,5
CALL00262,CUST01972,AG007,2026-02-03 17:17:47,Chat,Cancellation,23,Resolved,1
CALL00263,CUST01573,AG007,2026-07-01 14:50:11,Phone,Complaint,16,No Response,2
CALL00264,CUST01654,AG002,2026-06-26 02:07:18,Chat,Technical Support,36,Resolved,4
CALL00265,CUST01277,AG003,2026-06-28 21:38:13,Email,Technical Support,51,Follow-up Required,2
CALL00266,CUST00965,AG002,2025-09-02 14:31:20,Chat,Complaint,49,Escalated,4
CALL00267,CUST01654,AG001,2026-02-12 10:43:09,Phone,Cancellation,55,No Response,1
CALL00268,CUST01512,AG006,2026-03-14 14:41:32,Phone,Cancellation,4,No Response,4
CALL00269,CUST00513,AG003,2026-08-04 05:11:07,Email,Billing,46,Escalated,5
CALL00270,CUST01995,AG007,2025-11-05 17:13:01,Email,Complaint,2,Follow-up Required,2
CALL00271,CUST00229,AG003,2026-05-18 22:56:00,Phone,Cancellation,47,Escalated,4
CALL00272,CUST01033,AG001,2025-11-24 23:25:22,Phone,Billing,16,Resolved,1
CALL00273,CUST00226,AG002,2026-05-05 17:08:56,Chat,Billing,43,Resolved,2
CALL00274,CUST01448,AG006,2025-07-24 10:53:31,Phone,Cancellation,24,Follow-up Required,1
CALL00275,CUST00764,AG002,2025-02-13 22:33:23,Email,Product Query,5,Resolved,1
CALL00276,CUST00170,AG009,2025-08-04 07:50:05,Phone,Billing,42,Resolved,3
CALL00277,CUST01604,AG008,2025-07-19 20:09:27,Email,Cancellation,22,Resolved,5
CALL00278,CUST01913,AG002,2026-04-24 08:43:55,Phone,Product Query,10,Escalated,1
CALL00279,CUST00701,AG009,2026-02-17 09:12:40,Email,Product Query,19,Escalated,2
CALL00280,CUST00332,AG004,2026-01-14 04:24:45,Email,Billing,12,Follow-up Required,1
CALL00281,CUST00610,AG009,2025-04-23 22:49:55,Chat,Cancellation,13,No Response,3
CALL00282,CUST01602,AG010,2026-02-14 01:25:04,Chat,Cancellation,27,Follow-up Required,4
CALL00283,CUST01712,AG003,2026-02-11 15:55:54,Phone,Technical Support,28,Escalated,1
CALL00284,CUST00976,AG004,2026-07-09 22:01:28,Phone,Technical Support,20,No Response,2
CALL00285,CUST01091,AG002,2025-06-08 19:57:49,Phone,Complaint,16,Escalated,1
CALL00286,CUST01289,AG001,2026-02-16 01:10:24,Chat,Billing,50,Escalated,1
CALL00287,CUST00734,AG006,2025-02-15 12:16:38,Phone,Complaint,32,Escalated,2
CALL00288,CUST01193,AG007,2026-03-14 17:19:00,Phone,Technical Support,14,Follow-up Required,2
CALL00289,CUST00120,AG006,2026-04-30 15:01:18,Email,Technical Support,29,No Response,2
CALL00290,CUST00831,AG010,2026-04-06 15:41:54,Chat,Complaint,60,Follow-up Required,5
CALL00291,CUST01454,AG002,2025-09-27 09:23:31,Chat,Cancellation,1,Escalated,2
CALL00292,CUST01905,AG003,2025-09-13 17:00:49,Email,Product Query,56,Follow-up Required,2
CALL00293,CUST01791,AG009,2025-01-21 14:45:25,Phone,Technical Support,8,Escalated,3
CALL00294,CUST00621,AG003,2025-10-02 06:17:50,Chat,Complaint,16,Escalated,5
CALL00295,CUST00414,AG004,2026-03-05 22:02:06,Email,Cancellation,36,Escalated,2
CALL00296,CUST00463,AG005,2026-08-07 10:28:47,Phone,Technical Support,14,Escalated,3
CALL00297,CUST00436,AG003,2025-03-05 22:45:34,Chat,Product Query,59,Follow-up Required,5
CALL00298,CUST01789,AG006,2025-11-30 14:02:33,Phone,Cancellation,45,Escalated,5
CALL00299,CUST00061,AG008,2025-05-28 03:17:15,Email,Cancellation,35,Resolved,3
CALL00300,CUST00589,AG009,2025-08-13 00:14:40,Chat,Product Query,24,No Response,4
CALL00301,CUST01281,AG005,2026-04-13 09:18:06,Chat,Technical Support,56,Follow-up Required,1
CALL00302,CUST00216,AG010,2025-02-04 17:28:35,Chat,Complaint,22,Resolved,4
CALL00303,CUST00768,AG004,2025-02-02 21:35:42,Phone,Product Query,60,No Response,2
CALL00304,CUST00314,AG009,2025-05-09 07:25:05,Chat,Product Query,60,No Response,2
CALL00305,CUST00575,AG009,2025-06-01 01:25:43,Email,Billing,42,Follow-up Required,3
CALL00306,CUST00715,AG003,2026-04-09 16:36:30,Email,Cancellation,42,Escalated,5
CALL00307,CUST01334,AG001,2025-06-12 08:18:12,Email,Product Query,36,Escalated,3
CALL00308,CUST01757,AG008,2026-07-07 07:47:03,Phone,Cancellation,58,No Response,2
CALL00309,CUST01971,AG001,2026-08-05 18:49:29,Email,Technical Support,35,Follow-up Required,4
CALL00310,CUST01328,AG007,2026-04-13 13:31:56,Phone,Billing,57,Follow-up Required,3
CALL00311,CUST01475,AG005,2025-10-12 18:20:29,Chat,Billing,13,Resolved,4
CALL00312,CUST00254,AG005,2026-04-20 08:20:13,Email,Product Query,26,Escalated,3
CALL00313,CUST01261,AG008,2025-04-08 01:33:23,Chat,Billing,10,Resolved,3
CALL00314,CUST01071,AG007,2026-06-07 04:00:42,Phone,Complaint,1,Follow-up Required,1
CALL00315,CUST01956,AG007,2025-07-19 11:14:56,Chat,Cancellation,18,Resolved,2
CALL00316,CUST01246,AG005,2025-09-23 02:45:19,Phone,Technical Support,57,Escalated,1
CALL00317,CUST01594,AG007,2026-06-20 07:46:08,Chat,Billing,20,Follow-up Required,1
CALL00318,CUST01617,AG007,2025-03-25 00:54:53,Chat,Complaint,50,No Response,5
CALL00319,CUST00240,AG006,2025-03-01 23:19:38,Email,Technical Support,17,No Response,1
CALL00320,CUST01128,AG008,2026-01-05 04:57:28,Chat,Cancellation,41,Follow-up Required,2
CALL00321,CUST01787,AG002,2026-08-09 17:25:27,Phone,Product Query,12,Resolved,1
CALL00322,CUST00687,AG001,2026-06-26 21:33:44,Phone,Product Query,29,Resolved,3
CALL00323,CUST01576,AG001,2026-08-12 17:06:56,Email,Cancellation,46,Escalated,3
CALL00324,CUST01992,AG007,2025-09-23 07:51:43,Chat,Complaint,54,Resolved,4
CALL00325,CUST01953,AG008,2026-01-02 20:48:09,Phone,Technical Support,23,Follow-up Required,1
CALL00326,CUST00520,AG002,2026-05-02 18:34:56,Email,Cancellation,35,Resolved,1
CALL00327,CUST00654,AG001,2025-04-20 06:29:43,Phone,Technical Support,35,Escalated,2
CALL00328,CUST01930,AG004,2026-06-06 20:21:21,Phone,Product Query,27,Resolved,1
CALL00329,CUST00791,AG008,2025-02-17 15:53:29,Email,Technical Support,24,Resolved,1
CALL00330,CUST00419,AG005,2025-10-14 09:58:51,Chat,Billing,56,Resolved,3
CALL00331,CUST01231,AG007,2025-09-12 13:08:46,Phone,Cancellation,27,Follow-up Required,5
CALL00332,CUST01037,AG010,2026-04-22 11:14:20,Phone,Complaint,45,Escalated,1
CALL00333,CUST00001,AG006,2025-09-28 10:46:40,Email,Product Query,26,Follow-up Required,2
CALL00334,CUST00221,AG004,2026-07-10 01:47:46,Chat,Complaint,33,Follow-up Required,5
CALL00335,CUST01245,AG001,2025-09-15 23:30:57,Chat,Technical Support,35,No Response,4
CALL00336,CUST01786,AG009,2025-10-15 19:22:04,Phone,Technical Support,12,No Response,2
CALL00337,CUST01302,AG008,2025-06-07 03:50:20,Phone,Cancellation,14,Follow-up Required,5
CALL00338,CUST00979,AG004,2026-05-20 00:08:22,Email,Cancellation,41,Follow-up Required,3
CALL00339,CUST01997,AG007,2025-10-19 10:17:56,Email,Billing,59,Escalated,5
CALL00340,CUST01768,AG003,2025-10-21 09:56:33,Phone,Cancellation,41,No Response,3
CALL00341,CUST00753,AG007,2026-03-08 00:23:38,Phone,Technical Support,37,Escalated,5
CALL00342,CUST01650,AG005,2026-04-02 07:57:59,Phone,Product Query,60,Resolved,2
CALL00343,CUST01809,AG003,2026-02-10 01:27:59,Email,Cancellation,42,No Response,4
CALL00344,CUST00381,AG001,2025-04-07 20:30:43,Chat,Product Query,54,No Response,2
CALL00345,CUST01250,AG001,2026-07-09 05:47:05,Email,Complaint,21,Follow-up Required,2
CALL00346,CUST00118,AG009,2026-05-08 05:51:56,Chat,Complaint,49,Resolved,1
CALL00347,CUST01118,AG001,2026-03-15 05:18:04,Chat,Technical Support,52,No Response,3
CALL00348,CUST01834,AG005,2025-11-26 18:28:12,Email,Complaint,50,Resolved,1
CALL00349,CUST01798,AG002,2026-03-26 16:59:02,Email,Complaint,23,Escalated,3
CALL00350,CUST01125,AG007,2026-02-26 11:15:47,Email,Cancellation,45,No Response,3
CALL00351,CUST01176,AG004,2025-06-22 12:55:57,Email,Technical Support,51,No Response,3
CALL00352,CUST01706,AG008,2025-10-07 17:06:21,Chat,Complaint,36,Resolved,1
CALL00353,CUST00009,AG001,2025-01-19 15:26:39,Email,Complaint,14,No Response,2
CALL00354,CUST01380,AG005,2025-01-03 05:22:55,Email,Technical Support,12,Escalated,5
CALL00355,CUST00632,AG005,2025-11-02 19:36:48,Phone,Technical Support,51,No Response,1
CALL00356,CUST01540,AG005,2026-03-25 10:14:41,Chat,Product Query,11,Follow-up Required,5
CALL00357,CUST00233,AG003,2026-04-10 04:04:20,Phone,Complaint,58,No Response,1
CALL00358,CUST00967,AG003,2026-05-06 11:20:47,Chat,Technical Support,36,Escalated,5
CALL00359,CUST01519,AG010,2025-08-26 10:12:37,Phone,Cancellation,13,Escalated,3
CALL00360,CUST01467,AG008,2025-11-19 19:13:36,Phone,Cancellation,13,Resolved,4
CALL00361,CUST01477,AG005,2026-05-01 08:27:42,Phone,Billing,3,Resolved,5
CALL00362,CUST01838,AG009,2025-01-20 19:45:58,Phone,Complaint,36,Follow-up Required,4
CALL00363,CUST00723,AG001,2026-01-05 17:35:26,Chat,Technical Support,50,No Response,4
CALL00364,CUST01419,AG006,2025-08-22 04:39:03,Chat,Billing,45,Follow-up Required,1
CALL00365,CUST01623,AG007,2025-07-17 21:00:33,Phone,Billing,36,Escalated,2
CALL00366,CUST01864,AG001,2025-12-07 07:16:51,Chat,Cancellation,36,Resolved,5
CALL00367,CUST00442,AG008,2025-07-24 01:33:31,Email,Billing,15,No Response,5
CALL00368,CUST00483,AG008,2025-12-19 07:08:53,Email,Cancellation,50,Follow-up Required,2
CALL00369,CUST00874,AG006,2026-02-11 21:57:00,Phone,Product Query,33,Follow-up Required,4
CALL00370,CUST01606,AG007,2025-11-01 05:23:23,Email,Technical Support,51,Follow-up Required,3
CALL00371,CUST01759,AG010,2025-12-10 09:44:24,Chat,Product Query,60,Resolved,5
CALL00372,CUST01060,AG004,2025-08-24 18:21:06,Phone,Product Query,53,Resolved,5
CALL00373,CUST01453,AG003,2025-02-09 22:20:17,Phone,Technical Support,57,Escalated,5
CALL00374,CUST00122,AG005,2025-07-21 20:13:25,Phone,Cancellation,46,Escalated,4
CALL00375,CUST01508,AG010,2025-11-26 05:12:15,Phone,Technical Support,19,No Response,4
CALL00376,CUST01291,AG005,2025-08-04 20:19:53,Phone,Billing,18,Resolved,5
CALL00377,CUST00660,AG010,2025-01-26 22:29:14,Phone,Cancellation,42,Resolved,5
CALL00378,CUST01255,AG008,2025-11-01 01:50:50,Chat,Product Query,15,Resolved,2
CALL00379,CUST01896,AG002,2025-11-23 01:27:23,Email,Cancellation,31,No Response,3
CALL00380,CUST01982,AG007,2026-06-07 08:25:16,Email,Product Query,42,No Response,2
CALL00381,CUST01285,AG009,2026-07-07 20:22:37,Email,Complaint,18,Follow-up Required,4
CALL00382,CUST01300,AG006,2025-12-12 19:07:24,Chat,Complaint,7,Follow-up Required,5
CALL00383,CUST01313,AG004,2025-02-24 17:03:01,Chat,Cancellation,9,Resolved,2
CALL00384,CUST00262,AG009,2026-04-16 14:25:44,Chat,Complaint,42,Follow-up Required,3
CALL00385,CUST00692,AG001,2025-12-22 18:14:14,Phone,Billing,8,No Response,5
CALL00386,CUST01983,AG009,2026-04-07 17:54:39,Phone,Cancellation,48,Escalated,2
CALL00387,CUST00129,AG001,2026-01-15 05:34:53,Phone,Billing,2,Follow-up Required,4
CALL00388,CUST00630,AG001,2025-09-13 13:50:02,Phone,Product Query,47,Resolved,5
CALL00389,CUST01805,AG006,2026-05-19 22:50:00,Email,Billing,39,Escalated,2
CALL00390,CUST01395,AG001,2025-08-03 10:58:47,Chat,Product Query,16,Follow-up Required,2
CALL00391,CUST00788,AG008,2026-01-22 14:41:27,Phone,Complaint,17,Escalated,3
CALL00392,CUST01197,AG005,2025-12-11 04:20:30,Email,Cancellation,32,Escalated,5
CALL00393,CUST01519,AG008,2026-05-04 02:39:30,Chat,Billing,36,Escalated,1
CALL00394,CUST00711,AG008,2026-05-25 04:00:33,Phone,Billing,51,Resolved,5
CALL00395,CUST01855,AG008,2025-05-20 03:39:27,Phone,Complaint,46,Escalated,3
CALL00396,CUST00814,AG002,2026-06-01 13:22:23,Phone,Billing,32,No Response,1
CALL00397,CUST01765,AG009,2025-12-17 16:42:53,Phone,Complaint,1,Resolved,4
CALL00398,CUST01307,AG009,2025-06-11 06:37:05,Email,Complaint,56,Resolved,3
CALL00399,CUST00094,AG006,2026-01-02 08:54:55,Phone,Cancellation,27,Follow-up Required,2
CALL00400,CUST01744,AG002,2026-07-31 09:11:37,Chat,Complaint,51,No Response,2
CALL00401,CUST00232,AG008,2026-01-03 14:28:21,Phone,Billing,17,No Response,4
CALL00402,CUST01894,AG007,2025-04-07 22:03:24,Email,Billing,23,No Response,3
CALL00403,CUST00030,AG002,2025-10-23 04:34:26,Phone,Cancellation,37,No Response,4
CALL00404,CUST01983,AG009,2025-05-07 08:52:49,Email,Product Query,44,Follow-up Required,5
CALL00405,CUST00941,AG007,2025-06-05 22:12:38,Chat,Complaint,9,Resolved,5
CALL00406,CUST00234,AG001,2026-02-22 07:16:29,Email,Cancellation,48,No Response,5
CALL00407,CUST00419,AG007,2025-03-10 03:39:27,Chat,Cancellation,35,Escalated,5
CALL00408,CUST00376,AG009,2026-06-01 16:34:33,Phone,Cancellation,49,Escalated,4
CALL00409,CUST01078,AG010,2026-06-23 20:36:41,Chat,Technical Support,36,Follow-up Required,2
CALL00410,CUST00412,AG009,2025-04-21 12:39:56,Email,Billing,33,No Response,1
CALL00411,CUST01592,AG009,2025-07-06 10:33:41,Chat,Technical Support,39,Resolved,2
CALL00412,CUST01947,AG002,2025-07-13 19:23:55,Email,Cancellation,31,Escalated,3
CALL00413,CUST00600,AG001,2025-01-31 05:15:38,Email,Product Query,7,Resolved,2
CALL00414,CUST00195,AG003,2025-02-16 01:47:44,Chat,Product Query,21,No Response,4
CALL00415,CUST00104,AG009,2026-03-20 02:21:06,Email,Technical Support,59,Resolved,2
CALL00416,CUST01395,AG009,2025-10-02 04:18:42,Chat,Billing,16,Follow-up Required,5
CALL00417,CUST01512,AG001,2025-05-18 01:37:03,Email,Billing,27,Escalated,1
CALL00418,CUST01916,AG010,2025-11-04 23:39:03,Chat,Product Query,14,Escalated,1
CALL00419,CUST00275,AG003,2025-05-27 08:05:42,Phone,Billing,28,Resolved,3
CALL00420,CUST01151,AG005,2025-12-18 22:51:36,Phone,Cancellation,47,Resolved,2
CALL00421,CUST00392,AG007,2025-04-16 15:39:15,Chat,Cancellation,44,No Response,5
CALL00422,CUST00016,AG002,2025-04-22 15:10:18,Email,Product Query,7,Resolved,3
CALL00423,CUST00857,AG004,2026-05-14 06:26:41,Email,Complaint,56,Follow-up Required,4
CALL00424,CUST00132,AG003,2025-06-14 22:01:56,Phone,Cancellation,39,Follow-up Required,4
CALL00425,CUST00318,AG004,2025-06-21 21:35:26,Phone,Product Query,42,Resolved,3
CALL00426,CUST01420,AG004,2026-03-27 00:59:39,Chat,Complaint,47,Resolved,4
CALL00427,CUST00428,AG005,2025-08-30 09:48:29,Phone,Technical Support,41,Escalated,2
CALL00428,CUST00797,AG007,2025-03-07 10:36:04,Email,Cancellation,53,Escalated,3
CALL00429,CUST01907,AG002,2026-04-04 17:05:27,Email,Technical Support,42,Follow-up Required,2
CALL00430,CUST01012,AG008,2025-01-03 10:47:10,Chat,Billing,60,Follow-up Required,5
CALL00431,CUST00276,AG002,2025-09-23 08:46:28,Phone,Product Query,41,Resolved,1
CALL00432,CUST00091,AG007,2025-08-21 03:06:24,Email,Cancellation,51,No Response,5
CALL00433,CUST00806,AG002,2026-01-30 21:24:28,Email,Product Query,33,Resolved,1
CALL00434,CUST01797,AG009,2025-12-12 06:03:22,Phone,Billing,20,Follow-up Required,3
CALL00435,CUST00075,AG004,2025-12-13 17:14:44,Phone,Billing,31,Resolved,4
CALL00436,CUST01811,AG001,2026-06-16 07:42:34,Email,Technical Support,10,No Response,3
CALL00437,CUST00952,AG002,2025-12-21 19:20:14,Phone,Cancellation,29,Follow-up Required,5
CALL00438,CUST01205,AG004,2025-01-24 10:39:44,Phone,Billing,44,Resolved,5
CALL00439,CUST01093,AG010,2025-02-05 05:36:44,Email,Billing,46,Escalated,5
CALL00440,CUST00953,AG003,2025-07-19 04:18:12,Phone,Complaint,24,Escalated,4
CALL00441,CUST00624,AG005,2025-01-09 00:31:26,Phone,Product Query,29,Resolved,5
CALL00442,CUST00788,AG008,2026-05-26 11:57:11,Chat,Product Query,35,Escalated,2
CALL00443,CUST01460,AG003,2026-04-02 23:08:59,Phone,Cancellation,9,Resolved,1
CALL00444,CUST00396,AG007,2026-03-01 21:47:35,Chat,Billing,38,No Response,3
CALL00445,CUST01594,AG005,2026-02-13 19:13:41,Phone,Technical Support,30,Resolved,2
CALL00446,CUST01880,AG009,2026-01-13 07:16:56,Email,Product Query,45,Escalated,1
CALL00447,CUST01005,AG007,2025-07-26 16:42:01,Email,Technical Support,39,No Response,2
CALL00448,CUST00979,AG004,2025-01-06 20:56:28,Email,Cancellation,11,Follow-up Required,1
CALL00449,CUST01614,AG005,2025-03-14 18:34:48,Email,Billing,34,Escalated,1
CALL00450,CUST00217,AG009,2025-10-05 00:02:03,Email,Cancellation,21,Resolved,4
CALL00451,CUST01556,AG004,2025-05-31 04:38:25,Chat,Complaint,38,Escalated,2
CALL00452,CUST01586,AG006,2026-08-06 23:16:23,Chat,Cancellation,38,No Response,3
CALL00453,CUST00687,AG009,2026-05-05 09:33:15,Chat,Product Query,23,Escalated,4
CALL00454,CUST01944,AG002,2026-02-04 11:22:28,Phone,Cancellation,37,Follow-up Required,2
CALL00455,CUST00994,AG009,2025-09-01 08:18:09,Phone,Product Query,11,No Response,3
CALL00456,CUST00565,AG009,2026-05-01 22:46:41,Email,Cancellation,23,Follow-up Required,3
CALL00457,CUST00510,AG006,2025-08-31 02:26:28,Chat,Complaint,44,Escalated,5
CALL00458,CUST01375,AG003,2025-11-03 01:44:19,Chat,Product Query,32,Resolved,5
CALL00459,CUST01850,AG002,2026-03-02 08:00:17,Email,Complaint,3,No Response,1
CALL00460,CUST01994,AG008,2025-08-04 11:06:01,Chat,Cancellation,28,Follow-up Required,4
CALL00461,CUST01803,AG004,2025-10-31 06:31:42,Chat,Complaint,16,No Response,4
CALL00462,CUST00230,AG006,2025-07-11 05:47:28,Email,Cancellation,54,Escalated,5
CALL00463,CUST01442,AG001,2025-04-10 23:43:26,Chat,Cancellation,56,Follow-up Required,3
CALL00464,CUST01626,AG006,2026-04-20 19:51:00,Email,Technical Support,5,No Response,3
CALL00465,CUST00438,AG001,2026-08-07 14:18:11,Email,Billing,23,Resolved,4
CALL00466,CUST00997,AG006,2025-10-02 22:34:20,Phone,Complaint,36,Follow-up Required,4
CALL00467,CUST00106,AG009,2025-01-27 02:35:11,Chat,Technical Support,21,Follow-up Required,3
CALL00468,CUST01339,AG010,2025-07-12 02:52:13,Email,Cancellation,44,Resolved,4
CALL00469,CUST01199,AG009,2026-06-13 02:47:12,Chat,Technical Support,8,Follow-up Required,1
CALL00470,CUST00362,AG006,2026-01-26 18:40:32,Email,Technical Support,51,Escalated,5
CALL00471,CUST00354,AG008,2025-06-07 02:26:47,Phone,Product Query,16,Follow-up Required,2
CALL00472,CUST00436,AG001,2026-08-19 01:37:21,Chat,Billing,15,Follow-up Required,2
CALL00473,CUST01263,AG007,2025-03-18 07:19:09,Email,Billing,21,Escalated,2
CALL00474,CUST01113,AG010,2025-09-14 11:46:37,Email,Billing,57,No Response,1
CALL00475,CUST01033,AG002,2025-10-25 15:20:43,Email,Product Query,17,Resolved,2
CALL00476,CUST00502,AG003,2025-04-08 18:29:36,Chat,Cancellation,16,Escalated,1
CALL00477,CUST01581,AG010,2025-04-22 14:11:55,Phone,Product Query,15,Resolved,2
CALL00478,CUST01194,AG005,2026-01-18 15:29:04,Phone,Product Query,9,Resolved,4
CALL00479,CUST00611,AG008,2025-01-29 17:03:59,Chat,Complaint,56,Escalated,4
CALL00480,CUST00176,AG009,2025-08-27 18:43:20,Phone,Cancellation,40,No Response,3
CALL00481,CUST01712,AG010,2026-02-23 19:57:10,Phone,Billing,34,Escalated,5
CALL00482,CUST01564,AG001,2025-12-18 11:15:04,Email,Cancellation,9,Resolved,4
CALL00483,CUST00606,AG004,2025-08-18 01:08:09,Email,Technical Support,3,Follow-up Required,1
CALL00484,CUST00548,AG003,2026-08-18 05:40:34,Chat,Technical Support,19,Resolved,3
CALL00485,CUST01944,AG009,2025-10-19 08:28:12,Phone,Technical Support,56,Escalated,2
CALL00486,CUST01475,AG009,2025-09-30 23:41:10,Chat,Technical Support,32,Follow-up Required,3
CALL00487,CUST00290,AG009,2026-01-20 00:31:08,Email,Technical Support,49,Escalated,2
CALL00488,CUST00327,AG002,2025-06-30 11:28:51,Phone,Billing,19,No Response,5
CALL00489,CUST01065,AG007,2025-08-18 05:20:18,Chat,Technical Support,7,Follow-up Required,1
CALL00490,CUST01600,AG006,2026-08-08 12:24:23,Email,Cancellation,14,Resolved,1
CALL00491,CUST00107,AG008,2025-05-13 06:31:57,Email,Cancellation,15,Resolved,2
CALL00492,CUST00028,AG002,2026-02-02 17:11:32,Chat,Billing,37,No Response,5
CALL00493,CUST01214,AG002,2026-04-13 08:08:56,Chat,Billing,12,No Response,4
CALL00494,CUST00342,AG004,2025-07-02 02:11:12,Email,Complaint,59,Follow-up Required,2
CALL00495,CUST01113,AG004,2025-07-07 13:15:06,Phone,Complaint,42,Resolved,2
CALL00496,CUST00676,AG008,2025-07-08 23:44:08,Chat,Cancellation,25,Escalated,2
CALL00497,CUST01694,AG002,2025-09-17 23:08:41,Chat,Product Query,37,Escalated,2
CALL00498,CUST01560,AG010,2025-12-27 10:55:23,Email,Cancellation,43,Escalated,3
CALL00499,CUST00274,AG001,2026-03-25 21:05:39,Email,Technical Support,46,Escalated,5
CALL00500,CUST00064,AG006,2025-08-05 10:30:08,Email,Complaint,2,Follow-up Required,4
CALL00501,CUST00855,AG006,2025-10-23 06:21:21,Phone,Cancellation,31,No Response,4
CALL00502,CUST01481,AG004,2026-04-06 15:55:09,Email,Complaint,24,Escalated,2
CALL00503,CUST00977,AG002,2025-01-06 23:45:42,Email,Billing,19,Resolved,2
CALL00504,CUST00471,AG001,2025-04-26 01:15:47,Email,Billing,39,Follow-up Required,1
CALL00505,CUST00092,AG003,2025-03-08 23:45:55,Phone,Complaint,15,Follow-up Required,1
CALL00506,CUST01994,AG005,2025-04-24 16:09:54,Email,Billing,16,No Response,3
CALL00507,CUST01777,AG002,2026-05-27 17:28:00,Phone,Product Query,40,Follow-up Required,5
CALL00508,CUST00574,AG009,2025-05-19 16:38:53,Email,Technical Support,4,No Response,4
CALL00509,CUST00982,AG010,2026-07-28 02:19:37,Phone,Billing,23,No Response,5
CALL00510,CUST00292,AG008,2026-06-05 19:45:34,Chat,Cancellation,46,No Response,2
CALL00511,CUST00783,AG009,2025-08-12 17:53:57,Phone,Product Query,25,No Response,4
CALL00512,CUST01367,AG004,2025-02-24 09:30:16,Phone,Cancellation,18,Resolved,4
CALL00513,CUST01260,AG009,2025-05-20 19:18:56,Email,Technical Support,13,No Response,1
CALL00514,CUST00554,AG002,2025-12-25 05:56:22,Chat,Complaint,30,Resolved,1
CALL00515,CUST00701,AG007,2025-10-03 13:58:59,Phone,Product Query,48,Resolved,4
CALL00516,CUST01081,AG006,2026-05-30 18:01:21,Chat,Product Query,6,Escalated,2
CALL00517,CUST01051,AG005,2025-07-31 19:04:20,Email,Cancellation,37,Resolved,3
CALL00518,CUST01545,AG009,2025-04-16 10:48:29,Chat,Complaint,48,No Response,5
CALL00519,CUST00980,AG004,2026-02-05 23:12:30,Chat,Complaint,14,Escalated,1
CALL00520,CUST01600,AG006,2026-07-02 16:38:46,Phone,Technical Support,42,Resolved,1
CALL00521,CUST00527,AG005,2025-11-29 04:51:31,Email,Complaint,26,No Response,1
CALL00522,CUST00442,AG006,2026-02-28 20:53:14,Chat,Billing,2,No Response,4
CALL00523,CUST01907,AG004,2025-12-14 18:32:31,Chat,Product Query,43,Escalated,1
CALL00524,CUST00420,AG008,2025-05-18 01:37:19,Email,Billing,44,Follow-up Required,4
CALL00525,CUST01642,AG006,2025-11-25 03:16:48,Phone,Complaint,42,No Response,1
CALL00526,CUST00543,AG002,2026-08-08 08:18:10,Chat,Technical Support,5,Resolved,3
CALL00527,CUST00208,AG005,2026-08-17 16:50:48,Phone,Billing,28,Resolved,3
CALL00528,CUST00790,AG007,2026-05-12 01:46:25,Email,Complaint,11,Follow-up Required,4
CALL00529,CUST00200,AG001,2025-11-02 07:43:06,Email,Cancellation,40,Escalated,4
CALL00530,CUST01494,AG001,2025-02-03 21:42:34,Phone,Complaint,27,No Response,3
CALL00531,CUST01985,AG006,2025-09-17 17:48:14,Chat,Complaint,38,Follow-up Required,5
CALL00532,CUST01085,AG002,2026-05-07 21:00:59,Chat,Complaint,53,Resolved,2
CALL00533,CUST01953,AG006,2026-07-15 12:34:09,Phone,Billing,6,No Response,5
CALL00534,CUST01760,AG001,2025-12-10 17:30:14,Email,Complaint,15,Resolved,5
CALL00535,CUST01904,AG009,2025-01-17 23:33:43,Chat,Technical Support,35,Escalated,5
CALL00536,CUST01398,AG007,2026-06-15 06:26:14,Chat,Cancellation,56,No Response,3
CALL00537,CUST00676,AG007,2026-05-15 01:41:16,Phone,Technical Support,3,Escalated,1
CALL00538,CUST01227,AG010,2025-12-18 12:14:38,Email,Billing,51,Follow-up Required,3
CALL00539,CUST00520,AG007,2025-09-02 05:16:38,Email,Billing,48,Follow-up Required,3
CALL00540,CUST01042,AG002,2026-04-20 09:45:25,Email,Cancellation,12,Follow-up Required,2
CALL00541,CUST01525,AG009,2025-06-29 07:20:11,Email,Cancellation,50,Resolved,1
CALL00542,CUST00826,AG005,2026-05-12 07:02:23,Email,Product Query,36,Follow-up Required,5
CALL00543,CUST00965,AG007,2025-07-18 05:06:08,Chat,Complaint,4,Resolved,4
CALL00544,CUST00692,AG009,2026-04-20 16:50:38,Chat,Complaint,4,No Response,1
CALL00545,CUST00142,AG005,2026-02-11 05:10:05,Chat,Complaint,20,No Response,1
CALL00546,CUST00350,AG009,2025-02-05 00:14:33,Phone,Complaint,33,No Response,5
CALL00547,CUST00333,AG010,2025-01-23 00:53:26,Phone,Cancellation,47,No Response,4
CALL00548,CUST00541,AG005,2026-02-01 15:48:25,Email,Product Query,6,Resolved,1
CALL00549,CUST00127,AG001,2025-09-26 20:07:48,Email,Product Query,40,Follow-up Required,2
CALL00550,CUST01802,AG008,2026-06-19 11:50:14,Phone,Cancellation,41,No Response,1
CALL00551,CUST01574,AG009,2026-04-10 06:55:44,Email,Billing,24,Resolved,4
CALL00552,CUST01659,AG001,2026-07-12 22:14:25,Chat,Billing,16,No Response,1
CALL00553,CUST01099,AG010,2025-04-28 04:53:58,Email,Cancellation,16,Follow-up Required,4
CALL00554,CUST00009,AG008,2026-04-03 04:22:26,Email,Product Query,28,Follow-up Required,2
CALL00555,CUST00324,AG002,2025-09-20 13:50:21,Phone,Product Query,18,No Response,2
CALL00556,CUST00449,AG008,2025-07-04 20:01:55,Phone,Product Query,35,No Response,2
CALL00557,CUST01470,AG007,2025-08-13 01:01:48,Email,Cancellation,8,No Response,5
CALL00558,CUST01615,AG006,2026-05-27 15:16:11,Chat,Technical Support,43,Follow-up Required,3
CALL00559,CUST01363,AG006,2025-11-14 21:47:25,Email,Billing,60,Escalated,2
CALL00560,CUST01172,AG002,2025-01-16 05:42:29,Phone,Complaint,14,Escalated,5
CALL00561,CUST00732,AG010,2025-10-13 03:35:04,Phone,Product Query,41,Escalated,1
CALL00562,CUST00143,AG003,2026-04-05 11:06:13,Email,Cancellation,44,No Response,2
CALL00563,CUST00467,AG003,2026-03-24 05:03:31,Phone,Billing,33,No Response,3
CALL00564,CUST01615,AG002,2025-10-17 08:29:28,Phone,Complaint,19,Escalated,3
CALL00565,CUST01224,AG003,2026-04-19 08:58:56,Phone,Billing,60,No Response,3
CALL00566,CUST01507,AG001,2026-06-09 11:17:00,Chat,Billing,38,No Response,2
CALL00567,CUST01825,AG009,2025-02-03 08:42:57,Email,Complaint,23,No Response,5
CALL00568,CUST00564,AG009,2025-10-27 01:04:39,Chat,Complaint,16,Escalated,1
CALL00569,CUST01207,AG001,2026-06-07 21:11:47,Email,Technical Support,53,Follow-up Required,3
CALL00570,CUST01488,AG002,2025-09-09 23:32:51,Chat,Product Query,44,Resolved,4
CALL00571,CUST01529,AG005,2026-08-18 08:21:21,Chat,Product Query,54,Resolved,2
CALL00572,CUST01774,AG003,2026-05-19 09:12:48,Chat,Complaint,45,Escalated,4
CALL00573,CUST01856,AG002,2025-04-25 00:46:55,Email,Product Query,8,No Response,3
CALL00574,CUST01295,AG008,2025-07-16 06:31:56,Chat,Billing,47,Escalated,3
CALL00575,CUST01694,AG009,2025-08-22 10:26:27,Phone,Billing,60,Resolved,5
CALL00576,CUST01488,AG004,2025-10-18 16:58:42,Email,Technical Support,2,Follow-up Required,1
CALL00577,CUST00613,AG006,2026-02-17 06:01:57,Phone,Technical Support,45,Escalated,2
CALL00578,CUST00098,AG005,2026-05-18 19:55:02,Email,Billing,48,No Response,5
CALL00579,CUST01820,AG004,2025-11-30 04:51:34,Chat,Cancellation,21,No Response,1
CALL00580,CUST01131,AG001,2025-01-08 17:12:03,Email,Technical Support,53,Escalated,1
CALL00581,CUST01090,AG008,2026-05-25 09:53:02,Phone,Cancellation,25,No Response,5
CALL00582,CUST01508,AG010,2025-07-28 13:35:35,Phone,Billing,26,Escalated,1
CALL00583,CUST00261,AG008,2025-07-28 23:55:46,Phone,Cancellation,5,Escalated,5
CALL00584,CUST00926,AG010,2026-05-12 08:07:52,Email,Complaint,23,Resolved,5
CALL00585,CUST01471,AG009,2026-05-01 11:45:08,Chat,Cancellation,48,Follow-up Required,5
CALL00586,CUST00810,AG004,2026-06-09 05:03:37,Phone,Billing,33,No Response,1
CALL00587,CUST01380,AG009,2026-06-29 23:43:58,Email,Complaint,19,No Response,2
CALL00588,CUST01126,AG003,2025-04-06 09:52:29,Phone,Cancellation,44,No Response,1
CALL00589,CUST00734,AG004,2025-04-17 03:11:07,Email,Technical Support,21,Resolved,4
CALL00590,CUST01350,AG008,2025-09-22 23:26:00,Email,Complaint,24,Resolved,2
CALL00591,CUST00909,AG003,2026-08-09 22:16:03,Email,Complaint,32,Escalated,2
CALL00592,CUST01634,AG008,2025-07-24 21:58:22,Phone,Product Query,6,Escalated,3
CALL00593,CUST00121,AG002,2025-07-23 19:40:06,Phone,Billing,31,Resolved,4
CALL00594,CUST01633,AG002,2026-08-05 15:04:42,Chat,Product Query,44,No Response,3
CALL00595,CUST01531,AG008,2026-08-02 00:48:02,Chat,Technical Support,13,Resolved,1
CALL00596,CUST01407,AG005,2025-12-03 07:34:43,Email,Product Query,34,Resolved,3
CALL00597,CUST00528,AG010,2025-12-24 08:04:38,Phone,Billing,1,Resolved,3
CALL00598,CUST01968,AG002,2025-08-27 00:32:12,Email,Billing,50,Resolved,3
CALL00599,CUST01306,AG008,2026-05-05 21:07:30,Phone,Product Query,43,Follow-up Required,5
CALL00600,CUST01077,AG003,2026-06-04 20:04:54,Chat,Technical Support,44,No Response,2
CALL00601,CUST00473,AG005,2025-06-07 06:31:08,Phone,Product Query,27,No Response,1
CALL00602,CUST00887,AG005,2026-02-27 03:05:53,Email,Complaint,36,No Response,1
CALL00603,CUST00898,AG009,2025-11-07 19:53:32,Email,Product Query,44,Resolved,1
CALL00604,CUST00662,AG004,2026-03-01 18:27:22,Chat,Product Query,22,Escalated,5
CALL00605,CUST00627,AG004,2025-09-11 08:25:37,Phone,Cancellation,24,Escalated,4
CALL00606,CUST00249,AG005,2025-12-31 16:00:49,Email,Billing,20,Follow-up Required,2
CALL00607,CUST01446,AG010,2026-01-16 01:42:13,Email,Technical Support,23,Follow-up Required,4
CALL00608,CUST00445,AG004,2025-09-06 12:41:11,Chat,Technical Support,41,Follow-up Required,5
CALL00609,CUST00944,AG006,2025-05-08 10:58:47,Phone,Billing,55,No Response,3
CALL00610,CUST00613,AG001,2025-02-28 18:04:28,Chat,Product Query,14,Escalated,4
CALL00611,CUST01959,AG007,2026-08-03 11:06:04,Chat,Complaint,17,Escalated,4
CALL00612,CUST01014,AG001,2026-01-13 21:36:08,Chat,Technical Support,3,Resolved,2
CALL00613,CUST00576,AG001,2025-09-24 16:31:02,Chat,Cancellation,23,No Response,5
CALL00614,CUST01996,AG003,2025-09-05 03:17:22,Chat,Billing,48,Follow-up Required,5
CALL00615,CUST01653,AG002,2025-09-02 03:38:24,Phone,Product Query,22,Resolved,4
CALL00616,CUST01551,AG006,2025-09-27 17:13:38,Email,Product Query,1,No Response,5
CALL00617,CUST00285,AG003,2025-09-23 22:29:46,Email,Complaint,12,Escalated,3
CALL00618,CUST01776,AG003,2026-07-05 16:25:42,Email,Billing,13,Escalated,4
CALL00619,CUST00346,AG009,2025-09-28 01:01:42,Phone,Complaint,13,Resolved,4
CALL00620,CUST00363,AG007,2026-03-06 17:55:47,Phone,Technical Support,50,Escalated,3
CALL00621,CUST00718,AG001,2025-10-19 16:26:13,Chat,Billing,57,No Response,2
CALL00622,CUST00049,AG008,2026-04-11 21:27:50,Phone,Product Query,28,Escalated,2
CALL00623,CUST00059,AG008,2025-01-08 00:09:10,Chat,Complaint,6,No Response,1
CALL00624,CUST00006,AG009,2026-03-30 01:50:50,Phone,Technical Support,58,Resolved,3
CALL00625,CUST00632,AG006,2025-05-12 01:47:19,Chat,Complaint,43,Follow-up Required,1
CALL00626,CUST01006,AG010,2025-09-15 18:50:55,Email,Product Query,50,Follow-up Required,3
CALL00627,CUST00207,AG010,2026-01-11 13:30:05,Email,Cancellation,7,No Response,3
CALL00628,CUST00236,AG004,2025-11-30 03:00:53,Phone,Cancellation,9,Escalated,1
CALL00629,CUST01035,AG001,2025-02-01 01:52:49,Chat,Cancellation,10,Resolved,2
CALL00630,CUST00379,AG010,2025-11-20 23:17:21,Phone,Product Query,60,Escalated,5
CALL00631,CUST00969,AG007,2025-03-19 19:46:45,Email,Product Query,44,Follow-up Required,1
CALL00632,CUST00356,AG009,2025-05-24 12:35:03,Email,Billing,51,Escalated,2
CALL00633,CUST01457,AG001,2025-10-04 06:46:00,Phone,Product Query,38,Resolved,2
CALL00634,CUST01428,AG004,2026-01-13 02:14:15,Chat,Complaint,22,Resolved,4
CALL00635,CUST01863,AG001,2025-11-09 02:55:49,Phone,Cancellation,22,Escalated,5
CALL00636,CUST01907,AG004,2025-08-12 06:50:54,Email,Billing,6,No Response,4
CALL00637,CUST01466,AG008,2025-02-23 01:41:18,Phone,Complaint,15,Resolved,1
CALL00638,CUST00243,AG002,2025-02-02 07:40:54,Phone,Billing,39,Escalated,2
CALL00639,CUST01087,AG004,2025-09-24 09:13:00,Phone,Product Query,26,No Response,5
CALL00640,CUST00214,AG009,2026-08-02 04:57:30,Email,Complaint,33,Resolved,4
CALL00641,CUST01352,AG004,2026-05-03 05:01:32,Email,Billing,53,Resolved,1
CALL00642,CUST00660,AG006,2025-09-06 00:19:01,Email,Cancellation,8,No Response,3
CALL00643,CUST00968,AG005,2025-05-06 01:48:08,Chat,Billing,44,Follow-up Required,3
CALL00644,CUST01276,AG003,2025-07-28 12:52:39,Phone,Complaint,59,No Response,2
CALL00645,CUST00810,AG010,2025-10-20 00:44:43,Phone,Billing,54,No Response,5
CALL00646,CUST00739,AG009,2026-01-09 21:39:37,Chat,Technical Support,12,Escalated,4
CALL00647,CUST00894,AG004,2025-11-26 16:10:46,Chat,Cancellation,18,Escalated,1
CALL00648,CUST00557,AG009,2025-09-28 07:58:31,Phone,Product Query,38,Escalated,2
CALL00649,CUST00453,AG005,2026-01-13 17:37:32,Phone,Technical Support,28,Escalated,3
CALL00650,CUST00231,AG007,2026-08-06 11:58:13,Email,Complaint,39,Follow-up Required,4
CALL00651,CUST00121,AG003,2025-09-05 12:12:49,Chat,Cancellation,41,Follow-up Required,4
CALL00652,CUST00916,AG004,2025-01-30 20:16:33,Phone,Billing,10,Escalated,5
CALL00653,CUST01300,AG010,2026-05-23 02:49:14,Chat,Cancellation,53,No Response,3
CALL00654,CUST00071,AG003,2026-05-02 16:57:53,Chat,Technical Support,7,Follow-up Required,1
CALL00655,CUST00961,AG005,2025-12-17 15:26:23,Chat,Complaint,37,No Response,1
CALL00656,CUST01257,AG008,2025-01-13 14:30:09,Phone,Billing,56,Follow-up Required,1
CALL00657,CUST01714,AG004,2026-06-15 21:08:06,Email,Product Query,3,Follow-up Required,3
CALL00658,CUST01648,AG008,2025-04-19 23:54:43,Email,Product Query,26,Resolved,4
CALL00659,CUST01094,AG004,2026-07-30 09:46:44,Chat,Technical Support,27,Follow-up Required,1
CALL00660,CUST01938,AG006,2025-04-14 16:57:26,Email,Cancellation,25,Follow-up Required,2
CALL00661,CUST01777,AG010,2025-01-02 19:44:54,Chat,Product Query,52,Resolved,3
CALL00662,CUST00645,AG008,2025-07-23 00:35:12,Phone,Complaint,5,Follow-up Required,2
CALL00663,CUST00894,AG010,2025-10-21 19:03:22,Chat,Technical Support,48,Follow-up Required,2
CALL00664,CUST01651,AG002,2026-06-06 21:14:11,Phone,Billing,1,No Response,2
CALL00665,CUST01426,AG009,2025-01-26 11:15:23,Email,Billing,58,Escalated,4
CALL00666,CUST01014,AG006,2025-05-26 08:10:20,Chat,Complaint,59,No Response,4
CALL00667,CUST00988,AG008,2026-01-27 19:02:24,Phone,Product Query,45,Resolved,5
CALL00668,CUST00536,AG004,2025-11-03 23:02:43,Chat,Technical Support,51,Escalated,5
CALL00669,CUST01034,AG008,2026-05-24 08:18:16,Phone,Billing,10,Escalated,2
CALL00670,CUST00193,AG010,2025-10-13 04:01:53,Chat,Billing,10,Escalated,2
CALL00671,CUST01611,AG005,2026-01-07 10:36:27,Email,Product Query,13,Escalated,4
CALL00672,CUST00894,AG005,2025-05-21 21:19:36,Email,Product Query,21,No Response,3
CALL00673,CUST00794,AG006,2025-08-23 17:16:52,Phone,Cancellation,21,Follow-up Required,5
CALL00674,CUST01735,AG003,2025-10-04 03:07:35,Email,Cancellation,10,Follow-up Required,5
CALL00675,CUST01995,AG006,2025-12-26 05:48:45,Phone,Product Query,7,Resolved,3
CALL00676,CUST01896,AG002,2026-05-18 23:23:02,Chat,Cancellation,50,Escalated,4
CALL00677,CUST01714,AG007,2025-07-17 11:21:57,Phone,Product Query,42,No Response,5
CALL00678,CUST00925,AG010,2026-02-21 05:37:58,Phone,Cancellation,50,Resolved,3
CALL00679,CUST01518,AG008,2025-05-03 08:10:19,Phone,Cancellation,22,Escalated,2
CALL00680,CUST01547,AG010,2025-08-22 04:24:07,Chat,Product Query,52,Escalated,5
CALL00681,CUST01306,AG005,2025-02-19 01:39:21,Chat,Cancellation,12,No Response,1
CALL00682,CUST00426,AG008,2025-06-10 12:24:24,Email,Complaint,46,No Response,4
CALL00683,CUST00497,AG006,2026-04-18 18:42:56,Email,Product Query,15,Follow-up Required,1
CALL00684,CUST01489,AG005,2026-06-25 13:23:44,Phone,Cancellation,32,No Response,2
CALL00685,CUST00025,AG007,2025-05-14 22:47:03,Email,Complaint,57,Follow-up Required,5
CALL00686,CUST00044,AG007,2025-09-14 13:09:20,Email,Billing,6,Escalated,2
CALL00687,CUST01369,AG001,2025-04-03 18:59:40,Email,Complaint,47,Resolved,4
CALL00688,CUST00837,AG008,2025-06-21 22:16:48,Email,Technical Support,34,Follow-up Required,3
CALL00689,CUST01824,AG006,2025-01-26 20:48:54,Chat,Complaint,20,Resolved,1
CALL00690,CUST01539,AG002,2025-05-07 14:53:04,Email,Billing,59,Escalated,4
CALL00691,CUST00504,AG002,2025-01-07 07:43:30,Email,Product Query,47,Resolved,2
CALL00692,CUST00734,AG002,2026-02-05 07:03:20,Phone,Billing,50,Follow-up Required,5
CALL00693,CUST00516,AG009,2026-08-03 18:47:22,Email,Billing,56,No Response,2
CALL00694,CUST00207,AG004,2025-01-28 04:24:26,Email,Technical Support,52,Resolved,3
CALL00695,CUST00594,AG005,2025-08-04 08:08:27,Chat,Complaint,47,No Response,5
CALL00696,CUST01943,AG004,2026-06-14 18:00:29,Email,Product Query,11,Resolved,3
CALL00697,CUST01990,AG008,2025-01-23 04:31:10,Email,Billing,24,Follow-up Required,2
CALL00698,CUST00598,AG005,2026-03-01 12:43:51,Chat,Product Query,24,Resolved,2
CALL00699,CUST01043,AG010,2025-12-13 10:26:13,Email,Complaint,11,No Response,1
CALL00700,CUST00085,AG004,2026-05-09 20:16:43,Phone,Complaint,18,Follow-up Required,4
CALL00701,CUST00357,AG010,2025-10-08 03:10:04,Phone,Cancellation,48,No Response,1
CALL00702,CUST00817,AG007,2025-02-18 06:58:17,Email,Technical Support,36,Escalated,4
CALL00703,CUST00883,AG007,2025-12-09 09:10:38,Chat,Product Query,4,Resolved,3
CALL00704,CUST01394,AG008,2026-08-01 07:54:01,Email,Billing,41,No Response,1
CALL00705,CUST00688,AG009,2025-11-19 19:38:05,Chat,Complaint,18,No Response,1
CALL00706,CUST00768,AG009,2025-01-30 21:43:22,Chat,Product Query,4,Resolved,1
CALL00707,CUST01528,AG009,2025-03-01 14:44:21,Chat,Billing,5,Escalated,5
CALL00708,CUST01802,AG005,2025-10-19 18:15:46,Chat,Technical Support,6,Follow-up Required,1
CALL00709,CUST01318,AG008,2026-03-23 02:45:12,Phone,Technical Support,15,No Response,5
CALL00710,CUST00427,AG003,2025-05-06 17:15:04,Phone,Technical Support,39,Follow-up Required,1
CALL00711,CUST00885,AG005,2025-08-13 06:20:41,Email,Cancellation,19,Resolved,3
CALL00712,CUST01158,AG002,2026-07-30 22:53:39,Chat,Technical Support,53,Resolved,3
CALL00713,CUST00543,AG005,2026-08-17 16:38:30,Chat,Billing,22,Escalated,4
CALL00714,CUST00214,AG006,2026-06-16 05:43:06,Phone,Billing,4,Resolved,3
CALL00715,CUST01682,AG009,2025-12-19 04:41:27,Chat,Complaint,9,Escalated,1
CALL00716,CUST00237,AG001,2026-06-17 17:11:26,Email,Product Query,15,Resolved,2
CALL00717,CUST00232,AG006,2025-10-20 05:24:41,Phone,Technical Support,37,Follow-up Required,1
CALL00718,CUST00391,AG009,2026-08-15 03:08:45,Chat,Complaint,33,Resolved,5
CALL00719,CUST00001,AG008,2025-08-04 09:26:04,Email,Cancellation,58,No Response,1
CALL00720,CUST00436,AG005,2026-06-30 13:19:28,Chat,Cancellation,9,Resolved,4
CALL00721,CUST00217,AG005,2025-11-18 02:06:48,Phone,Cancellation,7,No Response,3
CALL00722,CUST01320,AG007,2026-07-09 21:09:37,Email,Billing,33,No Response,2
CALL00723,CUST01790,AG008,2025-10-10 00:49:47,Email,Product Query,43,Escalated,1
CALL00724,CUST01698,AG005,2026-06-13 09:28:42,Chat,Technical Support,25,No Response,3
CALL00725,CUST01141,AG006,2025-11-10 08:02:18,Chat,Billing,11,Resolved,4
CALL00726,CUST01732,AG001,2026-05-02 09:14:28,Email,Cancellation,26,No Response,3
CALL00727,CUST00802,AG004,2026-08-02 07:26:04,Chat,Product Query,39,Resolved,4
CALL00728,CUST01257,AG008,2025-02-17 11:24:49,Email,Product Query,29,Follow-up Required,4
CALL00729,CUST00654,AG005,2025-08-30 15:22:02,Chat,Technical Support,10,Follow-up Required,5
CALL00730,CUST00814,AG005,2025-01-03 17:45:09,Email,Cancellation,4,Escalated,2
CALL00731,CUST00237,AG010,2025-06-17 10:22:35,Phone,Billing,54,No Response,4
CALL00732,CUST00530,AG005,2025-01-30 14:37:40,Chat,Complaint,21,No Response,2
CALL00733,CUST00185,AG005,2025-09-11 11:45:42,Chat,Cancellation,2,Escalated,3
CALL00734,CUST00587,AG008,2025-07-24 16:03:25,Chat,Product Query,26,Follow-up Required,3
CALL00735,CUST01393,AG009,2025-02-01 01:38:35,Phone,Complaint,14,Follow-up Required,2
CALL00736,CUST00906,AG004,2025-08-16 03:33:43,Phone,Cancellation,13,Resolved,4
CALL00737,CUST01740,AG002,2025-09-29 22:28:59,Phone,Product Query,40,No Response,5
CALL00738,CUST01258,AG007,2025-01-14 08:00:25,Chat,Technical Support,41,Follow-up Required,3
CALL00739,CUST01965,AG002,2026-07-03 18:21:02,Email,Product Query,41,Escalated,1
CALL00740,CUST01111,AG008,2025-04-30 19:48:05,Chat,Cancellation,53,Escalated,3
CALL00741,CUST01339,AG005,2025-02-02 15:26:07,Chat,Complaint,28,No Response,1
CALL00742,CUST01524,AG010,2025-02-23 04:11:03,Phone,Cancellation,45,Resolved,3
CALL00743,CUST00370,AG004,2026-02-16 14:37:36,Chat,Technical Support,15,No Response,4
CALL00744,CUST00257,AG008,2025-01-10 12:41:50,Phone,Technical Support,40,Resolved,3
CALL00745,CUST00922,AG001,2025-02-25 12:57:24,Phone,Cancellation,38,Escalated,5
CALL00746,CUST00226,AG001,2026-01-19 22:33:12,Chat,Billing,22,Resolved,2
CALL00747,CUST01926,AG005,2025-07-25 02:51:49,Phone,Technical Support,60,Follow-up Required,1
CALL00748,CUST01982,AG007,2026-04-01 23:52:30,Chat,Complaint,56,Escalated,4
CALL00749,CUST00380,AG002,2026-02-05 02:44:20,Chat,Product Query,39,Resolved,5
CALL00750,CUST00632,AG007,2025-02-10 04:06:57,Email,Complaint,12,Follow-up Required,1
CALL00751,CUST00452,AG007,2026-01-17 21:39:56,Email,Technical Support,11,Resolved,2
CALL00752,CUST01943,AG002,2026-06-21 16:44:29,Chat,Complaint,39,No Response,3
CALL00753,CUST01624,AG009,2026-05-02 19:56:40,Phone,Product Query,55,Escalated,4
CALL00754,CUST00579,AG008,2026-07-13 23:15:10,Phone,Billing,10,Follow-up Required,5
CALL00755,CUST01486,AG004,2026-05-24 15:34:14,Phone,Technical Support,43,Resolved,4
CALL00756,CUST00130,AG004,2026-07-02 09:08:56,Chat,Product Query,35,Follow-up Required,5
CALL00757,CUST00301,AG003,2025-07-20 08:49:34,Email,Technical Support,36,Resolved,3
CALL00758,CUST01016,AG007,2025-06-02 05:23:47,Chat,Technical Support,9,Resolved,2
CALL00759,CUST00638,AG007,2025-12-12 10:41:15,Email,Billing,11,Follow-up Required,5
CALL00760,CUST00395,AG003,2025-04-24 03:32:15,Chat,Complaint,27,No Response,2
CALL00761,CUST01030,AG006,2026-01-28 04:43:36,Email,Complaint,18,Escalated,2
CALL00762,CUST01800,AG002,2026-08-14 02:16:05,Phone,Billing,39,No Response,4
CALL00763,CUST01040,AG005,2025-07-23 11:57:58,Email,Product Query,29,Follow-up Required,4
CALL00764,CUST00865,AG004,2025-07-24 12:37:55,Chat,Technical Support,39,Escalated,4
CALL00765,CUST00229,AG004,2026-01-15 05:34:21,Email,Product Query,36,Escalated,3
CALL00766,CUST00882,AG003,2025-12-30 08:02:15,Chat,Complaint,58,No Response,4
CALL00767,CUST01702,AG001,2026-01-29 00:24:48,Phone,Cancellation,22,Escalated,4
CALL00768,CUST00780,AG010,2025-08-28 15:07:27,Chat,Billing,23,Escalated,2
CALL00769,CUST01714,AG005,2025-01-01 02:17:04,Email,Cancellation,39,Follow-up Required,5
CALL00770,CUST00223,AG008,2025-05-23 02:34:42,Phone,Billing,34,Escalated,3
CALL00771,CUST01254,AG009,2025-04-09 09:56:37,Phone,Billing,10,No Response,2
CALL00772,CUST01247,AG001,2026-03-14 23:12:03,Phone,Cancellation,16,No Response,2
CALL00773,CUST00574,AG004,2025-03-04 03:06:18,Chat,Product Query,50,Follow-up Required,1
CALL00774,CUST00310,AG004,2025-02-14 23:29:20,Email,Product Query,6,No Response,3
CALL00775,CUST01400,AG007,2025-05-01 01:36:53,Phone,Product Query,11,Escalated,4
CALL00776,CUST01280,AG010,2025-10-30 14:18:48,Email,Billing,44,Follow-up Required,5
CALL00777,CUST00793,AG007,2025-01-20 23:51:19,Email,Product Query,58,Resolved,1
CALL00778,CUST00801,AG006,2025-01-27 12:25:58,Phone,Product Query,52,Resolved,4
CALL00779,CUST01826,AG003,2026-06-20 05:16:28,Email,Cancellation,44,No Response,2
CALL00780,CUST01707,AG005,2026-05-09 15:32:51,Phone,Product Query,17,Escalated,1
CALL00781,CUST00778,AG008,2025-05-11 00:26:36,Email,Technical Support,47,Resolved,3
CALL00782,CUST01041,AG006,2025-11-27 12:04:14,Email,Complaint,23,Escalated,1
CALL00783,CUST00830,AG007,2026-04-01 13:05:18,Chat,Complaint,20,Follow-up Required,1
CALL00784,CUST01777,AG004,2025-05-02 10:35:35,Phone,Billing,17,Escalated,2
CALL00785,CUST00960,AG005,2025-11-19 17:57:22,Chat,Technical Support,19,No Response,5
CALL00786,CUST00051,AG004,2026-05-30 03:10:53,Chat,Product Query,39,No Response,1
CALL00787,CUST00215,AG005,2025-02-03 02:35:54,Chat,Technical Support,49,Escalated,2
CALL00788,CUST01451,AG002,2025-03-13 11:27:38,Chat,Cancellation,40,No Response,5
CALL00789,CUST00070,AG007,2026-05-16 01:59:22,Chat,Technical Support,51,Escalated,2
CALL00790,CUST01118,AG008,2026-06-25 21:03:11,Email,Billing,17,Follow-up Required,2
CALL00791,CUST01102,AG008,2026-02-03 05:28:15,Chat,Complaint,36,No Response,4
CALL00792,CUST00338,AG003,2026-08-03 08:33:07,Chat,Cancellation,41,Escalated,1
CALL00793,CUST01324,AG005,2026-03-19 22:40:44,Phone,Product Query,24,Escalated,1
CALL00794,CUST00212,AG005,2026-01-28 01:51:25,Phone,Complaint,48,Resolved,2
CALL00795,CUST01848,AG009,2025-01-15 01:45:38,Email,Complaint,34,No Response,4
CALL00796,CUST01475,AG010,2026-05-15 15:15:30,Chat,Billing,17,No Response,1
CALL00797,CUST00326,AG005,2025-07-11 01:43:15,Email,Billing,43,No Response,1
CALL00798,CUST00752,AG005,2026-05-06 22:56:41,Chat,Billing,4,Follow-up Required,1
CALL00799,CUST01793,AG001,2025-01-03 07:26:21,Chat,Technical Support,48,Follow-up Required,4
CALL00800,CUST00153,AG004,2025-09-28 08:25:37,Email,Billing,12,Escalated,4
CALL00801,CUST00564,AG001,2026-01-06 09:52:47,Phone,Complaint,28,Follow-up Required,2
CALL00802,CUST01391,AG005,2025-03-14 18:43:52,Email,Cancellation,46,Escalated,1
CALL00803,CUST01012,AG004,2025-08-08 11:16:47,Phone,Product Query,48,Follow-up Required,4
CALL00804,CUST00582,AG003,2025-02-19 13:43:49,Phone,Complaint,22,No Response,4
CALL00805,CUST00326,AG010,2025-10-06 09:10:24,Phone,Product Query,39,Resolved,1
CALL00806,CUST00601,AG008,2025-03-03 20:44:32,Phone,Technical Support,6,Follow-up Required,4
CALL00807,CUST00911,AG007,2025-05-26 14:05:43,Email,Complaint,51,Resolved,5
CALL00808,CUST00165,AG007,2025-11-02 18:35:53,Chat,Billing,15,Escalated,4
CALL00809,CUST01201,AG004,2025-09-27 18:05:59,Phone,Complaint,49,Follow-up Required,2
CALL00810,CUST00846,AG003,2025-01-22 03:15:03,Chat,Billing,31,Escalated,2
CALL00811,CUST00519,AG009,2026-04-28 19:45:34,Email,Cancellation,25,Escalated,2
CALL00812,CUST01827,AG005,2025-10-14 03:25:00,Chat,Technical Support,21,Escalated,2
CALL00813,CUST01698,AG008,2025-06-27 01:29:00,Email,Product Query,47,Escalated,1
CALL00814,CUST01721,AG006,2025-06-20 22:43:57,Chat,Product Query,19,Resolved,5
CALL00815,CUST01880,AG001,2025-03-01 21:15:53,Email,Technical Support,37,No Response,1
CALL00816,CUST00663,AG009,2026-06-04 15:10:21,Email,Complaint,2,Follow-up Required,2
CALL00817,CUST00701,AG001,2026-03-30 02:07:18,Phone,Complaint,40,Escalated,1
CALL00818,CUST00614,AG004,2025-02-23 22:55:22,Email,Technical Support,8,Escalated,3
CALL00819,CUST00476,AG008,2026-06-09 04:03:11,Phone,Cancellation,14,Resolved,1
CALL00820,CUST01733,AG006,2026-02-10 07:52:33,Email,Cancellation,44,Resolved,4
CALL00821,CUST00671,AG009,2026-02-15 03:38:33,Email,Product Query,47,Follow-up Required,3
CALL00822,CUST01480,AG010,2025-02-18 09:29:04,Chat,Cancellation,7,No Response,3
CALL00823,CUST01935,AG008,2025-06-18 10:18:18,Email,Product Query,7,Escalated,4
CALL00824,CUST00408,AG003,2025-11-11 13:22:06,Phone,Product Query,8,Follow-up Required,5
CALL00825,CUST00621,AG001,2026-02-06 04:34:33,Phone,Technical Support,12,Follow-up Required,1
CALL00826,CUST01797,AG008,2025-07-19 03:44:58,Phone,Cancellation,16,No Response,4
CALL00827,CUST00804,AG004,2026-04-23 12:39:46,Phone,Technical Support,22,Escalated,1
CALL00828,CUST01824,AG007,2025-11-24 09:55:03,Chat,Billing,32,Follow-up Required,1
CALL00829,CUST01162,AG006,2026-05-16 21:52:37,Email,Cancellation,46,Follow-up Required,1
CALL00830,CUST00681,AG002,2025-02-13 16:23:16,Chat,Technical Support,5,Follow-up Required,2
CALL00831,CUST00906,AG004,2025-06-21 22:51:46,Phone,Billing,25,Follow-up Required,3
CALL00832,CUST01786,AG010,2025-10-26 01:59:18,Chat,Billing,3,Follow-up Required,2
CALL00833,CUST00087,AG004,2026-04-14 06:33:39,Chat,Cancellation,38,Resolved,2
CALL00834,CUST01328,AG008,2025-10-31 04:55:54,Chat,Product Query,55,Escalated,5
CALL00835,CUST01701,AG007,2025-06-23 07:07:51,Chat,Cancellation,56,No Response,1
CALL00836,CUST01752,AG005,2026-05-18 18:58:30,Email,Complaint,5,Resolved,1
CALL00837,CUST01092,AG008,2025-01-22 04:14:13,Chat,Product Query,43,No Response,3
CALL00838,CUST00771,AG006,2025-02-03 10:18:49,Email,Billing,48,Resolved,4
CALL00839,CUST01967,AG007,2025-08-01 16:07:42,Phone,Complaint,50,Escalated,3
CALL00840,CUST00797,AG004,2025-03-15 11:03:55,Phone,Cancellation,3,Follow-up Required,4
CALL00841,CUST00787,AG010,2025-07-04 00:18:00,Email,Technical Support,9,Follow-up Required,1
CALL00842,CUST01006,AG003,2026-08-08 04:41:49,Email,Complaint,23,Resolved,3
CALL00843,CUST00971,AG006,2025-09-10 08:11:12,Email,Cancellation,4,Resolved,4
CALL00844,CUST00528,AG009,2025-10-18 09:47:20,Email,Technical Support,21,No Response,2
CALL00845,CUST00796,AG008,2025-08-26 18:38:25,Chat,Billing,15,Escalated,3
CALL00846,CUST01075,AG006,2026-02-28 09:38:31,Email,Technical Support,52,Follow-up Required,1
CALL00847,CUST00248,AG001,2025-08-19 12:30:52,Chat,Complaint,54,No Response,4
CALL00848,CUST01019,AG004,2025-06-23 20:09:33,Phone,Technical Support,18,Escalated,5
CALL00849,CUST01457,AG005,2025-01-10 04:23:55,Phone,Product Query,44,Resolved,2
CALL00850,CUST00377,AG009,2026-01-11 13:06:27,Email,Complaint,2,No Response,1
CALL00851,CUST00473,AG009,2026-04-20 20:36:42,Phone,Billing,23,No Response,2
CALL00852,CUST01792,AG005,2025-09-10 06:33:57,Phone,Complaint,55,Resolved,5
CALL00853,CUST01802,AG004,2025-07-07 12:00:22,Chat,Cancellation,55,Escalated,5
CALL00854,CUST00210,AG002,2026-05-11 17:35:56,Phone,Cancellation,24,No Response,3
CALL00855,CUST00099,AG005,2026-07-20 16:50:27,Chat,Complaint,40,Escalated,4
CALL00856,CUST01765,AG002,2025-09-16 18:02:42,Chat,Cancellation,4,Resolved,4
CALL00857,CUST01958,AG002,2025-05-02 21:38:26,Chat,Billing,49,Follow-up Required,1
CALL00858,CUST01076,AG010,2026-02-08 07:16:53,Phone,Product Query,15,Follow-up Required,1
CALL00859,CUST01703,AG006,2026-01-06 22:52:56,Email,Complaint,6,Follow-up Required,4
CALL00860,CUST00965,AG004,2025-07-18 00:40:51,Phone,Product Query,33,Resolved,3
CALL00861,CUST00606,AG005,2026-04-28 08:00:44,Chat,Technical Support,50,No Response,4
CALL00862,CUST01717,AG004,2025-05-02 23:47:42,Phone,Complaint,38,Escalated,2
CALL00863,CUST00982,AG009,2025-01-29 07:50:19,Chat,Billing,30,Resolved,5
CALL00864,CUST00907,AG006,2025-05-10 18:48:52,Email,Complaint,17,No Response,4
CALL00865,CUST01169,AG007,2026-03-20 04:09:03,Chat,Complaint,6,Resolved,3
CALL00866,CUST00606,AG006,2025-12-04 06:13:09,Phone,Technical Support,2,No Response,5
CALL00867,CUST00558,AG006,2026-02-13 22:10:11,Phone,Technical Support,3,Escalated,3
CALL00868,CUST00316,AG005,2025-10-20 13:47:32,Phone,Complaint,21,Resolved,2
CALL00869,CUST00188,AG008,2025-03-11 00:48:28,Email,Complaint,34,Follow-up Required,2
CALL00870,CUST01376,AG010,2026-02-23 14:55:55,Phone,Product Query,1,Follow-up Required,1
CALL00871,CUST00906,AG004,2026-02-02 22:00:48,Chat,Billing,36,Follow-up Required,3
CALL00872,CUST01667,AG004,2026-05-21 13:14:36,Phone,Technical Support,44,Resolved,4
CALL00873,CUST01162,AG008,2025-03-16 14:30:08,Phone,Billing,11,Resolved,1
CALL00874,CUST01021,AG002,2025-01-22 22:57:41,Phone,Technical Support,27,Resolved,3
CALL00875,CUST01947,AG005,2025-06-30 05:17:46,Chat,Complaint,19,Escalated,5
CALL00876,CUST00565,AG010,2026-04-22 06:46:22,Chat,Complaint,47,No Response,4
CALL00877,CUST01700,AG007,2025-03-02 20:13:37,Email,Billing,24,No Response,4
CALL00878,CUST01882,AG003,2026-05-28 14:20:18,Email,Complaint,48,Resolved,2
CALL00879,CUST01159,AG005,2026-07-19 06:38:54,Chat,Technical Support,1,Resolved,4
CALL00880,CUST01294,AG010,2026-02-28 17:05:35,Phone,Product Query,55,Escalated,2
CALL00881,CUST01712,AG006,2026-07-26 23:32:32,Phone,Technical Support,59,Resolved,4
CALL00882,CUST01090,AG009,2026-02-10 01:22:42,Phone,Product Query,41,Resolved,5
CALL00883,CUST00892,AG009,2025-02-22 07:58:35,Email,Technical Support,50,Follow-up Required,2
CALL00884,CUST01585,AG008,2026-07-14 10:48:26,Chat,Product Query,44,No Response,4
CALL00885,CUST01773,AG007,2026-04-19 23:58:39,Chat,Technical Support,16,Resolved,1
CALL00886,CUST00669,AG002,2026-06-15 06:28:06,Chat,Cancellation,9,Escalated,4
CALL00887,CUST00926,AG003,2025-03-13 11:41:02,Chat,Technical Support,51,Escalated,3
CALL00888,CUST01473,AG001,2025-08-07 21:15:56,Phone,Complaint,1,Resolved,5
CALL00889,CUST01356,AG005,2025-04-30 04:02:37,Email,Technical Support,37,Resolved,3
CALL00890,CUST00702,AG002,2026-01-19 11:55:53,Phone,Technical Support,2,Resolved,1
CALL00891,CUST01444,AG007,2026-01-01 21:11:59,Chat,Product Query,11,Follow-up Required,5
CALL00892,CUST00517,AG005,2025-11-16 00:05:21,Chat,Complaint,20,Escalated,2
CALL00893,CUST00271,AG010,2025-04-09 23:42:27,Chat,Billing,48,Follow-up Required,4
CALL00894,CUST00466,AG008,2025-03-05 15:32:01,Chat,Technical Support,6,No Response,4
CALL00895,CUST01951,AG003,2026-08-09 10:46:59,Chat,Cancellation,6,Resolved,2
CALL00896,CUST01768,AG004,2025-05-18 03:00:21,Chat,Cancellation,15,Resolved,1
CALL00897,CUST00263,AG005,2026-07-26 03:11:25,Phone,Billing,26,Escalated,3
CALL00898,CUST01611,AG001,2025-10-28 21:51:58,Email,Product Query,18,Follow-up Required,3
CALL00899,CUST00737,AG008,2025-01-12 21:25:50,Email,Billing,46,Resolved,3
CALL00900,CUST00417,AG001,2025-09-27 11:43:20,Chat,Technical Support,30,Resolved,5
CALL00901,CUST00551,AG009,2026-06-07 17:46:01,Email,Technical Support,54,Escalated,4
CALL00902,CUST00141,AG005,2025-12-08 20:55:59,Phone,Billing,54,No Response,2
CALL00903,CUST00412,AG005,2026-07-18 15:33:53,Chat,Technical Support,18,Escalated,4
CALL00904,CUST00310,AG001,2026-04-21 02:35:23,Email,Billing,45,Resolved,2
CALL00905,CUST00322,AG007,2026-06-13 16:34:50,Email,Product Query,37,No Response,4
CALL00906,CUST00616,AG008,2026-04-24 22:19:46,Phone,Technical Support,39,Resolved,2
CALL00907,CUST01813,AG005,2026-02-17 01:00:10,Chat,Technical Support,51,Resolved,5
CALL00908,CUST01220,AG003,2025-06-12 01:31:07,Phone,Billing,12,No Response,3
CALL00909,CUST00371,AG010,2026-01-07 16:56:22,Chat,Complaint,52,Follow-up Required,2
CALL00910,CUST01331,AG005,2025-06-08 04:39:26,Chat,Technical Support,35,Escalated,5
CALL00911,CUST01866,AG007,2026-01-16 22:22:39,Chat,Product Query,1,No Response,5
CALL00912,CUST00228,AG008,2026-01-02 20:34:01,Phone,Billing,24,No Response,1
CALL00913,CUST00496,AG006,2026-04-20 10:31:39,Phone,Technical Support,6,Follow-up Required,1
CALL00914,CUST00910,AG006,2025-08-14 19:04:56,Chat,Billing,20,No Response,5
CALL00915,CUST00289,AG007,2025-06-26 01:50:18,Chat,Technical Support,12,Follow-up Required,5
CALL00916,CUST01042,AG009,2026-07-27 03:24:45,Chat,Product Query,40,Resolved,2
CALL00917,CUST01240,AG007,2025-07-17 17:26:27,Phone,Complaint,1,Follow-up Required,2
CALL00918,CUST00519,AG009,2026-01-14 02:36:58,Email,Technical Support,6,Escalated,4
CALL00919,CUST00508,AG003,2026-06-12 16:27:33,Email,Product Query,54,Follow-up Required,4
CALL00920,CUST01460,AG002,2025-06-03 18:05:49,Phone,Billing,25,Follow-up Required,3
CALL00921,CUST01107,AG002,2025-08-17 05:41:38,Phone,Billing,4,Escalated,4
CALL00922,CUST01191,AG001,2025-03-04 21:40:27,Email,Cancellation,47,Resolved,2
CALL00923,CUST00127,AG005,2025-04-16 00:24:51,Chat,Product Query,55,No Response,2
CALL00924,CUST01462,AG009,2026-03-08 09:20:52,Email,Billing,20,Follow-up Required,3
CALL00925,CUST01128,AG001,2025-03-11 15:23:06,Phone,Complaint,19,Escalated,2
CALL00926,CUST01397,AG007,2025-07-11 02:58:26,Email,Complaint,34,Follow-up Required,5
CALL00927,CUST00660,AG009,2025-03-24 06:10:51,Chat,Technical Support,5,Follow-up Required,4
CALL00928,CUST01794,AG010,2025-04-25 00:50:01,Chat,Cancellation,60,No Response,3
CALL00929,CUST00024,AG009,2026-04-23 05:26:42,Phone,Complaint,23,Escalated,2
CALL00930,CUST01347,AG001,2025-05-31 11:16:06,Chat,Billing,16,Follow-up Required,3
CALL00931,CUST00120,AG002,2025-10-24 17:29:34,Chat,Complaint,44,Resolved,2
CALL00932,CUST01601,AG010,2026-02-18 23:06:19,Chat,Technical Support,24,Resolved,2
CALL00933,CUST01657,AG001,2026-07-07 21:57:42,Chat,Billing,9,Resolved,4
CALL00934,CUST01019,AG010,2026-01-28 05:25:25,Phone,Technical Support,29,Resolved,1
CALL00935,CUST01108,AG010,2025-08-27 13:21:47,Email,Product Query,58,No Response,4
CALL00936,CUST00475,AG003,2025-03-02 02:03:30,Phone,Complaint,30,Follow-up Required,4
CALL00937,CUST00022,AG009,2025-09-21 05:22:57,Chat,Complaint,11,No Response,1
CALL00938,CUST00182,AG001,2026-02-01 05:41:37,Email,Complaint,14,Follow-up Required,1
CALL00939,CUST00465,AG002,2025-01-09 02:55:07,Chat,Technical Support,54,Escalated,3
CALL00940,CUST00979,AG004,2026-01-03 11:24:35,Chat,Cancellation,47,Escalated,1
CALL00941,CUST00379,AG003,2025-01-08 02:44:14,Phone,Product Query,1,Escalated,5
CALL00942,CUST01597,AG005,2026-04-22 22:54:46,Phone,Complaint,14,Resolved,3
CALL00943,CUST01413,AG003,2026-07-27 09:40:42,Chat,Cancellation,45,Resolved,3
CALL00944,CUST01167,AG003,2025-02-21 21:17:00,Phone,Product Query,19,No Response,3
CALL00945,CUST01324,AG004,2026-07-11 19:19:43,Chat,Technical Support,30,Escalated,2
CALL00946,CUST00052,AG001,2025-06-12 07:07:53,Phone,Billing,53,Follow-up Required,4
CALL00947,CUST00517,AG007,2025-02-15 11:16:05,Phone,Cancellation,47,Resolved,4
CALL00948,CUST00479,AG009,2026-04-24 21:55:16,Email,Billing,41,Follow-up Required,1
CALL00949,CUST00045,AG005,2025-07-09 06:31:36,Phone,Product Query,40,No Response,1
CALL00950,CUST00883,AG003,2025-09-20 01:06:26,Email,Cancellation,15,Follow-up Required,5
CALL00951,CUST00777,AG010,2026-08-10 16:27:07,Phone,Product Query,12,Escalated,5
CALL00952,CUST00805,AG009,2026-06-26 17:15:19,Chat,Complaint,50,Follow-up Required,5
CALL00953,CUST01345,AG005,2025-11-16 19:32:15,Email,Technical Support,3,Resolved,2
CALL00954,CUST01395,AG003,2026-02-17 11:15:57,Email,Complaint,39,Escalated,5
CALL00955,CUST00657,AG008,2025-06-15 03:46:37,Phone,Cancellation,25,Resolved,4
CALL00956,CUST00352,AG009,2025-02-02 07:39:22,Phone,Technical Support,2,Escalated,2
CALL00957,CUST00752,AG001,2026-02-24 16:02:58,Chat,Complaint,35,Escalated,4
CALL00958,CUST00740,AG003,2025-09-26 23:00:11,Phone,Technical Support,8,Escalated,4
CALL00959,CUST00167,AG009,2026-07-07 00:05:07,Phone,Billing,51,No Response,4
CALL00960,CUST01072,AG002,2025-06-26 23:36:02,Email,Cancellation,15,Resolved,5
CALL00961,CUST00766,AG003,2025-05-12 16:27:58,Chat,Product Query,15,Resolved,5
CALL00962,CUST01968,AG009,2026-03-30 12:11:44,Chat,Billing,41,Follow-up Required,4
CALL00963,CUST00271,AG009,2025-11-14 02:35:36,Phone,Product Query,19,No Response,3
CALL00964,CUST01851,AG003,2025-03-31 08:10:19,Chat,Technical Support,23,Follow-up Required,4
CALL00965,CUST00686,AG009,2026-01-18 05:22:02,Email,Billing,21,Resolved,5
CALL00966,CUST00764,AG004,2026-06-11 00:54:19,Email,Billing,31,Escalated,3
CALL00967,CUST00516,AG003,2026-01-10 00:58:51,Email,Technical Support,44,Follow-up Required,4
CALL00968,CUST00669,AG005,2026-03-11 21:40:38,Chat,Technical Support,47,Escalated,2
CALL00969,CUST00095,AG006,2025-04-09 19:58:20,Chat,Complaint,8,Resolved,5
CALL00970,CUST01900,AG007,2025-12-16 04:16:13,Phone,Cancellation,29,No Response,5
CALL00971,CUST00670,AG003,2026-02-17 12:33:41,Email,Technical Support,32,No Response,1
CALL00972,CUST01724,AG007,2025-12-01 11:40:03,Chat,Cancellation,58,No Response,1
CALL00973,CUST01537,AG001,2026-07-14 15:57:32,Chat,Technical Support,36,Follow-up Required,5
CALL00974,CUST01421,AG001,2026-07-22 07:53:24,Chat,Complaint,50,Resolved,4
CALL00975,CUST00769,AG003,2025-11-18 21:00:56,Email,Product Query,32,Follow-up Required,4
CALL00976,CUST01244,AG010,2026-05-30 18:10:03,Phone,Cancellation,31,Escalated,1
CALL00977,CUST00709,AG008,2025-02-15 19:47:51,Email,Cancellation,33,No Response,5
CALL00978,CUST01458,AG001,2026-07-04 11:42:19,Phone,Cancellation,6,Resolved,4
CALL00979,CUST01653,AG001,2025-03-31 00:27:40,Email,Billing,27,Follow-up Required,2
CALL00980,CUST01420,AG009,2026-05-06 01:11:15,Phone,Product Query,57,Resolved,5
CALL00981,CUST00812,AG006,2025-09-23 19:26:41,Email,Billing,60,Follow-up Required,4
CALL00982,CUST01674,AG008,2025-07-29 00:24:06,Chat,Complaint,11,No Response,5
CALL00983,CUST00017,AG004,2026-05-17 21:42:54,Email,Cancellation,28,Follow-up Required,3
CALL00984,CUST01448,AG003,2025-04-12 04:12:43,Email,Complaint,49,Resolved,3
CALL00985,CUST01675,AG002,2025-12-10 20:21:14,Phone,Cancellation,51,Follow-up Required,4
CALL00986,CUST01301,AG006,2025-06-27 16:07:46,Email,Product Query,39,No Response,1
CALL00987,CUST00957,AG006,2025-06-07 19:37:21,Chat,Cancellation,34,Follow-up Required,4
CALL00988,CUST01874,AG006,2026-07-28 03:19:58,Chat,Technical Support,53,Follow-up Required,5
CALL00989,CUST00075,AG010,2025-04-08 01:40:45,Email,Product Query,37,No Response,5
CALL00990,CUST01882,AG007,2026-07-29 07:26:59,Chat,Billing,48,Escalated,2
CALL00991,CUST00541,AG010,2025-01-17 03:35:20,Email,Cancellation,49,No Response,3
CALL00992,CUST00834,AG008,2025-05-02 10:15:00,Chat,Billing,17,Escalated,2
CALL00993,CUST00543,AG002,2025-08-12 11:55:02,Phone,Billing,59,Escalated,3
CALL00994,CUST01998,AG006,2025-05-15 21:01:55,Phone,Cancellation,23,Follow-up Required,4
CALL00995,CUST00765,AG010,2025-06-04 22:56:04,Email,Product Query,9,No Response,5
CALL00996,CUST00787,AG008,2026-01-28 03:06:00,Phone,Cancellation,15,Resolved,5
CALL00997,CUST01218,AG002,2025-02-06 00:48:07,Phone,Cancellation,35,Follow-up Required,3
CALL00998,CUST00498,AG002,2025-11-26 21:14:24,Chat,Cancellation,56,Escalated,2
CALL00999,CUST00676,AG001,2025-08-31 05:18:05,Phone,Cancellation,11,Resolved,3
CALL01000,CUST00415,AG007,2025-12-03 09:12:28,Chat,Technical Support,41,Resolved,2
CALL01001,CUST01443,AG005,2025-07-26 19:00:17,Email,Complaint,3,Resolved,3
CALL01002,CUST00238,AG005,2026-06-25 14:19:37,Chat,Complaint,31,Follow-up Required,2
CALL01003,CUST01324,AG010,2025-07-16 22:33:49,Phone,Technical Support,54,Resolved,4
CALL01004,CUST00730,AG010,2025-11-28 23:59:16,Chat,Product Query,39,Follow-up Required,4
CALL01005,CUST00215,AG001,2025-09-19 01:00:29,Chat,Billing,60,Escalated,5
CALL01006,CUST01937,AG009,2025-12-12 20:57:22,Phone,Product Query,58,Escalated,1
CALL01007,CUST00685,AG010,2025-08-25 07:06:26,Phone,Product Query,42,Resolved,2
CALL01008,CUST00650,AG001,2026-01-30 03:37:19,Chat,Cancellation,2,Escalated,1
CALL01009,CUST00161,AG010,2025-05-03 02:56:54,Email,Billing,25,No Response,2
CALL01010,CUST01840,AG008,2025-11-01 06:36:15,Chat,Product Query,8,No Response,1
CALL01011,CUST01816,AG003,2026-05-23 17:44:06,Phone,Product Query,46,Escalated,1
CALL01012,CUST00215,AG007,2025-12-13 15:10:34,Phone,Billing,10,Follow-up Required,3
CALL01013,CUST00572,AG001,2025-05-01 12:10:47,Chat,Cancellation,60,Resolved,1
CALL01014,CUST00293,AG008,2026-03-22 01:43:32,Phone,Billing,38,Follow-up Required,3
CALL01015,CUST01408,AG004,2025-07-10 03:59:05,Email,Product Query,55,Follow-up Required,1
CALL01016,CUST00327,AG003,2026-06-30 12:10:58,Email,Billing,49,Resolved,4
CALL01017,CUST00788,AG008,2026-05-07 21:19:10,Phone,Product Query,52,No Response,4
CALL01018,CUST01099,AG008,2026-07-10 12:39:22,Email,Billing,3,Escalated,5
CALL01019,CUST01912,AG004,2026-05-14 01:44:21,Phone,Billing,31,Follow-up Required,2
CALL01020,CUST01984,AG002,2026-02-03 01:34:31,Email,Technical Support,55,Follow-up Required,2
CALL01021,CUST00850,AG008,2026-01-29 23:55:18,Phone,Technical Support,13,Escalated,3
CALL01022,CUST00409,AG009,2025-06-10 03:31:56,Phone,Complaint,23,Resolved,5
CALL01023,CUST01150,AG009,2025-08-09 19:56:19,Phone,Product Query,9,Resolved,5
CALL01024,CUST00668,AG005,2026-06-01 18:43:06,Chat,Technical Support,31,No Response,3
CALL01025,CUST00896,AG006,2026-01-04 12:04:36,Email,Cancellation,5,No Response,5
CALL01026,CUST01707,AG002,2026-02-18 14:47:54,Chat,Cancellation,6,Escalated,2
CALL01027,CUST00848,AG004,2025-05-08 13:10:16,Phone,Complaint,21,No Response,3
CALL01028,CUST01063,AG008,2025-08-08 03:10:42,Chat,Technical Support,48,Resolved,1
CALL01029,CUST01114,AG008,2025-05-30 14:15:16,Email,Cancellation,3,Escalated,1
CALL01030,CUST00690,AG004,2026-01-09 22:38:26,Chat,Product Query,51,No Response,4
CALL01031,CUST01793,AG010,2025-11-06 17:29:19,Phone,Cancellation,41,Resolved,3
CALL01032,CUST00846,AG003,2025-09-09 21:51:16,Email,Technical Support,57,Follow-up Required,3
CALL01033,CUST01200,AG008,2026-04-04 01:30:34,Chat,Billing,50,Escalated,5
CALL01034,CUST01471,AG007,2026-05-12 17:44:31,Chat,Technical Support,45,No Response,3
CALL01035,CUST01647,AG006,2026-07-09 03:15:45,Phone,Complaint,48,Escalated,5
CALL01036,CUST00725,AG004,2025-07-20 15:22:27,Email,Cancellation,43,Follow-up Required,3
CALL01037,CUST00070,AG008,2025-10-15 15:43:38,Email,Technical Support,6,Follow-up Required,2
CALL01038,CUST01325,AG003,2025-09-20 01:02:17,Chat,Technical Support,40,Resolved,1
CALL01039,CUST00202,AG009,2026-07-11 14:13:11,Email,Complaint,13,Escalated,5
CALL01040,CUST01602,AG007,2026-04-18 14:19:23,Phone,Technical Support,11,Resolved,4
CALL01041,CUST01992,AG005,2026-07-05 22:04:12,Phone,Technical Support,59,Resolved,2
CALL01042,CUST00114,AG004,2025-04-30 10:55:35,Chat,Product Query,55,No Response,4
CALL01043,CUST00044,AG002,2025-11-21 22:11:33,Chat,Product Query,60,Escalated,5
CALL01044,CUST01500,AG001,2025-12-03 03:28:04,Email,Technical Support,1,Escalated,1
CALL01045,CUST01414,AG004,2025-09-12 22:40:52,Email,Cancellation,59,Escalated,5
CALL01046,CUST01889,AG003,2025-09-25 12:26:21,Chat,Product Query,1,Escalated,1
CALL01047,CUST00257,AG007,2026-05-19 14:00:44,Chat,Product Query,56,Escalated,1
CALL01048,CUST00161,AG005,2025-08-07 22:46:08,Phone,Cancellation,8,Escalated,3
CALL01049,CUST00737,AG002,2025-09-22 16:08:24,Email,Complaint,9,Escalated,2
CALL01050,CUST00164,AG006,2025-03-07 13:25:33,Email,Complaint,3,Escalated,2
CALL01051,CUST01807,AG007,2026-01-14 16:32:36,Chat,Cancellation,48,No Response,3
CALL01052,CUST01231,AG005,2025-01-07 22:37:28,Email,Technical Support,49,No Response,3
CALL01053,CUST01341,AG007,2026-03-22 15:58:20,Phone,Product Query,13,Resolved,2
CALL01054,CUST01353,AG010,2026-01-01 18:08:22,Chat,Cancellation,49,Follow-up Required,3
CALL01055,CUST01036,AG006,2026-07-27 01:52:26,Chat,Cancellation,16,Resolved,5
CALL01056,CUST00925,AG004,2025-11-30 20:15:48,Phone,Billing,53,Resolved,4
CALL01057,CUST00435,AG007,2026-03-06 10:49:32,Chat,Billing,30,Resolved,3
CALL01058,CUST01872,AG009,2026-07-12 22:40:57,Email,Product Query,35,Resolved,4
CALL01059,CUST01102,AG007,2025-05-17 03:42:11,Email,Product Query,49,No Response,5
CALL01060,CUST00254,AG005,2025-06-29 12:53:46,Chat,Complaint,29,Escalated,1
CALL01061,CUST00335,AG002,2025-11-07 07:40:32,Email,Complaint,27,Resolved,1
CALL01062,CUST00237,AG007,2025-01-25 04:31:30,Chat,Product Query,35,Resolved,5
CALL01063,CUST01794,AG008,2025-05-23 20:18:51,Email,Billing,14,Escalated,5
CALL01064,CUST00021,AG006,2025-10-04 03:18:21,Email,Complaint,28,Escalated,4
CALL01065,CUST01854,AG007,2025-05-26 17:39:21,Phone,Cancellation,55,Follow-up Required,4
CALL01066,CUST01645,AG002,2025-01-26 00:14:46,Email,Technical Support,39,No Response,5
CALL01067,CUST00279,AG010,2026-03-21 20:40:37,Email,Product Query,18,Resolved,1
CALL01068,CUST00181,AG005,2025-06-04 06:13:28,Chat,Complaint,56,Resolved,3
CALL01069,CUST01859,AG009,2025-01-11 07:09:59,Phone,Cancellation,47,Resolved,1
CALL01070,CUST01207,AG007,2026-02-03 06:37:13,Email,Cancellation,59,Resolved,5
CALL01071,CUST01840,AG008,2025-05-16 02:08:46,Chat,Cancellation,46,Escalated,1
CALL01072,CUST01860,AG003,2025-09-30 10:16:24,Phone,Billing,2,Resolved,1
CALL01073,CUST00022,AG003,2026-03-30 07:29:02,Phone,Complaint,6,Follow-up Required,3
CALL01074,CUST00106,AG004,2025-07-14 23:39:27,Email,Technical Support,1,No Response,2
CALL01075,CUST01587,AG003,2025-12-15 18:24:29,Email,Complaint,27,Escalated,5
CALL01076,CUST00235,AG008,2026-04-22 09:59:24,Email,Product Query,28,Escalated,2
CALL01077,CUST01651,AG002,2026-03-15 11:43:25,Phone,Product Query,8,Escalated,4
CALL01078,CUST01743,AG008,2025-07-20 13:15:46,Chat,Cancellation,6,Resolved,2
CALL01079,CUST00975,AG002,2025-08-25 22:15:04,Phone,Cancellation,44,Resolved,3
CALL01080,CUST00556,AG006,2025-04-06 09:48:52,Chat,Technical Support,43,No Response,5
CALL01081,CUST01983,AG003,2025-04-02 17:55:47,Chat,Technical Support,45,Escalated,4
CALL01082,CUST00845,AG008,2025-06-16 11:38:56,Phone,Technical Support,37,No Response,1
CALL01083,CUST00482,AG003,2026-07-16 17:28:15,Phone,Technical Support,19,Escalated,5
CALL01084,CUST01161,AG009,2026-07-22 14:42:52,Phone,Complaint,34,Escalated,5
CALL01085,CUST00674,AG009,2026-05-23 08:11:05,Email,Technical Support,41,Follow-up Required,3
CALL01086,CUST01434,AG006,2025-05-30 01:40:27,Email,Cancellation,45,Escalated,2
CALL01087,CUST01972,AG001,2025-12-19 08:46:40,Email,Cancellation,25,No Response,4
CALL01088,CUST00368,AG007,2025-08-05 00:13:19,Chat,Technical Support,12,No Response,3
CALL01089,CUST00500,AG007,2025-06-14 03:59:43,Phone,Cancellation,34,No Response,1
CALL01090,CUST01748,AG001,2025-04-15 06:52:49,Email,Billing,53,Resolved,2
CALL01091,CUST01676,AG006,2026-07-25 23:54:08,Email,Product Query,42,Follow-up Required,1
CALL01092,CUST01549,AG001,2026-01-22 00:31:27,Phone,Product Query,43,Resolved,2
CALL01093,CUST00291,AG003,2026-02-23 06:51:30,Email,Billing,51,Escalated,1
CALL01094,CUST00182,AG007,2025-06-15 00:28:48,Email,Technical Support,41,Escalated,5
CALL01095,CUST00600,AG005,2026-08-06 23:44:57,Chat,Billing,30,Escalated,5
CALL01096,CUST00217,AG007,2025-05-05 21:38:48,Phone,Complaint,41,Resolved,1
CALL01097,CUST00955,AG005,2025-04-19 14:09:05,Phone,Complaint,43,No Response,4
CALL01098,CUST01415,AG003,2025-12-16 20:37:08,Phone,Cancellation,27,Follow-up Required,5
CALL01099,CUST01442,AG001,2026-07-11 06:55:41,Phone,Technical Support,17,Follow-up Required,5
CALL01100,CUST00946,AG007,2026-04-01 16:07:50,Email,Billing,23,No Response,5
CALL01101,CUST00735,AG006,2026-07-21 14:43:33,Email,Complaint,29,No Response,2
CALL01102,CUST00906,AG002,2025-12-19 13:57:57,Phone,Complaint,41,Escalated,3
CALL01103,CUST01417,AG002,2025-05-28 22:08:19,Chat,Cancellation,6,Escalated,1
CALL01104,CUST00436,AG008,2025-10-25 02:16:28,Email,Technical Support,41,No Response,5
CALL01105,CUST00003,AG009,2025-10-25 09:42:30,Chat,Cancellation,29,Resolved,1
CALL01106,CUST01425,AG004,2026-08-04 03:43:19,Phone,Product Query,7,Resolved,3
CALL01107,CUST01270,AG010,2025-06-25 14:35:05,Phone,Billing,23,Resolved,3
CALL01108,CUST00229,AG006,2025-06-19 20:43:01,Chat,Billing,46,Follow-up Required,2
CALL01109,CUST01202,AG006,2025-09-03 20:58:31,Email,Cancellation,56,No Response,5
CALL01110,CUST00747,AG010,2025-10-09 19:08:01,Phone,Cancellation,49,Escalated,3
CALL01111,CUST01820,AG007,2025-12-16 19:00:56,Email,Cancellation,16,Escalated,1
CALL01112,CUST01445,AG006,2025-04-24 22:21:53,Email,Complaint,35,Resolved,5
CALL01113,CUST00962,AG002,2026-04-28 12:36:28,Phone,Cancellation,60,Escalated,5
CALL01114,CUST01962,AG006,2025-10-27 18:35:29,Email,Product Query,30,No Response,2
CALL01115,CUST01402,AG004,2025-10-06 20:12:23,Email,Billing,13,Follow-up Required,2
CALL01116,CUST00425,AG002,2025-10-17 09:45:18,Phone,Cancellation,31,No Response,4
CALL01117,CUST01241,AG006,2026-07-02 19:41:38,Chat,Cancellation,36,Escalated,1
CALL01118,CUST01272,AG001,2026-04-05 21:31:04,Phone,Technical Support,14,Follow-up Required,4
CALL01119,CUST01605,AG010,2025-12-04 08:00:15,Phone,Technical Support,20,Follow-up Required,1
CALL01120,CUST00129,AG010,2025-09-30 09:23:10,Phone,Complaint,59,Escalated,2
CALL01121,CUST01807,AG008,2025-05-17 06:51:34,Phone,Product Query,55,No Response,1
CALL01122,CUST00534,AG009,2025-03-27 05:57:22,Phone,Billing,53,Resolved,4
CALL01123,CUST01022,AG009,2026-07-17 04:16:53,Chat,Technical Support,29,Resolved,4
CALL01124,CUST00193,AG009,2026-07-21 00:03:20,Email,Product Query,51,Resolved,3
CALL01125,CUST00329,AG002,2025-06-15 16:29:16,Phone,Complaint,16,Follow-up Required,5
CALL01126,CUST01662,AG010,2025-06-09 14:30:06,Chat,Complaint,19,Resolved,1
CALL01127,CUST01491,AG003,2026-05-25 22:13:32,Chat,Product Query,11,Resolved,5
CALL01128,CUST00837,AG001,2025-05-26 22:38:38,Email,Billing,42,No Response,5
CALL01129,CUST00155,AG009,2026-02-12 05:37:15,Phone,Product Query,45,Escalated,1
CALL01130,CUST01783,AG008,2026-06-22 10:36:22,Phone,Technical Support,38,Resolved,3
CALL01131,CUST00344,AG006,2026-07-07 04:29:30,Chat,Complaint,54,Follow-up Required,3
CALL01132,CUST00081,AG002,2026-01-30 20:58:34,Email,Complaint,13,Follow-up Required,4
CALL01133,CUST00476,AG004,2025-03-10 18:40:04,Chat,Billing,47,Follow-up Required,3
CALL01134,CUST01397,AG007,2026-06-12 23:50:32,Email,Billing,59,No Response,2
CALL01135,CUST00592,AG008,2025-04-29 23:28:23,Chat,Product Query,32,Follow-up Required,2
CALL01136,CUST01029,AG008,2025-06-21 12:17:37,Email,Cancellation,31,Follow-up Required,3
CALL01137,CUST00237,AG003,2025-04-16 15:42:32,Chat,Cancellation,56,No Response,3
CALL01138,CUST01388,AG007,2025-02-01 06:06:43,Phone,Product Query,8,No Response,2
CALL01139,CUST01934,AG002,2025-04-26 01:24:05,Email,Complaint,31,Escalated,2
CALL01140,CUST01934,AG003,2025-09-16 05:33:04,Chat,Billing,32,Resolved,3
CALL01141,CUST01811,AG001,2025-01-09 07:59:12,Chat,Billing,14,Escalated,2
CALL01142,CUST01946,AG009,2025-05-27 02:04:16,Phone,Complaint,7,No Response,3
CALL01143,CUST01685,AG004,2025-03-31 14:54:54,Phone,Cancellation,15,No Response,5
CALL01144,CUST01662,AG006,2026-03-12 02:59:54,Phone,Cancellation,47,No Response,4
CALL01145,CUST01514,AG001,2026-02-12 12:08:17,Chat,Complaint,39,Escalated,4
CALL01146,CUST00422,AG010,2025-05-09 04:59:55,Chat,Product Query,48,No Response,1
CALL01147,CUST00365,AG004,2026-06-01 00:26:45,Phone,Cancellation,49,Follow-up Required,4
CALL01148,CUST01519,AG005,2025-02-16 13:15:54,Email,Complaint,50,No Response,4
CALL01149,CUST00565,AG004,2025-04-05 11:34:45,Chat,Technical Support,42,Resolved,3
CALL01150,CUST01915,AG004,2025-10-09 20:18:57,Email,Billing,5,No Response,2
CALL01151,CUST01342,AG004,2026-06-26 14:54:27,Chat,Complaint,8,Follow-up Required,3
CALL01152,CUST00693,AG009,2025-06-18 02:17:00,Chat,Complaint,9,Resolved,2
CALL01153,CUST01051,AG001,2026-07-29 07:38:28,Chat,Complaint,28,No Response,2
CALL01154,CUST00699,AG009,2025-06-01 17:50:55,Email,Product Query,7,Resolved,5
CALL01155,CUST00455,AG003,2026-01-13 03:45:00,Email,Cancellation,4,No Response,1
CALL01156,CUST00956,AG001,2025-07-07 11:25:10,Chat,Cancellation,39,No Response,4
CALL01157,CUST01194,AG009,2025-12-22 21:20:09,Email,Product Query,56,Resolved,5
CALL01158,CUST01391,AG005,2025-07-02 11:42:23,Phone,Product Query,18,Resolved,1
CALL01159,CUST00700,AG010,2025-05-27 00:39:48,Phone,Cancellation,7,Escalated,4
CALL01160,CUST00496,AG001,2025-09-21 10:22:08,Phone,Billing,10,No Response,1
CALL01161,CUST00305,AG001,2025-07-17 00:01:53,Email,Billing,55,Resolved,3
CALL01162,CUST00317,AG009,2025-12-10 20:16:46,Phone,Technical Support,59,Resolved,2
CALL01163,CUST01160,AG003,2025-10-20 03:20:06,Chat,Complaint,22,Follow-up Required,4
CALL01164,CUST00574,AG005,2025-11-17 23:16:17,Email,Technical Support,30,Resolved,4
CALL01165,CUST01229,AG002,2025-03-30 14:04:28,Chat,Billing,36,No Response,5
CALL01166,CUST01292,AG003,2025-12-21 18:01:39,Email,Technical Support,30,Follow-up Required,1
CALL01167,CUST01665,AG006,2026-03-10 11:17:00,Email,Complaint,43,No Response,2
CALL01168,CUST00085,AG001,2025-03-18 17:33:55,Chat,Cancellation,35,Resolved,4
CALL01169,CUST01796,AG008,2025-04-30 13:18:55,Email,Product Query,51,Resolved,5
CALL01170,CUST01856,AG003,2025-02-05 17:44:28,Phone,Billing,30,Follow-up Required,2
CALL01171,CUST00907,AG010,2025-05-15 19:46:20,Phone,Technical Support,43,No Response,1
CALL01172,CUST01116,AG004,2026-07-10 07:57:28,Email,Product Query,16,Follow-up Required,1
CALL01173,CUST01836,AG008,2025-02-26 21:00:56,Chat,Product Query,31,No Response,1
CALL01174,CUST00213,AG010,2025-05-13 21:27:42,Phone,Technical Support,41,Escalated,1
CALL01175,CUST01924,AG007,2025-03-24 14:52:27,Email,Billing,16,Resolved,5
CALL01176,CUST01447,AG010,2026-05-10 21:30:22,Phone,Complaint,36,Follow-up Required,5
CALL01177,CUST01420,AG008,2025-12-12 16:49:48,Email,Technical Support,13,Escalated,1
CALL01178,CUST00574,AG005,2025-02-09 08:50:21,Chat,Product Query,51,Resolved,5
CALL01179,CUST02000,AG010,2025-05-21 18:04:31,Email,Product Query,41,No Response,4
CALL01180,CUST01534,AG010,2026-02-07 19:55:29,Phone,Billing,25,Escalated,3
CALL01181,CUST01884,AG010,2026-03-25 08:32:02,Phone,Billing,24,No Response,3
CALL01182,CUST01761,AG008,2025-12-26 11:37:19,Chat,Technical Support,47,Escalated,2
CALL01183,CUST01336,AG001,2025-12-04 04:31:13,Phone,Product Query,44,Escalated,3
CALL01184,CUST01008,AG008,2025-10-03 17:38:28,Chat,Billing,59,Escalated,5
CALL01185,CUST00764,AG003,2026-05-15 00:16:35,Email,Product Query,47,Escalated,5
CALL01186,CUST00370,AG003,2025-08-11 18:09:52,Chat,Cancellation,24,Follow-up Required,4
CALL01187,CUST00082,AG008,2026-07-30 04:04:17,Chat,Billing,16,No Response,2
CALL01188,CUST00945,AG008,2026-05-31 04:06:45,Phone,Technical Support,43,Escalated,2
CALL01189,CUST01184,AG001,2026-07-08 15:04:56,Chat,Complaint,2,Escalated,1
CALL01190,CUST01143,AG010,2026-02-24 01:06:22,Phone,Technical Support,3,Follow-up Required,2
CALL01191,CUST00946,AG007,2025-07-25 11:24:17,Email,Technical Support,30,Resolved,2
CALL01192,CUST00720,AG009,2026-01-21 11:56:56,Email,Cancellation,55,Follow-up Required,5
CALL01193,CUST00816,AG010,2025-10-02 13:05:04,Chat,Product Query,20,No Response,5
CALL01194,CUST01539,AG006,2026-07-07 19:52:39,Email,Cancellation,43,Resolved,4
CALL01195,CUST01866,AG004,2026-06-25 16:22:11,Chat,Cancellation,7,No Response,5
CALL01196,CUST00543,AG001,2025-02-10 00:44:12,Chat,Billing,38,Resolved,3
CALL01197,CUST01300,AG008,2026-03-26 03:10:38,Chat,Cancellation,26,Follow-up Required,2
CALL01198,CUST01683,AG004,2026-03-23 11:02:06,Phone,Technical Support,7,Escalated,3
CALL01199,CUST00804,AG005,2025-12-31 08:52:38,Phone,Product Query,24,Resolved,3
CALL01200,CUST00876,AG007,2026-07-31 20:58:01,Email,Technical Support,59,Follow-up Required,2
CALL01201,CUST01106,AG005,2025-02-16 20:23:03,Chat,Billing,14,Resolved,3
CALL01202,CUST01174,AG002,2026-08-02 21:30:55,Phone,Product Query,55,Follow-up Required,5
CALL01203,CUST01839,AG009,2025-01-03 13:15:41,Email,Billing,20,No Response,5
CALL01204,CUST00113,AG005,2025-04-14 09:18:40,Phone,Product Query,19,Resolved,5
CALL01205,CUST01644,AG008,2026-01-20 20:22:45,Chat,Product Query,3,Follow-up Required,4
CALL01206,CUST00421,AG008,2026-04-28 15:56:46,Chat,Cancellation,4,Resolved,4
CALL01207,CUST00733,AG003,2026-06-24 13:20:22,Email,Complaint,58,No Response,5
CALL01208,CUST00878,AG009,2025-02-05 01:59:07,Chat,Billing,25,No Response,2
CALL01209,CUST01013,AG010,2026-05-06 20:45:00,Email,Cancellation,44,Follow-up Required,1
CALL01210,CUST01478,AG008,2026-02-17 11:16:18,Email,Technical Support,2,Follow-up Required,1
CALL01211,CUST00335,AG009,2025-08-28 08:31:57,Chat,Complaint,11,Follow-up Required,3
CALL01212,CUST01943,AG007,2026-01-18 04:57:47,Email,Cancellation,33,Escalated,1
CALL01213,CUST01668,AG004,2025-08-24 22:33:35,Email,Cancellation,34,Escalated,4
CALL01214,CUST00146,AG003,2025-09-29 14:40:23,Phone,Cancellation,45,No Response,2
CALL01215,CUST01124,AG010,2025-05-04 20:17:40,Chat,Product Query,40,Follow-up Required,1
CALL01216,CUST01874,AG007,2025-07-25 07:40:34,Email,Complaint,27,Escalated,2
CALL01217,CUST00073,AG005,2026-01-31 07:24:43,Email,Complaint,32,Resolved,3
CALL01218,CUST00617,AG009,2025-05-23 12:34:49,Chat,Cancellation,51,Resolved,3
CALL01219,CUST00919,AG006,2026-04-19 02:37:53,Phone,Billing,37,No Response,5
CALL01220,CUST01966,AG005,2025-07-28 05:55:03,Chat,Cancellation,54,No Response,3
CALL01221,CUST01115,AG001,2026-07-05 04:37:57,Email,Technical Support,53,No Response,4
CALL01222,CUST00090,AG009,2025-03-01 05:41:26,Chat,Cancellation,59,No Response,4
CALL01223,CUST01271,AG001,2025-07-28 23:18:20,Phone,Complaint,54,Resolved,1
CALL01224,CUST01018,AG004,2025-06-30 04:02:28,Email,Billing,32,Escalated,2
CALL01225,CUST01183,AG007,2025-12-07 02:14:03,Chat,Technical Support,2,Escalated,3
CALL01226,CUST01556,AG007,2025-10-30 14:56:17,Chat,Billing,33,No Response,2
CALL01227,CUST00192,AG007,2025-02-08 14:00:48,Phone,Billing,31,Resolved,3
CALL01228,CUST00701,AG009,2025-11-03 18:25:36,Chat,Product Query,56,No Response,2
CALL01229,CUST00265,AG006,2025-11-14 13:33:19,Chat,Technical Support,28,No Response,1
CALL01230,CUST01948,AG009,2025-12-10 20:29:15,Phone,Product Query,46,Resolved,2
CALL01231,CUST01853,AG006,2025-11-15 11:21:47,Phone,Product Query,3,Follow-up Required,2
CALL01232,CUST01850,AG005,2026-03-10 09:06:32,Email,Billing,12,Resolved,3
CALL01233,CUST00524,AG004,2026-03-06 06:40:02,Chat,Billing,55,No Response,1
CALL01234,CUST00663,AG005,2025-03-11 12:02:29,Email,Technical Support,6,Escalated,4
CALL01235,CUST00932,AG005,2026-01-16 00:09:15,Email,Complaint,60,No Response,5
CALL01236,CUST00009,AG010,2026-05-22 15:34:04,Chat,Technical Support,35,No Response,3
CALL01237,CUST01723,AG002,2025-10-05 19:17:06,Chat,Technical Support,43,No Response,3
CALL01238,CUST00351,AG005,2025-08-07 01:15:48,Phone,Product Query,52,Resolved,1
CALL01239,CUST01369,AG002,2025-11-07 17:50:28,Phone,Technical Support,17,Escalated,1
CALL01240,CUST00066,AG001,2025-04-24 23:38:51,Phone,Cancellation,25,Escalated,1
CALL01241,CUST00269,AG005,2025-09-28 11:00:48,Email,Billing,4,No Response,3
CALL01242,CUST01360,AG005,2025-04-17 21:53:28,Chat,Product Query,36,Follow-up Required,3
CALL01243,CUST00120,AG003,2025-08-02 22:55:20,Email,Cancellation,17,Follow-up Required,1
CALL01244,CUST00283,AG007,2026-04-26 07:54:39,Chat,Cancellation,41,Escalated,3
CALL01245,CUST00411,AG001,2026-07-03 09:57:23,Email,Product Query,37,Resolved,5
CALL01246,CUST00960,AG008,2025-10-12 21:22:32,Phone,Cancellation,21,Escalated,5
CALL01247,CUST00433,AG005,2026-07-11 12:38:36,Chat,Technical Support,18,No Response,4
CALL01248,CUST00375,AG001,2025-06-03 12:27:49,Email,Product Query,24,Resolved,4
CALL01249,CUST00377,AG010,2025-05-31 13:09:28,Chat,Technical Support,45,No Response,3
CALL01250,CUST01734,AG006,2026-07-10 02:47:52,Phone,Complaint,1,No Response,2
CALL01251,CUST01630,AG005,2026-01-06 08:30:09,Phone,Billing,59,No Response,4
CALL01252,CUST00590,AG007,2025-12-16 08:28:57,Phone,Complaint,28,No Response,5
CALL01253,CUST01293,AG006,2025-08-04 07:12:16,Chat,Cancellation,13,Resolved,2
CALL01254,CUST01396,AG007,2026-01-14 00:45:06,Phone,Product Query,13,Escalated,3
CALL01255,CUST00495,AG008,2026-07-15 14:12:54,Phone,Complaint,60,Follow-up Required,3
CALL01256,CUST01172,AG003,2025-05-28 18:09:04,Chat,Product Query,34,Resolved,4
CALL01257,CUST00119,AG007,2026-03-30 19:54:59,Phone,Billing,30,Escalated,1
CALL01258,CUST00751,AG008,2025-08-27 06:43:48,Phone,Technical Support,31,Resolved,4
CALL01259,CUST01199,AG002,2025-07-29 04:08:02,Email,Billing,26,No Response,2
CALL01260,CUST01520,AG008,2025-07-02 23:12:14,Phone,Billing,15,No Response,3
CALL01261,CUST00745,AG004,2026-05-29 12:13:08,Email,Complaint,12,No Response,1
CALL01262,CUST00229,AG002,2025-05-27 13:50:32,Phone,Billing,8,Escalated,5
CALL01263,CUST01419,AG008,2025-09-12 04:00:09,Email,Billing,5,No Response,1
CALL01264,CUST01422,AG008,2026-06-20 16:30:56,Chat,Cancellation,40,Escalated,2
CALL01265,CUST00204,AG006,2025-10-18 15:15:49,Phone,Complaint,45,Resolved,4
CALL01266,CUST00359,AG007,2025-03-18 14:41:46,Phone,Cancellation,25,No Response,2
CALL01267,CUST00556,AG005,2026-08-05 19:24:20,Email,Technical Support,41,Escalated,2
CALL01268,CUST00164,AG005,2025-02-23 05:37:14,Phone,Cancellation,23,Escalated,3
CALL01269,CUST01570,AG004,2026-06-19 05:32:21,Chat,Cancellation,46,Resolved,1
CALL01270,CUST01936,AG008,2025-08-15 14:04:19,Chat,Technical Support,50,Escalated,2
CALL01271,CUST01685,AG005,2026-01-24 04:59:51,Email,Product Query,14,Escalated,1
CALL01272,CUST00345,AG002,2025-06-09 17:27:12,Email,Complaint,39,Follow-up Required,3
CALL01273,CUST00540,AG003,2025-07-08 04:17:22,Chat,Complaint,45,No Response,2
CALL01274,CUST00530,AG004,2025-03-21 11:32:00,Chat,Billing,37,Follow-up Required,4
CALL01275,CUST00923,AG008,2025-05-01 14:15:31,Email,Product Query,38,Escalated,1
CALL01276,CUST00021,AG009,2025-02-02 15:23:13,Email,Product Query,12,Resolved,1
CALL01277,CUST00448,AG002,2025-02-02 11:53:04,Phone,Technical Support,24,Escalated,2
CALL01278,CUST01354,AG002,2025-09-06 06:31:15,Chat,Technical Support,3,Follow-up Required,5
CALL01279,CUST01319,AG006,2026-05-12 06:35:32,Chat,Cancellation,11,Resolved,5
CALL01280,CUST01520,AG010,2025-08-23 09:29:31,Chat,Complaint,36,Follow-up Required,1
CALL01281,CUST00846,AG003,2026-03-15 21:15:03,Phone,Technical Support,40,No Response,1
CALL01282,CUST00042,AG007,2025-07-14 17:27:33,Chat,Product Query,24,Follow-up Required,1
CALL01283,CUST01958,AG008,2026-01-20 07:13:07,Phone,Product Query,55,No Response,3
CALL01284,CUST01035,AG001,2025-11-07 18:06:23,Email,Complaint,29,Resolved,5
CALL01285,CUST01824,AG004,2026-03-13 22:24:41,Phone,Billing,49,No Response,4
CALL01286,CUST01697,AG002,2026-02-09 17:05:42,Chat,Billing,25,Follow-up Required,2
CALL01287,CUST00246,AG010,2026-05-17 12:45:03,Email,Complaint,60,Follow-up Required,5
CALL01288,CUST01575,AG001,2025-11-27 01:10:00,Email,Technical Support,53,Follow-up Required,2
CALL01289,CUST01296,AG002,2025-06-08 11:40:39,Email,Complaint,10,Escalated,2
CALL01290,CUST01608,AG008,2025-02-19 20:37:31,Chat,Complaint,57,Resolved,5
CALL01291,CUST01408,AG002,2026-04-17 07:03:55,Email,Cancellation,39,Follow-up Required,2
CALL01292,CUST00137,AG003,2025-05-01 00:06:55,Chat,Cancellation,47,No Response,4
CALL01293,CUST00210,AG006,2025-03-03 10:07:07,Phone,Technical Support,22,No Response,3
CALL01294,CUST00566,AG006,2025-09-11 17:37:19,Phone,Complaint,6,No Response,5
CALL01295,CUST00409,AG010,2026-07-11 06:00:18,Email,Cancellation,21,Resolved,4
CALL01296,CUST01043,AG009,2025-07-11 10:08:28,Email,Billing,13,No Response,5
CALL01297,CUST01985,AG009,2025-12-03 14:49:15,Email,Billing,21,Follow-up Required,3
CALL01298,CUST01022,AG010,2025-10-05 06:44:38,Chat,Complaint,27,Resolved,2
CALL01299,CUST00677,AG006,2026-04-01 02:29:13,Email,Product Query,40,Escalated,2
CALL01300,CUST01516,AG009,2026-05-02 13:36:13,Chat,Cancellation,14,Escalated,3
CALL01301,CUST00972,AG008,2025-10-18 06:51:19,Email,Complaint,48,Resolved,5
CALL01302,CUST01840,AG006,2025-09-16 21:49:44,Email,Cancellation,9,Resolved,1
CALL01303,CUST00867,AG010,2025-08-27 13:58:46,Chat,Complaint,34,Follow-up Required,3
CALL01304,CUST01434,AG002,2026-02-26 03:36:30,Chat,Technical Support,52,Escalated,2
CALL01305,CUST00163,AG004,2026-02-25 18:31:58,Chat,Complaint,42,Escalated,1
CALL01306,CUST00964,AG004,2025-06-05 01:51:35,Phone,Technical Support,28,Resolved,4
CALL01307,CUST00861,AG006,2025-07-16 08:59:42,Email,Product Query,22,Follow-up Required,5
CALL01308,CUST01181,AG004,2026-03-04 17:39:40,Email,Billing,39,Escalated,5
CALL01309,CUST01535,AG005,2025-12-24 13:12:16,Phone,Product Query,30,Escalated,3
CALL01310,CUST00008,AG010,2026-03-13 04:10:07,Chat,Complaint,53,Follow-up Required,1
CALL01311,CUST00611,AG008,2025-01-01 19:05:41,Chat,Product Query,10,No Response,5
CALL01312,CUST00902,AG009,2026-06-12 10:43:16,Phone,Cancellation,47,Follow-up Required,4
CALL01313,CUST01297,AG004,2026-05-15 11:57:08,Email,Billing,4,Escalated,2
CALL01314,CUST00228,AG004,2026-06-16 15:17:09,Email,Product Query,57,Resolved,5
CALL01315,CUST01405,AG006,2025-04-10 11:28:01,Phone,Billing,28,Resolved,2
CALL01316,CUST01464,AG005,2025-12-02 18:44:06,Phone,Technical Support,1,Follow-up Required,3
CALL01317,CUST01076,AG007,2026-01-01 17:06:47,Chat,Technical Support,59,Escalated,1
CALL01318,CUST01563,AG003,2025-06-22 08:21:10,Phone,Complaint,13,Follow-up Required,3
CALL01319,CUST01029,AG002,2026-05-25 17:23:02,Chat,Billing,56,Follow-up Required,4
CALL01320,CUST02000,AG005,2025-02-05 09:19:05,Email,Cancellation,44,Follow-up Required,4
CALL01321,CUST00102,AG009,2026-02-10 13:04:38,Phone,Complaint,54,Resolved,5
CALL01322,CUST00926,AG001,2025-12-07 14:07:52,Phone,Technical Support,38,No Response,4
CALL01323,CUST01446,AG001,2025-10-10 08:08:59,Chat,Complaint,22,Follow-up Required,5
CALL01324,CUST00175,AG009,2026-04-05 14:26:38,Email,Cancellation,29,Escalated,5
CALL01325,CUST01336,AG004,2025-10-28 16:20:26,Phone,Billing,45,No Response,4
CALL01326,CUST00278,AG006,2025-02-10 01:36:23,Email,Product Query,28,Escalated,2
CALL01327,CUST01204,AG008,2025-09-19 18:14:34,Email,Cancellation,57,Escalated,4
CALL01328,CUST01816,AG007,2026-07-11 12:00:00,Phone,Product Query,33,Follow-up Required,1
CALL01329,CUST00487,AG010,2025-01-21 14:54:24,Email,Cancellation,4,Follow-up Required,2
CALL01330,CUST00392,AG002,2025-02-05 16:00:24,Phone,Product Query,5,Follow-up Required,3
CALL01331,CUST01225,AG009,2026-04-07 08:29:48,Chat,Product Query,27,Follow-up Required,2
CALL01332,CUST00727,AG005,2025-03-06 20:06:52,Phone,Complaint,2,Resolved,2
CALL01333,CUST01585,AG002,2026-07-24 22:58:02,Phone,Billing,23,Resolved,1
CALL01334,CUST00267,AG005,2025-11-19 22:15:05,Chat,Product Query,16,No Response,5
CALL01335,CUST01580,AG006,2026-03-06 10:09:40,Phone,Billing,51,Follow-up Required,3
CALL01336,CUST01638,AG001,2026-02-21 22:41:20,Email,Product Query,53,Follow-up Required,3
CALL01337,CUST01499,AG005,2026-06-20 15:18:04,Phone,Technical Support,35,Resolved,5
CALL01338,CUST00603,AG001,2026-08-19 07:48:09,Phone,Cancellation,49,Escalated,4
CALL01339,CUST01450,AG007,2026-06-04 09:38:08,Email,Product Query,60,No Response,4
CALL01340,CUST00745,AG007,2026-02-08 18:14:05,Chat,Technical Support,57,No Response,3
CALL01341,CUST00856,AG002,2025-07-31 18:17:46,Phone,Billing,4,No Response,3
CALL01342,CUST01485,AG006,2025-07-12 09:11:58,Email,Product Query,27,Escalated,3
CALL01343,CUST01853,AG003,2025-08-05 07:57:53,Email,Cancellation,19,No Response,2
CALL01344,CUST01195,AG007,2026-08-02 03:48:08,Phone,Cancellation,16,Resolved,5
CALL01345,CUST01953,AG003,2025-01-25 17:48:13,Email,Product Query,34,Resolved,3
CALL01346,CUST01191,AG009,2025-02-24 13:27:25,Email,Product Query,4,No Response,3
CALL01347,CUST01673,AG006,2025-11-28 19:18:02,Chat,Billing,14,Follow-up Required,2
CALL01348,CUST00102,AG010,2025-01-27 15:17:16,Chat,Product Query,13,Follow-up Required,2
CALL01349,CUST00395,AG001,2026-02-11 12:34:54,Email,Cancellation,59,Escalated,5
CALL01350,CUST00437,AG009,2025-01-02 10:44:18,Phone,Product Query,56,Resolved,4
CALL01351,CUST00640,AG001,2026-02-02 16:35:44,Email,Technical Support,42,Resolved,4
CALL01352,CUST00552,AG001,2025-11-12 03:29:33,Phone,Complaint,27,Escalated,4
CALL01353,CUST01398,AG002,2026-02-03 01:55:22,Chat,Product Query,37,Follow-up Required,2
CALL01354,CUST01990,AG004,2025-11-18 00:47:57,Email,Technical Support,40,No Response,1
CALL01355,CUST00347,AG009,2025-08-25 14:11:58,Chat,Technical Support,9,No Response,3
CALL01356,CUST00450,AG008,2025-02-16 08:01:41,Email,Cancellation,13,Follow-up Required,4
CALL01357,CUST01854,AG001,2025-12-22 02:52:28,Phone,Complaint,48,Resolved,1
CALL01358,CUST00747,AG010,2025-04-16 17:42:16,Phone,Complaint,56,Resolved,1
CALL01359,CUST01397,AG003,2026-06-13 08:08:40,Phone,Cancellation,59,Resolved,1
CALL01360,CUST00386,AG010,2026-03-18 22:33:24,Email,Product Query,16,No Response,1
CALL01361,CUST01800,AG003,2026-07-19 13:05:26,Phone,Complaint,49,Resolved,3
CALL01362,CUST00948,AG007,2025-11-13 23:35:30,Phone,Complaint,41,Follow-up Required,3
CALL01363,CUST01746,AG007,2026-07-04 14:18:32,Chat,Cancellation,34,Follow-up Required,3
CALL01364,CUST00001,AG009,2026-04-10 02:15:30,Chat,Billing,10,Follow-up Required,1
CALL01365,CUST01089,AG007,2026-05-11 14:35:34,Email,Cancellation,42,No Response,1
CALL01366,CUST01608,AG002,2025-04-30 12:31:54,Chat,Product Query,7,Escalated,4
CALL01367,CUST00285,AG010,2026-04-10 09:48:27,Phone,Cancellation,32,No Response,2
CALL01368,CUST01766,AG004,2025-12-07 18:39:56,Phone,Complaint,21,Follow-up Required,1
CALL01369,CUST01566,AG010,2026-04-14 15:38:48,Chat,Technical Support,3,Escalated,2
CALL01370,CUST00981,AG001,2025-05-23 19:19:24,Chat,Complaint,23,Escalated,2
CALL01371,CUST01826,AG010,2025-06-02 15:20:36,Chat,Product Query,53,No Response,2
CALL01372,CUST01691,AG003,2026-07-27 07:30:15,Chat,Complaint,47,Escalated,1
CALL01373,CUST00361,AG010,2025-09-01 07:39:37,Chat,Complaint,15,Resolved,2
CALL01374,CUST00010,AG008,2026-07-05 21:06:13,Chat,Complaint,45,Follow-up Required,1
CALL01375,CUST00482,AG010,2025-05-13 12:28:09,Chat,Complaint,19,No Response,3
CALL01376,CUST00875,AG002,2025-07-14 06:38:22,Phone,Technical Support,25,Follow-up Required,3
CALL01377,CUST01367,AG008,2025-04-03 08:16:01,Email,Cancellation,55,Escalated,4
CALL01378,CUST00341,AG008,2025-09-08 11:14:19,Chat,Product Query,31,No Response,4
CALL01379,CUST00595,AG010,2025-03-29 21:57:32,Email,Complaint,45,Resolved,2
CALL01380,CUST00781,AG008,2025-03-28 09:51:10,Email,Technical Support,60,Resolved,5
CALL01381,CUST01051,AG001,2025-04-16 02:57:07,Email,Cancellation,34,Escalated,5
CALL01382,CUST00845,AG009,2025-08-01 20:14:18,Chat,Billing,30,Resolved,3
CALL01383,CUST00859,AG003,2026-01-12 09:49:44,Email,Cancellation,16,No Response,3
CALL01384,CUST01358,AG010,2025-08-14 18:33:11,Phone,Billing,37,Resolved,3
CALL01385,CUST01334,AG008,2025-04-17 20:08:11,Chat,Billing,50,No Response,4
CALL01386,CUST01605,AG008,2026-07-23 10:10:02,Email,Billing,58,Follow-up Required,1
CALL01387,CUST01907,AG007,2025-04-20 15:17:17,Phone,Cancellation,33,No Response,3
CALL01388,CUST01884,AG007,2026-01-15 08:34:24,Chat,Product Query,16,Escalated,3
CALL01389,CUST01716,AG006,2025-08-29 00:26:34,Phone,Complaint,33,Escalated,5
CALL01390,CUST00600,AG008,2025-02-03 04:24:27,Phone,Billing,60,Follow-up Required,5
CALL01391,CUST01354,AG010,2026-04-19 02:32:59,Email,Complaint,12,Escalated,3
CALL01392,CUST01379,AG002,2025-03-04 11:51:29,Chat,Billing,37,No Response,3
CALL01393,CUST01358,AG009,2025-03-21 14:20:09,Email,Complaint,27,Follow-up Required,4
CALL01394,CUST01675,AG008,2025-01-28 23:25:18,Chat,Product Query,45,Escalated,1
CALL01395,CUST01560,AG006,2025-04-04 11:58:59,Phone,Technical Support,22,No Response,3
CALL01396,CUST00801,AG010,2025-07-07 09:30:02,Email,Complaint,29,Escalated,3
CALL01397,CUST00444,AG010,2025-02-14 23:22:47,Phone,Billing,18,Resolved,5
CALL01398,CUST01122,AG005,2025-04-18 19:00:28,Email,Product Query,58,Resolved,4
CALL01399,CUST01184,AG001,2025-02-07 23:26:13,Chat,Product Query,29,Escalated,4
CALL01400,CUST01374,AG001,2025-05-12 19:34:13,Email,Cancellation,55,Resolved,1
CALL01401,CUST00110,AG007,2025-04-08 20:21:31,Phone,Billing,51,No Response,5
CALL01402,CUST00158,AG004,2025-06-18 09:32:35,Chat,Billing,31,Escalated,4
CALL01403,CUST01457,AG003,2026-04-20 06:24:33,Phone,Cancellation,19,No Response,1
CALL01404,CUST01244,AG001,2025-03-12 12:24:22,Phone,Billing,34,Follow-up Required,4
CALL01405,CUST01455,AG003,2026-08-11 04:41:05,Email,Technical Support,15,No Response,3
CALL01406,CUST01086,AG007,2025-11-01 17:31:55,Chat,Technical Support,30,Resolved,1
CALL01407,CUST01647,AG008,2025-05-03 03:39:35,Chat,Product Query,53,Resolved,3
CALL01408,CUST00618,AG009,2025-04-07 09:51:04,Chat,Complaint,41,Follow-up Required,5
CALL01409,CUST01055,AG007,2025-04-19 11:57:34,Phone,Complaint,47,Resolved,2
CALL01410,CUST01990,AG001,2026-04-02 12:45:45,Chat,Complaint,33,Escalated,2
CALL01411,CUST01951,AG008,2025-04-09 13:28:49,Phone,Billing,34,Resolved,2
CALL01412,CUST00164,AG005,2025-11-26 00:39:08,Chat,Product Query,36,No Response,4
CALL01413,CUST00253,AG002,2025-01-27 02:25:28,Chat,Technical Support,41,Escalated,5
CALL01414,CUST01902,AG007,2025-09-21 22:31:21,Phone,Cancellation,17,Escalated,4
CALL01415,CUST01155,AG010,2026-05-17 02:22:56,Phone,Product Query,6,Follow-up Required,2
CALL01416,CUST01276,AG010,2026-04-23 21:07:36,Email,Cancellation,14,No Response,3
CALL01417,CUST00026,AG008,2025-11-01 00:05:52,Chat,Cancellation,45,Escalated,3
CALL01418,CUST00119,AG003,2025-06-04 13:36:26,Email,Complaint,58,Escalated,4
CALL01419,CUST01392,AG005,2025-07-16 19:07:35,Chat,Billing,54,No Response,3
CALL01420,CUST00362,AG006,2025-07-15 09:35:57,Chat,Product Query,57,Escalated,4
CALL01421,CUST01560,AG005,2025-05-05 18:57:03,Chat,Product Query,29,Follow-up Required,3
CALL01422,CUST01564,AG001,2026-01-31 00:36:36,Phone,Product Query,18,Resolved,1
CALL01423,CUST01912,AG006,2025-04-15 01:25:53,Email,Billing,51,Resolved,5
CALL01424,CUST00393,AG004,2026-07-30 06:13:53,Chat,Product Query,25,Resolved,2
CALL01425,CUST00758,AG004,2025-03-07 14:03:31,Phone,Cancellation,35,Resolved,5
CALL01426,CUST00094,AG004,2026-01-08 01:19:09,Phone,Billing,56,Follow-up Required,3
CALL01427,CUST01074,AG008,2026-02-02 01:28:32,Chat,Billing,3,No Response,3
CALL01428,CUST01095,AG002,2026-01-27 02:08:46,Phone,Product Query,47,Follow-up Required,5
CALL01429,CUST00203,AG006,2026-01-29 01:46:26,Phone,Cancellation,1,No Response,2
CALL01430,CUST01998,AG002,2025-09-26 00:55:05,Chat,Technical Support,36,Resolved,1
CALL01431,CUST01159,AG010,2025-03-17 23:12:43,Phone,Billing,8,Escalated,1
CALL01432,CUST00759,AG004,2026-01-04 22:24:36,Email,Technical Support,46,No Response,5
CALL01433,CUST01590,AG010,2025-05-06 23:59:23,Chat,Complaint,58,Resolved,1
CALL01434,CUST00884,AG001,2025-05-02 05:43:43,Email,Billing,33,No Response,4
CALL01435,CUST01451,AG008,2026-05-03 16:49:03,Phone,Product Query,58,Escalated,3
CALL01436,CUST01548,AG010,2025-03-24 23:06:43,Chat,Billing,42,Resolved,1
CALL01437,CUST01645,AG002,2025-11-15 13:47:03,Phone,Billing,3,Follow-up Required,1
CALL01438,CUST01198,AG010,2025-08-06 09:30:53,Phone,Technical Support,22,Escalated,5
CALL01439,CUST00593,AG010,2025-04-16 22:42:14,Chat,Technical Support,23,Resolved,3
CALL01440,CUST00541,AG009,2026-07-23 15:59:13,Email,Product Query,57,No Response,3
CALL01441,CUST01975,AG008,2026-01-24 09:14:49,Phone,Cancellation,57,Resolved,2
CALL01442,CUST01096,AG001,2026-05-17 19:51:11,Phone,Product Query,47,Escalated,3
CALL01443,CUST01110,AG002,2025-07-24 14:36:20,Phone,Complaint,34,Escalated,1
CALL01444,CUST00921,AG004,2025-07-15 21:56:34,Email,Product Query,4,Escalated,5
CALL01445,CUST01134,AG008,2025-01-21 06:18:14,Email,Complaint,48,No Response,4
CALL01446,CUST00033,AG005,2026-03-30 23:16:39,Email,Cancellation,25,No Response,4
CALL01447,CUST01222,AG001,2026-07-31 07:05:17,Chat,Product Query,13,No Response,5
CALL01448,CUST00215,AG004,2026-05-17 00:15:06,Email,Product Query,51,Follow-up Required,5
CALL01449,CUST01108,AG009,2025-01-12 05:44:01,Email,Billing,7,Resolved,3
CALL01450,CUST01210,AG009,2025-07-27 04:09:24,Email,Technical Support,38,Resolved,5
CALL01451,CUST01892,AG009,2026-07-26 11:36:00,Chat,Product Query,20,No Response,2
CALL01452,CUST00298,AG007,2026-07-05 19:56:45,Email,Billing,50,Follow-up Required,5
CALL01453,CUST01755,AG002,2025-05-06 12:36:20,Phone,Product Query,42,Escalated,1
CALL01454,CUST01539,AG002,2025-08-29 01:14:53,Phone,Complaint,11,Escalated,2
CALL01455,CUST01530,AG010,2025-11-26 08:55:31,Email,Cancellation,56,No Response,1
CALL01456,CUST00983,AG001,2025-03-05 14:52:00,Chat,Technical Support,4,Escalated,5
CALL01457,CUST01685,AG008,2025-08-21 19:07:18,Email,Billing,47,Resolved,4
CALL01458,CUST00172,AG006,2026-03-28 07:58:58,Email,Cancellation,31,No Response,1
CALL01459,CUST00972,AG001,2026-03-24 15:10:05,Email,Product Query,25,Follow-up Required,3
CALL01460,CUST01904,AG009,2025-04-14 14:57:33,Phone,Technical Support,29,Escalated,2
CALL01461,CUST01184,AG010,2025-11-08 03:35:44,Phone,Billing,23,No Response,4
CALL01462,CUST01677,AG007,2025-05-03 21:45:04,Phone,Product Query,47,Follow-up Required,1
CALL01463,CUST01137,AG010,2026-03-20 11:28:48,Email,Cancellation,53,Follow-up Required,3
CALL01464,CUST01278,AG003,2026-01-26 16:45:18,Email,Product Query,51,No Response,4
CALL01465,CUST01425,AG010,2026-02-16 13:42:45,Chat,Billing,32,Escalated,1
CALL01466,CUST01492,AG006,2025-10-30 02:06:31,Chat,Cancellation,57,Follow-up Required,1
CALL01467,CUST00869,AG007,2025-08-10 02:09:24,Phone,Product Query,28,No Response,5
CALL01468,CUST01331,AG006,2025-02-17 08:00:33,Chat,Product Query,28,No Response,1
CALL01469,CUST00682,AG009,2026-03-24 23:14:45,Chat,Complaint,18,No Response,5
CALL01470,CUST00026,AG008,2026-04-23 00:37:52,Chat,Technical Support,49,Follow-up Required,2
CALL01471,CUST00205,AG009,2025-09-11 05:45:58,Phone,Complaint,42,Resolved,4
CALL01472,CUST01242,AG005,2025-01-13 02:42:08,Chat,Technical Support,35,Follow-up Required,4
CALL01473,CUST01181,AG010,2025-11-27 06:00:47,Phone,Product Query,10,No Response,5
CALL01474,CUST00490,AG008,2025-04-24 20:06:45,Chat,Technical Support,22,Resolved,3
CALL01475,CUST00886,AG004,2026-07-07 11:44:52,Email,Cancellation,24,Resolved,5
CALL01476,CUST01896,AG003,2026-01-09 01:15:56,Chat,Complaint,35,Resolved,3
CALL01477,CUST01628,AG008,2026-08-11 18:04:08,Phone,Billing,46,No Response,3
CALL01478,CUST00819,AG001,2026-04-04 13:36:12,Phone,Technical Support,11,Escalated,5
CALL01479,CUST01090,AG009,2026-06-09 17:31:18,Chat,Complaint,41,Follow-up Required,5
CALL01480,CUST01410,AG008,2025-09-29 13:23:03,Phone,Cancellation,35,Resolved,1
CALL01481,CUST01431,AG006,2026-07-17 20:46:35,Phone,Billing,8,Escalated,4
CALL01482,CUST00298,AG010,2025-09-27 12:10:57,Phone,Cancellation,13,No Response,5
CALL01483,CUST00561,AG003,2025-08-23 01:53:50,Phone,Complaint,22,Follow-up Required,3
CALL01484,CUST00947,AG010,2026-07-15 03:44:04,Email,Billing,34,Escalated,4
CALL01485,CUST01806,AG002,2025-08-01 16:01:22,Email,Complaint,24,No Response,3
CALL01486,CUST00209,AG008,2025-06-30 08:47:32,Chat,Cancellation,45,Resolved,5
CALL01487,CUST01447,AG003,2025-11-06 20:55:33,Email,Product Query,15,No Response,4
CALL01488,CUST00814,AG007,2025-11-23 18:52:24,Email,Billing,26,Follow-up Required,4
CALL01489,CUST00805,AG004,2025-11-19 23:55:22,Chat,Billing,13,Escalated,1
CALL01490,CUST01121,AG004,2026-01-20 06:14:57,Email,Product Query,14,No Response,1
CALL01491,CUST00396,AG003,2025-10-01 12:38:09,Email,Cancellation,31,Escalated,4
CALL01492,CUST01265,AG010,2026-07-07 20:16:49,Email,Billing,13,Follow-up Required,1
CALL01493,CUST00986,AG006,2026-06-18 12:48:43,Chat,Complaint,21,No Response,3
CALL01494,CUST00791,AG005,2026-04-01 15:19:57,Chat,Billing,40,No Response,5
CALL01495,CUST00294,AG003,2025-08-02 04:59:13,Phone,Billing,37,Escalated,2
CALL01496,CUST00318,AG008,2025-03-12 13:23:39,Chat,Product Query,44,Resolved,1
CALL01497,CUST00408,AG003,2025-01-02 21:06:56,Chat,Billing,39,Follow-up Required,3
CALL01498,CUST01320,AG006,2026-04-02 03:50:53,Email,Technical Support,57,Escalated,1
CALL01499,CUST00784,AG004,2025-04-05 07:38:39,Email,Cancellation,58,Resolved,5
CALL01500,CUST00024,AG009,2026-01-06 13:35:37,Chat,Product Query,25,Follow-up Required,4
CALL01501,CUST01748,AG004,2025-09-21 07:51:01,Email,Complaint,36,Resolved,5
CALL01502,CUST01618,AG007,2026-04-07 14:18:32,Email,Billing,6,Follow-up Required,3
CALL01503,CUST01402,AG002,2026-05-25 05:05:04,Phone,Technical Support,50,Follow-up Required,5
CALL01504,CUST01351,AG004,2025-02-28 09:05:29,Phone,Technical Support,36,Follow-up Required,4
CALL01505,CUST01308,AG006,2025-10-15 21:03:52,Phone,Product Query,55,Escalated,4
CALL01506,CUST01549,AG010,2026-07-03 16:37:59,Phone,Complaint,8,Follow-up Required,2
CALL01507,CUST01853,AG005,2025-08-16 14:16:11,Phone,Billing,26,Escalated,5
CALL01508,CUST01948,AG002,2026-04-18 23:42:23,Phone,Technical Support,32,Follow-up Required,5
CALL01509,CUST00578,AG009,2026-03-18 22:09:05,Email,Product Query,11,Resolved,1
CALL01510,CUST00655,AG003,2026-05-21 05:08:47,Chat,Complaint,18,No Response,4
CALL01511,CUST00334,AG003,2025-02-13 13:27:05,Email,Billing,17,No Response,3
CALL01512,CUST01066,AG004,2026-06-10 00:30:50,Email,Product Query,40,Follow-up Required,2
CALL01513,CUST00829,AG009,2025-01-09 17:40:29,Phone,Billing,42,No Response,2
CALL01514,CUST01266,AG004,2025-02-27 03:26:27,Phone,Billing,39,Resolved,2
CALL01515,CUST01238,AG010,2025-04-18 12:44:16,Phone,Technical Support,20,Follow-up Required,1
CALL01516,CUST01172,AG009,2026-04-21 16:01:31,Chat,Billing,8,Resolved,2
CALL01517,CUST00032,AG009,2025-03-29 22:33:56,Email,Technical Support,8,Follow-up Required,4
CALL01518,CUST01268,AG005,2026-02-22 06:32:49,Chat,Cancellation,48,Resolved,2
CALL01519,CUST00291,AG009,2025-06-23 20:59:48,Email,Complaint,9,Resolved,1
CALL01520,CUST01884,AG009,2026-02-10 14:04:48,Phone,Technical Support,51,Escalated,1
CALL01521,CUST00074,AG004,2026-02-20 02:50:10,Chat,Cancellation,21,Escalated,5
CALL01522,CUST00968,AG004,2025-08-16 22:32:15,Email,Cancellation,38,Follow-up Required,2
CALL01523,CUST00790,AG002,2026-07-29 04:06:50,Email,Billing,9,Follow-up Required,5
CALL01524,CUST01724,AG004,2025-06-07 04:47:49,Chat,Billing,50,Escalated,2
CALL01525,CUST00019,AG005,2025-02-18 07:21:52,Phone,Cancellation,56,Escalated,2
CALL01526,CUST01263,AG008,2025-12-29 21:57:20,Phone,Product Query,57,Follow-up Required,3
CALL01527,CUST01648,AG006,2025-02-02 15:19:25,Email,Product Query,1,No Response,1
CALL01528,CUST01566,AG003,2025-06-20 08:05:41,Phone,Technical Support,55,Resolved,1
CALL01529,CUST00585,AG003,2025-11-02 18:41:45,Phone,Billing,14,Escalated,4
CALL01530,CUST00656,AG002,2026-07-01 15:06:58,Phone,Complaint,35,Resolved,2
CALL01531,CUST00425,AG003,2026-02-25 23:08:32,Email,Product Query,56,Escalated,5
CALL01532,CUST00659,AG002,2025-12-29 13:37:49,Chat,Complaint,39,Escalated,2
CALL01533,CUST00851,AG008,2025-11-13 12:18:38,Email,Technical Support,49,Escalated,4
CALL01534,CUST01871,AG003,2025-08-02 21:18:36,Chat,Product Query,15,Resolved,2
CALL01535,CUST01784,AG001,2026-05-09 13:41:42,Chat,Technical Support,56,Escalated,4
CALL01536,CUST01666,AG007,2025-01-13 15:50:25,Chat,Product Query,39,Resolved,2
CALL01537,CUST00808,AG006,2025-04-05 22:32:51,Email,Billing,53,Resolved,4
CALL01538,CUST01013,AG001,2025-04-06 11:52:08,Phone,Technical Support,1,Follow-up Required,2
CALL01539,CUST01011,AG007,2026-01-06 21:39:37,Chat,Complaint,26,Escalated,5
CALL01540,CUST00922,AG007,2025-06-23 07:58:33,Email,Product Query,50,Follow-up Required,3
CALL01541,CUST00396,AG010,2025-02-09 06:25:34,Email,Technical Support,6,Resolved,1
CALL01542,CUST00503,AG008,2025-04-07 14:06:43,Chat,Complaint,14,Escalated,4
CALL01543,CUST01161,AG008,2026-01-29 07:50:27,Email,Technical Support,50,Follow-up Required,5
CALL01544,CUST00416,AG008,2025-11-22 01:24:51,Email,Cancellation,58,Follow-up Required,2
CALL01545,CUST00152,AG007,2025-11-17 03:11:33,Phone,Complaint,23,Resolved,4
CALL01546,CUST00452,AG007,2026-03-06 20:18:50,Email,Product Query,10,Follow-up Required,2
CALL01547,CUST01821,AG007,2025-11-06 09:26:13,Chat,Cancellation,7,No Response,3
CALL01548,CUST01884,AG005,2026-06-11 20:50:31,Phone,Billing,50,Resolved,1
CALL01549,CUST00111,AG001,2025-12-06 10:12:51,Chat,Complaint,47,Escalated,2
CALL01550,CUST00534,AG010,2026-01-20 07:55:54,Email,Cancellation,40,Follow-up Required,4
CALL01551,CUST01608,AG010,2025-07-09 09:23:10,Email,Product Query,2,No Response,5
CALL01552,CUST00893,AG001,2025-12-11 15:56:28,Email,Complaint,22,No Response,2
CALL01553,CUST00425,AG008,2025-04-19 14:43:50,Phone,Billing,14,Escalated,1
CALL01554,CUST01364,AG008,2025-05-23 20:56:54,Phone,Technical Support,34,No Response,4
CALL01555,CUST01307,AG003,2026-07-26 19:28:06,Phone,Technical Support,40,Resolved,4
CALL01556,CUST01291,AG004,2026-06-05 18:13:26,Email,Complaint,53,No Response,2
CALL01557,CUST00772,AG008,2025-08-31 03:39:25,Chat,Complaint,15,Resolved,1
CALL01558,CUST01542,AG009,2025-07-08 07:19:40,Chat,Billing,35,Escalated,2
CALL01559,CUST00484,AG004,2026-01-04 01:40:19,Phone,Technical Support,4,Follow-up Required,3
CALL01560,CUST00759,AG007,2026-02-24 00:57:56,Email,Product Query,11,Resolved,1
CALL01561,CUST01801,AG005,2025-01-20 13:34:06,Phone,Cancellation,41,Escalated,3
CALL01562,CUST00665,AG002,2026-03-22 12:56:02,Chat,Billing,34,Follow-up Required,2
CALL01563,CUST00243,AG002,2025-01-22 22:16:57,Phone,Complaint,19,Follow-up Required,1
CALL01564,CUST01006,AG009,2025-01-27 16:12:37,Email,Product Query,29,Resolved,1
CALL01565,CUST01352,AG001,2025-10-09 23:40:09,Phone,Product Query,56,Follow-up Required,1
CALL01566,CUST01270,AG001,2026-01-23 20:38:03,Phone,Complaint,20,Resolved,4
CALL01567,CUST00516,AG003,2025-07-24 21:17:15,Chat,Billing,4,Escalated,2
CALL01568,CUST01990,AG009,2026-07-09 23:47:43,Phone,Billing,7,Resolved,2
CALL01569,CUST01480,AG008,2025-09-03 21:26:21,Chat,Technical Support,21,No Response,2
CALL01570,CUST01175,AG006,2026-02-18 10:00:45,Chat,Product Query,33,Resolved,1
CALL01571,CUST01482,AG007,2025-11-02 04:48:37,Phone,Complaint,54,Resolved,2
CALL01572,CUST01536,AG002,2025-10-12 03:04:07,Email,Complaint,34,Escalated,5
CALL01573,CUST01151,AG002,2025-06-24 00:51:02,Chat,Product Query,5,Resolved,3
CALL01574,CUST01850,AG006,2025-08-28 21:52:42,Email,Product Query,12,No Response,4
CALL01575,CUST00573,AG004,2025-08-10 16:58:20,Chat,Technical Support,53,Escalated,3
CALL01576,CUST00007,AG006,2025-03-31 08:01:49,Email,Product Query,9,Escalated,1
CALL01577,CUST01173,AG007,2026-03-22 18:42:25,Email,Complaint,51,Follow-up Required,4
CALL01578,CUST00509,AG004,2025-05-15 00:35:44,Phone,Billing,48,Follow-up Required,3
CALL01579,CUST01648,AG009,2025-01-02 11:40:58,Email,Product Query,8,No Response,2
CALL01580,CUST00007,AG009,2026-06-14 20:40:51,Phone,Product Query,34,No Response,1
CALL01581,CUST01572,AG002,2026-02-21 10:27:51,Email,Cancellation,34,Follow-up Required,4
CALL01582,CUST01807,AG002,2025-08-21 14:14:01,Email,Technical Support,7,Escalated,3
CALL01583,CUST01855,AG003,2026-03-17 21:23:53,Email,Complaint,8,No Response,4
CALL01584,CUST00775,AG002,2025-04-07 18:34:22,Phone,Cancellation,12,Follow-up Required,3
CALL01585,CUST01635,AG006,2025-08-03 15:09:00,Chat,Product Query,56,Escalated,4
CALL01586,CUST01161,AG003,2025-08-26 11:18:19,Phone,Technical Support,4,Resolved,4
CALL01587,CUST00046,AG007,2025-10-08 04:17:53,Chat,Product Query,60,Escalated,5
CALL01588,CUST00967,AG009,2025-09-19 02:27:04,Email,Billing,37,Resolved,5
CALL01589,CUST01434,AG002,2025-09-11 11:44:15,Phone,Cancellation,21,Escalated,5
CALL01590,CUST01507,AG002,2025-07-22 06:17:04,Phone,Product Query,19,Follow-up Required,5
CALL01591,CUST00758,AG002,2025-08-27 08:26:03,Chat,Technical Support,58,Escalated,5
CALL01592,CUST00737,AG009,2025-01-11 02:05:42,Phone,Billing,26,Escalated,2
CALL01593,CUST01294,AG010,2025-01-09 00:44:41,Phone,Technical Support,17,Follow-up Required,4
CALL01594,CUST00025,AG008,2025-08-07 21:31:30,Email,Product Query,56,No Response,3
CALL01595,CUST01702,AG007,2026-02-07 01:22:02,Email,Complaint,37,No Response,2
CALL01596,CUST00718,AG007,2026-06-19 11:42:45,Phone,Technical Support,45,No Response,1
CALL01597,CUST01169,AG003,2026-06-24 02:58:09,Phone,Complaint,15,Escalated,1
CALL01598,CUST00941,AG005,2025-06-13 18:54:36,Email,Complaint,59,Follow-up Required,5
CALL01599,CUST00800,AG010,2025-11-22 06:04:20,Email,Cancellation,2,No Response,4
CALL01600,CUST00811,AG004,2025-08-04 22:47:53,Chat,Complaint,58,Escalated,5
CALL01601,CUST01555,AG001,2025-02-08 01:22:29,Email,Product Query,22,No Response,3
CALL01602,CUST00547,AG003,2026-03-03 12:22:49,Email,Billing,1,Escalated,1
CALL01603,CUST01901,AG006,2025-01-27 22:58:25,Chat,Complaint,27,Follow-up Required,3
CALL01604,CUST00194,AG007,2025-04-03 20:42:47,Email,Technical Support,25,No Response,5
CALL01605,CUST00840,AG005,2026-05-29 23:55:12,Phone,Complaint,12,Escalated,4
CALL01606,CUST00057,AG005,2026-05-17 08:51:18,Phone,Technical Support,52,Escalated,2
CALL01607,CUST00789,AG007,2025-12-20 17:42:12,Email,Product Query,32,Resolved,4
CALL01608,CUST01823,AG003,2025-11-22 00:20:33,Phone,Technical Support,2,Escalated,4
CALL01609,CUST01122,AG008,2026-03-16 12:04:31,Email,Billing,56,Escalated,2
CALL01610,CUST00132,AG004,2025-11-14 23:52:41,Email,Cancellation,29,Escalated,3
CALL01611,CUST01364,AG002,2026-03-18 12:21:12,Email,Complaint,49,Follow-up Required,5
CALL01612,CUST00795,AG002,2025-03-18 02:29:18,Chat,Billing,7,Escalated,3
CALL01613,CUST00246,AG004,2026-08-08 20:45:34,Chat,Cancellation,25,No Response,5
CALL01614,CUST00157,AG001,2025-02-10 06:12:44,Phone,Product Query,42,Escalated,4
CALL01615,CUST00880,AG002,2026-03-15 21:20:37,Email,Cancellation,26,Escalated,1
CALL01616,CUST00223,AG005,2026-05-21 11:49:26,Phone,Product Query,2,No Response,3
CALL01617,CUST01301,AG010,2025-01-19 03:33:36,Email,Product Query,53,Escalated,3
CALL01618,CUST01295,AG010,2025-05-12 20:04:25,Phone,Billing,37,No Response,4
CALL01619,CUST01761,AG008,2025-06-14 20:20:34,Chat,Product Query,35,Follow-up Required,5
CALL01620,CUST01848,AG010,2025-09-17 18:28:00,Chat,Product Query,11,Escalated,2
CALL01621,CUST01866,AG007,2025-04-11 10:15:19,Chat,Billing,26,Follow-up Required,4
CALL01622,CUST00697,AG002,2025-10-30 12:21:15,Phone,Cancellation,53,No Response,5
CALL01623,CUST00510,AG007,2026-07-25 09:16:35,Chat,Complaint,17,No Response,3
CALL01624,CUST01492,AG006,2025-01-15 04:48:05,Chat,Cancellation,11,Follow-up Required,1
CALL01625,CUST00850,AG009,2026-06-12 01:28:45,Phone,Technical Support,57,Escalated,5
CALL01626,CUST01562,AG004,2026-02-24 10:52:11,Email,Technical Support,22,No Response,2
CALL01627,CUST01655,AG009,2025-09-20 04:05:43,Phone,Cancellation,30,Escalated,4
CALL01628,CUST01281,AG007,2025-11-20 09:50:27,Chat,Billing,1,Resolved,4
CALL01629,CUST00943,AG008,2025-04-02 23:18:47,Email,Product Query,20,Resolved,4
CALL01630,CUST01738,AG001,2026-06-26 18:03:28,Chat,Product Query,56,Follow-up Required,4
CALL01631,CUST01017,AG010,2025-01-28 16:42:20,Chat,Technical Support,54,Escalated,3
CALL01632,CUST00374,AG006,2025-03-20 00:04:12,Email,Cancellation,60,Escalated,1
CALL01633,CUST00221,AG007,2026-02-25 23:59:38,Phone,Technical Support,41,No Response,4
CALL01634,CUST00151,AG005,2025-04-11 06:25:43,Phone,Complaint,45,No Response,3
CALL01635,CUST00211,AG002,2025-02-17 10:51:25,Chat,Product Query,54,Resolved,5
CALL01636,CUST00913,AG006,2025-06-04 02:03:53,Email,Billing,5,Escalated,2
CALL01637,CUST01180,AG007,2025-12-06 05:17:39,Chat,Complaint,19,Escalated,1
CALL01638,CUST01069,AG002,2025-07-01 17:41:15,Phone,Cancellation,6,Escalated,1
CALL01639,CUST00731,AG004,2026-05-17 16:35:39,Chat,Cancellation,59,Resolved,4
CALL01640,CUST00745,AG007,2026-07-16 20:37:12,Chat,Technical Support,36,Escalated,1
CALL01641,CUST01047,AG003,2025-09-06 19:02:10,Phone,Technical Support,53,No Response,4
CALL01642,CUST01844,AG003,2025-12-05 09:01:46,Email,Product Query,37,Follow-up Required,2
CALL01643,CUST01452,AG002,2025-12-24 13:17:20,Phone,Technical Support,39,Escalated,1
CALL01644,CUST00247,AG006,2025-06-11 03:50:11,Phone,Billing,41,Escalated,2
CALL01645,CUST00551,AG002,2025-10-14 20:48:20,Email,Billing,59,Resolved,5
CALL01646,CUST01866,AG009,2025-05-09 02:00:12,Phone,Cancellation,53,Follow-up Required,1
CALL01647,CUST01727,AG002,2026-07-30 22:06:19,Email,Billing,27,Escalated,5
CALL01648,CUST00846,AG001,2025-11-08 04:01:00,Phone,Billing,38,No Response,5
CALL01649,CUST00513,AG010,2025-09-09 11:54:00,Phone,Cancellation,31,Escalated,1
CALL01650,CUST01667,AG004,2025-04-30 21:14:15,Phone,Technical Support,11,Escalated,2
CALL01651,CUST01662,AG002,2025-03-28 17:01:36,Email,Product Query,36,No Response,4
CALL01652,CUST00756,AG006,2025-02-17 21:19:34,Chat,Technical Support,23,Follow-up Required,3
CALL01653,CUST00184,AG002,2025-06-29 04:10:41,Phone,Billing,47,No Response,2
CALL01654,CUST01017,AG005,2026-01-07 20:55:08,Email,Technical Support,53,Resolved,3
CALL01655,CUST01237,AG007,2026-07-12 06:51:03,Email,Product Query,43,No Response,2
CALL01656,CUST01377,AG005,2026-02-03 07:53:16,Email,Billing,11,Resolved,1
CALL01657,CUST01814,AG010,2025-04-07 12:02:33,Chat,Product Query,56,No Response,1
CALL01658,CUST00948,AG008,2025-02-14 04:53:00,Chat,Billing,20,No Response,5
CALL01659,CUST01822,AG007,2025-11-04 08:26:27,Phone,Technical Support,29,No Response,4
CALL01660,CUST01749,AG007,2025-10-29 06:46:59,Chat,Billing,38,Resolved,5
CALL01661,CUST00089,AG007,2025-02-14 00:51:23,Phone,Technical Support,35,No Response,5
CALL01662,CUST01075,AG005,2025-12-07 18:41:45,Email,Complaint,47,Escalated,1
CALL01663,CUST00296,AG002,2025-03-05 10:50:47,Chat,Product Query,25,No Response,3
CALL01664,CUST00037,AG003,2026-01-14 15:16:02,Chat,Product Query,40,Escalated,2
CALL01665,CUST00080,AG004,2026-08-10 15:33:11,Chat,Complaint,48,Follow-up Required,2
CALL01666,CUST01598,AG003,2025-01-05 21:05:32,Chat,Cancellation,32,Resolved,2
CALL01667,CUST01729,AG003,2025-06-14 04:09:19,Phone,Product Query,44,No Response,1
CALL01668,CUST00989,AG008,2026-04-19 05:45:28,Phone,Complaint,52,Escalated,3
CALL01669,CUST01968,AG010,2026-03-13 10:00:11,Phone,Complaint,58,Resolved,1
CALL01670,CUST01347,AG005,2025-11-12 00:01:44,Chat,Technical Support,32,Escalated,1
CALL01671,CUST00094,AG005,2026-07-11 08:47:54,Email,Complaint,59,Escalated,2
CALL01672,CUST00648,AG004,2025-09-03 20:59:31,Email,Product Query,28,Follow-up Required,4
CALL01673,CUST01323,AG007,2026-02-01 11:25:28,Chat,Technical Support,34,Follow-up Required,3
CALL01674,CUST01398,AG007,2025-09-19 20:56:11,Email,Cancellation,9,No Response,5
CALL01675,CUST01427,AG001,2026-08-01 08:16:43,Phone,Cancellation,3,Resolved,5
CALL01676,CUST01445,AG006,2025-09-28 00:20:56,Email,Cancellation,28,No Response,2
CALL01677,CUST01243,AG005,2025-03-09 17:35:33,Phone,Complaint,36,Escalated,5
CALL01678,CUST01998,AG005,2026-05-23 05:24:19,Phone,Billing,30,Resolved,2
CALL01679,CUST01195,AG006,2025-09-01 15:30:50,Chat,Billing,39,No Response,1
CALL01680,CUST00730,AG002,2026-02-14 21:24:18,Phone,Cancellation,18,Follow-up Required,5
CALL01681,CUST00377,AG008,2025-08-30 14:40:57,Phone,Complaint,5,Escalated,2
CALL01682,CUST00440,AG010,2025-06-20 11:10:15,Phone,Product Query,43,No Response,2
CALL01683,CUST00867,AG002,2025-05-29 03:43:31,Chat,Technical Support,11,No Response,4
CALL01684,CUST00964,AG009,2025-01-08 11:19:31,Email,Complaint,20,Follow-up Required,5
CALL01685,CUST00198,AG006,2025-02-24 02:27:34,Chat,Product Query,53,Escalated,4
CALL01686,CUST01384,AG009,2025-08-13 11:42:35,Chat,Cancellation,1,Resolved,1
CALL01687,CUST00791,AG002,2026-04-08 01:54:35,Phone,Technical Support,26,Resolved,2
CALL01688,CUST00964,AG002,2025-04-24 00:35:21,Chat,Billing,39,No Response,3
CALL01689,CUST01375,AG001,2026-02-20 09:23:41,Email,Technical Support,56,No Response,5
CALL01690,CUST01724,AG006,2025-12-28 16:55:17,Email,Cancellation,21,No Response,1
CALL01691,CUST01132,AG005,2026-02-15 13:07:38,Phone,Complaint,20,Escalated,3
CALL01692,CUST01927,AG010,2026-01-17 22:27:01,Chat,Complaint,13,Follow-up Required,5
CALL01693,CUST01417,AG006,2026-05-23 19:52:43,Chat,Cancellation,59,No Response,3
CALL01694,CUST01960,AG010,2025-07-12 06:52:48,Phone,Complaint,14,Resolved,2
CALL01695,CUST00830,AG003,2026-02-03 22:49:20,Chat,Cancellation,41,Resolved,5
CALL01696,CUST00252,AG001,2026-05-30 08:37:24,Chat,Product Query,53,Escalated,1
CALL01697,CUST00488,AG009,2026-01-29 16:22:42,Phone,Technical Support,45,Resolved,2
CALL01698,CUST00488,AG001,2026-08-09 09:01:38,Chat,Billing,32,Escalated,1
CALL01699,CUST00672,AG009,2026-05-06 01:50:39,Phone,Complaint,36,Follow-up Required,4
CALL01700,CUST00590,AG006,2025-10-08 01:48:48,Email,Cancellation,21,Escalated,5
CALL01701,CUST01001,AG006,2026-04-06 12:07:36,Phone,Product Query,33,Escalated,5
CALL01702,CUST01858,AG003,2025-10-09 14:09:31,Email,Product Query,46,Resolved,1
CALL01703,CUST00223,AG003,2026-06-26 13:30:38,Chat,Cancellation,44,Follow-up Required,5
CALL01704,CUST01563,AG003,2025-02-16 17:18:14,Email,Technical Support,10,Escalated,3
CALL01705,CUST01136,AG008,2026-08-15 04:05:45,Phone,Cancellation,13,Resolved,1
CALL01706,CUST00243,AG005,2026-06-08 12:28:30,Chat,Cancellation,44,Follow-up Required,1
CALL01707,CUST01599,AG002,2025-06-28 08:07:42,Phone,Complaint,30,Follow-up Required,1
CALL01708,CUST00877,AG001,2025-03-27 09:36:23,Chat,Technical Support,27,No Response,3
CALL01709,CUST01332,AG008,2025-12-12 14:01:47,Chat,Billing,58,Resolved,4
CALL01710,CUST01859,AG007,2026-01-10 13:45:39,Phone,Complaint,10,Escalated,3
CALL01711,CUST00300,AG004,2025-08-10 11:27:50,Email,Billing,54,No Response,1
CALL01712,CUST00413,AG004,2026-01-20 14:06:42,Email,Complaint,33,No Response,2
CALL01713,CUST00368,AG009,2025-11-15 12:36:16,Phone,Technical Support,56,Resolved,4
CALL01714,CUST01108,AG001,2025-07-25 20:53:50,Phone,Product Query,30,No Response,3
CALL01715,CUST01957,AG010,2025-10-13 22:46:36,Chat,Billing,49,No Response,5
CALL01716,CUST01379,AG009,2025-03-01 03:51:56,Phone,Billing,14,Escalated,4
CALL01717,CUST01171,AG002,2025-11-21 03:24:14,Email,Product Query,48,Escalated,1
CALL01718,CUST00130,AG006,2026-01-26 00:48:06,Email,Cancellation,13,Escalated,4
CALL01719,CUST00670,AG006,2026-07-29 22:40:05,Phone,Cancellation,56,Escalated,1
CALL01720,CUST00864,AG010,2025-07-23 19:12:47,Phone,Complaint,35,No Response,1
CALL01721,CUST00979,AG006,2025-02-22 09:46:20,Chat,Product Query,46,Follow-up Required,3
CALL01722,CUST01837,AG001,2025-04-02 03:12:00,Phone,Product Query,55,Resolved,5
CALL01723,CUST00704,AG003,2026-06-08 22:15:17,Phone,Complaint,6,Follow-up Required,5
CALL01724,CUST00024,AG006,2026-06-29 17:04:13,Chat,Product Query,21,Escalated,4
CALL01725,CUST00845,AG004,2026-04-14 00:19:17,Email,Billing,35,Follow-up Required,3
CALL01726,CUST01267,AG005,2025-10-18 00:04:46,Chat,Cancellation,1,Escalated,4
CALL01727,CUST00766,AG010,2026-08-09 12:34:16,Phone,Product Query,3,Resolved,5
CALL01728,CUST01749,AG010,2026-02-22 11:01:12,Chat,Product Query,40,Resolved,5
CALL01729,CUST01599,AG003,2025-05-14 20:14:30,Chat,Product Query,11,Escalated,4
CALL01730,CUST00860,AG002,2025-06-29 03:41:43,Email,Cancellation,30,Follow-up Required,1
CALL01731,CUST01817,AG010,2026-07-18 07:51:06,Email,Technical Support,41,Follow-up Required,2
CALL01732,CUST00518,AG006,2025-03-30 07:03:54,Phone,Technical Support,47,Escalated,2
CALL01733,CUST01853,AG006,2026-03-05 12:44:05,Chat,Billing,56,Follow-up Required,2
CALL01734,CUST01454,AG002,2025-01-21 13:07:27,Chat,Cancellation,2,Follow-up Required,5
CALL01735,CUST00322,AG007,2026-02-21 09:05:29,Chat,Technical Support,1,Escalated,4
CALL01736,CUST00734,AG009,2025-07-25 08:57:38,Email,Complaint,3,Follow-up Required,3
CALL01737,CUST01325,AG002,2025-01-10 15:42:47,Email,Product Query,46,Follow-up Required,2
CALL01738,CUST00669,AG004,2025-01-30 21:50:35,Phone,Cancellation,5,Escalated,5
CALL01739,CUST01612,AG005,2025-04-22 01:26:21,Chat,Cancellation,28,No Response,2
CALL01740,CUST00521,AG005,2026-08-14 02:25:09,Phone,Billing,1,Resolved,4
CALL01741,CUST01832,AG003,2026-08-04 12:28:01,Chat,Cancellation,50,No Response,2
CALL01742,CUST01922,AG007,2025-05-20 01:17:37,Email,Cancellation,49,No Response,1
CALL01743,CUST00204,AG003,2025-06-28 19:52:30,Chat,Technical Support,39,No Response,3
CALL01744,CUST01491,AG003,2025-03-17 00:47:07,Email,Complaint,59,No Response,1
CALL01745,CUST01336,AG006,2025-10-26 00:17:27,Chat,Cancellation,36,Resolved,5
CALL01746,CUST00278,AG002,2026-05-05 10:49:14,Phone,Complaint,42,Resolved,2
CALL01747,CUST01314,AG009,2025-11-14 17:24:20,Email,Complaint,26,Follow-up Required,5
CALL01748,CUST00595,AG005,2026-04-22 07:11:46,Phone,Cancellation,59,No Response,4
CALL01749,CUST01621,AG010,2026-08-03 02:41:50,Phone,Technical Support,21,No Response,4
CALL01750,CUST01794,AG004,2026-08-18 00:50:21,Phone,Cancellation,15,Resolved,1
CALL01751,CUST00002,AG001,2025-07-17 19:31:23,Chat,Technical Support,31,No Response,2
CALL01752,CUST01660,AG004,2025-05-26 09:32:29,Chat,Billing,11,Escalated,1
CALL01753,CUST01963,AG007,2025-10-19 06:52:35,Email,Product Query,41,No Response,3
CALL01754,CUST00705,AG001,2025-01-29 16:50:10,Phone,Product Query,36,Resolved,2
CALL01755,CUST01964,AG005,2025-09-26 09:54:29,Chat,Billing,23,Escalated,1
CALL01756,CUST01419,AG008,2026-03-08 01:12:14,Phone,Technical Support,2,Escalated,2
CALL01757,CUST01135,AG009,2025-04-26 06:45:46,Email,Cancellation,30,Escalated,3
CALL01758,CUST00202,AG008,2026-04-27 13:16:15,Email,Complaint,32,No Response,3
CALL01759,CUST00996,AG003,2026-05-25 03:20:04,Chat,Billing,36,Escalated,4
CALL01760,CUST00298,AG008,2025-07-28 14:25:51,Chat,Technical Support,3,No Response,5
CALL01761,CUST00578,AG008,2025-07-03 12:24:49,Phone,Product Query,1,Escalated,2
CALL01762,CUST01802,AG005,2026-07-12 18:59:35,Email,Technical Support,47,Escalated,5
CALL01763,CUST00224,AG007,2026-05-02 23:06:10,Email,Product Query,13,No Response,2
CALL01764,CUST01087,AG005,2026-04-05 23:53:54,Email,Complaint,54,Follow-up Required,3
CALL01765,CUST01959,AG005,2025-07-20 22:57:17,Chat,Complaint,12,Escalated,5
CALL01766,CUST00273,AG007,2025-09-02 06:44:31,Email,Billing,22,Escalated,1
CALL01767,CUST00380,AG010,2026-02-18 23:36:35,Email,Complaint,53,Resolved,1
CALL01768,CUST00982,AG010,2026-03-05 23:42:58,Chat,Billing,8,No Response,3
CALL01769,CUST00995,AG001,2025-05-26 08:41:20,Chat,Cancellation,54,Resolved,4
CALL01770,CUST00928,AG003,2025-01-01 13:41:41,Chat,Complaint,2,Escalated,1
CALL01771,CUST00446,AG009,2025-02-03 11:46:57,Phone,Billing,11,Escalated,4
CALL01772,CUST01994,AG008,2025-07-22 08:44:12,Phone,Complaint,18,Escalated,1
CALL01773,CUST00215,AG008,2025-10-06 00:04:37,Chat,Complaint,42,Resolved,3
CALL01774,CUST00030,AG007,2025-04-12 07:31:37,Phone,Complaint,36,No Response,2
CALL01775,CUST00490,AG005,2025-01-19 09:02:20,Phone,Technical Support,25,Escalated,1
CALL01776,CUST01480,AG007,2025-07-01 22:35:02,Email,Complaint,34,No Response,5
CALL01777,CUST00258,AG009,2026-06-04 13:59:52,Chat,Technical Support,33,Follow-up Required,5
CALL01778,CUST01513,AG001,2025-05-05 13:44:44,Chat,Technical Support,48,Escalated,2
CALL01779,CUST00789,AG001,2026-01-30 21:44:42,Email,Technical Support,25,Resolved,4
CALL01780,CUST01551,AG008,2026-03-03 03:43:04,Chat,Cancellation,56,Escalated,5
CALL01781,CUST00431,AG001,2026-01-06 08:56:07,Chat,Complaint,29,Escalated,4
CALL01782,CUST01556,AG005,2026-05-10 02:35:39,Chat,Technical Support,51,Escalated,4
CALL01783,CUST00004,AG002,2025-06-21 05:34:22,Email,Technical Support,42,Follow-up Required,4
CALL01784,CUST01420,AG004,2025-04-18 10:03:30,Phone,Billing,25,Escalated,3
CALL01785,CUST00047,AG002,2025-04-08 15:16:47,Chat,Technical Support,18,Follow-up Required,1
CALL01786,CUST00848,AG005,2025-09-06 16:56:39,Email,Technical Support,31,No Response,1
CALL01787,CUST01412,AG001,2025-11-08 22:46:54,Email,Complaint,2,No Response,3
CALL01788,CUST00099,AG009,2025-12-23 18:56:25,Email,Billing,21,Escalated,3
CALL01789,CUST01847,AG008,2026-06-11 12:03:43,Email,Complaint,31,Follow-up Required,4
CALL01790,CUST01936,AG007,2025-03-28 02:13:07,Phone,Cancellation,22,Resolved,1
CALL01791,CUST01381,AG008,2025-12-30 14:34:21,Email,Billing,6,No Response,2
CALL01792,CUST00485,AG001,2025-08-04 00:11:30,Phone,Product Query,36,Escalated,2
CALL01793,CUST01424,AG006,2026-02-16 12:07:52,Chat,Technical Support,58,Resolved,4
CALL01794,CUST00611,AG003,2025-04-27 12:03:57,Email,Product Query,27,No Response,3
CALL01795,CUST01326,AG009,2025-01-11 03:03:06,Phone,Complaint,21,Resolved,2
CALL01796,CUST00306,AG007,2025-12-02 00:07:50,Phone,Product Query,43,No Response,4
CALL01797,CUST01232,AG001,2025-07-01 07:40:16,Phone,Technical Support,2,Resolved,5
CALL01798,CUST00664,AG009,2026-06-22 14:55:49,Chat,Technical Support,54,Escalated,4
CALL01799,CUST01174,AG006,2026-03-12 07:02:45,Email,Billing,29,Follow-up Required,5
CALL01800,CUST00656,AG006,2025-10-03 20:31:32,Phone,Product Query,46,Resolved,3
CALL01801,CUST00545,AG002,2025-08-16 14:56:43,Phone,Billing,20,No Response,5
CALL01802,CUST00720,AG006,2026-02-04 22:45:07,Phone,Complaint,13,Resolved,4
CALL01803,CUST01752,AG004,2025-10-02 05:08:55,Email,Cancellation,42,Resolved,4
CALL01804,CUST00808,AG003,2026-03-06 07:31:34,Phone,Billing,18,Escalated,3
CALL01805,CUST01383,AG003,2026-03-12 22:16:26,Email,Technical Support,43,Follow-up Required,3
CALL01806,CUST01336,AG002,2026-08-14 10:19:05,Email,Complaint,42,Follow-up Required,4
CALL01807,CUST01204,AG009,2025-07-05 19:04:29,Phone,Technical Support,42,Resolved,5
CALL01808,CUST01942,AG005,2026-01-10 05:33:48,Phone,Complaint,48,No Response,4
CALL01809,CUST00089,AG003,2025-10-22 12:36:07,Chat,Complaint,24,No Response,2
CALL01810,CUST01045,AG006,2025-04-21 06:50:35,Phone,Product Query,59,Resolved,1
CALL01811,CUST01952,AG004,2025-05-18 11:49:54,Email,Product Query,52,Resolved,5
CALL01812,CUST01989,AG006,2025-01-07 04:46:12,Email,Product Query,28,Resolved,2
CALL01813,CUST00887,AG001,2025-06-28 14:27:10,Chat,Cancellation,3,Escalated,5
CALL01814,CUST00111,AG002,2025-03-24 19:28:45,Phone,Billing,3,No Response,1
CALL01815,CUST00716,AG007,2025-04-20 22:32:07,Chat,Technical Support,29,Follow-up Required,2
CALL01816,CUST00752,AG001,2025-03-16 07:21:28,Phone,Complaint,2,Escalated,1
CALL01817,CUST00728,AG010,2025-01-02 04:28:51,Chat,Billing,57,Resolved,2
CALL01818,CUST00061,AG004,2026-07-09 18:41:03,Chat,Cancellation,26,Escalated,1
CALL01819,CUST01848,AG006,2025-09-19 19:12:05,Phone,Billing,26,Escalated,5
CALL01820,CUST01195,AG009,2025-10-29 10:31:38,Email,Complaint,32,No Response,3
CALL01821,CUST00764,AG005,2026-01-02 07:09:00,Email,Technical Support,59,Resolved,2
CALL01822,CUST01959,AG003,2025-12-13 07:04:04,Email,Billing,36,No Response,2
CALL01823,CUST01699,AG009,2025-02-16 07:30:33,Email,Billing,43,Follow-up Required,1
CALL01824,CUST00425,AG007,2025-09-23 08:03:36,Phone,Product Query,34,Resolved,2
CALL01825,CUST00366,AG008,2026-05-04 22:10:11,Chat,Cancellation,25,Escalated,1
CALL01826,CUST01436,AG003,2025-05-09 20:56:55,Chat,Product Query,6,Escalated,1
CALL01827,CUST01753,AG001,2025-03-06 22:06:09,Phone,Product Query,41,No Response,5
CALL01828,CUST01527,AG003,2026-01-19 11:25:00,Chat,Billing,30,No Response,4
CALL01829,CUST01649,AG008,2026-02-12 08:37:35,Phone,Product Query,57,Resolved,2
CALL01830,CUST00208,AG003,2026-03-08 16:21:23,Chat,Product Query,9,Follow-up Required,2
CALL01831,CUST00340,AG008,2026-02-17 23:06:34,Email,Technical Support,51,Escalated,2
CALL01832,CUST00866,AG005,2025-06-26 21:09:01,Chat,Complaint,41,Escalated,2
CALL01833,CUST01182,AG004,2025-12-05 11:39:40,Email,Technical Support,12,No Response,2
CALL01834,CUST00280,AG003,2026-05-23 00:00:16,Phone,Product Query,32,Escalated,5
CALL01835,CUST00122,AG001,2025-04-15 05:01:05,Chat,Billing,49,Escalated,3
CALL01836,CUST00705,AG004,2026-02-17 15:59:45,Chat,Cancellation,43,No Response,1
CALL01837,CUST01419,AG010,2026-01-01 07:20:13,Phone,Billing,14,Follow-up Required,3
CALL01838,CUST01614,AG006,2025-06-12 22:07:38,Chat,Billing,42,Escalated,1
CALL01839,CUST01636,AG008,2026-07-06 04:36:13,Phone,Product Query,6,No Response,1
CALL01840,CUST00582,AG009,2025-04-09 12:22:14,Email,Product Query,9,Escalated,4
CALL01841,CUST00584,AG008,2026-04-25 21:17:28,Email,Product Query,25,No Response,3
CALL01842,CUST01867,AG008,2025-12-05 14:48:05,Email,Billing,4,Escalated,1
CALL01843,CUST00314,AG005,2025-03-19 10:32:36,Chat,Technical Support,36,Resolved,4
CALL01844,CUST01553,AG005,2025-09-20 14:16:59,Email,Complaint,11,Resolved,3
CALL01845,CUST00009,AG005,2025-07-17 07:43:25,Chat,Cancellation,19,Follow-up Required,2
CALL01846,CUST00527,AG004,2025-09-06 12:28:21,Email,Product Query,36,Resolved,1
CALL01847,CUST00384,AG001,2026-04-16 18:11:12,Email,Cancellation,51,Follow-up Required,4
CALL01848,CUST00853,AG007,2026-01-18 20:16:17,Email,Complaint,9,Resolved,2
CALL01849,CUST00220,AG007,2025-04-28 07:02:43,Chat,Billing,20,No Response,4
CALL01850,CUST01236,AG005,2026-03-19 20:53:42,Email,Product Query,26,Follow-up Required,2
CALL01851,CUST00882,AG007,2026-03-03 02:07:43,Phone,Cancellation,8,Escalated,4
CALL01852,CUST01214,AG008,2025-02-25 20:16:21,Chat,Technical Support,12,Resolved,4
CALL01853,CUST01454,AG010,2026-07-02 08:01:38,Chat,Cancellation,30,No Response,1
CALL01854,CUST01127,AG009,2025-01-04 22:09:10,Phone,Complaint,24,No Response,1
CALL01855,CUST01046,AG004,2025-06-19 10:47:47,Chat,Product Query,39,Follow-up Required,3
CALL01856,CUST00753,AG003,2025-06-22 21:48:31,Email,Cancellation,53,Escalated,2
CALL01857,CUST01317,AG005,2025-02-26 03:16:44,Phone,Technical Support,17,Resolved,5
CALL01858,CUST01889,AG004,2026-01-31 02:24:30,Phone,Product Query,11,Resolved,1
CALL01859,CUST00289,AG007,2025-10-02 06:53:31,Chat,Technical Support,54,Escalated,1
CALL01860,CUST00176,AG001,2026-05-02 06:03:39,Phone,Product Query,21,No Response,3
CALL01861,CUST01598,AG003,2025-07-06 18:23:07,Chat,Cancellation,4,No Response,5
CALL01862,CUST01267,AG005,2026-05-25 10:15:25,Email,Billing,56,Resolved,3
CALL01863,CUST01159,AG001,2025-10-31 08:35:03,Email,Cancellation,36,Follow-up Required,3
CALL01864,CUST00072,AG005,2025-01-04 07:00:23,Phone,Product Query,59,Follow-up Required,5
CALL01865,CUST00873,AG002,2025-06-30 10:34:15,Chat,Complaint,51,Follow-up Required,4
CALL01866,CUST01112,AG010,2025-08-04 17:42:57,Email,Product Query,38,No Response,5
CALL01867,CUST01506,AG002,2025-10-28 06:36:42,Chat,Billing,49,Escalated,2
CALL01868,CUST00369,AG005,2026-02-24 17:37:31,Chat,Billing,9,Follow-up Required,1
CALL01869,CUST01199,AG003,2025-04-05 01:30:04,Phone,Product Query,40,Escalated,4
CALL01870,CUST00169,AG005,2026-04-26 20:18:00,Phone,Billing,10,No Response,2
CALL01871,CUST01620,AG008,2025-04-13 22:45:12,Email,Complaint,3,Escalated,1
CALL01872,CUST00106,AG004,2026-08-16 22:55:07,Chat,Billing,50,No Response,4
CALL01873,CUST01138,AG008,2025-08-18 07:32:18,Phone,Technical Support,5,Follow-up Required,4
CALL01874,CUST01912,AG002,2026-07-13 17:07:02,Chat,Billing,1,Resolved,5
CALL01875,CUST00701,AG010,2025-02-23 10:43:18,Chat,Cancellation,29,Escalated,1
CALL01876,CUST00257,AG007,2025-05-02 02:18:58,Phone,Technical Support,23,Escalated,5
CALL01877,CUST01300,AG010,2026-08-10 10:54:19,Phone,Cancellation,57,No Response,1
CALL01878,CUST00719,AG003,2025-04-10 20:35:00,Phone,Cancellation,42,Resolved,4
CALL01879,CUST01332,AG007,2025-07-12 06:50:33,Email,Billing,5,Escalated,1
CALL01880,CUST00941,AG006,2025-12-01 09:04:02,Chat,Cancellation,10,Escalated,3
CALL01881,CUST00699,AG003,2025-04-30 04:08:04,Chat,Product Query,52,Escalated,5
CALL01882,CUST00049,AG008,2025-07-27 09:45:20,Phone,Technical Support,48,No Response,1
CALL01883,CUST00739,AG005,2026-02-24 03:50:00,Chat,Cancellation,49,No Response,5
CALL01884,CUST01850,AG008,2025-10-13 12:32:24,Email,Product Query,17,Resolved,1
CALL01885,CUST01980,AG001,2025-09-08 22:37:10,Email,Billing,58,Follow-up Required,2
CALL01886,CUST00031,AG002,2026-02-04 15:17:37,Phone,Complaint,29,No Response,1
CALL01887,CUST00393,AG008,2026-07-25 21:42:37,Email,Billing,10,Follow-up Required,1
CALL01888,CUST01824,AG005,2026-05-17 22:56:29,Phone,Billing,53,No Response,2
CALL01889,CUST01662,AG002,2025-02-01 13:28:55,Chat,Cancellation,7,Escalated,5
CALL01890,CUST00064,AG008,2026-01-10 19:32:07,Email,Cancellation,8,Follow-up Required,5
CALL01891,CUST00852,AG002,2025-10-13 13:15:34,Chat,Technical Support,23,Follow-up Required,1
CALL01892,CUST00821,AG001,2025-09-14 13:06:33,Chat,Product Query,50,Resolved,3
CALL01893,CUST01970,AG006,2025-05-20 19:05:41,Phone,Technical Support,32,No Response,1
CALL01894,CUST01566,AG002,2025-06-09 08:55:06,Phone,Technical Support,10,No Response,5
CALL01895,CUST01543,AG008,2026-02-24 02:11:40,Phone,Product Query,52,No Response,2
CALL01896,CUST00050,AG005,2026-08-04 14:34:14,Email,Product Query,32,Follow-up Required,5
CALL01897,CUST01386,AG010,2025-11-22 03:47:57,Email,Technical Support,56,Follow-up Required,2
CALL01898,CUST01620,AG006,2025-05-05 03:47:07,Phone,Complaint,37,Resolved,1
CALL01899,CUST00828,AG002,2025-05-22 21:41:31,Email,Billing,20,Escalated,5
CALL01900,CUST00941,AG006,2025-04-23 23:49:06,Email,Technical Support,8,Resolved,1
CALL01901,CUST00507,AG007,2025-11-09 22:45:18,Email,Technical Support,50,Follow-up Required,4
CALL01902,CUST00943,AG009,2026-02-27 06:01:57,Chat,Cancellation,7,No Response,4
CALL01903,CUST00679,AG002,2026-04-10 00:58:28,Phone,Complaint,51,Resolved,2
CALL01904,CUST00373,AG008,2026-01-20 09:44:43,Email,Cancellation,46,Escalated,4
CALL01905,CUST01986,AG007,2026-08-04 23:06:57,Chat,Billing,25,Escalated,4
CALL01906,CUST00468,AG010,2026-06-17 13:08:28,Phone,Complaint,35,No Response,4
CALL01907,CUST00376,AG006,2025-05-16 03:23:51,Chat,Complaint,28,Escalated,4
CALL01908,CUST01598,AG010,2026-06-28 19:34:36,Email,Billing,3,Escalated,2
CALL01909,CUST00315,AG006,2025-02-02 08:52:10,Email,Product Query,53,Resolved,2
CALL01910,CUST00021,AG001,2026-03-20 17:00:16,Phone,Cancellation,46,No Response,3
CALL01911,CUST01173,AG002,2025-12-04 05:16:18,Chat,Product Query,53,Follow-up Required,1
CALL01912,CUST00638,AG002,2025-01-17 18:59:32,Phone,Billing,36,Escalated,1
CALL01913,CUST01390,AG006,2025-07-03 19:03:16,Email,Technical Support,58,Follow-up Required,1
CALL01914,CUST00641,AG009,2026-06-02 02:44:54,Phone,Complaint,4,Escalated,1
CALL01915,CUST00188,AG006,2026-03-20 22:48:59,Email,Billing,37,Resolved,2
CALL01916,CUST00542,AG010,2025-12-04 17:12:00,Email,Product Query,55,No Response,2
CALL01917,CUST00800,AG006,2026-04-03 20:16:59,Phone,Technical Support,30,No Response,1
CALL01918,CUST00622,AG007,2025-04-27 05:53:57,Chat,Technical Support,29,Escalated,4
CALL01919,CUST01194,AG003,2025-04-23 18:34:10,Phone,Technical Support,50,Escalated,3
CALL01920,CUST00246,AG001,2026-01-04 05:53:30,Chat,Product Query,22,No Response,2
CALL01921,CUST01301,AG008,2025-09-24 13:14:59,Phone,Product Query,5,Follow-up Required,2
CALL01922,CUST00334,AG001,2025-05-16 11:44:25,Chat,Complaint,17,Resolved,3
CALL01923,CUST01204,AG010,2025-01-15 02:54:12,Email,Complaint,53,Resolved,4
CALL01924,CUST01115,AG010,2025-09-20 02:41:28,Chat,Cancellation,19,Resolved,1
CALL01925,CUST00326,AG003,2026-03-09 10:07:41,Phone,Cancellation,13,Follow-up Required,2
CALL01926,CUST01124,AG001,2025-08-15 19:51:59,Phone,Product Query,27,Escalated,3
CALL01927,CUST01938,AG009,2025-11-22 23:42:47,Chat,Product Query,29,Escalated,4
CALL01928,CUST01860,AG010,2025-04-26 14:30:34,Phone,Cancellation,57,Resolved,5
CALL01929,CUST01512,AG006,2026-08-07 12:26:28,Email,Cancellation,42,Follow-up Required,4
CALL01930,CUST01065,AG004,2026-04-28 02:08:43,Email,Product Query,47,Resolved,4
CALL01931,CUST01543,AG005,2025-07-21 12:24:05,Phone,Cancellation,2,Escalated,4
CALL01932,CUST00876,AG010,2025-10-18 13:26:02,Email,Cancellation,52,Resolved,4
CALL01933,CUST00620,AG006,2026-01-27 12:38:42,Email,Billing,24,Follow-up Required,3
CALL01934,CUST00191,AG002,2025-03-28 18:47:45,Email,Technical Support,6,No Response,4
CALL01935,CUST00970,AG007,2025-12-08 08:20:00,Email,Cancellation,18,Follow-up Required,2
CALL01936,CUST01473,AG010,2025-05-22 15:44:54,Chat,Product Query,40,Escalated,5
CALL01937,CUST01720,AG001,2025-11-27 16:56:43,Phone,Technical Support,5,No Response,2
CALL01938,CUST00893,AG006,2025-10-24 20:18:27,Chat,Cancellation,46,Resolved,4
CALL01939,CUST01384,AG006,2025-09-10 20:57:49,Email,Technical Support,11,No Response,1
CALL01940,CUST01519,AG008,2026-01-15 10:43:06,Phone,Complaint,51,Escalated,4
CALL01941,CUST00481,AG006,2025-08-11 06:46:14,Chat,Cancellation,10,Follow-up Required,1
CALL01942,CUST00388,AG003,2026-04-05 01:44:56,Email,Product Query,54,Escalated,3
CALL01943,CUST01126,AG007,2025-05-18 02:10:39,Chat,Cancellation,46,Follow-up Required,2
CALL01944,CUST01231,AG002,2025-01-28 07:54:02,Email,Billing,12,Follow-up Required,1
CALL01945,CUST00094,AG006,2026-02-16 23:35:04,Phone,Technical Support,25,Resolved,4
CALL01946,CUST01449,AG003,2025-12-23 18:19:03,Chat,Technical Support,6,Resolved,4
CALL01947,CUST00964,AG010,2026-02-24 09:54:27,Email,Cancellation,3,Escalated,4
CALL01948,CUST00724,AG008,2025-08-20 19:21:59,Phone,Technical Support,22,Escalated,4
CALL01949,CUST00934,AG008,2026-02-02 11:44:17,Email,Technical Support,14,No Response,3
CALL01950,CUST00960,AG001,2025-01-29 00:09:52,Phone,Complaint,47,Follow-up Required,5
CALL01951,CUST01441,AG005,2026-08-06 19:52:56,Chat,Product Query,44,Escalated,5
CALL01952,CUST00129,AG007,2026-06-11 20:23:59,Phone,Complaint,18,Escalated,1
CALL01953,CUST01693,AG005,2025-07-14 04:05:08,Chat,Product Query,14,No Response,2
CALL01954,CUST00541,AG002,2025-06-30 23:32:34,Chat,Billing,54,Escalated,4
CALL01955,CUST01721,AG006,2025-04-07 00:43:51,Chat,Cancellation,27,Escalated,4
CALL01956,CUST00329,AG007,2026-07-31 16:20:38,Phone,Cancellation,40,Follow-up Required,5
CALL01957,CUST00720,AG008,2025-02-05 06:03:48,Phone,Billing,40,Escalated,3
CALL01958,CUST00750,AG004,2026-05-07 03:57:45,Chat,Complaint,42,Escalated,3
CALL01959,CUST00353,AG006,2025-03-21 06:10:35,Phone,Technical Support,58,No Response,1
CALL01960,CUST00179,AG010,2026-08-01 06:21:20,Email,Billing,43,Resolved,5
CALL01961,CUST00003,AG010,2025-06-07 22:40:00,Phone,Billing,4,Follow-up Required,3
CALL01962,CUST01658,AG004,2025-09-19 16:07:13,Chat,Cancellation,25,Follow-up Required,5
CALL01963,CUST00234,AG007,2025-02-05 16:43:55,Chat,Technical Support,14,Follow-up Required,5
CALL01964,CUST01468,AG010,2025-06-25 08:52:50,Phone,Cancellation,15,Follow-up Required,4
CALL01965,CUST00035,AG001,2026-07-17 11:34:09,Phone,Product Query,14,Escalated,1
CALL01966,CUST01732,AG006,2025-12-19 00:08:24,Email,Cancellation,51,Resolved,3
CALL01967,CUST00499,AG008,2025-07-13 19:09:56,Phone,Technical Support,54,Escalated,3
CALL01968,CUST01896,AG003,2026-06-15 19:20:16,Email,Technical Support,13,No Response,4
CALL01969,CUST00945,AG003,2026-07-09 17:14:01,Email,Complaint,34,Resolved,2
CALL01970,CUST01129,AG009,2025-09-02 17:06:39,Chat,Cancellation,28,Follow-up Required,1
CALL01971,CUST00956,AG002,2025-08-13 04:08:13,Chat,Product Query,46,Follow-up Required,4
CALL01972,CUST01491,AG004,2026-05-13 16:22:03,Email,Technical Support,52,No Response,5
CALL01973,CUST00434,AG009,2025-11-18 20:48:19,Chat,Technical Support,28,Follow-up Required,1
CALL01974,CUST00981,AG007,2025-06-19 22:24:48,Chat,Cancellation,26,Resolved,2
CALL01975,CUST00495,AG007,2025-12-21 10:30:24,Chat,Technical Support,29,Follow-up Required,3
CALL01976,CUST01572,AG006,2025-08-05 13:13:30,Chat,Product Query,30,No Response,4
CALL01977,CUST01716,AG004,2025-08-26 15:04:32,Chat,Technical Support,59,Resolved,2
CALL01978,CUST01074,AG008,2026-01-30 22:19:32,Email,Product Query,8,Resolved,3
CALL01979,CUST01247,AG003,2025-08-02 02:24:30,Phone,Cancellation,10,Resolved,2
CALL01980,CUST01473,AG003,2025-11-10 19:58:58,Chat,Product Query,24,No Response,2
CALL01981,CUST00813,AG005,2026-01-31 04:31:04,Email,Technical Support,24,Resolved,3
CALL01982,CUST00551,AG002,2026-06-26 17:59:18,Email,Technical Support,30,No Response,2
CALL01983,CUST01896,AG007,2026-06-22 00:15:40,Phone,Complaint,60,Resolved,2
CALL01984,CUST01374,AG010,2026-06-13 05:51:14,Chat,Technical Support,36,Resolved,1
CALL01985,CUST00050,AG008,2026-03-22 17:11:02,Phone,Complaint,16,Resolved,3
CALL01986,CUST01158,AG004,2025-09-30 14:10:09,Chat,Product Query,16,No Response,4
CALL01987,CUST00897,AG001,2025-09-20 17:09:06,Email,Technical Support,7,Resolved,2
CALL01988,CUST00500,AG007,2025-02-10 05:40:18,Email,Billing,2,Resolved,2
CALL01989,CUST01579,AG006,2026-04-14 01:25:18,Email,Cancellation,18,Escalated,5
CALL01990,CUST01372,AG009,2026-07-11 08:32:30,Chat,Technical Support,43,Escalated,2
CALL01991,CUST00927,AG005,2026-01-13 03:20:19,Phone,Complaint,51,No Response,3
CALL01992,CUST00741,AG001,2026-07-10 02:30:47,Email,Complaint,42,Escalated,2
CALL01993,CUST00447,AG010,2025-11-01 17:17:11,Email,Billing,60,Follow-up Required,1
CALL01994,CUST01259,AG003,2025-03-09 18:39:24,Email,Product Query,15,Escalated,2
CALL01995,CUST01711,AG008,2026-06-12 09:00:33,Chat,Complaint,38,Resolved,2
CALL01996,CUST01317,AG001,2025-08-31 21:47:13,Chat,Complaint,47,Resolved,2
CALL01997,CUST00023,AG010,2025-10-28 18:51:52,Chat,Billing,60,Follow-up Required,4
CALL01998,CUST01343,AG010,2025-12-31 23:20:54,Phone,Billing,18,No Response,5
CALL01999,CUST00876,AG001,2025-09-19 18:42:49,Phone,Billing,11,No Response,1
CALL02000,CUST01368,AG010,2025-09-19 04:08:57,Phone,Product Query,59,Resolved,1
