customer_id,customer_name,email,gender,age,country,city,income,education,marital_status,registration_date,customer_status
CUST00001,Customer 1,customer1@example.com,Other,22,France,Mumbai,170323,High School,Divorced,2025-08-27,Active
CUST00002,Customer 2,customer2@example.com,Male,58,Australia,Berlin,186123,Graduate,Divorced,2026-03-19,Inactive
CUST00003,Customer 3,customer3@example.com,Female,52,Singapore,Mumbai,85194,PhD,Married,2025-02-23,Active
CUST00004,Customer 4,customer4@example.com,Female,40,UK,Delhi,105351,PhD,Married,2026-06-22,Inactive
CUST00005,Customer 5,customer5@example.com,Other,40,Australia,Coimbatore,237638,High School,Divorced,2025-11-04,Active
CUST00006,Customer 6,customer6@example.com,Male,62,India,Chennai,216671,Postgraduate,Divorced,2025-12-23,Inactive
CUST00007,Customer 7,customer7@example.com,Female,22,Germany,Chennai,117934,PhD,Divorced,2025-04-23,Active
CUST00008,Customer 8,customer8@example.com,Male,54,USA,Bengaluru,79220,Graduate,Married,2025-11-12,Inactive
CUST00009,Customer 9,customer9@example.com,Other,28,Germany,Hyderabad,92804,Postgraduate,Divorced,2025-01-02,Active
CUST00010,Customer 10,customer10@example.com,Female,22,Singapore,Hyderabad,146139,Graduate,Married,2026-06-15,Inactive
CUST00011,Customer 11,customer11@example.com,Female,45,France,New York,152526,PhD,Married,2026-03-23,Active
CUST00012,Customer 12,customer12@example.com,Female,68,India,Bengaluru,66431,High School,Divorced,2025-09-28,Inactive
CUST00013,Customer 13,customer13@example.com,Male,56,USA,Mumbai,39812,PhD,Divorced,2026-05-14,Inactive
CUST00014,Customer 14,customer14@example.com,Other,57,UK,Delhi,136443,Postgraduate,Divorced,2026-04-29,Inactive
CUST00015,Customer 15,customer15@example.com,Female,55,Germany,Delhi,204429,PhD,Single,2025-03-12,Active
CUST00016,Customer 16,customer16@example.com,Male,58,Singapore,Pune,59305,PhD,Single,2025-02-02,Inactive
CUST00017,Customer 17,customer17@example.com,Female,44,Germany,New York,116880,Postgraduate,Divorced,2025-06-01,Active
CUST00018,Customer 18,customer18@example.com,Other,24,Germany,Hyderabad,61355,PhD,Single,2025-01-01,Active
CUST00019,Customer 19,customer19@example.com,Other,61,Germany,Bengaluru,79480,Postgraduate,Married,2025-12-08,Active
CUST00020,Customer 20,customer20@example.com,Female,41,USA,Bengaluru,162750,High School,Single,2025-11-11,Active
CUST00021,Customer 21,customer21@example.com,Male,44,Singapore,Chennai,89394,Graduate,Divorced,2025-11-17,Inactive
CUST00022,Customer 22,customer22@example.com,Female,37,Singapore,Chennai,84352,Graduate,Single,2025-02-13,Active
CUST00023,Customer 23,customer23@example.com,Female,27,UK,New York,249025,PhD,Single,2026-07-02,Inactive
CUST00024,Customer 24,customer24@example.com,Female,66,France,Berlin,63782,PhD,Single,2026-08-06,Inactive
CUST00025,Customer 25,customer25@example.com,Male,58,UK,Coimbatore,67589,Graduate,Single,2025-12-18,Active
CUST00026,Customer 26,customer26@example.com,Female,51,Singapore,Bengaluru,234198,Graduate,Married,2025-01-04,Inactive
CUST00027,Customer 27,customer27@example.com,Female,38,Germany,Coimbatore,148797,Postgraduate,Married,2025-08-25,Active
CUST00028,Customer 28,customer28@example.com,Other,60,UK,Mumbai,34675,PhD,Divorced,2026-03-05,Active
CUST00029,Customer 29,customer29@example.com,Female,46,USA,Delhi,120615,Postgraduate,Divorced,2026-03-23,Inactive
CUST00030,Customer 30,customer30@example.com,Female,41,France,Chennai,152158,Graduate,Married,2025-05-26,Inactive
CUST00031,Customer 31,customer31@example.com,Female,41,UK,Berlin,81968,Graduate,Single,2026-05-06,Inactive
CUST00032,Customer 32,customer32@example.com,Male,29,UK,Bengaluru,148359,High School,Married,2026-07-31,Active
CUST00033,Customer 33,customer33@example.com,Male,22,Germany,Bengaluru,170916,Postgraduate,Single,2025-10-31,Inactive
CUST00034,Customer 34,customer34@example.com,Other,46,Germany,London,81387,PhD,Married,2025-08-16,Active
CUST00035,Customer 35,customer35@example.com,Other,64,France,Chennai,207790,Postgraduate,Divorced,2025-11-10,Active
CUST00036,Customer 36,customer36@example.com,Other,21,Singapore,Hyderabad,126874,High School,Single,2025-01-17,Inactive
CUST00037,Customer 37,customer37@example.com,Female,62,USA,Delhi,241779,High School,Divorced,2025-11-08,Active
CUST00038,Customer 38,customer38@example.com,Male,61,USA,New York,44741,PhD,Single,2025-01-17,Active
CUST00039,Customer 39,customer39@example.com,Other,32,France,Coimbatore,97953,Postgraduate,Single,2025-01-21,Active
CUST00040,Customer 40,customer40@example.com,Female,50,France,Chennai,187286,High School,Single,2025-11-26,Active
CUST00041,Customer 41,customer41@example.com,Male,26,France,New York,226356,PhD,Divorced,2025-11-01,Inactive
CUST00042,Customer 42,customer42@example.com,Other,57,USA,New York,74882,Postgraduate,Single,2026-08-12,Active
CUST00043,Customer 43,customer43@example.com,Other,54,Australia,New York,245557,High School,Divorced,2025-10-30,Inactive
CUST00044,Customer 44,customer44@example.com,Other,36,Singapore,Bengaluru,68511,Postgraduate,Single,2026-08-07,Active
CUST00045,Customer 45,customer45@example.com,Male,21,France,Delhi,118627,PhD,Single,2026-04-27,Inactive
CUST00046,Customer 46,customer46@example.com,Other,68,Singapore,Coimbatore,95847,Postgraduate,Married,2025-07-21,Inactive
CUST00047,Customer 47,customer47@example.com,Female,41,UK,Pune,120473,High School,Divorced,2026-07-06,Active
CUST00048,Customer 48,customer48@example.com,Female,64,Germany,Delhi,228034,PhD,Single,2025-10-15,Inactive
CUST00049,Customer 49,customer49@example.com,Other,53,France,Pune,189824,High School,Married,2025-12-21,Inactive
CUST00050,Customer 50,customer50@example.com,Female,58,UK,New York,204205,PhD,Single,2025-03-01,Inactive
CUST00051,Customer 51,customer51@example.com,Male,57,France,Coimbatore,82150,High School,Married,2025-05-07,Active
CUST00052,Customer 52,customer52@example.com,Male,28,France,Pune,238051,PhD,Single,2025-11-08,Inactive
CUST00053,Customer 53,customer53@example.com,Female,36,Australia,New York,122996,Postgraduate,Single,2025-06-11,Inactive
CUST00054,Customer 54,customer54@example.com,Other,42,Australia,Chennai,171692,High School,Married,2025-12-24,Active
CUST00055,Customer 55,customer55@example.com,Other,43,Singapore,Berlin,181987,High School,Single,2025-02-17,Active
CUST00056,Customer 56,customer56@example.com,Female,20,France,Berlin,174158,High School,Married,2025-05-30,Inactive
CUST00057,Customer 57,customer57@example.com,Other,46,Australia,Hyderabad,160404,PhD,Divorced,2026-02-01,Inactive
CUST00058,Customer 58,customer58@example.com,Other,26,UK,Mumbai,133007,PhD,Single,2025-12-31,Active
CUST00059,Customer 59,customer59@example.com,Female,56,Germany,Mumbai,170719,PhD,Married,2026-08-10,Active
CUST00060,Customer 60,customer60@example.com,Female,53,USA,New York,228667,Graduate,Married,2026-06-21,Active
CUST00061,Customer 61,customer61@example.com,Other,65,Germany,Coimbatore,112699,Graduate,Divorced,2026-04-29,Inactive
CUST00062,Customer 62,customer62@example.com,Female,56,Singapore,Bengaluru,139947,Graduate,Divorced,2025-01-01,Inactive
CUST00063,Customer 63,customer63@example.com,Male,37,USA,New York,65517,Postgraduate,Married,2025-12-26,Inactive
CUST00064,Customer 64,customer64@example.com,Other,68,UK,Hyderabad,104888,Postgraduate,Divorced,2025-05-17,Active
CUST00065,Customer 65,customer65@example.com,Female,39,Australia,New York,198711,Graduate,Married,2025-06-09,Active
CUST00066,Customer 66,customer66@example.com,Female,34,France,Chennai,169085,Graduate,Married,2025-05-06,Active
CUST00067,Customer 67,customer67@example.com,Other,65,Australia,New York,72508,Postgraduate,Married,2025-09-29,Inactive
CUST00068,Customer 68,customer68@example.com,Other,37,France,Chennai,147881,PhD,Married,2025-03-15,Active
CUST00069,Customer 69,customer69@example.com,Male,21,Australia,Pune,207692,High School,Single,2025-11-13,Active
CUST00070,Customer 70,customer70@example.com,Female,42,Singapore,London,52904,PhD,Single,2025-04-09,Inactive
CUST00071,Customer 71,customer71@example.com,Male,59,Singapore,Pune,38938,Graduate,Divorced,2025-10-26,Inactive
CUST00072,Customer 72,customer72@example.com,Female,27,Australia,Bengaluru,113363,Graduate,Single,2026-01-09,Active
CUST00073,Customer 73,customer73@example.com,Female,42,Australia,Bengaluru,172723,High School,Divorced,2025-04-18,Active
CUST00074,Customer 74,customer74@example.com,Female,24,India,Mumbai,95498,Postgraduate,Single,2025-03-03,Active
CUST00075,Customer 75,customer75@example.com,Other,53,France,London,209733,Postgraduate,Married,2026-04-26,Inactive
CUST00076,Customer 76,customer76@example.com,Female,42,Singapore,Hyderabad,215538,Graduate,Married,2026-03-17,Inactive
CUST00077,Customer 77,customer77@example.com,Female,35,India,New York,144817,PhD,Single,2025-06-05,Inactive
CUST00078,Customer 78,customer78@example.com,Female,29,USA,Pune,110239,Postgraduate,Married,2026-06-13,Active
CUST00079,Customer 79,customer79@example.com,Male,47,Germany,Delhi,34386,Postgraduate,Single,2025-05-12,Active
CUST00080,Customer 80,customer80@example.com,Male,52,Australia,Mumbai,209850,Postgraduate,Divorced,2026-07-07,Inactive
CUST00081,Customer 81,customer81@example.com,Other,66,India,Berlin,226439,Graduate,Divorced,2025-03-09,Inactive
CUST00082,Customer 82,customer82@example.com,Male,40,Germany,New York,124538,Graduate,Divorced,2026-01-29,Active
CUST00083,Customer 83,customer83@example.com,Male,26,Australia,Chennai,141205,Graduate,Single,2025-01-12,Inactive
CUST00084,Customer 84,customer84@example.com,Other,61,Australia,London,194538,Graduate,Married,2025-04-28,Inactive
CUST00085,Customer 85,customer85@example.com,Male,50,UK,Mumbai,181459,Graduate,Single,2025-08-30,Active
CUST00086,Customer 86,customer86@example.com,Female,54,USA,Bengaluru,55438,High School,Single,2025-02-20,Inactive
CUST00087,Customer 87,customer87@example.com,Other,23,Germany,Coimbatore,176270,PhD,Single,2025-09-30,Active
CUST00088,Customer 88,customer88@example.com,Female,34,India,Coimbatore,233047,High School,Single,2025-05-19,Inactive
CUST00089,Customer 89,customer89@example.com,Male,57,India,New York,193904,High School,Single,2025-02-28,Active
CUST00090,Customer 90,customer90@example.com,Male,61,India,Bengaluru,133126,Graduate,Divorced,2026-07-28,Inactive
CUST00091,Customer 91,customer91@example.com,Other,40,Australia,Chennai,142711,Graduate,Divorced,2026-08-09,Inactive
CUST00092,Customer 92,customer92@example.com,Male,59,Singapore,London,83454,Postgraduate,Divorced,2026-07-28,Active
CUST00093,Customer 93,customer93@example.com,Other,61,France,Pune,173671,PhD,Single,2025-04-02,Active
CUST00094,Customer 94,customer94@example.com,Male,38,UK,Coimbatore,79335,Graduate,Divorced,2025-08-16,Inactive
CUST00095,Customer 95,customer95@example.com,Male,64,India,New York,101918,Postgraduate,Divorced,2025-07-15,Inactive
CUST00096,Customer 96,customer96@example.com,Other,32,UK,Mumbai,84642,Postgraduate,Married,2025-07-14,Inactive
CUST00097,Customer 97,customer97@example.com,Other,30,UK,Mumbai,100447,Postgraduate,Married,2025-09-06,Inactive
CUST00098,Customer 98,customer98@example.com,Other,53,Germany,London,107513,Graduate,Married,2025-10-31,Inactive
CUST00099,Customer 99,customer99@example.com,Other,51,Australia,Bengaluru,43670,PhD,Divorced,2025-10-17,Inactive
CUST00100,Customer 100,customer100@example.com,Male,25,France,Chennai,186442,Postgraduate,Divorced,2025-06-23,Inactive
CUST00101,Customer 101,customer101@example.com,Other,61,Singapore,Chennai,124224,Postgraduate,Single,2026-08-07,Active
CUST00102,Customer 102,customer102@example.com,Other,28,India,Berlin,238661,Graduate,Divorced,2026-08-07,Inactive
CUST00103,Customer 103,customer103@example.com,Male,59,Germany,Coimbatore,65699,Postgraduate,Married,2025-07-17,Active
CUST00104,Customer 104,customer104@example.com,Male,18,Singapore,Hyderabad,175534,High School,Divorced,2025-05-12,Inactive
CUST00105,Customer 105,customer105@example.com,Other,59,Singapore,Berlin,65317,High School,Married,2025-11-14,Active
CUST00106,Customer 106,customer106@example.com,Male,58,UK,Mumbai,148112,PhD,Single,2025-08-09,Active
CUST00107,Customer 107,customer107@example.com,Other,58,Singapore,Hyderabad,135448,Postgraduate,Single,2026-08-12,Inactive
CUST00108,Customer 108,customer108@example.com,Male,52,Australia,Bengaluru,125934,Graduate,Married,2025-09-13,Inactive
CUST00109,Customer 109,customer109@example.com,Male,42,UK,Mumbai,172311,PhD,Married,2025-01-24,Inactive
CUST00110,Customer 110,customer110@example.com,Male,54,France,Mumbai,211344,Postgraduate,Married,2025-03-16,Inactive
CUST00111,Customer 111,customer111@example.com,Male,32,Singapore,Berlin,96262,PhD,Divorced,2025-02-14,Active
CUST00112,Customer 112,customer112@example.com,Other,58,UK,Coimbatore,216173,High School,Married,2025-08-17,Inactive
CUST00113,Customer 113,customer113@example.com,Other,46,Germany,Coimbatore,66591,Graduate,Single,2025-07-08,Active
CUST00114,Customer 114,customer114@example.com,Other,41,India,Mumbai,90933,PhD,Married,2026-05-26,Active
CUST00115,Customer 115,customer115@example.com,Other,44,France,Pune,94901,PhD,Divorced,2026-06-15,Active
CUST00116,Customer 116,customer116@example.com,Male,47,UK,Pune,239520,PhD,Divorced,2025-03-25,Inactive
CUST00117,Customer 117,customer117@example.com,Other,19,Singapore,Berlin,51679,Postgraduate,Married,2026-07-17,Inactive
CUST00118,Customer 118,customer118@example.com,Female,25,Singapore,Chennai,113901,PhD,Single,2025-12-15,Inactive
CUST00119,Customer 119,customer119@example.com,Female,30,Germany,Delhi,120498,PhD,Married,2025-07-02,Active
CUST00120,Customer 120,customer120@example.com,Other,23,Singapore,Chennai,205018,Graduate,Single,2025-08-31,Inactive
CUST00121,Customer 121,customer121@example.com,Other,40,Australia,Chennai,134327,PhD,Single,2025-09-21,Active
CUST00122,Customer 122,customer122@example.com,Other,52,India,Delhi,242535,Graduate,Divorced,2025-04-12,Active
CUST00123,Customer 123,customer123@example.com,Female,52,India,Berlin,191572,PhD,Single,2026-06-01,Active
CUST00124,Customer 124,customer124@example.com,Female,42,Germany,Coimbatore,183323,Graduate,Divorced,2025-01-08,Active
CUST00125,Customer 125,customer125@example.com,Other,62,Australia,Pune,194407,Postgraduate,Married,2025-02-11,Active
CUST00126,Customer 126,customer126@example.com,Male,47,UK,Chennai,61349,High School,Married,2025-06-12,Active
CUST00127,Customer 127,customer127@example.com,Male,22,Singapore,Pune,126036,High School,Single,2025-03-27,Inactive
CUST00128,Customer 128,customer128@example.com,Female,57,Singapore,Berlin,156881,Graduate,Divorced,2025-02-06,Active
CUST00129,Customer 129,customer129@example.com,Male,47,UK,New York,71907,Graduate,Single,2025-08-17,Active
CUST00130,Customer 130,customer130@example.com,Male,51,France,New York,51724,Postgraduate,Married,2025-08-13,Inactive
CUST00131,Customer 131,customer131@example.com,Other,47,Singapore,Hyderabad,55547,High School,Single,2025-03-16,Active
CUST00132,Customer 132,customer132@example.com,Other,46,India,Coimbatore,202557,PhD,Single,2026-04-28,Active
CUST00133,Customer 133,customer133@example.com,Female,22,Australia,London,172798,Postgraduate,Married,2026-06-11,Active
CUST00134,Customer 134,customer134@example.com,Female,47,UK,Coimbatore,88296,PhD,Divorced,2026-03-05,Inactive
CUST00135,Customer 135,customer135@example.com,Female,59,India,Mumbai,190872,Graduate,Single,2025-11-08,Inactive
CUST00136,Customer 136,customer136@example.com,Other,33,India,Pune,181424,High School,Married,2026-07-19,Active
CUST00137,Customer 137,customer137@example.com,Female,49,India,Pune,208713,High School,Married,2025-07-28,Active
CUST00138,Customer 138,customer138@example.com,Male,19,Germany,Bengaluru,229771,High School,Married,2025-09-12,Active
CUST00139,Customer 139,customer139@example.com,Female,36,India,Hyderabad,223503,Graduate,Divorced,2025-01-09,Inactive
CUST00140,Customer 140,customer140@example.com,Female,40,UK,Coimbatore,65727,PhD,Married,2026-02-26,Inactive
CUST00141,Customer 141,customer141@example.com,Other,69,Australia,New York,198083,High School,Divorced,2025-02-25,Active
CUST00142,Customer 142,customer142@example.com,Other,29,India,Hyderabad,113393,High School,Single,2026-02-01,Active
CUST00143,Customer 143,customer143@example.com,Other,32,Germany,Delhi,115702,High School,Married,2026-04-12,Inactive
CUST00144,Customer 144,customer144@example.com,Female,39,UK,London,170602,High School,Married,2025-05-10,Active
CUST00145,Customer 145,customer145@example.com,Female,69,Singapore,Hyderabad,160492,Graduate,Divorced,2025-12-31,Inactive
CUST00146,Customer 146,customer146@example.com,Female,62,Germany,Berlin,119423,High School,Married,2025-06-30,Active
CUST00147,Customer 147,customer147@example.com,Male,19,France,Delhi,249885,Postgraduate,Married,2025-08-26,Inactive
CUST00148,Customer 148,customer148@example.com,Other,30,Australia,Bengaluru,64334,PhD,Married,2025-11-12,Inactive
CUST00149,Customer 149,customer149@example.com,Other,60,India,Hyderabad,46805,PhD,Married,2025-05-29,Inactive
CUST00150,Customer 150,customer150@example.com,Other,21,France,Berlin,31541,Postgraduate,Single,2026-04-20,Inactive
CUST00151,Customer 151,customer151@example.com,Male,62,France,Hyderabad,208204,PhD,Married,2025-08-24,Inactive
CUST00152,Customer 152,customer152@example.com,Male,32,UK,London,116484,Graduate,Divorced,2025-10-03,Active
CUST00153,Customer 153,customer153@example.com,Other,65,India,Mumbai,123402,High School,Single,2026-05-01,Inactive
CUST00154,Customer 154,customer154@example.com,Female,33,India,New York,171072,High School,Divorced,2025-05-16,Inactive
CUST00155,Customer 155,customer155@example.com,Other,40,Germany,Hyderabad,122964,High School,Divorced,2025-09-27,Active
CUST00156,Customer 156,customer156@example.com,Female,52,Germany,Mumbai,154147,Graduate,Divorced,2026-08-16,Active
CUST00157,Customer 157,customer157@example.com,Female,24,USA,Hyderabad,38152,Graduate,Single,2025-08-27,Inactive
CUST00158,Customer 158,customer158@example.com,Female,46,France,Mumbai,60154,High School,Married,2025-03-10,Inactive
CUST00159,Customer 159,customer159@example.com,Other,44,Germany,Bengaluru,234709,Postgraduate,Married,2025-06-19,Inactive
CUST00160,Customer 160,customer160@example.com,Female,58,Singapore,Chennai,126406,PhD,Single,2026-07-24,Active
CUST00161,Customer 161,customer161@example.com,Other,69,France,Chennai,62662,Postgraduate,Married,2026-03-29,Inactive
CUST00162,Customer 162,customer162@example.com,Male,52,France,Chennai,108131,Graduate,Married,2026-04-28,Inactive
CUST00163,Customer 163,customer163@example.com,Female,39,UK,Chennai,100327,High School,Married,2025-06-01,Inactive
CUST00164,Customer 164,customer164@example.com,Other,39,Germany,Pune,86695,PhD,Married,2026-05-15,Inactive
CUST00165,Customer 165,customer165@example.com,Other,39,Australia,Chennai,91063,High School,Married,2025-08-23,Active
CUST00166,Customer 166,customer166@example.com,Other,60,USA,Mumbai,189086,High School,Divorced,2026-04-19,Active
CUST00167,Customer 167,customer167@example.com,Male,34,UK,New York,49022,High School,Divorced,2026-06-10,Inactive
CUST00168,Customer 168,customer168@example.com,Other,26,Germany,Bengaluru,94672,Graduate,Married,2025-05-05,Active
CUST00169,Customer 169,customer169@example.com,Other,35,UK,Berlin,130289,Postgraduate,Single,2026-07-14,Active
CUST00170,Customer 170,customer170@example.com,Other,19,USA,Bengaluru,146532,Postgraduate,Married,2026-01-13,Active
CUST00171,Customer 171,customer171@example.com,Male,23,France,Delhi,223114,Graduate,Single,2026-03-12,Active
CUST00172,Customer 172,customer172@example.com,Other,22,Germany,New York,232726,High School,Single,2026-03-28,Active
CUST00173,Customer 173,customer173@example.com,Other,58,UK,London,91918,PhD,Divorced,2025-04-11,Inactive
CUST00174,Customer 174,customer174@example.com,Other,55,France,Chennai,146337,Postgraduate,Divorced,2026-03-21,Active
CUST00175,Customer 175,customer175@example.com,Male,54,France,Coimbatore,30029,Postgraduate,Married,2025-05-07,Active
CUST00176,Customer 176,customer176@example.com,Other,42,France,Coimbatore,163830,High School,Married,2025-06-11,Active
CUST00177,Customer 177,customer177@example.com,Male,55,France,Bengaluru,59403,PhD,Single,2025-03-11,Inactive
CUST00178,Customer 178,customer178@example.com,Female,26,Australia,Delhi,41480,Postgraduate,Divorced,2025-04-18,Inactive
CUST00179,Customer 179,customer179@example.com,Female,64,UK,Bengaluru,176137,Postgraduate,Married,2026-08-07,Active
CUST00180,Customer 180,customer180@example.com,Female,44,UK,London,65080,High School,Single,2025-07-15,Active
CUST00181,Customer 181,customer181@example.com,Other,66,USA,New York,132410,Postgraduate,Single,2025-08-19,Active
CUST00182,Customer 182,customer182@example.com,Male,25,France,Berlin,47714,High School,Married,2025-10-13,Inactive
CUST00183,Customer 183,customer183@example.com,Female,43,Singapore,Pune,192776,Graduate,Married,2026-03-01,Active
CUST00184,Customer 184,customer184@example.com,Female,54,Australia,London,197083,Postgraduate,Married,2025-12-08,Active
CUST00185,Customer 185,customer185@example.com,Female,43,Singapore,Pune,154332,Postgraduate,Married,2025-11-16,Inactive
CUST00186,Customer 186,customer186@example.com,Male,41,USA,Berlin,213083,High School,Divorced,2026-05-14,Inactive
CUST00187,Customer 187,customer187@example.com,Male,26,Germany,New York,123281,High School,Married,2025-10-23,Active
CUST00188,Customer 188,customer188@example.com,Male,37,Germany,London,66952,High School,Divorced,2026-04-04,Active
CUST00189,Customer 189,customer189@example.com,Female,30,Singapore,Pune,59050,Graduate,Married,2026-06-27,Active
CUST00190,Customer 190,customer190@example.com,Female,33,India,Coimbatore,74336,Postgraduate,Single,2026-02-07,Inactive
CUST00191,Customer 191,customer191@example.com,Female,53,UK,London,70069,Graduate,Single,2025-01-22,Inactive
CUST00192,Customer 192,customer192@example.com,Female,50,France,Hyderabad,97721,PhD,Divorced,2025-06-07,Active
CUST00193,Customer 193,customer193@example.com,Male,49,Australia,Chennai,73226,Graduate,Divorced,2026-01-04,Inactive
CUST00194,Customer 194,customer194@example.com,Male,36,Singapore,Hyderabad,157993,PhD,Married,2025-10-13,Active
CUST00195,Customer 195,customer195@example.com,Female,67,UK,New York,58381,Postgraduate,Married,2025-06-19,Active
CUST00196,Customer 196,customer196@example.com,Other,22,UK,New York,164904,PhD,Divorced,2025-07-19,Inactive
CUST00197,Customer 197,customer197@example.com,Male,35,UK,Mumbai,100172,PhD,Married,2025-02-16,Active
CUST00198,Customer 198,customer198@example.com,Other,24,Singapore,Chennai,179520,Postgraduate,Divorced,2025-05-21,Inactive
CUST00199,Customer 199,customer199@example.com,Female,35,India,Pune,140408,Postgraduate,Divorced,2026-04-12,Active
CUST00200,Customer 200,customer200@example.com,Male,68,Germany,Pune,228669,Postgraduate,Married,2025-01-07,Inactive
CUST00201,Customer 201,customer201@example.com,Female,37,USA,London,123972,Graduate,Divorced,2026-05-14,Active
CUST00202,Customer 202,customer202@example.com,Male,65,Australia,London,91384,PhD,Divorced,2025-07-22,Active
CUST00203,Customer 203,customer203@example.com,Male,43,France,Chennai,157552,Postgraduate,Single,2026-04-27,Inactive
CUST00204,Customer 204,customer204@example.com,Female,54,Singapore,Pune,173221,High School,Married,2025-06-02,Active
CUST00205,Customer 205,customer205@example.com,Female,41,France,Hyderabad,123829,PhD,Divorced,2026-05-09,Inactive
CUST00206,Customer 206,customer206@example.com,Other,31,Australia,London,150938,Graduate,Single,2025-12-07,Inactive
CUST00207,Customer 207,customer207@example.com,Male,57,India,Bengaluru,130945,Postgraduate,Married,2026-05-23,Active
CUST00208,Customer 208,customer208@example.com,Other,68,India,Bengaluru,93813,PhD,Single,2025-02-07,Inactive
CUST00209,Customer 209,customer209@example.com,Male,31,Germany,Chennai,95552,PhD,Single,2026-04-21,Active
CUST00210,Customer 210,customer210@example.com,Male,58,USA,Mumbai,229169,Postgraduate,Divorced,2025-06-11,Inactive
CUST00211,Customer 211,customer211@example.com,Other,31,Germany,Hyderabad,176950,Graduate,Single,2025-08-02,Inactive
CUST00212,Customer 212,customer212@example.com,Other,55,USA,Mumbai,46483,High School,Single,2025-01-27,Active
CUST00213,Customer 213,customer213@example.com,Female,59,France,Delhi,241468,Postgraduate,Married,2026-07-23,Inactive
CUST00214,Customer 214,customer214@example.com,Male,41,USA,New York,185200,Graduate,Single,2026-01-18,Active
CUST00215,Customer 215,customer215@example.com,Male,56,USA,Bengaluru,36287,Postgraduate,Married,2026-08-08,Inactive
CUST00216,Customer 216,customer216@example.com,Female,32,India,Mumbai,188772,High School,Married,2025-12-05,Inactive
CUST00217,Customer 217,customer217@example.com,Female,22,UK,Coimbatore,157665,PhD,Married,2025-04-05,Active
CUST00218,Customer 218,customer218@example.com,Other,23,France,Pune,230949,PhD,Divorced,2025-07-21,Inactive
CUST00219,Customer 219,customer219@example.com,Male,41,UK,Hyderabad,135109,PhD,Single,2025-09-20,Inactive
CUST00220,Customer 220,customer220@example.com,Male,64,Germany,London,141681,Postgraduate,Divorced,2025-03-29,Active
CUST00221,Customer 221,customer221@example.com,Other,24,Singapore,Chennai,95810,High School,Divorced,2026-07-10,Inactive
CUST00222,Customer 222,customer222@example.com,Male,41,UK,New York,97365,Graduate,Married,2026-07-25,Inactive
CUST00223,Customer 223,customer223@example.com,Male,54,Australia,Mumbai,164032,High School,Divorced,2025-12-02,Active
CUST00224,Customer 224,customer224@example.com,Female,28,UK,Chennai,211242,PhD,Divorced,2025-12-15,Inactive
CUST00225,Customer 225,customer225@example.com,Female,55,Australia,New York,225401,Postgraduate,Divorced,2026-02-24,Inactive
CUST00226,Customer 226,customer226@example.com,Female,33,Germany,Bengaluru,198433,Postgraduate,Married,2026-02-09,Active
CUST00227,Customer 227,customer227@example.com,Other,60,UK,Delhi,162199,High School,Married,2025-02-07,Active
CUST00228,Customer 228,customer228@example.com,Other,48,USA,Mumbai,137571,Postgraduate,Single,2025-11-13,Active
CUST00229,Customer 229,customer229@example.com,Male,46,France,Hyderabad,101411,Graduate,Divorced,2026-04-09,Active
CUST00230,Customer 230,customer230@example.com,Other,27,Singapore,Coimbatore,197768,Graduate,Divorced,2026-04-26,Inactive
CUST00231,Customer 231,customer231@example.com,Female,42,Singapore,Coimbatore,96582,Graduate,Married,2025-12-22,Active
CUST00232,Customer 232,customer232@example.com,Male,62,India,Mumbai,85272,Postgraduate,Single,2026-06-19,Active
CUST00233,Customer 233,customer233@example.com,Other,19,USA,Pune,220270,Graduate,Divorced,2025-12-16,Inactive
CUST00234,Customer 234,customer234@example.com,Male,57,Germany,Pune,157639,PhD,Divorced,2025-08-17,Inactive
CUST00235,Customer 235,customer235@example.com,Female,43,Germany,Bengaluru,104699,Postgraduate,Single,2025-09-21,Inactive
CUST00236,Customer 236,customer236@example.com,Other,55,Singapore,Mumbai,219667,Postgraduate,Married,2026-02-16,Inactive
CUST00237,Customer 237,customer237@example.com,Male,52,India,Berlin,241604,Postgraduate,Divorced,2026-06-13,Inactive
CUST00238,Customer 238,customer238@example.com,Male,40,Singapore,Chennai,96546,Graduate,Single,2025-05-18,Active
CUST00239,Customer 239,customer239@example.com,Female,34,Australia,London,142319,High School,Divorced,2025-06-24,Inactive
CUST00240,Customer 240,customer240@example.com,Other,50,Germany,Chennai,133799,PhD,Married,2026-01-24,Inactive
CUST00241,Customer 241,customer241@example.com,Male,25,France,Mumbai,182871,PhD,Married,2026-04-01,Active
CUST00242,Customer 242,customer242@example.com,Female,48,Germany,Pune,238986,PhD,Married,2025-08-26,Active
CUST00243,Customer 243,customer243@example.com,Female,22,Australia,London,148419,PhD,Divorced,2026-01-19,Active
CUST00244,Customer 244,customer244@example.com,Male,51,Singapore,New York,204598,High School,Divorced,2025-01-05,Active
CUST00245,Customer 245,customer245@example.com,Other,50,France,Berlin,159011,Graduate,Married,2025-06-23,Inactive
CUST00246,Customer 246,customer246@example.com,Other,22,Germany,New York,224584,High School,Single,2026-07-24,Inactive
CUST00247,Customer 247,customer247@example.com,Female,57,Germany,Bengaluru,116032,High School,Married,2025-12-10,Active
CUST00248,Customer 248,customer248@example.com,Male,39,Germany,Coimbatore,111680,PhD,Divorced,2026-06-02,Inactive
CUST00249,Customer 249,customer249@example.com,Male,58,India,Hyderabad,120044,Postgraduate,Single,2025-05-10,Inactive
CUST00250,Customer 250,customer250@example.com,Female,20,France,Pune,249214,PhD,Married,2025-06-23,Active
CUST00251,Customer 251,customer251@example.com,Female,27,France,Mumbai,162574,PhD,Married,2026-08-05,Inactive
CUST00252,Customer 252,customer252@example.com,Female,43,France,Pune,59327,Graduate,Married,2026-08-18,Inactive
CUST00253,Customer 253,customer253@example.com,Male,27,India,Chennai,34201,PhD,Divorced,2026-06-07,Inactive
CUST00254,Customer 254,customer254@example.com,Female,35,France,Delhi,141723,High School,Married,2025-07-09,Inactive
CUST00255,Customer 255,customer255@example.com,Male,52,France,Chennai,206282,Graduate,Single,2026-04-23,Active
CUST00256,Customer 256,customer256@example.com,Other,25,France,Pune,132836,Graduate,Married,2025-10-01,Inactive
CUST00257,Customer 257,customer257@example.com,Other,53,France,Mumbai,151047,Postgraduate,Single,2026-05-18,Active
CUST00258,Customer 258,customer258@example.com,Female,23,Singapore,Mumbai,204648,Postgraduate,Divorced,2026-05-23,Inactive
CUST00259,Customer 259,customer259@example.com,Male,27,USA,Bengaluru,141177,PhD,Married,2025-09-17,Inactive
CUST00260,Customer 260,customer260@example.com,Other,48,Singapore,London,229439,Postgraduate,Married,2025-07-01,Active
CUST00261,Customer 261,customer261@example.com,Male,59,Germany,Pune,168535,Graduate,Married,2026-08-05,Active
CUST00262,Customer 262,customer262@example.com,Other,26,Germany,Coimbatore,189507,High School,Married,2025-09-26,Active
CUST00263,Customer 263,customer263@example.com,Male,33,France,Chennai,200830,Postgraduate,Married,2025-09-15,Active
CUST00264,Customer 264,customer264@example.com,Female,66,Australia,London,166034,Graduate,Divorced,2026-02-01,Inactive
CUST00265,Customer 265,customer265@example.com,Male,69,USA,Delhi,36264,PhD,Married,2026-07-13,Active
CUST00266,Customer 266,customer266@example.com,Male,48,India,Hyderabad,121171,Graduate,Single,2025-03-19,Active
CUST00267,Customer 267,customer267@example.com,Other,41,France,Mumbai,56834,High School,Married,2026-08-10,Active
CUST00268,Customer 268,customer268@example.com,Other,36,India,Hyderabad,139823,High School,Married,2025-09-09,Inactive
CUST00269,Customer 269,customer269@example.com,Male,49,Singapore,Chennai,57212,High School,Married,2025-01-16,Active
CUST00270,Customer 270,customer270@example.com,Other,48,UK,Bengaluru,139593,Postgraduate,Married,2025-07-04,Active
CUST00271,Customer 271,customer271@example.com,Male,33,Australia,Delhi,102364,Postgraduate,Single,2025-10-03,Active
CUST00272,Customer 272,customer272@example.com,Male,19,UK,Bengaluru,29582,PhD,Married,2026-02-08,Active
CUST00273,Customer 273,customer273@example.com,Male,25,India,Delhi,53096,PhD,Married,2025-12-04,Active
CUST00274,Customer 274,customer274@example.com,Female,67,France,Berlin,138185,Graduate,Single,2025-03-23,Active
CUST00275,Customer 275,customer275@example.com,Male,39,Singapore,Delhi,42734,Graduate,Divorced,2025-05-19,Active
CUST00276,Customer 276,customer276@example.com,Female,43,Australia,Hyderabad,217594,Graduate,Married,2025-06-10,Active
CUST00277,Customer 277,customer277@example.com,Male,42,Singapore,Hyderabad,195707,Postgraduate,Single,2026-02-28,Inactive
CUST00278,Customer 278,customer278@example.com,Male,58,Australia,Bengaluru,184587,Graduate,Married,2026-04-24,Active
CUST00279,Customer 279,customer279@example.com,Female,21,Australia,Hyderabad,63726,High School,Married,2025-04-04,Inactive
CUST00280,Customer 280,customer280@example.com,Other,22,Australia,New York,204035,Postgraduate,Divorced,2025-12-26,Inactive
CUST00281,Customer 281,customer281@example.com,Other,32,UK,Hyderabad,167806,PhD,Single,2025-09-09,Inactive
CUST00282,Customer 282,customer282@example.com,Female,43,India,New York,112859,PhD,Married,2025-07-20,Inactive
CUST00283,Customer 283,customer283@example.com,Male,52,Germany,Delhi,25093,Graduate,Single,2026-03-01,Inactive
CUST00284,Customer 284,customer284@example.com,Other,43,UK,Pune,144019,PhD,Married,2025-05-29,Active
CUST00285,Customer 285,customer285@example.com,Other,40,Singapore,Coimbatore,204079,PhD,Single,2026-04-02,Inactive
CUST00286,Customer 286,customer286@example.com,Other,66,Australia,London,32533,High School,Married,2025-08-27,Active
CUST00287,Customer 287,customer287@example.com,Other,26,USA,Hyderabad,36841,PhD,Divorced,2025-02-26,Active
CUST00288,Customer 288,customer288@example.com,Other,47,Australia,Hyderabad,111174,Postgraduate,Divorced,2026-04-18,Inactive
CUST00289,Customer 289,customer289@example.com,Other,46,Australia,Chennai,140104,High School,Married,2026-05-23,Inactive
CUST00290,Customer 290,customer290@example.com,Female,42,France,Berlin,131744,High School,Divorced,2025-12-02,Active
CUST00291,Customer 291,customer291@example.com,Female,59,Singapore,Coimbatore,120896,High School,Single,2026-03-08,Inactive
CUST00292,Customer 292,customer292@example.com,Male,31,India,Mumbai,82422,Postgraduate,Divorced,2025-03-29,Inactive
CUST00293,Customer 293,customer293@example.com,Male,67,UK,Hyderabad,38469,Graduate,Divorced,2025-07-22,Active
CUST00294,Customer 294,customer294@example.com,Other,35,Singapore,Bengaluru,32029,Postgraduate,Single,2025-07-28,Inactive
CUST00295,Customer 295,customer295@example.com,Other,46,India,Hyderabad,47232,Postgraduate,Single,2026-04-01,Inactive
CUST00296,Customer 296,customer296@example.com,Other,45,India,Bengaluru,180342,High School,Married,2025-07-29,Inactive
CUST00297,Customer 297,customer297@example.com,Male,62,UK,Pune,201845,PhD,Single,2026-03-11,Inactive
CUST00298,Customer 298,customer298@example.com,Female,40,Australia,Berlin,122895,Postgraduate,Single,2025-07-02,Inactive
CUST00299,Customer 299,customer299@example.com,Male,32,Singapore,Chennai,42419,Postgraduate,Single,2025-12-25,Active
CUST00300,Customer 300,customer300@example.com,Other,19,Singapore,Pune,118528,High School,Single,2025-05-06,Inactive
CUST00301,Customer 301,customer301@example.com,Male,36,Germany,New York,246770,Graduate,Single,2025-11-29,Active
CUST00302,Customer 302,customer302@example.com,Male,60,USA,Hyderabad,81247,PhD,Single,2025-02-18,Inactive
CUST00303,Customer 303,customer303@example.com,Female,18,Singapore,Pune,135501,Graduate,Married,2026-03-14,Active
CUST00304,Customer 304,customer304@example.com,Other,64,Singapore,Delhi,146012,Graduate,Single,2025-01-18,Inactive
CUST00305,Customer 305,customer305@example.com,Other,46,USA,New York,99236,Postgraduate,Married,2026-08-19,Inactive
CUST00306,Customer 306,customer306@example.com,Male,25,Australia,New York,123556,High School,Divorced,2026-05-16,Active
CUST00307,Customer 307,customer307@example.com,Male,33,Australia,Berlin,131141,PhD,Single,2025-12-11,Inactive
CUST00308,Customer 308,customer308@example.com,Male,46,Australia,Pune,131646,Graduate,Married,2026-06-27,Active
CUST00309,Customer 309,customer309@example.com,Male,34,Australia,New York,186479,Graduate,Single,2026-04-27,Active
CUST00310,Customer 310,customer310@example.com,Female,23,USA,Pune,155696,Graduate,Divorced,2025-03-27,Active
CUST00311,Customer 311,customer311@example.com,Male,52,UK,Coimbatore,37015,High School,Married,2026-03-20,Inactive
CUST00312,Customer 312,customer312@example.com,Male,52,Australia,New York,26423,Graduate,Married,2025-08-13,Active
CUST00313,Customer 313,customer313@example.com,Female,24,France,Hyderabad,117406,High School,Divorced,2026-05-26,Inactive
CUST00314,Customer 314,customer314@example.com,Male,32,Singapore,Hyderabad,229232,High School,Divorced,2026-05-30,Inactive
CUST00315,Customer 315,customer315@example.com,Male,30,Australia,Berlin,33301,PhD,Divorced,2026-07-23,Active
CUST00316,Customer 316,customer316@example.com,Male,52,Germany,Hyderabad,40994,PhD,Married,2025-09-26,Active
CUST00317,Customer 317,customer317@example.com,Male,55,India,Bengaluru,177834,High School,Married,2025-04-26,Active
CUST00318,Customer 318,customer318@example.com,Female,55,France,London,126458,High School,Married,2025-03-16,Active
CUST00319,Customer 319,customer319@example.com,Other,66,Australia,Coimbatore,76892,Graduate,Married,2025-04-09,Inactive
CUST00320,Customer 320,customer320@example.com,Other,57,Singapore,New York,71659,High School,Single,2026-08-15,Active
CUST00321,Customer 321,customer321@example.com,Male,34,USA,Bengaluru,174627,Postgraduate,Married,2025-12-16,Active
CUST00322,Customer 322,customer322@example.com,Male,23,UK,London,142851,Postgraduate,Single,2025-07-29,Inactive
CUST00323,Customer 323,customer323@example.com,Female,49,UK,Pune,168602,High School,Married,2025-09-25,Inactive
CUST00324,Customer 324,customer324@example.com,Female,65,Germany,London,88052,Postgraduate,Divorced,2025-04-14,Inactive
CUST00325,Customer 325,customer325@example.com,Other,68,India,London,143434,PhD,Single,2025-12-07,Inactive
CUST00326,Customer 326,customer326@example.com,Other,29,France,Pune,218502,Graduate,Divorced,2025-09-11,Inactive
CUST00327,Customer 327,customer327@example.com,Female,30,Australia,Hyderabad,96232,Postgraduate,Married,2026-04-21,Inactive
CUST00328,Customer 328,customer328@example.com,Male,19,France,Bengaluru,114181,High School,Divorced,2025-01-13,Active
CUST00329,Customer 329,customer329@example.com,Male,25,Singapore,Hyderabad,61842,PhD,Married,2026-07-10,Active
CUST00330,Customer 330,customer330@example.com,Male,46,India,Mumbai,168720,PhD,Single,2025-02-06,Active
CUST00331,Customer 331,customer331@example.com,Male,46,Germany,Hyderabad,32315,High School,Single,2025-09-06,Inactive
CUST00332,Customer 332,customer332@example.com,Other,37,Germany,Mumbai,80998,PhD,Divorced,2025-07-23,Inactive
CUST00333,Customer 333,customer333@example.com,Male,34,India,Chennai,185439,PhD,Divorced,2026-03-04,Inactive
CUST00334,Customer 334,customer334@example.com,Other,61,India,Hyderabad,29366,High School,Divorced,2026-01-28,Inactive
CUST00335,Customer 335,customer335@example.com,Female,41,India,Hyderabad,247545,High School,Single,2025-04-28,Active
CUST00336,Customer 336,customer336@example.com,Female,60,France,Pune,115935,PhD,Divorced,2025-10-20,Inactive
CUST00337,Customer 337,customer337@example.com,Female,68,Australia,Delhi,114708,Graduate,Single,2025-11-15,Active
CUST00338,Customer 338,customer338@example.com,Other,34,France,Hyderabad,145709,Graduate,Divorced,2025-10-04,Inactive
CUST00339,Customer 339,customer339@example.com,Male,28,Australia,Berlin,168816,Postgraduate,Married,2025-01-13,Active
CUST00340,Customer 340,customer340@example.com,Male,67,UK,Mumbai,128398,High School,Single,2025-04-17,Active
CUST00341,Customer 341,customer341@example.com,Female,51,Singapore,Chennai,223957,PhD,Divorced,2025-10-28,Inactive
CUST00342,Customer 342,customer342@example.com,Female,33,France,London,241454,PhD,Single,2025-06-05,Inactive
CUST00343,Customer 343,customer343@example.com,Female,50,UK,Mumbai,70079,Postgraduate,Divorced,2025-11-22,Inactive
CUST00344,Customer 344,customer344@example.com,Other,44,Germany,Mumbai,184039,PhD,Divorced,2025-04-08,Inactive
CUST00345,Customer 345,customer345@example.com,Female,65,France,Pune,92705,PhD,Divorced,2026-03-15,Active
CUST00346,Customer 346,customer346@example.com,Male,31,UK,Bengaluru,249026,Postgraduate,Divorced,2025-04-23,Inactive
CUST00347,Customer 347,customer347@example.com,Male,69,Singapore,Delhi,81996,Postgraduate,Single,2026-01-23,Inactive
CUST00348,Customer 348,customer348@example.com,Other,66,Germany,London,91388,Graduate,Divorced,2026-05-14,Inactive
CUST00349,Customer 349,customer349@example.com,Male,27,Australia,Coimbatore,185704,PhD,Single,2025-08-02,Active
CUST00350,Customer 350,customer350@example.com,Female,26,France,Mumbai,202537,Graduate,Divorced,2025-03-25,Active
CUST00351,Customer 351,customer351@example.com,Female,45,USA,New York,53931,Postgraduate,Married,2025-01-04,Inactive
CUST00352,Customer 352,customer352@example.com,Other,20,UK,Hyderabad,150001,Graduate,Single,2025-08-03,Active
CUST00353,Customer 353,customer353@example.com,Other,33,UK,Pune,102776,Graduate,Divorced,2025-03-10,Inactive
CUST00354,Customer 354,customer354@example.com,Female,40,France,Berlin,162646,Graduate,Single,2026-06-10,Inactive
CUST00355,Customer 355,customer355@example.com,Male,68,UK,Bengaluru,150264,PhD,Divorced,2026-08-03,Inactive
CUST00356,Customer 356,customer356@example.com,Female,69,Australia,New York,246817,Graduate,Divorced,2026-08-08,Inactive
CUST00357,Customer 357,customer357@example.com,Female,25,India,Mumbai,235076,Graduate,Single,2026-07-04,Active
CUST00358,Customer 358,customer358@example.com,Male,64,Germany,Hyderabad,172147,PhD,Divorced,2025-12-16,Active
CUST00359,Customer 359,customer359@example.com,Female,22,USA,Hyderabad,177869,Postgraduate,Single,2025-07-13,Inactive
CUST00360,Customer 360,customer360@example.com,Male,56,India,Delhi,227234,PhD,Divorced,2025-09-24,Active
CUST00361,Customer 361,customer361@example.com,Female,61,Singapore,Mumbai,66285,High School,Married,2025-06-04,Active
CUST00362,Customer 362,customer362@example.com,Other,64,Australia,London,188294,PhD,Married,2026-05-16,Inactive
CUST00363,Customer 363,customer363@example.com,Other,29,UK,Bengaluru,198718,PhD,Single,2025-09-18,Inactive
CUST00364,Customer 364,customer364@example.com,Male,64,India,Chennai,53662,High School,Divorced,2025-08-18,Active
CUST00365,Customer 365,customer365@example.com,Other,24,USA,Berlin,223295,PhD,Divorced,2026-02-16,Inactive
CUST00366,Customer 366,customer366@example.com,Male,44,Australia,Coimbatore,182371,Graduate,Single,2025-08-11,Active
CUST00367,Customer 367,customer367@example.com,Female,42,Germany,Berlin,103105,Graduate,Divorced,2025-08-01,Active
CUST00368,Customer 368,customer368@example.com,Male,34,Singapore,Pune,133971,PhD,Divorced,2025-05-16,Inactive
CUST00369,Customer 369,customer369@example.com,Male,19,India,Hyderabad,135160,High School,Single,2025-02-10,Active
CUST00370,Customer 370,customer370@example.com,Male,58,UK,Hyderabad,231730,Graduate,Married,2025-01-23,Inactive
CUST00371,Customer 371,customer371@example.com,Male,35,UK,London,243080,Graduate,Married,2025-08-29,Active
CUST00372,Customer 372,customer372@example.com,Other,52,Germany,Hyderabad,206538,Postgraduate,Single,2026-08-17,Inactive
CUST00373,Customer 373,customer373@example.com,Male,39,Germany,London,171747,High School,Married,2025-06-05,Inactive
CUST00374,Customer 374,customer374@example.com,Female,37,Australia,Bengaluru,48430,Graduate,Single,2026-01-18,Inactive
CUST00375,Customer 375,customer375@example.com,Other,64,France,Pune,230836,PhD,Married,2025-07-13,Active
CUST00376,Customer 376,customer376@example.com,Other,22,USA,Berlin,55131,PhD,Married,2025-06-30,Active
CUST00377,Customer 377,customer377@example.com,Other,56,France,Pune,62532,High School,Single,2025-04-08,Inactive
CUST00378,Customer 378,customer378@example.com,Male,56,Germany,Pune,40662,Postgraduate,Divorced,2025-12-02,Inactive
CUST00379,Customer 379,customer379@example.com,Other,37,Germany,Delhi,238244,High School,Single,2026-01-28,Inactive
CUST00380,Customer 380,customer380@example.com,Female,31,India,Chennai,135980,PhD,Divorced,2025-07-28,Inactive
CUST00381,Customer 381,customer381@example.com,Male,18,India,Chennai,78093,PhD,Married,2025-11-10,Active
CUST00382,Customer 382,customer382@example.com,Female,66,Singapore,Pune,43173,PhD,Single,2025-10-11,Inactive
CUST00383,Customer 383,customer383@example.com,Other,67,France,Mumbai,117698,Graduate,Married,2025-06-11,Inactive
CUST00384,Customer 384,customer384@example.com,Female,30,UK,Hyderabad,187828,PhD,Married,2026-02-17,Inactive
CUST00385,Customer 385,customer385@example.com,Male,19,France,Chennai,248777,PhD,Single,2025-11-27,Inactive
CUST00386,Customer 386,customer386@example.com,Other,24,Australia,Delhi,149281,Graduate,Married,2025-02-09,Active
CUST00387,Customer 387,customer387@example.com,Other,21,Germany,Coimbatore,161605,Graduate,Divorced,2025-10-21,Active
CUST00388,Customer 388,customer388@example.com,Other,61,Singapore,Mumbai,213074,PhD,Divorced,2025-08-21,Active
CUST00389,Customer 389,customer389@example.com,Other,64,France,Chennai,227912,Graduate,Single,2026-04-20,Inactive
CUST00390,Customer 390,customer390@example.com,Other,25,USA,Mumbai,87954,Postgraduate,Married,2025-07-02,Active
CUST00391,Customer 391,customer391@example.com,Female,56,Germany,Bengaluru,248177,Graduate,Married,2026-07-24,Active
CUST00392,Customer 392,customer392@example.com,Male,27,Australia,New York,141807,Postgraduate,Divorced,2026-01-02,Active
CUST00393,Customer 393,customer393@example.com,Female,37,Singapore,Chennai,234282,PhD,Divorced,2025-03-19,Active
CUST00394,Customer 394,customer394@example.com,Male,49,Singapore,Delhi,51433,High School,Single,2025-08-29,Inactive
CUST00395,Customer 395,customer395@example.com,Female,55,UK,Delhi,46921,High School,Divorced,2026-06-11,Inactive
CUST00396,Customer 396,customer396@example.com,Female,63,UK,Hyderabad,224038,High School,Married,2025-06-01,Active
CUST00397,Customer 397,customer397@example.com,Other,20,France,Delhi,176328,PhD,Single,2026-02-25,Inactive
CUST00398,Customer 398,customer398@example.com,Male,28,Germany,Pune,64376,Postgraduate,Divorced,2026-04-12,Inactive
CUST00399,Customer 399,customer399@example.com,Male,32,Singapore,Delhi,226358,Graduate,Single,2026-02-17,Inactive
CUST00400,Customer 400,customer400@example.com,Other,34,USA,London,48031,PhD,Single,2025-02-23,Active
CUST00401,Customer 401,customer401@example.com,Male,69,France,Delhi,178517,Postgraduate,Married,2025-08-12,Inactive
CUST00402,Customer 402,customer402@example.com,Female,58,Singapore,Bengaluru,71136,High School,Divorced,2025-07-27,Active
CUST00403,Customer 403,customer403@example.com,Other,34,France,New York,40884,PhD,Divorced,2025-07-24,Inactive
CUST00404,Customer 404,customer404@example.com,Female,68,India,London,206402,Graduate,Divorced,2026-06-08,Active
CUST00405,Customer 405,customer405@example.com,Female,43,Germany,Berlin,215665,Postgraduate,Married,2025-01-04,Inactive
CUST00406,Customer 406,customer406@example.com,Other,44,India,London,48808,Graduate,Divorced,2025-11-18,Active
CUST00407,Customer 407,customer407@example.com,Female,40,Germany,Bengaluru,45954,High School,Divorced,2026-08-09,Inactive
CUST00408,Customer 408,customer408@example.com,Other,25,Germany,Mumbai,163246,High School,Married,2026-06-06,Inactive
CUST00409,Customer 409,customer409@example.com,Female,66,Germany,Delhi,31459,High School,Married,2025-12-28,Active
CUST00410,Customer 410,customer410@example.com,Male,18,France,London,192891,Graduate,Married,2026-08-18,Inactive
CUST00411,Customer 411,customer411@example.com,Female,27,Singapore,Berlin,231024,PhD,Single,2025-08-28,Inactive
CUST00412,Customer 412,customer412@example.com,Male,29,USA,Coimbatore,193994,Graduate,Single,2025-12-31,Active
CUST00413,Customer 413,customer413@example.com,Other,32,France,Hyderabad,76904,Postgraduate,Divorced,2025-11-21,Active
CUST00414,Customer 414,customer414@example.com,Female,24,Australia,Hyderabad,67763,Graduate,Divorced,2025-01-29,Inactive
CUST00415,Customer 415,customer415@example.com,Female,18,UK,Chennai,178135,High School,Married,2025-01-25,Inactive
CUST00416,Customer 416,customer416@example.com,Female,53,UK,Hyderabad,38865,Postgraduate,Married,2026-06-19,Inactive
CUST00417,Customer 417,customer417@example.com,Female,68,UK,Chennai,145982,Graduate,Single,2025-04-14,Inactive
CUST00418,Customer 418,customer418@example.com,Male,24,Germany,Pune,125981,Graduate,Married,2025-07-31,Inactive
CUST00419,Customer 419,customer419@example.com,Male,33,USA,London,192534,PhD,Married,2026-01-07,Active
CUST00420,Customer 420,customer420@example.com,Female,44,Singapore,Hyderabad,70559,Graduate,Single,2025-12-10,Active
CUST00421,Customer 421,customer421@example.com,Male,66,Australia,Mumbai,196524,Postgraduate,Divorced,2025-11-03,Active
CUST00422,Customer 422,customer422@example.com,Other,54,India,New York,182336,High School,Married,2026-08-07,Active
CUST00423,Customer 423,customer423@example.com,Male,57,Australia,Pune,78710,Postgraduate,Divorced,2026-04-15,Inactive
CUST00424,Customer 424,customer424@example.com,Other,48,UK,Bengaluru,105256,Graduate,Single,2026-07-16,Inactive
CUST00425,Customer 425,customer425@example.com,Female,39,France,London,39853,Graduate,Divorced,2026-01-28,Active
CUST00426,Customer 426,customer426@example.com,Female,28,India,Bengaluru,126105,Postgraduate,Divorced,2026-08-07,Inactive
CUST00427,Customer 427,customer427@example.com,Male,62,Germany,London,83635,Postgraduate,Divorced,2025-12-25,Active
CUST00428,Customer 428,customer428@example.com,Female,59,UK,Delhi,50534,Postgraduate,Divorced,2025-11-19,Active
CUST00429,Customer 429,customer429@example.com,Other,19,Australia,Mumbai,150980,High School,Single,2026-05-01,Inactive
CUST00430,Customer 430,customer430@example.com,Male,55,India,Pune,152699,High School,Married,2026-06-02,Inactive
CUST00431,Customer 431,customer431@example.com,Male,22,India,Berlin,44337,PhD,Married,2025-02-10,Inactive
CUST00432,Customer 432,customer432@example.com,Female,56,Singapore,Bengaluru,66743,High School,Married,2026-06-27,Active
CUST00433,Customer 433,customer433@example.com,Male,60,India,Chennai,43585,Graduate,Divorced,2026-02-16,Inactive
CUST00434,Customer 434,customer434@example.com,Male,24,Singapore,New York,177772,High School,Divorced,2026-06-19,Inactive
CUST00435,Customer 435,customer435@example.com,Female,40,USA,Mumbai,101057,PhD,Divorced,2026-03-03,Active
CUST00436,Customer 436,customer436@example.com,Female,24,India,Hyderabad,41013,Graduate,Single,2026-07-07,Active
CUST00437,Customer 437,customer437@example.com,Female,47,USA,Berlin,68096,High School,Divorced,2025-06-13,Active
CUST00438,Customer 438,customer438@example.com,Other,66,India,Chennai,244577,High School,Married,2025-04-22,Inactive
CUST00439,Customer 439,customer439@example.com,Other,22,France,Hyderabad,82544,Graduate,Divorced,2025-04-27,Active
CUST00440,Customer 440,customer440@example.com,Male,38,France,New York,179019,Graduate,Divorced,2025-05-31,Active
CUST00441,Customer 441,customer441@example.com,Female,68,France,Berlin,130398,High School,Divorced,2025-05-08,Active
CUST00442,Customer 442,customer442@example.com,Male,33,France,Chennai,65889,Graduate,Divorced,2025-09-21,Active
CUST00443,Customer 443,customer443@example.com,Male,24,USA,Delhi,94162,High School,Single,2025-04-29,Inactive
CUST00444,Customer 444,customer444@example.com,Male,43,UK,Berlin,28171,PhD,Married,2025-04-05,Inactive
CUST00445,Customer 445,customer445@example.com,Female,44,Australia,Hyderabad,193073,Postgraduate,Married,2025-11-09,Active
CUST00446,Customer 446,customer446@example.com,Other,52,France,Bengaluru,100254,Graduate,Divorced,2026-04-18,Active
CUST00447,Customer 447,customer447@example.com,Other,34,France,Chennai,137330,High School,Married,2025-03-22,Active
CUST00448,Customer 448,customer448@example.com,Female,67,Germany,Mumbai,59383,Graduate,Married,2026-01-28,Inactive
CUST00449,Customer 449,customer449@example.com,Other,45,UK,Pune,210448,High School,Divorced,2026-02-25,Active
CUST00450,Customer 450,customer450@example.com,Male,32,India,Pune,74142,High School,Divorced,2025-03-04,Inactive
CUST00451,Customer 451,customer451@example.com,Other,67,India,Bengaluru,152414,Postgraduate,Divorced,2026-03-14,Active
CUST00452,Customer 452,customer452@example.com,Other,66,Germany,Berlin,221369,High School,Married,2025-01-17,Active
CUST00453,Customer 453,customer453@example.com,Male,43,UK,London,185469,Postgraduate,Single,2025-05-22,Inactive
CUST00454,Customer 454,customer454@example.com,Female,19,USA,Mumbai,160721,Graduate,Divorced,2025-07-10,Active
CUST00455,Customer 455,customer455@example.com,Other,49,USA,Coimbatore,224809,Graduate,Married,2026-05-24,Inactive
CUST00456,Customer 456,customer456@example.com,Female,46,Singapore,Pune,64703,Graduate,Married,2025-04-25,Inactive
CUST00457,Customer 457,customer457@example.com,Other,25,USA,Chennai,241800,High School,Married,2026-04-12,Active
CUST00458,Customer 458,customer458@example.com,Other,50,Singapore,Mumbai,150248,Graduate,Divorced,2026-08-13,Inactive
CUST00459,Customer 459,customer459@example.com,Female,61,Singapore,New York,117218,Graduate,Divorced,2026-07-27,Inactive
CUST00460,Customer 460,customer460@example.com,Male,23,USA,Coimbatore,82550,Graduate,Divorced,2025-06-30,Inactive
CUST00461,Customer 461,customer461@example.com,Female,55,Singapore,Pune,192608,Postgraduate,Divorced,2025-02-27,Active
CUST00462,Customer 462,customer462@example.com,Male,25,France,Coimbatore,244646,Postgraduate,Single,2025-05-13,Active
CUST00463,Customer 463,customer463@example.com,Female,56,USA,Chennai,180276,Graduate,Single,2026-04-04,Inactive
CUST00464,Customer 464,customer464@example.com,Female,39,USA,Pune,32370,Postgraduate,Divorced,2025-04-28,Inactive
CUST00465,Customer 465,customer465@example.com,Female,18,UK,Pune,130545,Graduate,Single,2026-01-20,Active
CUST00466,Customer 466,customer466@example.com,Male,68,Singapore,Delhi,189772,High School,Single,2025-08-11,Inactive
CUST00467,Customer 467,customer467@example.com,Male,26,Australia,New York,114423,High School,Single,2026-04-03,Inactive
CUST00468,Customer 468,customer468@example.com,Other,48,India,Hyderabad,198925,High School,Married,2025-12-28,Inactive
CUST00469,Customer 469,customer469@example.com,Male,27,India,Delhi,184141,Postgraduate,Divorced,2025-12-15,Inactive
CUST00470,Customer 470,customer470@example.com,Male,66,Australia,Pune,40111,PhD,Divorced,2026-04-12,Active
CUST00471,Customer 471,customer471@example.com,Other,56,France,Hyderabad,150543,PhD,Married,2026-07-24,Inactive
CUST00472,Customer 472,customer472@example.com,Male,59,India,Pune,63670,PhD,Married,2025-08-06,Active
CUST00473,Customer 473,customer473@example.com,Female,40,UK,Coimbatore,134467,PhD,Divorced,2025-11-12,Active
CUST00474,Customer 474,customer474@example.com,Male,42,Singapore,London,111469,Graduate,Divorced,2026-01-09,Inactive
CUST00475,Customer 475,customer475@example.com,Male,50,Australia,Chennai,206553,High School,Single,2026-05-06,Active
CUST00476,Customer 476,customer476@example.com,Female,58,France,Chennai,220335,Graduate,Single,2025-10-15,Inactive
CUST00477,Customer 477,customer477@example.com,Female,62,India,Chennai,128830,PhD,Married,2025-08-12,Active
CUST00478,Customer 478,customer478@example.com,Male,18,France,New York,145825,High School,Single,2026-05-20,Active
CUST00479,Customer 479,customer479@example.com,Male,52,India,Bengaluru,165870,PhD,Divorced,2026-07-23,Active
CUST00480,Customer 480,customer480@example.com,Male,23,UK,New York,172444,PhD,Divorced,2025-12-06,Inactive
CUST00481,Customer 481,customer481@example.com,Female,32,UK,Mumbai,167958,High School,Single,2025-03-03,Active
CUST00482,Customer 482,customer482@example.com,Other,61,France,Berlin,201178,Graduate,Divorced,2025-06-22,Active
CUST00483,Customer 483,customer483@example.com,Male,31,Australia,London,245946,Postgraduate,Married,2025-10-03,Active
CUST00484,Customer 484,customer484@example.com,Male,59,Singapore,Delhi,211328,High School,Married,2026-02-24,Active
CUST00485,Customer 485,customer485@example.com,Female,42,UK,Bengaluru,55310,Graduate,Divorced,2026-02-04,Inactive
CUST00486,Customer 486,customer486@example.com,Female,30,France,London,132164,High School,Married,2026-05-04,Active
CUST00487,Customer 487,customer487@example.com,Male,35,UK,Bengaluru,128791,Postgraduate,Married,2025-01-18,Active
CUST00488,Customer 488,customer488@example.com,Male,45,Germany,Chennai,139478,High School,Single,2025-10-05,Active
CUST00489,Customer 489,customer489@example.com,Female,57,USA,Pune,143904,Postgraduate,Married,2026-02-22,Active
CUST00490,Customer 490,customer490@example.com,Female,49,France,Pune,186552,High School,Married,2026-08-12,Active
CUST00491,Customer 491,customer491@example.com,Female,66,Germany,Berlin,119728,Postgraduate,Divorced,2025-03-26,Inactive
CUST00492,Customer 492,customer492@example.com,Male,63,Germany,Delhi,84252,PhD,Married,2026-06-08,Active
CUST00493,Customer 493,customer493@example.com,Other,57,USA,Chennai,127958,Graduate,Married,2025-01-05,Active
CUST00494,Customer 494,customer494@example.com,Female,49,Germany,New York,217261,PhD,Single,2025-04-28,Active
CUST00495,Customer 495,customer495@example.com,Female,33,France,Chennai,95072,High School,Divorced,2026-05-20,Inactive
CUST00496,Customer 496,customer496@example.com,Male,39,USA,Berlin,29677,Graduate,Single,2026-04-14,Inactive
CUST00497,Customer 497,customer497@example.com,Other,24,France,Mumbai,244666,PhD,Divorced,2026-08-03,Inactive
CUST00498,Customer 498,customer498@example.com,Other,37,France,Berlin,69048,Graduate,Divorced,2025-12-25,Inactive
CUST00499,Customer 499,customer499@example.com,Male,66,Germany,New York,160640,PhD,Married,2026-01-03,Active
CUST00500,Customer 500,customer500@example.com,Other,40,France,Coimbatore,205045,Postgraduate,Divorced,2025-11-15,Inactive
CUST00501,Customer 501,customer501@example.com,Other,23,USA,Pune,86755,Graduate,Married,2025-11-01,Inactive
CUST00502,Customer 502,customer502@example.com,Male,51,UK,London,101558,High School,Single,2025-11-03,Active
CUST00503,Customer 503,customer503@example.com,Other,68,India,Delhi,88111,PhD,Married,2025-06-24,Inactive
CUST00504,Customer 504,customer504@example.com,Male,63,Australia,Delhi,58712,Graduate,Married,2026-05-24,Inactive
CUST00505,Customer 505,customer505@example.com,Male,32,Singapore,Coimbatore,59413,High School,Divorced,2025-08-01,Inactive
CUST00506,Customer 506,customer506@example.com,Male,41,France,Chennai,67020,High School,Divorced,2025-12-31,Active
CUST00507,Customer 507,customer507@example.com,Female,45,France,London,128061,Graduate,Married,2026-02-03,Inactive
CUST00508,Customer 508,customer508@example.com,Female,30,USA,Coimbatore,144420,Postgraduate,Divorced,2025-11-17,Inactive
CUST00509,Customer 509,customer509@example.com,Female,31,Germany,Mumbai,28597,High School,Married,2025-12-31,Active
CUST00510,Customer 510,customer510@example.com,Male,30,India,Hyderabad,215391,Postgraduate,Single,2025-01-30,Inactive
CUST00511,Customer 511,customer511@example.com,Male,69,France,Chennai,177080,PhD,Divorced,2025-07-08,Inactive
CUST00512,Customer 512,customer512@example.com,Other,56,UK,Berlin,40896,Postgraduate,Single,2025-09-25,Active
CUST00513,Customer 513,customer513@example.com,Other,61,Singapore,Hyderabad,214612,Postgraduate,Single,2025-08-23,Active
CUST00514,Customer 514,customer514@example.com,Other,60,India,Pune,31858,PhD,Divorced,2026-06-26,Active
CUST00515,Customer 515,customer515@example.com,Male,67,India,Berlin,151119,High School,Single,2026-06-19,Inactive
CUST00516,Customer 516,customer516@example.com,Other,23,Australia,New York,129663,High School,Married,2026-03-01,Inactive
CUST00517,Customer 517,customer517@example.com,Other,63,France,Chennai,137981,Postgraduate,Single,2025-07-29,Active
CUST00518,Customer 518,customer518@example.com,Female,21,Singapore,Delhi,240143,High School,Divorced,2025-01-31,Inactive
CUST00519,Customer 519,customer519@example.com,Male,42,USA,Pune,233589,PhD,Single,2026-03-27,Inactive
CUST00520,Customer 520,customer520@example.com,Other,48,UK,Hyderabad,87777,Graduate,Married,2026-06-11,Inactive
CUST00521,Customer 521,customer521@example.com,Female,36,India,Hyderabad,155424,Postgraduate,Married,2025-10-19,Inactive
CUST00522,Customer 522,customer522@example.com,Male,25,USA,Hyderabad,240814,PhD,Single,2026-05-08,Inactive
CUST00523,Customer 523,customer523@example.com,Male,27,UK,Pune,188993,High School,Divorced,2026-07-09,Inactive
CUST00524,Customer 524,customer524@example.com,Female,60,India,Mumbai,224729,PhD,Married,2025-11-22,Inactive
CUST00525,Customer 525,customer525@example.com,Male,34,Australia,Chennai,122835,High School,Divorced,2025-05-05,Inactive
CUST00526,Customer 526,customer526@example.com,Male,34,UK,Hyderabad,88705,Graduate,Married,2025-01-14,Active
CUST00527,Customer 527,customer527@example.com,Female,66,Singapore,Hyderabad,139898,Postgraduate,Divorced,2026-03-28,Inactive
CUST00528,Customer 528,customer528@example.com,Other,25,Singapore,Coimbatore,208814,Postgraduate,Single,2025-12-02,Inactive
CUST00529,Customer 529,customer529@example.com,Male,65,UK,Berlin,233984,Postgraduate,Single,2025-04-02,Inactive
CUST00530,Customer 530,customer530@example.com,Female,65,UK,New York,179320,High School,Divorced,2025-02-02,Active
CUST00531,Customer 531,customer531@example.com,Other,49,Singapore,Hyderabad,183968,High School,Divorced,2026-08-01,Inactive
CUST00532,Customer 532,customer532@example.com,Other,26,Singapore,Chennai,140160,Graduate,Single,2025-07-10,Active
CUST00533,Customer 533,customer533@example.com,Other,26,USA,Coimbatore,96911,PhD,Married,2025-07-14,Active
CUST00534,Customer 534,customer534@example.com,Male,32,Australia,Pune,120156,High School,Married,2026-01-10,Active
CUST00535,Customer 535,customer535@example.com,Other,48,Singapore,London,136984,Postgraduate,Married,2025-08-06,Active
CUST00536,Customer 536,customer536@example.com,Other,25,UK,Bengaluru,208488,Postgraduate,Single,2026-06-29,Inactive
CUST00537,Customer 537,customer537@example.com,Male,41,Singapore,New York,149954,Graduate,Divorced,2026-02-10,Inactive
CUST00538,Customer 538,customer538@example.com,Female,24,Australia,London,203443,Postgraduate,Married,2025-08-02,Inactive
CUST00539,Customer 539,customer539@example.com,Female,46,Australia,New York,31156,Graduate,Married,2025-06-08,Inactive
CUST00540,Customer 540,customer540@example.com,Female,19,India,Pune,195311,High School,Married,2026-05-28,Active
CUST00541,Customer 541,customer541@example.com,Male,54,USA,London,139090,High School,Single,2025-12-19,Inactive
CUST00542,Customer 542,customer542@example.com,Other,20,USA,London,249608,Postgraduate,Divorced,2026-07-02,Active
CUST00543,Customer 543,customer543@example.com,Other,28,India,New York,131137,PhD,Married,2025-07-25,Inactive
CUST00544,Customer 544,customer544@example.com,Female,27,USA,Delhi,132665,Postgraduate,Married,2025-01-13,Active
CUST00545,Customer 545,customer545@example.com,Other,61,UK,Pune,53681,PhD,Divorced,2026-06-20,Inactive
CUST00546,Customer 546,customer546@example.com,Female,20,Australia,Mumbai,206558,Postgraduate,Divorced,2025-05-23,Inactive
CUST00547,Customer 547,customer547@example.com,Other,40,USA,Mumbai,182844,Postgraduate,Single,2026-05-19,Inactive
CUST00548,Customer 548,customer548@example.com,Female,48,Australia,Bengaluru,219058,Postgraduate,Married,2026-02-28,Inactive
CUST00549,Customer 549,customer549@example.com,Female,44,UK,Delhi,45868,High School,Married,2025-05-19,Inactive
CUST00550,Customer 550,customer550@example.com,Male,53,India,Bengaluru,72610,High School,Married,2026-03-28,Active
CUST00551,Customer 551,customer551@example.com,Female,59,Singapore,Delhi,222320,Postgraduate,Divorced,2025-02-18,Inactive
CUST00552,Customer 552,customer552@example.com,Male,38,Singapore,Berlin,34464,Postgraduate,Single,2025-08-22,Active
CUST00553,Customer 553,customer553@example.com,Male,61,Singapore,Pune,139346,Postgraduate,Divorced,2025-08-01,Active
CUST00554,Customer 554,customer554@example.com,Male,34,UK,Coimbatore,116068,PhD,Married,2026-01-27,Inactive
CUST00555,Customer 555,customer555@example.com,Other,69,USA,Coimbatore,236371,Postgraduate,Divorced,2025-11-15,Active
CUST00556,Customer 556,customer556@example.com,Male,44,Germany,Delhi,217766,PhD,Divorced,2025-12-31,Active
CUST00557,Customer 557,customer557@example.com,Other,56,Germany,Pune,226761,PhD,Married,2025-10-11,Active
CUST00558,Customer 558,customer558@example.com,Other,63,India,New York,90048,Graduate,Single,2026-03-17,Inactive
CUST00559,Customer 559,customer559@example.com,Male,59,Australia,London,157189,PhD,Divorced,2025-04-06,Inactive
CUST00560,Customer 560,customer560@example.com,Female,62,USA,Pune,182502,PhD,Married,2026-03-05,Active
CUST00561,Customer 561,customer561@example.com,Female,45,UK,Mumbai,242681,Postgraduate,Divorced,2025-01-30,Inactive
CUST00562,Customer 562,customer562@example.com,Female,20,France,Mumbai,26653,Postgraduate,Single,2025-02-21,Active
CUST00563,Customer 563,customer563@example.com,Other,43,Singapore,Coimbatore,244832,High School,Single,2026-03-08,Active
CUST00564,Customer 564,customer564@example.com,Female,27,Germany,Hyderabad,104957,High School,Married,2025-04-05,Active
CUST00565,Customer 565,customer565@example.com,Female,64,India,Hyderabad,53861,Postgraduate,Single,2026-04-05,Active
CUST00566,Customer 566,customer566@example.com,Female,30,France,Chennai,163491,Postgraduate,Divorced,2025-03-21,Inactive
CUST00567,Customer 567,customer567@example.com,Other,29,USA,Pune,200848,Graduate,Divorced,2025-03-29,Active
CUST00568,Customer 568,customer568@example.com,Female,30,USA,Hyderabad,54195,High School,Married,2026-07-10,Active
CUST00569,Customer 569,customer569@example.com,Female,51,France,Pune,34174,Postgraduate,Single,2025-04-16,Inactive
CUST00570,Customer 570,customer570@example.com,Other,47,Germany,Pune,226737,Graduate,Single,2026-06-29,Active
CUST00571,Customer 571,customer571@example.com,Other,67,USA,Berlin,235085,Postgraduate,Married,2025-07-27,Inactive
CUST00572,Customer 572,customer572@example.com,Other,39,Singapore,Mumbai,60161,Graduate,Divorced,2026-04-21,Inactive
CUST00573,Customer 573,customer573@example.com,Other,32,UK,Hyderabad,228414,Graduate,Single,2026-07-14,Inactive
CUST00574,Customer 574,customer574@example.com,Female,20,India,Mumbai,229704,Postgraduate,Divorced,2025-03-11,Inactive
CUST00575,Customer 575,customer575@example.com,Other,18,USA,Pune,249421,PhD,Married,2025-07-16,Active
CUST00576,Customer 576,customer576@example.com,Male,37,Australia,Coimbatore,73687,PhD,Single,2025-12-09,Active
CUST00577,Customer 577,customer577@example.com,Male,66,Singapore,Hyderabad,155227,Postgraduate,Married,2026-05-31,Inactive
CUST00578,Customer 578,customer578@example.com,Female,45,Germany,Hyderabad,248713,High School,Divorced,2025-04-22,Active
CUST00579,Customer 579,customer579@example.com,Other,64,Germany,Pune,228095,PhD,Divorced,2025-04-22,Active
CUST00580,Customer 580,customer580@example.com,Female,23,France,Coimbatore,161069,PhD,Single,2025-08-08,Inactive
CUST00581,Customer 581,customer581@example.com,Female,22,Germany,Coimbatore,69352,PhD,Divorced,2025-05-02,Inactive
CUST00582,Customer 582,customer582@example.com,Female,61,India,New York,43977,High School,Single,2025-06-09,Active
CUST00583,Customer 583,customer583@example.com,Male,23,Germany,Mumbai,83313,PhD,Single,2025-03-19,Inactive
CUST00584,Customer 584,customer584@example.com,Female,20,USA,Bengaluru,39687,High School,Single,2026-05-10,Inactive
CUST00585,Customer 585,customer585@example.com,Female,39,USA,Bengaluru,68934,PhD,Single,2026-04-20,Active
CUST00586,Customer 586,customer586@example.com,Female,66,USA,Delhi,41857,Postgraduate,Single,2025-03-28,Active
CUST00587,Customer 587,customer587@example.com,Female,53,Germany,Delhi,196502,High School,Single,2025-11-16,Inactive
CUST00588,Customer 588,customer588@example.com,Male,23,France,Coimbatore,157726,PhD,Single,2026-01-21,Active
CUST00589,Customer 589,customer589@example.com,Other,61,USA,Chennai,141525,Postgraduate,Divorced,2026-01-10,Active
CUST00590,Customer 590,customer590@example.com,Female,61,France,Coimbatore,207156,Postgraduate,Married,2026-08-10,Active
CUST00591,Customer 591,customer591@example.com,Male,59,USA,Hyderabad,117433,Postgraduate,Married,2026-01-18,Inactive
CUST00592,Customer 592,customer592@example.com,Female,64,Singapore,London,115667,PhD,Single,2026-02-14,Inactive
CUST00593,Customer 593,customer593@example.com,Female,30,Singapore,New York,71558,High School,Married,2025-01-20,Active
CUST00594,Customer 594,customer594@example.com,Male,68,Australia,Bengaluru,125088,Postgraduate,Single,2025-02-17,Active
CUST00595,Customer 595,customer595@example.com,Male,34,USA,London,64266,PhD,Single,2026-01-04,Inactive
CUST00596,Customer 596,customer596@example.com,Male,59,Singapore,Coimbatore,157590,Graduate,Divorced,2026-06-26,Active
CUST00597,Customer 597,customer597@example.com,Female,48,India,Berlin,249429,High School,Single,2025-08-26,Inactive
CUST00598,Customer 598,customer598@example.com,Other,58,Singapore,Coimbatore,144934,High School,Married,2026-01-19,Active
CUST00599,Customer 599,customer599@example.com,Other,50,India,Pune,92283,Postgraduate,Divorced,2025-05-06,Inactive
CUST00600,Customer 600,customer600@example.com,Female,51,Australia,Hyderabad,179814,Graduate,Single,2025-09-29,Inactive
CUST00601,Customer 601,customer601@example.com,Other,50,India,Pune,209502,PhD,Single,2026-03-24,Inactive
CUST00602,Customer 602,customer602@example.com,Male,58,India,London,131152,PhD,Married,2026-01-29,Active
CUST00603,Customer 603,customer603@example.com,Other,56,France,Coimbatore,81323,Graduate,Single,2025-03-10,Active
CUST00604,Customer 604,customer604@example.com,Female,24,Australia,New York,185619,PhD,Divorced,2026-06-08,Inactive
CUST00605,Customer 605,customer605@example.com,Other,60,Germany,Coimbatore,67135,Postgraduate,Single,2026-07-07,Active
CUST00606,Customer 606,customer606@example.com,Other,45,UK,Chennai,249395,PhD,Divorced,2025-10-12,Inactive
CUST00607,Customer 607,customer607@example.com,Female,34,Germany,Berlin,96508,PhD,Divorced,2025-07-23,Inactive
CUST00608,Customer 608,customer608@example.com,Male,44,UK,London,103817,High School,Married,2025-11-13,Active
CUST00609,Customer 609,customer609@example.com,Female,68,India,Hyderabad,188560,Graduate,Divorced,2026-04-23,Active
CUST00610,Customer 610,customer610@example.com,Other,62,UK,Bengaluru,27748,Graduate,Single,2025-09-27,Inactive
CUST00611,Customer 611,customer611@example.com,Other,61,Singapore,New York,70645,High School,Single,2025-01-18,Inactive
CUST00612,Customer 612,customer612@example.com,Other,42,France,Hyderabad,53265,PhD,Married,2025-02-13,Inactive
CUST00613,Customer 613,customer613@example.com,Male,58,Australia,London,112989,Graduate,Married,2026-04-29,Active
CUST00614,Customer 614,customer614@example.com,Female,38,UK,Hyderabad,149541,Postgraduate,Single,2026-04-15,Active
CUST00615,Customer 615,customer615@example.com,Male,53,UK,Chennai,65412,PhD,Divorced,2026-04-06,Active
CUST00616,Customer 616,customer616@example.com,Other,51,UK,Hyderabad,102458,High School,Single,2025-03-17,Active
CUST00617,Customer 617,customer617@example.com,Other,30,France,Coimbatore,198745,Postgraduate,Married,2025-04-12,Active
CUST00618,Customer 618,customer618@example.com,Male,31,USA,Delhi,236497,Graduate,Divorced,2025-08-24,Active
CUST00619,Customer 619,customer619@example.com,Female,21,USA,New York,28212,Postgraduate,Married,2025-05-18,Inactive
CUST00620,Customer 620,customer620@example.com,Other,25,India,Hyderabad,166175,High School,Single,2025-08-19,Active
CUST00621,Customer 621,customer621@example.com,Other,40,USA,Pune,30778,High School,Single,2025-11-29,Inactive
CUST00622,Customer 622,customer622@example.com,Female,42,India,London,142080,High School,Married,2025-06-16,Inactive
CUST00623,Customer 623,customer623@example.com,Male,26,Australia,Berlin,222881,Postgraduate,Married,2025-03-15,Active
CUST00624,Customer 624,customer624@example.com,Other,39,Singapore,London,204559,High School,Single,2025-08-28,Inactive
CUST00625,Customer 625,customer625@example.com,Other,49,France,Delhi,77362,Postgraduate,Married,2026-03-07,Active
CUST00626,Customer 626,customer626@example.com,Female,30,France,Delhi,83182,High School,Single,2026-01-04,Inactive
CUST00627,Customer 627,customer627@example.com,Other,35,Singapore,Bengaluru,201291,High School,Single,2025-07-11,Inactive
CUST00628,Customer 628,customer628@example.com,Male,37,Germany,Mumbai,209441,PhD,Married,2025-07-05,Active
CUST00629,Customer 629,customer629@example.com,Female,44,Australia,Coimbatore,88204,PhD,Married,2025-12-14,Inactive
CUST00630,Customer 630,customer630@example.com,Male,37,France,Chennai,25688,High School,Single,2025-04-13,Active
CUST00631,Customer 631,customer631@example.com,Other,56,Germany,Coimbatore,125003,Graduate,Married,2026-05-12,Inactive
CUST00632,Customer 632,customer632@example.com,Other,35,France,Hyderabad,164428,High School,Divorced,2026-06-03,Active
CUST00633,Customer 633,customer633@example.com,Other,40,Germany,Pune,124844,PhD,Married,2025-01-16,Active
CUST00634,Customer 634,customer634@example.com,Female,37,Germany,Bengaluru,235321,Graduate,Divorced,2026-08-02,Inactive
CUST00635,Customer 635,customer635@example.com,Male,27,Singapore,Berlin,208060,Graduate,Divorced,2025-01-14,Inactive
CUST00636,Customer 636,customer636@example.com,Male,53,Australia,Pune,202269,Postgraduate,Single,2025-10-01,Active
CUST00637,Customer 637,customer637@example.com,Female,30,Australia,Hyderabad,29564,Graduate,Single,2026-02-02,Inactive
CUST00638,Customer 638,customer638@example.com,Other,33,UK,Hyderabad,217068,High School,Divorced,2025-07-14,Inactive
CUST00639,Customer 639,customer639@example.com,Male,59,USA,Bengaluru,194930,Postgraduate,Divorced,2025-05-02,Active
CUST00640,Customer 640,customer640@example.com,Other,67,India,New York,114315,High School,Divorced,2025-01-29,Inactive
CUST00641,Customer 641,customer641@example.com,Male,52,Australia,New York,157649,High School,Single,2026-03-10,Inactive
CUST00642,Customer 642,customer642@example.com,Female,65,Singapore,Hyderabad,210454,Graduate,Married,2025-10-16,Active
CUST00643,Customer 643,customer643@example.com,Male,62,India,London,228900,Postgraduate,Married,2025-08-23,Inactive
CUST00644,Customer 644,customer644@example.com,Female,43,Singapore,Coimbatore,148937,PhD,Divorced,2026-07-31,Inactive
CUST00645,Customer 645,customer645@example.com,Female,58,Singapore,Bengaluru,34302,Postgraduate,Single,2026-07-09,Active
CUST00646,Customer 646,customer646@example.com,Male,35,France,Bengaluru,164172,Postgraduate,Single,2026-05-03,Inactive
CUST00647,Customer 647,customer647@example.com,Female,41,Australia,Pune,178004,High School,Married,2026-03-12,Inactive
CUST00648,Customer 648,customer648@example.com,Other,45,Singapore,Berlin,38256,Graduate,Married,2025-11-20,Inactive
CUST00649,Customer 649,customer649@example.com,Other,67,France,Delhi,208895,High School,Divorced,2025-07-28,Inactive
CUST00650,Customer 650,customer650@example.com,Male,62,Germany,Mumbai,70349,Graduate,Divorced,2025-04-10,Active
CUST00651,Customer 651,customer651@example.com,Other,43,France,Chennai,225355,PhD,Divorced,2026-07-31,Active
CUST00652,Customer 652,customer652@example.com,Other,51,India,Berlin,148967,Graduate,Married,2025-08-18,Active
CUST00653,Customer 653,customer653@example.com,Other,28,France,London,97478,Postgraduate,Single,2025-09-13,Active
CUST00654,Customer 654,customer654@example.com,Female,59,Germany,Coimbatore,38230,PhD,Single,2025-03-26,Inactive
CUST00655,Customer 655,customer655@example.com,Other,46,Singapore,Hyderabad,29019,High School,Single,2025-06-14,Inactive
CUST00656,Customer 656,customer656@example.com,Female,45,Germany,Berlin,191826,Postgraduate,Divorced,2026-01-14,Active
CUST00657,Customer 657,customer657@example.com,Male,57,Singapore,Berlin,109861,Postgraduate,Married,2025-09-12,Inactive
CUST00658,Customer 658,customer658@example.com,Male,50,USA,Delhi,214013,High School,Divorced,2025-12-16,Inactive
CUST00659,Customer 659,customer659@example.com,Other,21,France,Delhi,76867,Graduate,Married,2025-05-07,Active
CUST00660,Customer 660,customer660@example.com,Male,32,UK,Chennai,232082,High School,Married,2025-02-18,Active
CUST00661,Customer 661,customer661@example.com,Female,27,Australia,Hyderabad,236855,PhD,Divorced,2026-06-12,Active
CUST00662,Customer 662,customer662@example.com,Other,56,USA,London,47898,Postgraduate,Divorced,2025-09-15,Inactive
CUST00663,Customer 663,customer663@example.com,Male,19,Germany,Coimbatore,170561,High School,Married,2025-08-04,Active
CUST00664,Customer 664,customer664@example.com,Female,28,France,Chennai,236437,PhD,Single,2025-06-20,Inactive
CUST00665,Customer 665,customer665@example.com,Male,49,France,Mumbai,97696,High School,Married,2026-01-28,Active
CUST00666,Customer 666,customer666@example.com,Female,54,Australia,Hyderabad,40214,Graduate,Divorced,2025-12-02,Active
CUST00667,Customer 667,customer667@example.com,Male,44,France,Hyderabad,221984,High School,Divorced,2025-08-20,Active
CUST00668,Customer 668,customer668@example.com,Other,62,Singapore,Chennai,131663,Graduate,Divorced,2026-07-09,Active
CUST00669,Customer 669,customer669@example.com,Male,65,Australia,Coimbatore,31091,High School,Single,2026-06-22,Active
CUST00670,Customer 670,customer670@example.com,Other,24,France,New York,214057,High School,Single,2025-04-29,Inactive
CUST00671,Customer 671,customer671@example.com,Other,67,Singapore,Pune,177744,High School,Single,2026-01-18,Active
CUST00672,Customer 672,customer672@example.com,Other,49,USA,New York,40820,Postgraduate,Divorced,2026-08-01,Active
CUST00673,Customer 673,customer673@example.com,Other,51,Germany,New York,83201,High School,Married,2025-10-18,Active
CUST00674,Customer 674,customer674@example.com,Male,22,India,Delhi,29102,PhD,Divorced,2025-01-18,Inactive
CUST00675,Customer 675,customer675@example.com,Other,50,Australia,Delhi,239847,PhD,Divorced,2025-03-20,Active
CUST00676,Customer 676,customer676@example.com,Female,55,France,Berlin,30613,PhD,Divorced,2026-02-02,Inactive
CUST00677,Customer 677,customer677@example.com,Other,48,UK,Berlin,204067,High School,Divorced,2026-06-22,Inactive
CUST00678,Customer 678,customer678@example.com,Other,22,UK,Chennai,140036,Postgraduate,Married,2025-03-18,Active
CUST00679,Customer 679,customer679@example.com,Female,45,USA,London,156115,Graduate,Divorced,2025-11-22,Inactive
CUST00680,Customer 680,customer680@example.com,Female,66,Singapore,Delhi,207610,High School,Single,2025-10-24,Inactive
CUST00681,Customer 681,customer681@example.com,Male,55,France,Pune,226367,Postgraduate,Divorced,2025-06-19,Active
CUST00682,Customer 682,customer682@example.com,Male,25,Germany,New York,53671,High School,Single,2026-01-12,Inactive
CUST00683,Customer 683,customer683@example.com,Female,67,USA,Bengaluru,29022,PhD,Single,2026-06-08,Active
CUST00684,Customer 684,customer684@example.com,Other,67,Singapore,Berlin,53037,Graduate,Single,2025-05-23,Inactive
CUST00685,Customer 685,customer685@example.com,Female,26,UK,New York,178564,PhD,Married,2025-02-02,Inactive
CUST00686,Customer 686,customer686@example.com,Female,59,Australia,Pune,152923,Postgraduate,Single,2025-08-02,Active
CUST00687,Customer 687,customer687@example.com,Male,39,India,Pune,43873,PhD,Divorced,2025-07-07,Active
CUST00688,Customer 688,customer688@example.com,Female,48,France,Pune,77716,PhD,Divorced,2026-03-10,Active
CUST00689,Customer 689,customer689@example.com,Female,41,Singapore,Mumbai,145879,Postgraduate,Divorced,2025-11-16,Active
CUST00690,Customer 690,customer690@example.com,Other,58,Australia,Delhi,189298,High School,Married,2025-01-11,Active
CUST00691,Customer 691,customer691@example.com,Other,69,Singapore,Coimbatore,102266,High School,Single,2025-07-22,Inactive
CUST00692,Customer 692,customer692@example.com,Female,59,Singapore,Mumbai,238668,Graduate,Divorced,2026-03-15,Inactive
CUST00693,Customer 693,customer693@example.com,Other,66,India,Berlin,248256,PhD,Single,2025-10-12,Active
CUST00694,Customer 694,customer694@example.com,Female,67,India,Bengaluru,197358,PhD,Single,2025-12-02,Inactive
CUST00695,Customer 695,customer695@example.com,Other,22,USA,Pune,127209,Postgraduate,Divorced,2025-06-07,Inactive
CUST00696,Customer 696,customer696@example.com,Female,31,Australia,Delhi,222365,PhD,Single,2025-07-10,Inactive
CUST00697,Customer 697,customer697@example.com,Male,55,Singapore,Berlin,188777,Graduate,Divorced,2025-03-19,Inactive
CUST00698,Customer 698,customer698@example.com,Female,48,Singapore,Bengaluru,141907,PhD,Divorced,2025-02-18,Active
CUST00699,Customer 699,customer699@example.com,Male,20,France,New York,124851,Postgraduate,Single,2025-01-22,Inactive
CUST00700,Customer 700,customer700@example.com,Male,22,Singapore,New York,212272,Graduate,Single,2026-01-08,Inactive
CUST00701,Customer 701,customer701@example.com,Other,45,India,Berlin,150341,High School,Single,2025-04-04,Inactive
CUST00702,Customer 702,customer702@example.com,Other,50,Singapore,Hyderabad,66153,Postgraduate,Single,2025-12-08,Inactive
CUST00703,Customer 703,customer703@example.com,Male,26,UK,Delhi,249958,High School,Divorced,2026-07-22,Active
CUST00704,Customer 704,customer704@example.com,Other,26,Australia,Pune,40378,Postgraduate,Single,2026-02-20,Inactive
CUST00705,Customer 705,customer705@example.com,Male,24,Australia,Berlin,181378,PhD,Married,2025-12-09,Inactive
CUST00706,Customer 706,customer706@example.com,Male,47,Germany,Hyderabad,172590,PhD,Single,2025-03-11,Active
CUST00707,Customer 707,customer707@example.com,Other,18,UK,Hyderabad,156888,PhD,Divorced,2025-10-19,Active
CUST00708,Customer 708,customer708@example.com,Male,47,UK,New York,36689,PhD,Divorced,2026-06-16,Inactive
CUST00709,Customer 709,customer709@example.com,Other,42,Australia,Chennai,135834,Postgraduate,Single,2025-08-18,Active
CUST00710,Customer 710,customer710@example.com,Other,42,France,Coimbatore,225809,Postgraduate,Married,2026-05-08,Active
CUST00711,Customer 711,customer711@example.com,Male,53,Germany,Chennai,78895,High School,Single,2026-02-27,Inactive
CUST00712,Customer 712,customer712@example.com,Male,45,Australia,New York,180600,Postgraduate,Divorced,2025-06-08,Active
CUST00713,Customer 713,customer713@example.com,Other,55,India,Delhi,218220,PhD,Divorced,2025-03-26,Inactive
CUST00714,Customer 714,customer714@example.com,Female,57,UK,Delhi,239246,PhD,Married,2025-01-11,Inactive
CUST00715,Customer 715,customer715@example.com,Female,65,Singapore,London,141131,High School,Divorced,2025-06-14,Active
CUST00716,Customer 716,customer716@example.com,Female,59,UK,Coimbatore,95624,High School,Single,2025-07-18,Active
CUST00717,Customer 717,customer717@example.com,Female,44,India,Delhi,182414,PhD,Married,2026-01-26,Active
CUST00718,Customer 718,customer718@example.com,Other,43,India,Mumbai,134386,High School,Divorced,2025-12-08,Active
CUST00719,Customer 719,customer719@example.com,Female,30,France,Pune,166095,High School,Single,2025-10-13,Active
CUST00720,Customer 720,customer720@example.com,Male,49,Germany,Mumbai,191881,Postgraduate,Divorced,2026-03-07,Inactive
CUST00721,Customer 721,customer721@example.com,Female,25,USA,Berlin,184814,High School,Divorced,2026-04-04,Inactive
CUST00722,Customer 722,customer722@example.com,Other,66,Australia,New York,79625,PhD,Divorced,2026-03-02,Inactive
CUST00723,Customer 723,customer723@example.com,Male,61,India,Pune,195054,Graduate,Married,2026-06-19,Inactive
CUST00724,Customer 724,customer724@example.com,Female,24,Singapore,New York,146916,Graduate,Divorced,2025-08-03,Active
CUST00725,Customer 725,customer725@example.com,Other,58,France,Chennai,234423,Postgraduate,Single,2026-05-06,Active
CUST00726,Customer 726,customer726@example.com,Female,24,UK,Delhi,173380,Graduate,Divorced,2025-09-08,Inactive
CUST00727,Customer 727,customer727@example.com,Male,55,Singapore,Berlin,225657,Postgraduate,Divorced,2025-04-20,Inactive
CUST00728,Customer 728,customer728@example.com,Male,22,India,Delhi,245232,Postgraduate,Married,2025-03-28,Active
CUST00729,Customer 729,customer729@example.com,Female,43,Singapore,Pune,248765,High School,Single,2025-02-24,Active
CUST00730,Customer 730,customer730@example.com,Female,52,USA,New York,192558,Postgraduate,Single,2026-07-24,Active
CUST00731,Customer 731,customer731@example.com,Other,55,India,Mumbai,159392,High School,Single,2025-04-11,Active
CUST00732,Customer 732,customer732@example.com,Female,39,USA,New York,51579,Postgraduate,Divorced,2026-05-13,Active
CUST00733,Customer 733,customer733@example.com,Other,65,Australia,Delhi,111878,Graduate,Divorced,2026-04-12,Active
CUST00734,Customer 734,customer734@example.com,Male,58,Germany,Mumbai,131950,High School,Divorced,2025-09-19,Inactive
CUST00735,Customer 735,customer735@example.com,Female,28,Australia,New York,200618,High School,Married,2026-06-29,Active
CUST00736,Customer 736,customer736@example.com,Male,52,France,Mumbai,157474,Postgraduate,Married,2026-06-26,Active
CUST00737,Customer 737,customer737@example.com,Female,55,Singapore,New York,123804,Graduate,Divorced,2026-07-06,Inactive
CUST00738,Customer 738,customer738@example.com,Male,35,France,Pune,57990,Postgraduate,Divorced,2025-10-24,Active
CUST00739,Customer 739,customer739@example.com,Female,56,France,New York,186056,Graduate,Married,2025-06-27,Active
CUST00740,Customer 740,customer740@example.com,Female,64,UK,Coimbatore,122192,High School,Single,2025-01-27,Inactive
CUST00741,Customer 741,customer741@example.com,Male,60,Germany,Hyderabad,33132,PhD,Divorced,2026-05-16,Inactive
CUST00742,Customer 742,customer742@example.com,Male,57,UK,Berlin,88901,Graduate,Single,2026-06-05,Inactive
CUST00743,Customer 743,customer743@example.com,Female,50,France,Delhi,222879,High School,Married,2025-11-16,Active
CUST00744,Customer 744,customer744@example.com,Other,32,France,Hyderabad,51736,Postgraduate,Married,2025-02-12,Inactive
CUST00745,Customer 745,customer745@example.com,Male,59,USA,Berlin,116383,Postgraduate,Married,2026-05-06,Active
CUST00746,Customer 746,customer746@example.com,Female,36,France,Berlin,140209,Graduate,Single,2025-06-27,Inactive
CUST00747,Customer 747,customer747@example.com,Male,45,Australia,Hyderabad,43842,PhD,Married,2025-11-23,Active
CUST00748,Customer 748,customer748@example.com,Other,34,Germany,Pune,62267,PhD,Single,2026-01-29,Active
CUST00749,Customer 749,customer749@example.com,Female,34,India,New York,236562,Graduate,Single,2025-03-28,Active
CUST00750,Customer 750,customer750@example.com,Other,26,France,Delhi,157871,PhD,Married,2025-02-07,Active
CUST00751,Customer 751,customer751@example.com,Male,67,Singapore,Bengaluru,72326,PhD,Divorced,2025-02-17,Inactive
CUST00752,Customer 752,customer752@example.com,Male,25,Germany,Coimbatore,63181,PhD,Married,2026-07-26,Active
CUST00753,Customer 753,customer753@example.com,Female,22,Australia,Mumbai,120790,High School,Divorced,2026-07-25,Active
CUST00754,Customer 754,customer754@example.com,Female,66,India,Hyderabad,187809,High School,Married,2025-09-12,Inactive
CUST00755,Customer 755,customer755@example.com,Other,46,Germany,Mumbai,189339,PhD,Single,2025-09-11,Active
CUST00756,Customer 756,customer756@example.com,Other,40,USA,London,68929,PhD,Single,2025-08-31,Active
CUST00757,Customer 757,customer757@example.com,Other,56,USA,Delhi,188266,Graduate,Married,2025-07-28,Inactive
CUST00758,Customer 758,customer758@example.com,Female,37,Singapore,Coimbatore,226665,Graduate,Married,2025-11-21,Active
CUST00759,Customer 759,customer759@example.com,Female,24,UK,Chennai,75926,PhD,Single,2025-08-01,Inactive
CUST00760,Customer 760,customer760@example.com,Female,55,USA,London,30897,Postgraduate,Divorced,2026-01-03,Active
CUST00761,Customer 761,customer761@example.com,Male,27,India,Hyderabad,240751,Graduate,Divorced,2025-08-14,Active
CUST00762,Customer 762,customer762@example.com,Female,46,Australia,Chennai,142449,Graduate,Single,2026-01-11,Active
CUST00763,Customer 763,customer763@example.com,Female,67,Singapore,Pune,199703,Postgraduate,Married,2026-07-18,Active
CUST00764,Customer 764,customer764@example.com,Male,66,Germany,Berlin,97023,PhD,Single,2025-05-03,Inactive
CUST00765,Customer 765,customer765@example.com,Male,36,UK,Coimbatore,92313,Postgraduate,Divorced,2025-02-07,Active
CUST00766,Customer 766,customer766@example.com,Female,58,Germany,London,75642,Postgraduate,Divorced,2025-11-10,Inactive
CUST00767,Customer 767,customer767@example.com,Female,49,UK,Mumbai,73830,Postgraduate,Divorced,2025-03-12,Inactive
CUST00768,Customer 768,customer768@example.com,Other,42,Singapore,Delhi,131111,Graduate,Single,2025-05-18,Active
CUST00769,Customer 769,customer769@example.com,Female,25,Singapore,Delhi,48801,High School,Divorced,2026-04-16,Inactive
CUST00770,Customer 770,customer770@example.com,Other,37,Singapore,Chennai,214455,Graduate,Married,2025-09-07,Inactive
CUST00771,Customer 771,customer771@example.com,Female,51,France,Delhi,140026,Graduate,Married,2025-11-24,Active
CUST00772,Customer 772,customer772@example.com,Male,69,Australia,Mumbai,230938,Postgraduate,Single,2026-04-08,Inactive
CUST00773,Customer 773,customer773@example.com,Male,18,Germany,London,137993,PhD,Divorced,2025-03-18,Active
CUST00774,Customer 774,customer774@example.com,Other,55,India,Delhi,93231,Graduate,Married,2025-10-13,Active
CUST00775,Customer 775,customer775@example.com,Female,62,Germany,London,140856,Graduate,Married,2025-01-21,Active
CUST00776,Customer 776,customer776@example.com,Male,67,Singapore,London,59704,Graduate,Married,2025-10-25,Active
CUST00777,Customer 777,customer777@example.com,Female,40,France,Delhi,210421,High School,Single,2025-05-14,Active
CUST00778,Customer 778,customer778@example.com,Other,24,Australia,Coimbatore,187032,High School,Single,2026-06-28,Inactive
CUST00779,Customer 779,customer779@example.com,Female,32,Singapore,Pune,58109,High School,Divorced,2025-06-05,Active
CUST00780,Customer 780,customer780@example.com,Male,62,Singapore,Chennai,155950,Postgraduate,Married,2025-04-30,Active
CUST00781,Customer 781,customer781@example.com,Male,63,Australia,Berlin,146049,Graduate,Divorced,2025-01-09,Active
CUST00782,Customer 782,customer782@example.com,Other,51,USA,Pune,70228,PhD,Married,2025-03-21,Inactive
CUST00783,Customer 783,customer783@example.com,Other,24,France,New York,52469,High School,Divorced,2025-05-09,Inactive
CUST00784,Customer 784,customer784@example.com,Other,24,Australia,Mumbai,196067,High School,Divorced,2025-05-16,Inactive
CUST00785,Customer 785,customer785@example.com,Other,42,Australia,Chennai,84409,Postgraduate,Single,2026-03-17,Inactive
CUST00786,Customer 786,customer786@example.com,Male,48,France,London,141759,Postgraduate,Married,2026-06-13,Inactive
CUST00787,Customer 787,customer787@example.com,Male,19,UK,Mumbai,80735,Graduate,Married,2026-05-25,Inactive
CUST00788,Customer 788,customer788@example.com,Male,53,Singapore,Hyderabad,172014,High School,Married,2026-07-24,Inactive
CUST00789,Customer 789,customer789@example.com,Male,46,France,Chennai,36022,Graduate,Divorced,2026-06-20,Inactive
CUST00790,Customer 790,customer790@example.com,Other,18,USA,Bengaluru,105851,High School,Divorced,2025-09-29,Inactive
CUST00791,Customer 791,customer791@example.com,Other,22,Germany,Berlin,148089,PhD,Married,2025-08-21,Active
CUST00792,Customer 792,customer792@example.com,Male,41,India,London,123797,High School,Single,2026-01-22,Inactive
CUST00793,Customer 793,customer793@example.com,Other,55,India,Berlin,162788,High School,Divorced,2025-07-10,Inactive
CUST00794,Customer 794,customer794@example.com,Female,60,Germany,Hyderabad,65577,High School,Single,2025-12-26,Active
CUST00795,Customer 795,customer795@example.com,Male,40,France,Bengaluru,124406,High School,Divorced,2026-08-19,Inactive
CUST00796,Customer 796,customer796@example.com,Other,33,Germany,Pune,195216,High School,Married,2025-04-29,Inactive
CUST00797,Customer 797,customer797@example.com,Other,68,UK,Hyderabad,100060,High School,Married,2026-04-04,Inactive
CUST00798,Customer 798,customer798@example.com,Female,41,Singapore,Mumbai,60327,PhD,Divorced,2026-07-12,Inactive
CUST00799,Customer 799,customer799@example.com,Other,34,France,Coimbatore,215744,Graduate,Divorced,2025-11-17,Inactive
CUST00800,Customer 800,customer800@example.com,Female,41,UK,Mumbai,200118,Graduate,Single,2025-08-01,Inactive
CUST00801,Customer 801,customer801@example.com,Other,18,USA,Berlin,178093,PhD,Single,2025-06-01,Inactive
CUST00802,Customer 802,customer802@example.com,Female,33,USA,Hyderabad,204552,PhD,Married,2025-04-11,Inactive
CUST00803,Customer 803,customer803@example.com,Other,44,Germany,Delhi,200235,High School,Married,2025-07-11,Active
CUST00804,Customer 804,customer804@example.com,Male,65,Australia,Berlin,192985,Graduate,Married,2026-03-21,Active
CUST00805,Customer 805,customer805@example.com,Male,56,USA,Coimbatore,139622,PhD,Married,2025-11-04,Active
CUST00806,Customer 806,customer806@example.com,Other,58,Australia,Delhi,29370,High School,Married,2025-05-12,Inactive
CUST00807,Customer 807,customer807@example.com,Male,46,UK,Coimbatore,159343,PhD,Married,2025-11-20,Inactive
CUST00808,Customer 808,customer808@example.com,Male,23,India,London,86455,Graduate,Divorced,2026-04-28,Inactive
CUST00809,Customer 809,customer809@example.com,Other,38,France,Hyderabad,198993,Graduate,Married,2025-01-09,Inactive
CUST00810,Customer 810,customer810@example.com,Male,69,Australia,Berlin,130376,PhD,Married,2025-01-13,Inactive
CUST00811,Customer 811,customer811@example.com,Female,20,Germany,Berlin,228688,High School,Married,2026-07-26,Inactive
CUST00812,Customer 812,customer812@example.com,Male,63,Germany,Berlin,158998,PhD,Single,2026-03-22,Inactive
CUST00813,Customer 813,customer813@example.com,Male,53,UK,Coimbatore,148870,PhD,Divorced,2025-12-10,Active
CUST00814,Customer 814,customer814@example.com,Other,32,UK,Delhi,231825,High School,Single,2026-06-24,Inactive
CUST00815,Customer 815,customer815@example.com,Male,58,Australia,New York,131889,Graduate,Married,2025-12-18,Active
CUST00816,Customer 816,customer816@example.com,Male,61,France,Chennai,109511,Graduate,Married,2025-11-07,Inactive
CUST00817,Customer 817,customer817@example.com,Other,20,India,Berlin,108591,Postgraduate,Divorced,2025-05-07,Inactive
CUST00818,Customer 818,customer818@example.com,Other,23,France,Delhi,221881,Graduate,Divorced,2026-04-29,Active
CUST00819,Customer 819,customer819@example.com,Male,52,UK,Bengaluru,195162,PhD,Married,2026-04-01,Active
CUST00820,Customer 820,customer820@example.com,Other,69,India,Pune,61771,Postgraduate,Married,2025-06-26,Active
CUST00821,Customer 821,customer821@example.com,Female,19,UK,Bengaluru,135810,Postgraduate,Divorced,2026-03-16,Active
CUST00822,Customer 822,customer822@example.com,Other,52,USA,Mumbai,108538,High School,Married,2026-03-10,Inactive
CUST00823,Customer 823,customer823@example.com,Male,25,India,London,170508,Graduate,Divorced,2025-02-26,Inactive
CUST00824,Customer 824,customer824@example.com,Other,51,India,Pune,36763,Postgraduate,Single,2025-04-06,Inactive
CUST00825,Customer 825,customer825@example.com,Female,50,UK,Delhi,185678,PhD,Divorced,2025-12-21,Inactive
CUST00826,Customer 826,customer826@example.com,Other,22,France,Delhi,192060,High School,Divorced,2026-01-07,Inactive
CUST00827,Customer 827,customer827@example.com,Female,53,Germany,Delhi,75981,PhD,Divorced,2026-01-28,Active
CUST00828,Customer 828,customer828@example.com,Other,64,UK,Hyderabad,58897,Graduate,Single,2025-08-11,Active
CUST00829,Customer 829,customer829@example.com,Female,62,India,Coimbatore,166195,PhD,Divorced,2026-05-13,Active
CUST00830,Customer 830,customer830@example.com,Male,19,UK,Chennai,82829,PhD,Divorced,2025-09-23,Active
CUST00831,Customer 831,customer831@example.com,Other,30,France,Mumbai,236856,High School,Single,2025-05-03,Active
CUST00832,Customer 832,customer832@example.com,Other,30,Singapore,Chennai,199428,High School,Married,2025-03-10,Active
CUST00833,Customer 833,customer833@example.com,Male,41,France,Coimbatore,239878,High School,Married,2026-06-08,Active
CUST00834,Customer 834,customer834@example.com,Female,25,Germany,Mumbai,145311,Graduate,Divorced,2026-02-26,Inactive
CUST00835,Customer 835,customer835@example.com,Female,62,India,Hyderabad,236159,Graduate,Married,2025-10-03,Inactive
CUST00836,Customer 836,customer836@example.com,Female,58,UK,Bengaluru,28143,Postgraduate,Married,2025-05-05,Inactive
CUST00837,Customer 837,customer837@example.com,Other,60,Singapore,Bengaluru,90235,High School,Married,2025-02-27,Inactive
CUST00838,Customer 838,customer838@example.com,Other,28,Singapore,Hyderabad,25502,Graduate,Single,2025-04-02,Inactive
CUST00839,Customer 839,customer839@example.com,Male,18,Australia,Hyderabad,177451,Graduate,Divorced,2025-03-04,Active
CUST00840,Customer 840,customer840@example.com,Other,65,India,Berlin,139899,High School,Single,2025-11-12,Active
CUST00841,Customer 841,customer841@example.com,Female,33,Australia,Chennai,89726,Postgraduate,Married,2025-04-28,Active
CUST00842,Customer 842,customer842@example.com,Other,52,Singapore,Berlin,93615,High School,Divorced,2025-03-18,Inactive
CUST00843,Customer 843,customer843@example.com,Other,65,Singapore,Coimbatore,169845,Postgraduate,Divorced,2025-06-18,Inactive
CUST00844,Customer 844,customer844@example.com,Female,19,Germany,New York,65570,High School,Divorced,2026-02-21,Inactive
CUST00845,Customer 845,customer845@example.com,Female,18,Australia,Chennai,140776,Postgraduate,Single,2025-10-23,Inactive
CUST00846,Customer 846,customer846@example.com,Female,18,Australia,Mumbai,163059,Postgraduate,Single,2025-04-02,Active
CUST00847,Customer 847,customer847@example.com,Other,26,Australia,Pune,78995,Graduate,Divorced,2026-03-23,Inactive
CUST00848,Customer 848,customer848@example.com,Female,20,Singapore,Coimbatore,76398,Graduate,Single,2025-10-19,Inactive
CUST00849,Customer 849,customer849@example.com,Male,60,Germany,New York,104701,Postgraduate,Married,2025-04-22,Inactive
CUST00850,Customer 850,customer850@example.com,Female,49,India,Pune,158247,Postgraduate,Married,2026-02-16,Inactive
CUST00851,Customer 851,customer851@example.com,Male,68,India,New York,82238,Graduate,Single,2026-08-15,Active
CUST00852,Customer 852,customer852@example.com,Female,59,Australia,Delhi,110335,PhD,Married,2025-11-18,Active
CUST00853,Customer 853,customer853@example.com,Male,68,Singapore,Mumbai,147275,Postgraduate,Married,2025-04-07,Active
CUST00854,Customer 854,customer854@example.com,Male,30,Singapore,Hyderabad,67018,Postgraduate,Married,2025-07-04,Active
CUST00855,Customer 855,customer855@example.com,Other,32,Singapore,Berlin,153009,High School,Married,2025-12-24,Active
CUST00856,Customer 856,customer856@example.com,Male,62,USA,Berlin,56073,Postgraduate,Divorced,2026-08-19,Inactive
CUST00857,Customer 857,customer857@example.com,Female,30,Australia,Mumbai,57071,PhD,Married,2026-07-08,Active
CUST00858,Customer 858,customer858@example.com,Other,20,USA,London,78293,Postgraduate,Divorced,2026-07-11,Inactive
CUST00859,Customer 859,customer859@example.com,Other,52,Germany,Coimbatore,89465,Graduate,Single,2026-05-12,Inactive
CUST00860,Customer 860,customer860@example.com,Female,59,Australia,Berlin,31712,PhD,Married,2025-12-09,Inactive
CUST00861,Customer 861,customer861@example.com,Male,68,Singapore,Bengaluru,241362,Graduate,Single,2026-01-22,Inactive
CUST00862,Customer 862,customer862@example.com,Other,66,Australia,Delhi,94328,High School,Divorced,2026-03-14,Inactive
CUST00863,Customer 863,customer863@example.com,Other,24,India,Pune,206039,Graduate,Divorced,2026-03-03,Active
CUST00864,Customer 864,customer864@example.com,Female,58,Australia,Delhi,227940,High School,Divorced,2026-01-16,Active
CUST00865,Customer 865,customer865@example.com,Male,61,India,London,205145,Postgraduate,Married,2025-03-21,Active
CUST00866,Customer 866,customer866@example.com,Male,54,USA,London,212057,PhD,Married,2026-06-09,Inactive
CUST00867,Customer 867,customer867@example.com,Male,60,UK,Coimbatore,47517,High School,Divorced,2025-01-06,Active
CUST00868,Customer 868,customer868@example.com,Male,61,France,Chennai,108701,High School,Single,2025-09-11,Inactive
CUST00869,Customer 869,customer869@example.com,Other,41,India,Bengaluru,192892,High School,Divorced,2025-09-16,Active
CUST00870,Customer 870,customer870@example.com,Male,20,USA,Hyderabad,154563,PhD,Divorced,2026-08-17,Active
CUST00871,Customer 871,customer871@example.com,Male,41,Germany,Pune,26273,High School,Divorced,2025-02-23,Inactive
CUST00872,Customer 872,customer872@example.com,Other,28,India,Delhi,152656,Graduate,Divorced,2025-10-11,Inactive
CUST00873,Customer 873,customer873@example.com,Other,23,Singapore,London,206016,PhD,Married,2025-08-02,Inactive
CUST00874,Customer 874,customer874@example.com,Male,24,USA,New York,211466,Postgraduate,Divorced,2025-02-28,Active
CUST00875,Customer 875,customer875@example.com,Female,54,Germany,Coimbatore,111375,High School,Single,2025-05-14,Active
CUST00876,Customer 876,customer876@example.com,Female,44,USA,New York,78165,Graduate,Married,2025-09-09,Active
CUST00877,Customer 877,customer877@example.com,Female,46,France,Coimbatore,94650,Graduate,Single,2026-07-01,Active
CUST00878,Customer 878,customer878@example.com,Other,56,UK,Hyderabad,91687,Postgraduate,Single,2025-08-20,Active
CUST00879,Customer 879,customer879@example.com,Other,46,USA,Delhi,102980,Postgraduate,Married,2026-06-09,Inactive
CUST00880,Customer 880,customer880@example.com,Other,50,Australia,Delhi,92902,Graduate,Divorced,2026-03-14,Inactive
CUST00881,Customer 881,customer881@example.com,Male,22,France,New York,127869,Graduate,Single,2026-05-04,Inactive
CUST00882,Customer 882,customer882@example.com,Male,62,India,Chennai,34195,Graduate,Divorced,2026-05-24,Active
CUST00883,Customer 883,customer883@example.com,Female,41,UK,Bengaluru,86920,High School,Single,2026-03-02,Active
CUST00884,Customer 884,customer884@example.com,Male,26,Germany,Pune,95805,Postgraduate,Single,2026-03-14,Active
CUST00885,Customer 885,customer885@example.com,Female,60,Singapore,Hyderabad,59501,Graduate,Divorced,2025-04-02,Inactive
CUST00886,Customer 886,customer886@example.com,Male,56,Germany,Hyderabad,222531,Postgraduate,Single,2026-03-04,Inactive
CUST00887,Customer 887,customer887@example.com,Other,20,USA,Berlin,176984,Graduate,Single,2025-01-29,Active
CUST00888,Customer 888,customer888@example.com,Male,28,UK,New York,230198,PhD,Single,2026-03-16,Active
CUST00889,Customer 889,customer889@example.com,Male,18,France,Pune,151355,High School,Single,2026-01-25,Active
CUST00890,Customer 890,customer890@example.com,Male,32,UK,Berlin,49668,Postgraduate,Married,2026-03-28,Inactive
CUST00891,Customer 891,customer891@example.com,Male,23,Australia,Pune,228539,High School,Married,2026-01-18,Inactive
CUST00892,Customer 892,customer892@example.com,Female,54,USA,New York,128063,High School,Married,2025-08-08,Inactive
CUST00893,Customer 893,customer893@example.com,Female,45,Singapore,Hyderabad,178998,Graduate,Married,2025-08-09,Inactive
CUST00894,Customer 894,customer894@example.com,Other,68,Singapore,Mumbai,110803,Postgraduate,Single,2025-12-22,Active
CUST00895,Customer 895,customer895@example.com,Male,56,UK,Mumbai,136214,High School,Divorced,2025-10-09,Inactive
CUST00896,Customer 896,customer896@example.com,Female,49,France,Bengaluru,135106,High School,Divorced,2025-07-22,Active
CUST00897,Customer 897,customer897@example.com,Female,44,Australia,Chennai,89058,PhD,Married,2025-10-19,Active
CUST00898,Customer 898,customer898@example.com,Female,20,USA,New York,149812,PhD,Single,2025-11-16,Inactive
CUST00899,Customer 899,customer899@example.com,Other,21,Australia,London,190090,PhD,Divorced,2025-05-23,Inactive
CUST00900,Customer 900,customer900@example.com,Male,50,USA,Berlin,29558,High School,Single,2026-01-16,Active
CUST00901,Customer 901,customer901@example.com,Female,18,France,Hyderabad,54454,Graduate,Married,2025-07-07,Inactive
CUST00902,Customer 902,customer902@example.com,Other,20,USA,Mumbai,214505,Graduate,Married,2025-06-09,Active
CUST00903,Customer 903,customer903@example.com,Other,29,USA,Berlin,153169,Graduate,Married,2025-09-07,Active
CUST00904,Customer 904,customer904@example.com,Female,63,Australia,Delhi,244075,PhD,Married,2025-03-03,Inactive
CUST00905,Customer 905,customer905@example.com,Female,41,Germany,Mumbai,161051,PhD,Single,2025-12-26,Active
CUST00906,Customer 906,customer906@example.com,Other,54,USA,Hyderabad,172016,PhD,Divorced,2026-03-14,Inactive
CUST00907,Customer 907,customer907@example.com,Female,39,Germany,Hyderabad,227278,Postgraduate,Divorced,2026-07-24,Inactive
CUST00908,Customer 908,customer908@example.com,Other,27,Australia,Hyderabad,173602,Graduate,Married,2025-06-19,Inactive
CUST00909,Customer 909,customer909@example.com,Male,37,Australia,Pune,99165,Postgraduate,Married,2025-11-17,Inactive
CUST00910,Customer 910,customer910@example.com,Female,22,USA,London,143795,Postgraduate,Single,2025-10-28,Inactive
CUST00911,Customer 911,customer911@example.com,Male,58,India,Mumbai,78013,PhD,Single,2026-03-12,Active
CUST00912,Customer 912,customer912@example.com,Male,27,UK,Bengaluru,100211,PhD,Single,2026-01-08,Inactive
CUST00913,Customer 913,customer913@example.com,Female,37,Singapore,Chennai,178064,Graduate,Single,2026-04-26,Active
CUST00914,Customer 914,customer914@example.com,Male,68,USA,London,58520,Graduate,Divorced,2026-05-22,Inactive
CUST00915,Customer 915,customer915@example.com,Female,48,Australia,Pune,176195,Graduate,Married,2025-03-09,Inactive
CUST00916,Customer 916,customer916@example.com,Female,41,Singapore,London,156414,PhD,Single,2025-07-31,Inactive
CUST00917,Customer 917,customer917@example.com,Female,46,Singapore,Hyderabad,94386,High School,Single,2026-01-25,Active
CUST00918,Customer 918,customer918@example.com,Other,58,Germany,Hyderabad,35111,Graduate,Divorced,2025-11-21,Inactive
CUST00919,Customer 919,customer919@example.com,Other,31,Australia,Hyderabad,183541,Graduate,Married,2025-10-15,Active
CUST00920,Customer 920,customer920@example.com,Female,51,UK,Bengaluru,210513,Graduate,Single,2025-04-14,Inactive
CUST00921,Customer 921,customer921@example.com,Male,63,India,Chennai,189267,PhD,Single,2025-12-08,Inactive
CUST00922,Customer 922,customer922@example.com,Other,47,India,Coimbatore,119705,PhD,Married,2026-03-18,Inactive
CUST00923,Customer 923,customer923@example.com,Male,41,UK,Coimbatore,172046,PhD,Married,2025-01-23,Active
CUST00924,Customer 924,customer924@example.com,Female,25,USA,Bengaluru,118320,Graduate,Single,2025-12-19,Active
CUST00925,Customer 925,customer925@example.com,Female,30,France,New York,105608,Graduate,Married,2026-06-25,Active
CUST00926,Customer 926,customer926@example.com,Male,67,Singapore,Hyderabad,98613,Graduate,Single,2025-12-08,Inactive
CUST00927,Customer 927,customer927@example.com,Female,46,France,New York,72442,Postgraduate,Single,2026-07-22,Inactive
CUST00928,Customer 928,customer928@example.com,Male,33,USA,Chennai,243105,PhD,Married,2025-07-30,Inactive
CUST00929,Customer 929,customer929@example.com,Male,39,Germany,Bengaluru,174898,High School,Married,2025-01-03,Inactive
CUST00930,Customer 930,customer930@example.com,Female,48,Germany,Bengaluru,64356,Graduate,Divorced,2026-02-11,Active
CUST00931,Customer 931,customer931@example.com,Male,45,Singapore,Hyderabad,219634,High School,Divorced,2025-05-07,Active
CUST00932,Customer 932,customer932@example.com,Other,54,Australia,Bengaluru,59044,Postgraduate,Single,2025-01-06,Active
CUST00933,Customer 933,customer933@example.com,Male,31,India,Hyderabad,158578,Graduate,Divorced,2025-04-18,Active
CUST00934,Customer 934,customer934@example.com,Female,51,Australia,Mumbai,62244,Postgraduate,Married,2026-07-11,Inactive
CUST00935,Customer 935,customer935@example.com,Other,41,France,New York,106277,High School,Single,2026-04-11,Inactive
CUST00936,Customer 936,customer936@example.com,Male,66,USA,New York,173169,Graduate,Single,2025-06-13,Active
CUST00937,Customer 937,customer937@example.com,Other,26,India,Coimbatore,249803,Postgraduate,Divorced,2025-12-23,Inactive
CUST00938,Customer 938,customer938@example.com,Other,25,USA,New York,248177,PhD,Single,2025-07-22,Active
CUST00939,Customer 939,customer939@example.com,Other,42,France,Bengaluru,226502,PhD,Single,2025-04-16,Active
CUST00940,Customer 940,customer940@example.com,Male,44,France,London,77982,Graduate,Single,2026-08-13,Active
CUST00941,Customer 941,customer941@example.com,Other,53,Australia,Berlin,46039,High School,Single,2026-05-01,Active
CUST00942,Customer 942,customer942@example.com,Other,39,UK,Coimbatore,228764,PhD,Divorced,2025-08-05,Active
CUST00943,Customer 943,customer943@example.com,Other,65,Australia,Delhi,232709,PhD,Married,2025-07-30,Inactive
CUST00944,Customer 944,customer944@example.com,Male,42,India,Coimbatore,87689,Graduate,Divorced,2026-05-02,Inactive
CUST00945,Customer 945,customer945@example.com,Other,24,Singapore,Bengaluru,29314,PhD,Single,2025-10-02,Active
CUST00946,Customer 946,customer946@example.com,Male,24,Australia,Delhi,170778,Postgraduate,Single,2025-08-13,Active
CUST00947,Customer 947,customer947@example.com,Female,68,France,Coimbatore,42120,Postgraduate,Single,2025-08-19,Active
CUST00948,Customer 948,customer948@example.com,Female,24,UK,Coimbatore,34112,Graduate,Divorced,2025-09-24,Active
CUST00949,Customer 949,customer949@example.com,Female,67,Germany,New York,235859,Postgraduate,Divorced,2025-11-07,Inactive
CUST00950,Customer 950,customer950@example.com,Female,32,France,Delhi,136522,PhD,Married,2025-01-24,Inactive
CUST00951,Customer 951,customer951@example.com,Male,22,France,Mumbai,50211,Graduate,Married,2025-10-14,Active
CUST00952,Customer 952,customer952@example.com,Female,33,Singapore,Coimbatore,172278,Graduate,Married,2025-09-20,Active
CUST00953,Customer 953,customer953@example.com,Other,49,Australia,Berlin,108069,Postgraduate,Single,2025-06-13,Inactive
CUST00954,Customer 954,customer954@example.com,Female,40,Germany,Berlin,145672,Graduate,Single,2025-07-31,Active
CUST00955,Customer 955,customer955@example.com,Male,58,France,Coimbatore,227245,Graduate,Married,2025-09-11,Inactive
CUST00956,Customer 956,customer956@example.com,Other,49,Germany,London,78513,High School,Divorced,2025-08-07,Inactive
CUST00957,Customer 957,customer957@example.com,Male,38,Germany,Pune,170463,PhD,Divorced,2026-06-26,Inactive
CUST00958,Customer 958,customer958@example.com,Female,51,France,London,211412,PhD,Married,2025-11-11,Inactive
CUST00959,Customer 959,customer959@example.com,Female,68,India,Chennai,120350,PhD,Divorced,2025-10-27,Active
CUST00960,Customer 960,customer960@example.com,Female,39,India,Delhi,243281,Postgraduate,Divorced,2025-06-06,Inactive
CUST00961,Customer 961,customer961@example.com,Other,25,France,Chennai,125869,Postgraduate,Single,2026-07-01,Inactive
CUST00962,Customer 962,customer962@example.com,Female,39,UK,Coimbatore,128319,Graduate,Single,2025-01-14,Inactive
CUST00963,Customer 963,customer963@example.com,Other,61,India,New York,223945,Graduate,Married,2025-11-24,Inactive
CUST00964,Customer 964,customer964@example.com,Male,29,Germany,Bengaluru,168082,Graduate,Divorced,2025-04-11,Inactive
CUST00965,Customer 965,customer965@example.com,Other,67,India,Hyderabad,220459,High School,Single,2026-04-04,Inactive
CUST00966,Customer 966,customer966@example.com,Female,48,Singapore,Berlin,202843,High School,Single,2025-08-14,Active
CUST00967,Customer 967,customer967@example.com,Male,49,Germany,London,185283,Postgraduate,Single,2025-06-24,Active
CUST00968,Customer 968,customer968@example.com,Male,34,France,Delhi,79335,High School,Single,2025-02-04,Inactive
CUST00969,Customer 969,customer969@example.com,Other,65,Singapore,Delhi,114740,Graduate,Married,2026-04-17,Active
CUST00970,Customer 970,customer970@example.com,Female,19,Australia,Mumbai,219502,Postgraduate,Single,2025-08-25,Inactive
CUST00971,Customer 971,customer971@example.com,Female,33,Australia,Pune,163607,High School,Single,2025-06-07,Active
CUST00972,Customer 972,customer972@example.com,Male,39,France,Bengaluru,88045,Postgraduate,Single,2026-05-19,Active
CUST00973,Customer 973,customer973@example.com,Female,42,Australia,Chennai,98654,Postgraduate,Single,2025-01-12,Inactive
CUST00974,Customer 974,customer974@example.com,Other,42,Australia,Mumbai,199562,Postgraduate,Married,2025-10-07,Inactive
CUST00975,Customer 975,customer975@example.com,Male,25,Australia,New York,65091,Postgraduate,Married,2025-04-06,Inactive
CUST00976,Customer 976,customer976@example.com,Female,29,Australia,Bengaluru,50222,Graduate,Divorced,2025-03-17,Active
CUST00977,Customer 977,customer977@example.com,Female,22,USA,Bengaluru,197150,PhD,Divorced,2025-01-13,Active
CUST00978,Customer 978,customer978@example.com,Other,47,Singapore,Chennai,89887,High School,Married,2025-04-22,Inactive
CUST00979,Customer 979,customer979@example.com,Male,36,India,Mumbai,197218,PhD,Married,2026-07-19,Inactive
CUST00980,Customer 980,customer980@example.com,Female,47,USA,Coimbatore,145065,PhD,Single,2026-08-19,Inactive
CUST00981,Customer 981,customer981@example.com,Other,48,India,Chennai,249509,PhD,Divorced,2025-06-09,Inactive
CUST00982,Customer 982,customer982@example.com,Male,54,India,Delhi,143107,High School,Married,2026-03-31,Inactive
CUST00983,Customer 983,customer983@example.com,Other,46,Germany,London,220185,Postgraduate,Divorced,2025-02-23,Active
CUST00984,Customer 984,customer984@example.com,Other,51,France,Hyderabad,216347,PhD,Divorced,2025-03-06,Active
CUST00985,Customer 985,customer985@example.com,Other,48,Germany,London,72696,Postgraduate,Married,2025-01-10,Active
CUST00986,Customer 986,customer986@example.com,Female,51,Singapore,Berlin,249129,Graduate,Single,2026-06-20,Inactive
CUST00987,Customer 987,customer987@example.com,Other,50,India,Delhi,192806,Postgraduate,Divorced,2026-02-05,Active
CUST00988,Customer 988,customer988@example.com,Other,34,India,Mumbai,49122,High School,Married,2026-03-20,Inactive
CUST00989,Customer 989,customer989@example.com,Other,30,India,New York,26358,High School,Married,2026-07-07,Active
CUST00990,Customer 990,customer990@example.com,Female,58,India,Pune,86062,Postgraduate,Single,2025-07-18,Active
CUST00991,Customer 991,customer991@example.com,Female,35,USA,Delhi,28654,High School,Married,2026-03-07,Inactive
CUST00992,Customer 992,customer992@example.com,Female,46,UK,Berlin,105459,High School,Married,2025-10-27,Active
CUST00993,Customer 993,customer993@example.com,Male,28,India,Chennai,249182,Postgraduate,Divorced,2025-11-20,Inactive
CUST00994,Customer 994,customer994@example.com,Other,40,UK,Bengaluru,132757,Postgraduate,Divorced,2026-01-30,Inactive
CUST00995,Customer 995,customer995@example.com,Other,45,USA,Bengaluru,30378,High School,Married,2025-10-08,Inactive
CUST00996,Customer 996,customer996@example.com,Female,50,Germany,Bengaluru,136130,High School,Divorced,2025-01-15,Active
CUST00997,Customer 997,customer997@example.com,Male,45,Australia,New York,74298,Graduate,Married,2025-02-14,Inactive
CUST00998,Customer 998,customer998@example.com,Female,36,Australia,New York,217644,Graduate,Divorced,2025-10-26,Inactive
CUST00999,Customer 999,customer999@example.com,Female,68,USA,Coimbatore,45377,PhD,Married,2025-12-06,Active
CUST01000,Customer 1000,customer1000@example.com,Female,44,UK,Berlin,198376,High School,Divorced,2026-03-13,Inactive
CUST01001,Customer 1001,customer1001@example.com,Other,60,Germany,London,125343,Postgraduate,Single,2025-12-08,Active
CUST01002,Customer 1002,customer1002@example.com,Other,56,Singapore,Coimbatore,29241,Graduate,Single,2025-04-23,Active
CUST01003,Customer 1003,customer1003@example.com,Other,47,USA,London,176455,PhD,Married,2025-08-07,Active
CUST01004,Customer 1004,customer1004@example.com,Other,64,USA,Delhi,127380,PhD,Married,2025-09-22,Inactive
CUST01005,Customer 1005,customer1005@example.com,Other,24,Australia,New York,198600,PhD,Married,2026-08-10,Inactive
CUST01006,Customer 1006,customer1006@example.com,Female,65,India,Hyderabad,164067,Graduate,Divorced,2025-11-14,Active
CUST01007,Customer 1007,customer1007@example.com,Female,62,UK,Mumbai,202133,High School,Divorced,2026-01-14,Active
CUST01008,Customer 1008,customer1008@example.com,Female,44,Australia,Mumbai,128589,PhD,Single,2026-03-15,Inactive
CUST01009,Customer 1009,customer1009@example.com,Female,56,Australia,London,26786,High School,Single,2025-08-04,Inactive
CUST01010,Customer 1010,customer1010@example.com,Other,45,Germany,Bengaluru,54395,Postgraduate,Single,2026-07-29,Inactive
CUST01011,Customer 1011,customer1011@example.com,Female,31,Australia,Hyderabad,128253,PhD,Married,2026-02-07,Active
CUST01012,Customer 1012,customer1012@example.com,Female,59,Singapore,Delhi,114432,High School,Married,2026-05-21,Active
CUST01013,Customer 1013,customer1013@example.com,Male,30,USA,Bengaluru,203732,Graduate,Single,2026-03-23,Active
CUST01014,Customer 1014,customer1014@example.com,Other,34,India,Coimbatore,117622,Graduate,Single,2026-01-06,Inactive
CUST01015,Customer 1015,customer1015@example.com,Female,45,USA,Coimbatore,218542,High School,Married,2025-01-19,Inactive
CUST01016,Customer 1016,customer1016@example.com,Female,61,India,Berlin,67236,High School,Married,2025-12-14,Inactive
CUST01017,Customer 1017,customer1017@example.com,Female,37,Singapore,Mumbai,111596,Postgraduate,Single,2025-03-19,Active
CUST01018,Customer 1018,customer1018@example.com,Male,43,UK,Mumbai,195169,Postgraduate,Divorced,2025-12-26,Inactive
CUST01019,Customer 1019,customer1019@example.com,Female,20,Australia,Coimbatore,52921,Graduate,Single,2026-02-23,Inactive
CUST01020,Customer 1020,customer1020@example.com,Other,24,USA,Chennai,97315,PhD,Divorced,2025-11-21,Active
CUST01021,Customer 1021,customer1021@example.com,Female,20,India,Delhi,194168,High School,Single,2025-07-03,Active
CUST01022,Customer 1022,customer1022@example.com,Male,21,UK,London,157522,Graduate,Single,2025-02-05,Inactive
CUST01023,Customer 1023,customer1023@example.com,Female,63,USA,Mumbai,200066,PhD,Married,2026-02-04,Inactive
CUST01024,Customer 1024,customer1024@example.com,Male,61,France,Bengaluru,141039,PhD,Married,2026-02-21,Inactive
CUST01025,Customer 1025,customer1025@example.com,Female,60,India,Pune,218318,Graduate,Single,2025-10-12,Active
CUST01026,Customer 1026,customer1026@example.com,Female,20,Singapore,London,222421,High School,Married,2026-03-03,Active
CUST01027,Customer 1027,customer1027@example.com,Male,22,Germany,Chennai,244276,PhD,Married,2026-04-10,Inactive
CUST01028,Customer 1028,customer1028@example.com,Other,32,Singapore,London,52453,High School,Single,2025-11-02,Inactive
CUST01029,Customer 1029,customer1029@example.com,Male,47,USA,Coimbatore,158018,High School,Married,2025-01-29,Active
CUST01030,Customer 1030,customer1030@example.com,Other,35,Germany,London,50709,Graduate,Married,2026-06-03,Active
CUST01031,Customer 1031,customer1031@example.com,Other,43,France,Berlin,76501,Graduate,Married,2025-10-06,Active
CUST01032,Customer 1032,customer1032@example.com,Male,26,Australia,Bengaluru,92572,Postgraduate,Divorced,2026-02-05,Inactive
CUST01033,Customer 1033,customer1033@example.com,Female,56,France,London,170383,PhD,Divorced,2026-06-27,Active
CUST01034,Customer 1034,customer1034@example.com,Male,34,Germany,Mumbai,122023,Graduate,Single,2025-08-05,Active
CUST01035,Customer 1035,customer1035@example.com,Male,21,Singapore,Berlin,219566,High School,Single,2026-01-06,Inactive
CUST01036,Customer 1036,customer1036@example.com,Other,56,Germany,Pune,92172,Graduate,Divorced,2025-01-12,Inactive
CUST01037,Customer 1037,customer1037@example.com,Other,64,India,Hyderabad,163877,High School,Single,2026-06-12,Active
CUST01038,Customer 1038,customer1038@example.com,Male,18,UK,Delhi,196717,Graduate,Married,2025-02-05,Active
CUST01039,Customer 1039,customer1039@example.com,Male,40,India,Berlin,245570,PhD,Divorced,2025-11-19,Active
CUST01040,Customer 1040,customer1040@example.com,Male,61,Germany,Bengaluru,80185,PhD,Married,2025-07-29,Active
CUST01041,Customer 1041,customer1041@example.com,Female,54,France,Delhi,190061,PhD,Married,2025-01-22,Active
CUST01042,Customer 1042,customer1042@example.com,Male,62,Germany,Delhi,44074,High School,Single,2025-10-03,Inactive
CUST01043,Customer 1043,customer1043@example.com,Male,39,France,Mumbai,147272,High School,Married,2026-07-12,Active
CUST01044,Customer 1044,customer1044@example.com,Female,37,UK,Berlin,118105,Graduate,Divorced,2025-04-10,Inactive
CUST01045,Customer 1045,customer1045@example.com,Male,54,Australia,Berlin,240674,Graduate,Divorced,2025-06-24,Active
CUST01046,Customer 1046,customer1046@example.com,Other,25,France,Pune,199011,High School,Married,2025-04-23,Inactive
CUST01047,Customer 1047,customer1047@example.com,Other,30,Australia,Delhi,233632,High School,Single,2025-03-16,Inactive
CUST01048,Customer 1048,customer1048@example.com,Other,49,USA,New York,216377,PhD,Married,2025-05-18,Inactive
CUST01049,Customer 1049,customer1049@example.com,Male,52,France,Bengaluru,117401,Graduate,Married,2025-12-07,Inactive
CUST01050,Customer 1050,customer1050@example.com,Other,24,India,Delhi,190003,High School,Divorced,2026-04-11,Active
CUST01051,Customer 1051,customer1051@example.com,Other,44,UK,London,31855,Postgraduate,Married,2026-02-16,Inactive
CUST01052,Customer 1052,customer1052@example.com,Male,36,Germany,Coimbatore,150525,Postgraduate,Single,2026-04-05,Inactive
CUST01053,Customer 1053,customer1053@example.com,Other,44,India,Mumbai,35642,Postgraduate,Married,2026-03-03,Active
CUST01054,Customer 1054,customer1054@example.com,Female,67,India,Pune,187943,High School,Married,2025-08-17,Active
CUST01055,Customer 1055,customer1055@example.com,Other,21,Singapore,London,242513,Graduate,Married,2026-06-21,Inactive
CUST01056,Customer 1056,customer1056@example.com,Female,69,India,Pune,178313,Graduate,Married,2025-04-13,Active
CUST01057,Customer 1057,customer1057@example.com,Other,41,India,New York,213986,Graduate,Married,2026-02-22,Inactive
CUST01058,Customer 1058,customer1058@example.com,Male,58,Australia,Berlin,77732,Postgraduate,Divorced,2025-03-08,Inactive
CUST01059,Customer 1059,customer1059@example.com,Female,40,Germany,London,248629,Postgraduate,Married,2026-04-02,Active
CUST01060,Customer 1060,customer1060@example.com,Male,34,USA,Coimbatore,148921,Postgraduate,Married,2025-02-21,Inactive
CUST01061,Customer 1061,customer1061@example.com,Male,58,UK,Coimbatore,176752,PhD,Married,2025-05-09,Inactive
CUST01062,Customer 1062,customer1062@example.com,Male,53,USA,Hyderabad,198387,High School,Married,2025-08-22,Active
CUST01063,Customer 1063,customer1063@example.com,Female,25,USA,London,168909,High School,Divorced,2026-02-18,Inactive
CUST01064,Customer 1064,customer1064@example.com,Male,54,USA,Hyderabad,96352,Postgraduate,Single,2025-01-28,Active
CUST01065,Customer 1065,customer1065@example.com,Other,57,UK,Hyderabad,162572,Postgraduate,Married,2025-06-03,Active
CUST01066,Customer 1066,customer1066@example.com,Female,38,USA,Coimbatore,172144,PhD,Single,2025-07-18,Inactive
CUST01067,Customer 1067,customer1067@example.com,Other,66,UK,Hyderabad,217901,Postgraduate,Single,2026-03-12,Inactive
CUST01068,Customer 1068,customer1068@example.com,Other,51,Singapore,Pune,133333,High School,Married,2026-07-28,Active
CUST01069,Customer 1069,customer1069@example.com,Male,35,Singapore,Mumbai,137905,High School,Divorced,2026-01-02,Active
CUST01070,Customer 1070,customer1070@example.com,Male,18,India,Bengaluru,138211,Postgraduate,Divorced,2025-10-30,Active
CUST01071,Customer 1071,customer1071@example.com,Female,53,India,Chennai,50744,High School,Divorced,2025-07-20,Active
CUST01072,Customer 1072,customer1072@example.com,Female,28,USA,Bengaluru,45262,Postgraduate,Married,2026-05-06,Active
CUST01073,Customer 1073,customer1073@example.com,Male,57,Germany,Mumbai,29597,High School,Divorced,2025-03-05,Inactive
CUST01074,Customer 1074,customer1074@example.com,Other,45,Australia,Chennai,174899,High School,Married,2025-03-19,Active
CUST01075,Customer 1075,customer1075@example.com,Female,42,Germany,Bengaluru,119243,Graduate,Single,2025-04-30,Active
CUST01076,Customer 1076,customer1076@example.com,Other,26,France,Delhi,219780,PhD,Divorced,2025-06-09,Active
CUST01077,Customer 1077,customer1077@example.com,Male,54,France,Berlin,183004,High School,Married,2025-10-03,Inactive
CUST01078,Customer 1078,customer1078@example.com,Other,26,Singapore,Pune,56822,High School,Divorced,2026-07-19,Inactive
CUST01079,Customer 1079,customer1079@example.com,Male,39,Australia,Chennai,47516,PhD,Single,2026-01-23,Inactive
CUST01080,Customer 1080,customer1080@example.com,Female,61,UK,New York,107374,Graduate,Single,2025-08-17,Active
CUST01081,Customer 1081,customer1081@example.com,Female,65,France,New York,232213,Graduate,Married,2025-05-07,Inactive
CUST01082,Customer 1082,customer1082@example.com,Other,69,UK,Berlin,35950,Postgraduate,Single,2026-01-22,Inactive
CUST01083,Customer 1083,customer1083@example.com,Male,67,Singapore,Bengaluru,67165,PhD,Married,2025-05-31,Inactive
CUST01084,Customer 1084,customer1084@example.com,Male,46,UK,Delhi,31667,PhD,Married,2026-08-05,Inactive
CUST01085,Customer 1085,customer1085@example.com,Female,28,UK,Delhi,118074,Graduate,Married,2025-10-12,Inactive
CUST01086,Customer 1086,customer1086@example.com,Female,61,France,Berlin,247674,PhD,Single,2025-11-25,Inactive
CUST01087,Customer 1087,customer1087@example.com,Male,59,Australia,Coimbatore,178836,High School,Single,2026-06-23,Inactive
CUST01088,Customer 1088,customer1088@example.com,Male,69,Germany,Chennai,136031,PhD,Divorced,2025-07-01,Inactive
CUST01089,Customer 1089,customer1089@example.com,Male,51,Singapore,Pune,57489,Graduate,Single,2025-10-09,Inactive
CUST01090,Customer 1090,customer1090@example.com,Female,25,UK,New York,104992,PhD,Married,2025-11-14,Inactive
CUST01091,Customer 1091,customer1091@example.com,Female,44,India,Mumbai,143022,PhD,Married,2025-06-11,Active
CUST01092,Customer 1092,customer1092@example.com,Female,41,France,Coimbatore,86847,High School,Single,2025-02-02,Inactive
CUST01093,Customer 1093,customer1093@example.com,Other,61,Singapore,Coimbatore,183639,Graduate,Single,2025-06-19,Active
CUST01094,Customer 1094,customer1094@example.com,Male,38,India,Coimbatore,245503,Postgraduate,Married,2025-03-08,Inactive
CUST01095,Customer 1095,customer1095@example.com,Other,35,UK,London,71337,PhD,Married,2026-02-07,Active
CUST01096,Customer 1096,customer1096@example.com,Other,22,Germany,London,81756,PhD,Divorced,2025-01-05,Inactive
CUST01097,Customer 1097,customer1097@example.com,Male,61,USA,Pune,53402,Postgraduate,Married,2025-07-08,Inactive
CUST01098,Customer 1098,customer1098@example.com,Male,57,France,Pune,188285,PhD,Single,2026-06-11,Inactive
CUST01099,Customer 1099,customer1099@example.com,Male,20,India,Chennai,128887,Graduate,Single,2025-12-05,Active
CUST01100,Customer 1100,customer1100@example.com,Male,40,France,Berlin,88845,High School,Married,2026-02-05,Inactive
CUST01101,Customer 1101,customer1101@example.com,Female,42,UK,Coimbatore,74316,Postgraduate,Married,2026-02-03,Inactive
CUST01102,Customer 1102,customer1102@example.com,Male,42,UK,Berlin,40860,High School,Single,2025-06-27,Active
CUST01103,Customer 1103,customer1103@example.com,Male,65,Germany,Mumbai,132135,Postgraduate,Divorced,2026-01-12,Active
CUST01104,Customer 1104,customer1104@example.com,Female,25,UK,Delhi,178737,Graduate,Married,2025-05-12,Inactive
CUST01105,Customer 1105,customer1105@example.com,Other,33,Singapore,Chennai,77881,High School,Married,2026-01-14,Inactive
CUST01106,Customer 1106,customer1106@example.com,Male,27,USA,New York,25366,High School,Single,2026-02-12,Inactive
CUST01107,Customer 1107,customer1107@example.com,Other,30,Australia,Pune,131498,PhD,Single,2026-06-07,Active
CUST01108,Customer 1108,customer1108@example.com,Female,65,India,Delhi,177044,Graduate,Married,2026-07-03,Active
CUST01109,Customer 1109,customer1109@example.com,Other,66,France,Chennai,102624,Graduate,Single,2025-01-15,Inactive
CUST01110,Customer 1110,customer1110@example.com,Male,20,Germany,Chennai,81334,PhD,Married,2025-06-28,Inactive
CUST01111,Customer 1111,customer1111@example.com,Female,50,UK,Hyderabad,59715,High School,Married,2025-11-23,Inactive
CUST01112,Customer 1112,customer1112@example.com,Other,30,USA,Bengaluru,192874,Postgraduate,Divorced,2025-07-11,Active
CUST01113,Customer 1113,customer1113@example.com,Male,28,India,London,218853,Postgraduate,Divorced,2026-01-04,Active
CUST01114,Customer 1114,customer1114@example.com,Other,33,Singapore,Coimbatore,198194,High School,Single,2026-05-25,Active
CUST01115,Customer 1115,customer1115@example.com,Female,28,Germany,Delhi,141592,PhD,Single,2025-06-03,Inactive
CUST01116,Customer 1116,customer1116@example.com,Female,43,Germany,London,187924,High School,Married,2026-06-17,Inactive
CUST01117,Customer 1117,customer1117@example.com,Female,69,Germany,Delhi,114306,High School,Divorced,2026-06-10,Active
CUST01118,Customer 1118,customer1118@example.com,Female,48,UK,Mumbai,30508,PhD,Single,2026-06-29,Active
CUST01119,Customer 1119,customer1119@example.com,Male,55,India,Coimbatore,107705,High School,Divorced,2025-02-13,Inactive
CUST01120,Customer 1120,customer1120@example.com,Other,43,Singapore,Delhi,183341,Graduate,Married,2025-06-24,Active
CUST01121,Customer 1121,customer1121@example.com,Female,18,Australia,Delhi,170652,High School,Married,2025-03-15,Active
CUST01122,Customer 1122,customer1122@example.com,Other,22,USA,Bengaluru,247783,Postgraduate,Divorced,2025-03-13,Active
CUST01123,Customer 1123,customer1123@example.com,Female,31,USA,Mumbai,249438,High School,Divorced,2025-02-01,Inactive
CUST01124,Customer 1124,customer1124@example.com,Female,30,USA,Delhi,79590,High School,Divorced,2025-09-20,Inactive
CUST01125,Customer 1125,customer1125@example.com,Female,61,Singapore,Hyderabad,27151,PhD,Married,2025-02-21,Inactive
CUST01126,Customer 1126,customer1126@example.com,Other,61,Australia,London,86703,Graduate,Married,2025-06-26,Active
CUST01127,Customer 1127,customer1127@example.com,Other,62,Germany,Berlin,222132,High School,Divorced,2026-08-08,Inactive
CUST01128,Customer 1128,customer1128@example.com,Other,51,UK,Pune,208044,Graduate,Single,2026-06-11,Inactive
CUST01129,Customer 1129,customer1129@example.com,Female,46,USA,Chennai,47219,Postgraduate,Divorced,2026-07-13,Active
CUST01130,Customer 1130,customer1130@example.com,Other,51,USA,London,61089,Postgraduate,Divorced,2025-01-22,Inactive
CUST01131,Customer 1131,customer1131@example.com,Female,39,France,New York,151793,Postgraduate,Single,2026-01-29,Active
CUST01132,Customer 1132,customer1132@example.com,Female,52,France,Berlin,173631,Graduate,Single,2026-01-13,Inactive
CUST01133,Customer 1133,customer1133@example.com,Other,59,UK,Bengaluru,246026,PhD,Single,2025-03-21,Inactive
CUST01134,Customer 1134,customer1134@example.com,Male,57,Singapore,Berlin,194881,PhD,Divorced,2026-06-25,Inactive
CUST01135,Customer 1135,customer1135@example.com,Other,49,Australia,Hyderabad,72667,Postgraduate,Single,2025-08-30,Inactive
CUST01136,Customer 1136,customer1136@example.com,Male,21,Singapore,Coimbatore,33361,Graduate,Divorced,2026-08-06,Inactive
CUST01137,Customer 1137,customer1137@example.com,Female,55,UK,Delhi,167564,PhD,Divorced,2025-03-09,Inactive
CUST01138,Customer 1138,customer1138@example.com,Female,37,USA,Berlin,149597,Graduate,Divorced,2026-01-23,Active
CUST01139,Customer 1139,customer1139@example.com,Female,56,Singapore,Chennai,232395,PhD,Single,2025-03-19,Active
CUST01140,Customer 1140,customer1140@example.com,Female,46,India,New York,154572,Postgraduate,Single,2026-07-21,Inactive
CUST01141,Customer 1141,customer1141@example.com,Female,63,France,Pune,137779,Graduate,Married,2025-12-29,Active
CUST01142,Customer 1142,customer1142@example.com,Female,35,Singapore,Bengaluru,93274,Graduate,Single,2025-02-15,Inactive
CUST01143,Customer 1143,customer1143@example.com,Female,66,USA,London,44410,Postgraduate,Married,2025-05-09,Inactive
CUST01144,Customer 1144,customer1144@example.com,Female,61,UK,Pune,222178,Graduate,Divorced,2025-08-03,Active
CUST01145,Customer 1145,customer1145@example.com,Other,35,USA,Chennai,210865,PhD,Single,2025-01-08,Inactive
CUST01146,Customer 1146,customer1146@example.com,Female,43,Australia,New York,61618,PhD,Divorced,2025-01-06,Active
CUST01147,Customer 1147,customer1147@example.com,Female,45,UK,Berlin,183376,High School,Married,2026-07-06,Active
CUST01148,Customer 1148,customer1148@example.com,Other,57,Australia,Coimbatore,106944,Postgraduate,Divorced,2026-08-08,Inactive
CUST01149,Customer 1149,customer1149@example.com,Other,53,France,Chennai,123333,Postgraduate,Divorced,2025-11-16,Active
CUST01150,Customer 1150,customer1150@example.com,Male,62,UK,New York,215951,High School,Divorced,2026-06-23,Active
CUST01151,Customer 1151,customer1151@example.com,Other,37,Germany,Delhi,214456,Graduate,Married,2026-01-26,Active
CUST01152,Customer 1152,customer1152@example.com,Male,44,USA,New York,67894,Graduate,Divorced,2025-01-17,Inactive
CUST01153,Customer 1153,customer1153@example.com,Male,40,Germany,Pune,94212,Graduate,Married,2026-03-02,Active
CUST01154,Customer 1154,customer1154@example.com,Other,65,USA,Berlin,209810,Postgraduate,Divorced,2025-01-11,Active
CUST01155,Customer 1155,customer1155@example.com,Male,33,Australia,Coimbatore,231324,PhD,Single,2026-05-02,Active
CUST01156,Customer 1156,customer1156@example.com,Other,48,India,Chennai,42790,PhD,Single,2025-08-07,Inactive
CUST01157,Customer 1157,customer1157@example.com,Other,24,India,Bengaluru,212559,Graduate,Divorced,2025-03-26,Active
CUST01158,Customer 1158,customer1158@example.com,Other,62,Singapore,Bengaluru,135077,Postgraduate,Single,2025-06-04,Active
CUST01159,Customer 1159,customer1159@example.com,Other,37,Singapore,Pune,157820,PhD,Married,2026-02-12,Inactive
CUST01160,Customer 1160,customer1160@example.com,Other,35,India,Hyderabad,41949,Postgraduate,Single,2026-05-20,Inactive
CUST01161,Customer 1161,customer1161@example.com,Male,48,France,Hyderabad,178081,High School,Divorced,2025-12-07,Inactive
CUST01162,Customer 1162,customer1162@example.com,Other,43,Singapore,Bengaluru,177528,PhD,Single,2025-04-06,Active
CUST01163,Customer 1163,customer1163@example.com,Male,62,France,Mumbai,174109,PhD,Single,2026-06-21,Active
CUST01164,Customer 1164,customer1164@example.com,Male,45,Australia,Bengaluru,202886,High School,Divorced,2026-04-17,Active
CUST01165,Customer 1165,customer1165@example.com,Male,44,France,Mumbai,237863,PhD,Divorced,2025-09-02,Active
CUST01166,Customer 1166,customer1166@example.com,Female,23,Singapore,Coimbatore,216219,High School,Single,2025-11-27,Active
CUST01167,Customer 1167,customer1167@example.com,Other,19,Australia,Delhi,192577,Postgraduate,Married,2026-07-29,Inactive
CUST01168,Customer 1168,customer1168@example.com,Male,38,Germany,Bengaluru,245784,PhD,Married,2025-08-13,Active
CUST01169,Customer 1169,customer1169@example.com,Other,69,France,New York,176772,PhD,Divorced,2025-01-16,Inactive
CUST01170,Customer 1170,customer1170@example.com,Female,65,Singapore,London,176204,PhD,Divorced,2025-03-28,Inactive
CUST01171,Customer 1171,customer1171@example.com,Female,50,USA,Berlin,146963,High School,Single,2026-08-18,Active
CUST01172,Customer 1172,customer1172@example.com,Other,50,UK,Berlin,198039,Postgraduate,Married,2026-03-17,Inactive
CUST01173,Customer 1173,customer1173@example.com,Female,38,India,London,41059,Graduate,Divorced,2026-01-04,Inactive
CUST01174,Customer 1174,customer1174@example.com,Female,27,France,New York,138796,PhD,Married,2025-07-12,Active
CUST01175,Customer 1175,customer1175@example.com,Other,18,Germany,Pune,120697,Graduate,Married,2025-09-19,Active
CUST01176,Customer 1176,customer1176@example.com,Female,35,Germany,Coimbatore,230366,High School,Single,2025-01-23,Inactive
CUST01177,Customer 1177,customer1177@example.com,Female,34,Germany,Bengaluru,41326,PhD,Single,2025-08-10,Active
CUST01178,Customer 1178,customer1178@example.com,Male,27,UK,Bengaluru,169846,High School,Single,2026-01-07,Active
CUST01179,Customer 1179,customer1179@example.com,Male,31,Singapore,New York,66474,Postgraduate,Married,2026-06-24,Active
CUST01180,Customer 1180,customer1180@example.com,Male,19,France,Chennai,223799,PhD,Divorced,2026-07-04,Active
CUST01181,Customer 1181,customer1181@example.com,Male,49,Australia,Coimbatore,216668,High School,Single,2026-05-05,Active
CUST01182,Customer 1182,customer1182@example.com,Male,66,Australia,Berlin,77976,High School,Married,2025-01-13,Inactive
CUST01183,Customer 1183,customer1183@example.com,Other,53,USA,Hyderabad,221134,PhD,Single,2026-04-29,Inactive
CUST01184,Customer 1184,customer1184@example.com,Male,41,India,New York,136766,Postgraduate,Single,2025-05-11,Inactive
CUST01185,Customer 1185,customer1185@example.com,Female,39,Australia,Chennai,243485,High School,Divorced,2026-01-03,Inactive
CUST01186,Customer 1186,customer1186@example.com,Other,33,USA,Berlin,189209,PhD,Divorced,2026-07-19,Inactive
CUST01187,Customer 1187,customer1187@example.com,Other,25,India,Coimbatore,32754,PhD,Married,2026-06-14,Inactive
CUST01188,Customer 1188,customer1188@example.com,Female,49,Singapore,Hyderabad,70612,Graduate,Single,2026-01-31,Active
CUST01189,Customer 1189,customer1189@example.com,Male,47,Australia,Chennai,115809,Postgraduate,Single,2025-06-28,Active
CUST01190,Customer 1190,customer1190@example.com,Other,18,France,Hyderabad,72551,PhD,Single,2025-11-07,Active
CUST01191,Customer 1191,customer1191@example.com,Male,39,Australia,Coimbatore,54797,Graduate,Single,2026-02-24,Inactive
CUST01192,Customer 1192,customer1192@example.com,Other,32,India,London,245060,PhD,Divorced,2025-11-03,Inactive
CUST01193,Customer 1193,customer1193@example.com,Other,26,UK,Delhi,220539,PhD,Single,2025-08-30,Inactive
CUST01194,Customer 1194,customer1194@example.com,Male,54,Singapore,Berlin,122787,Postgraduate,Married,2025-08-29,Active
CUST01195,Customer 1195,customer1195@example.com,Other,45,France,Bengaluru,73381,Graduate,Single,2025-12-24,Active
CUST01196,Customer 1196,customer1196@example.com,Male,50,France,Berlin,65908,High School,Married,2025-01-22,Active
CUST01197,Customer 1197,customer1197@example.com,Male,55,India,New York,231049,Graduate,Divorced,2026-08-18,Active
CUST01198,Customer 1198,customer1198@example.com,Other,69,India,London,99579,PhD,Married,2025-03-02,Inactive
CUST01199,Customer 1199,customer1199@example.com,Other,59,UK,Chennai,27834,PhD,Married,2026-08-10,Active
CUST01200,Customer 1200,customer1200@example.com,Male,50,India,Coimbatore,114410,High School,Divorced,2025-01-22,Inactive
CUST01201,Customer 1201,customer1201@example.com,Other,63,UK,Mumbai,127226,Postgraduate,Divorced,2025-11-02,Inactive
CUST01202,Customer 1202,customer1202@example.com,Other,42,France,Chennai,165194,PhD,Married,2025-09-06,Active
CUST01203,Customer 1203,customer1203@example.com,Other,69,Australia,Chennai,101205,High School,Single,2025-12-09,Inactive
CUST01204,Customer 1204,customer1204@example.com,Male,57,USA,Pune,232679,Graduate,Married,2025-09-16,Active
CUST01205,Customer 1205,customer1205@example.com,Male,51,UK,Hyderabad,169796,High School,Single,2025-01-10,Active
CUST01206,Customer 1206,customer1206@example.com,Other,64,UK,Delhi,246983,Postgraduate,Married,2026-08-11,Inactive
CUST01207,Customer 1207,customer1207@example.com,Other,44,USA,London,107579,High School,Divorced,2026-02-15,Inactive
CUST01208,Customer 1208,customer1208@example.com,Other,55,Australia,Chennai,171632,Postgraduate,Married,2026-04-10,Active
CUST01209,Customer 1209,customer1209@example.com,Female,32,UK,Coimbatore,107201,PhD,Single,2025-03-25,Inactive
CUST01210,Customer 1210,customer1210@example.com,Male,68,Singapore,London,182483,PhD,Single,2025-02-08,Active
CUST01211,Customer 1211,customer1211@example.com,Other,50,Singapore,Bengaluru,192779,High School,Married,2025-08-25,Active
CUST01212,Customer 1212,customer1212@example.com,Male,58,Germany,Hyderabad,97411,PhD,Married,2025-07-12,Active
CUST01213,Customer 1213,customer1213@example.com,Female,41,UK,Delhi,235977,Graduate,Divorced,2026-04-12,Active
CUST01214,Customer 1214,customer1214@example.com,Other,63,USA,Pune,217861,Graduate,Single,2026-06-19,Inactive
CUST01215,Customer 1215,customer1215@example.com,Female,21,Australia,Chennai,226262,High School,Married,2025-09-12,Inactive
CUST01216,Customer 1216,customer1216@example.com,Male,23,Germany,Chennai,74004,PhD,Married,2026-04-03,Inactive
CUST01217,Customer 1217,customer1217@example.com,Male,44,Australia,Mumbai,186517,PhD,Divorced,2025-02-05,Inactive
CUST01218,Customer 1218,customer1218@example.com,Female,56,USA,Pune,48935,High School,Married,2026-03-19,Active
CUST01219,Customer 1219,customer1219@example.com,Other,60,Singapore,Chennai,48739,High School,Married,2025-03-01,Inactive
CUST01220,Customer 1220,customer1220@example.com,Female,40,France,Chennai,243983,PhD,Married,2026-02-03,Active
CUST01221,Customer 1221,customer1221@example.com,Other,51,France,New York,59402,PhD,Divorced,2025-08-16,Inactive
CUST01222,Customer 1222,customer1222@example.com,Male,46,India,Mumbai,219432,Graduate,Single,2025-09-05,Inactive
CUST01223,Customer 1223,customer1223@example.com,Other,67,India,New York,121931,High School,Divorced,2025-06-14,Inactive
CUST01224,Customer 1224,customer1224@example.com,Other,52,Australia,New York,93320,PhD,Married,2025-08-29,Inactive
CUST01225,Customer 1225,customer1225@example.com,Female,39,UK,Delhi,41537,Postgraduate,Divorced,2026-06-06,Active
CUST01226,Customer 1226,customer1226@example.com,Other,68,UK,Mumbai,176914,High School,Divorced,2026-04-28,Inactive
CUST01227,Customer 1227,customer1227@example.com,Female,23,France,Hyderabad,187300,Postgraduate,Married,2025-07-22,Inactive
CUST01228,Customer 1228,customer1228@example.com,Female,69,Australia,Berlin,130079,PhD,Married,2025-06-25,Active
CUST01229,Customer 1229,customer1229@example.com,Other,26,Singapore,London,207238,High School,Married,2025-10-31,Inactive
CUST01230,Customer 1230,customer1230@example.com,Other,32,Germany,Mumbai,97704,PhD,Single,2026-02-13,Inactive
CUST01231,Customer 1231,customer1231@example.com,Other,60,Singapore,Delhi,149128,Postgraduate,Single,2025-04-19,Active
CUST01232,Customer 1232,customer1232@example.com,Male,56,UK,Mumbai,89524,Graduate,Married,2026-03-09,Inactive
CUST01233,Customer 1233,customer1233@example.com,Other,68,France,Coimbatore,156001,Graduate,Married,2026-07-20,Active
CUST01234,Customer 1234,customer1234@example.com,Male,56,Germany,New York,55606,High School,Divorced,2026-05-19,Inactive
CUST01235,Customer 1235,customer1235@example.com,Female,51,France,New York,132138,Graduate,Married,2025-11-23,Active
CUST01236,Customer 1236,customer1236@example.com,Female,36,India,Pune,148597,Postgraduate,Single,2025-07-10,Active
CUST01237,Customer 1237,customer1237@example.com,Female,18,UK,Berlin,150222,Postgraduate,Single,2025-07-12,Inactive
CUST01238,Customer 1238,customer1238@example.com,Other,24,Australia,New York,125484,PhD,Married,2026-03-19,Inactive
CUST01239,Customer 1239,customer1239@example.com,Other,33,India,Chennai,169804,Postgraduate,Married,2025-09-29,Inactive
CUST01240,Customer 1240,customer1240@example.com,Male,20,India,London,140242,Graduate,Married,2025-03-05,Active
CUST01241,Customer 1241,customer1241@example.com,Male,44,France,Delhi,88728,PhD,Divorced,2026-02-08,Inactive
CUST01242,Customer 1242,customer1242@example.com,Male,58,India,Mumbai,73455,High School,Single,2025-03-24,Active
CUST01243,Customer 1243,customer1243@example.com,Other,68,India,Chennai,170738,High School,Divorced,2026-08-12,Inactive
CUST01244,Customer 1244,customer1244@example.com,Female,43,India,Chennai,236188,High School,Married,2025-09-06,Active
CUST01245,Customer 1245,customer1245@example.com,Other,63,France,Bengaluru,194468,PhD,Married,2025-07-23,Inactive
CUST01246,Customer 1246,customer1246@example.com,Other,69,Germany,Coimbatore,168683,PhD,Married,2025-02-02,Inactive
CUST01247,Customer 1247,customer1247@example.com,Other,62,USA,Pune,232345,Graduate,Married,2025-04-10,Active
CUST01248,Customer 1248,customer1248@example.com,Male,42,India,Berlin,227411,PhD,Divorced,2026-07-19,Active
CUST01249,Customer 1249,customer1249@example.com,Male,34,India,Coimbatore,138956,Postgraduate,Divorced,2025-11-17,Inactive
CUST01250,Customer 1250,customer1250@example.com,Female,68,UK,Mumbai,49586,Graduate,Married,2026-06-22,Inactive
CUST01251,Customer 1251,customer1251@example.com,Female,30,Germany,New York,167714,Postgraduate,Married,2026-07-24,Active
CUST01252,Customer 1252,customer1252@example.com,Other,39,France,Delhi,165142,PhD,Single,2025-01-30,Inactive
CUST01253,Customer 1253,customer1253@example.com,Male,21,USA,Bengaluru,87405,High School,Single,2025-08-15,Active
CUST01254,Customer 1254,customer1254@example.com,Female,59,UK,Berlin,216129,PhD,Divorced,2026-05-15,Inactive
CUST01255,Customer 1255,customer1255@example.com,Male,51,France,Chennai,220739,PhD,Divorced,2025-10-23,Active
CUST01256,Customer 1256,customer1256@example.com,Male,22,France,Mumbai,99457,Postgraduate,Divorced,2025-10-31,Active
CUST01257,Customer 1257,customer1257@example.com,Male,29,Singapore,London,132293,Graduate,Divorced,2025-12-06,Inactive
CUST01258,Customer 1258,customer1258@example.com,Male,46,France,Mumbai,68907,Graduate,Married,2026-02-23,Inactive
CUST01259,Customer 1259,customer1259@example.com,Female,46,USA,Pune,65129,PhD,Divorced,2026-07-14,Active
CUST01260,Customer 1260,customer1260@example.com,Female,59,Germany,Pune,84630,High School,Single,2026-06-13,Active
CUST01261,Customer 1261,customer1261@example.com,Female,31,India,Chennai,107302,Graduate,Divorced,2026-01-08,Active
CUST01262,Customer 1262,customer1262@example.com,Female,66,Singapore,Pune,86410,High School,Single,2025-12-10,Active
CUST01263,Customer 1263,customer1263@example.com,Other,41,USA,Bengaluru,59117,PhD,Divorced,2025-08-04,Inactive
CUST01264,Customer 1264,customer1264@example.com,Other,60,UK,London,125620,Graduate,Married,2025-03-11,Active
CUST01265,Customer 1265,customer1265@example.com,Female,30,Australia,Delhi,165302,Postgraduate,Divorced,2026-02-27,Inactive
CUST01266,Customer 1266,customer1266@example.com,Female,19,India,Delhi,98342,High School,Single,2025-01-02,Active
CUST01267,Customer 1267,customer1267@example.com,Other,20,UK,Bengaluru,145049,Graduate,Divorced,2026-02-21,Active
CUST01268,Customer 1268,customer1268@example.com,Other,37,USA,Coimbatore,86036,Graduate,Divorced,2025-10-24,Inactive
CUST01269,Customer 1269,customer1269@example.com,Male,67,USA,Coimbatore,183369,Postgraduate,Married,2026-04-14,Active
CUST01270,Customer 1270,customer1270@example.com,Other,20,UK,Delhi,170915,Graduate,Single,2026-07-20,Active
CUST01271,Customer 1271,customer1271@example.com,Male,37,Germany,New York,241014,High School,Divorced,2025-11-26,Active
CUST01272,Customer 1272,customer1272@example.com,Female,23,UK,Hyderabad,36932,PhD,Married,2025-12-08,Active
CUST01273,Customer 1273,customer1273@example.com,Female,66,Germany,Delhi,216957,PhD,Divorced,2025-10-18,Inactive
CUST01274,Customer 1274,customer1274@example.com,Female,53,UK,Berlin,101582,High School,Married,2025-08-11,Inactive
CUST01275,Customer 1275,customer1275@example.com,Male,57,USA,Hyderabad,39860,Graduate,Single,2025-02-22,Active
CUST01276,Customer 1276,customer1276@example.com,Other,55,Germany,Chennai,180194,PhD,Single,2025-01-19,Active
CUST01277,Customer 1277,customer1277@example.com,Male,52,Germany,Chennai,63637,High School,Married,2026-03-07,Active
CUST01278,Customer 1278,customer1278@example.com,Male,58,Australia,Berlin,64566,Graduate,Single,2026-06-30,Active
CUST01279,Customer 1279,customer1279@example.com,Other,18,France,Delhi,245422,Graduate,Married,2025-02-02,Active
CUST01280,Customer 1280,customer1280@example.com,Other,63,Germany,Delhi,74708,PhD,Divorced,2025-07-14,Active
CUST01281,Customer 1281,customer1281@example.com,Male,56,USA,Mumbai,148112,Graduate,Divorced,2025-12-29,Inactive
CUST01282,Customer 1282,customer1282@example.com,Other,56,Australia,Chennai,70150,High School,Married,2026-02-25,Active
CUST01283,Customer 1283,customer1283@example.com,Other,38,Australia,Bengaluru,52897,Graduate,Single,2026-03-15,Inactive
CUST01284,Customer 1284,customer1284@example.com,Male,59,Australia,Hyderabad,25208,Postgraduate,Single,2026-02-18,Inactive
CUST01285,Customer 1285,customer1285@example.com,Female,37,India,Pune,28611,PhD,Divorced,2025-02-19,Active
CUST01286,Customer 1286,customer1286@example.com,Female,20,USA,Berlin,131598,Postgraduate,Married,2025-06-01,Active
CUST01287,Customer 1287,customer1287@example.com,Male,65,France,Mumbai,122650,Graduate,Single,2025-10-07,Active
CUST01288,Customer 1288,customer1288@example.com,Male,30,India,Pune,33765,High School,Divorced,2025-02-08,Active
CUST01289,Customer 1289,customer1289@example.com,Male,23,Germany,Coimbatore,103658,High School,Single,2025-07-24,Active
CUST01290,Customer 1290,customer1290@example.com,Male,50,France,Hyderabad,86411,PhD,Divorced,2025-08-18,Inactive
CUST01291,Customer 1291,customer1291@example.com,Female,30,Australia,Mumbai,153547,Postgraduate,Married,2026-08-06,Active
CUST01292,Customer 1292,customer1292@example.com,Female,62,India,Bengaluru,248831,Graduate,Married,2025-07-09,Active
CUST01293,Customer 1293,customer1293@example.com,Male,41,France,Chennai,180619,Postgraduate,Married,2026-08-02,Inactive
CUST01294,Customer 1294,customer1294@example.com,Male,18,Australia,New York,231640,PhD,Married,2026-02-22,Inactive
CUST01295,Customer 1295,customer1295@example.com,Male,67,India,Chennai,68250,Postgraduate,Married,2026-02-17,Inactive
CUST01296,Customer 1296,customer1296@example.com,Other,44,Australia,New York,73392,Graduate,Married,2026-05-04,Inactive
CUST01297,Customer 1297,customer1297@example.com,Male,31,Singapore,Chennai,193932,Postgraduate,Single,2026-05-18,Active
CUST01298,Customer 1298,customer1298@example.com,Other,53,USA,Chennai,94750,High School,Single,2025-05-13,Active
CUST01299,Customer 1299,customer1299@example.com,Female,45,Germany,Coimbatore,215974,High School,Married,2025-09-08,Active
CUST01300,Customer 1300,customer1300@example.com,Other,19,Australia,Berlin,129333,Graduate,Married,2025-11-11,Active
CUST01301,Customer 1301,customer1301@example.com,Female,57,Singapore,Bengaluru,70184,Postgraduate,Single,2026-08-06,Active
CUST01302,Customer 1302,customer1302@example.com,Male,38,India,Chennai,214993,Postgraduate,Divorced,2025-01-25,Active
CUST01303,Customer 1303,customer1303@example.com,Female,54,Germany,London,148853,Graduate,Divorced,2025-10-12,Active
CUST01304,Customer 1304,customer1304@example.com,Male,64,France,Chennai,205596,High School,Single,2025-05-08,Active
CUST01305,Customer 1305,customer1305@example.com,Male,49,Germany,London,126754,PhD,Divorced,2025-05-04,Inactive
CUST01306,Customer 1306,customer1306@example.com,Male,52,Australia,New York,53404,PhD,Single,2026-03-31,Active
CUST01307,Customer 1307,customer1307@example.com,Male,31,France,Delhi,178233,Graduate,Divorced,2025-05-01,Active
CUST01308,Customer 1308,customer1308@example.com,Male,30,Australia,Chennai,53001,High School,Divorced,2026-04-18,Inactive
CUST01309,Customer 1309,customer1309@example.com,Male,39,Singapore,Bengaluru,174241,High School,Married,2026-08-16,Inactive
CUST01310,Customer 1310,customer1310@example.com,Other,62,UK,New York,118765,High School,Divorced,2026-04-08,Active
CUST01311,Customer 1311,customer1311@example.com,Female,45,India,Berlin,203094,Postgraduate,Single,2025-04-12,Active
CUST01312,Customer 1312,customer1312@example.com,Female,36,India,Hyderabad,220772,Graduate,Divorced,2025-03-26,Active
CUST01313,Customer 1313,customer1313@example.com,Other,58,Germany,Delhi,116659,PhD,Married,2025-09-18,Active
CUST01314,Customer 1314,customer1314@example.com,Male,62,France,Pune,223470,Postgraduate,Divorced,2025-11-25,Active
CUST01315,Customer 1315,customer1315@example.com,Female,64,France,Berlin,49952,Postgraduate,Single,2026-04-09,Inactive
CUST01316,Customer 1316,customer1316@example.com,Other,33,UK,Coimbatore,49157,Postgraduate,Single,2025-09-09,Inactive
CUST01317,Customer 1317,customer1317@example.com,Female,54,UK,Mumbai,248547,Graduate,Divorced,2025-04-10,Active
CUST01318,Customer 1318,customer1318@example.com,Female,48,Singapore,Berlin,154217,Graduate,Single,2026-08-14,Inactive
CUST01319,Customer 1319,customer1319@example.com,Male,41,Australia,Delhi,126410,Postgraduate,Married,2026-06-24,Inactive
CUST01320,Customer 1320,customer1320@example.com,Male,38,Germany,Hyderabad,60027,PhD,Divorced,2026-01-25,Active
CUST01321,Customer 1321,customer1321@example.com,Male,23,France,Chennai,90024,PhD,Divorced,2026-02-19,Active
CUST01322,Customer 1322,customer1322@example.com,Male,32,Australia,Chennai,179379,High School,Married,2026-07-12,Inactive
CUST01323,Customer 1323,customer1323@example.com,Other,46,USA,London,209886,PhD,Single,2025-10-11,Active
CUST01324,Customer 1324,customer1324@example.com,Female,64,France,London,231198,Graduate,Single,2025-03-28,Active
CUST01325,Customer 1325,customer1325@example.com,Female,63,India,Coimbatore,116740,High School,Married,2025-12-28,Active
CUST01326,Customer 1326,customer1326@example.com,Other,27,France,Berlin,127323,PhD,Married,2025-09-26,Inactive
CUST01327,Customer 1327,customer1327@example.com,Male,53,UK,Chennai,61742,Graduate,Single,2026-04-22,Active
CUST01328,Customer 1328,customer1328@example.com,Male,22,Germany,Mumbai,43693,Graduate,Single,2026-04-05,Inactive
CUST01329,Customer 1329,customer1329@example.com,Female,53,Germany,New York,123516,Graduate,Single,2025-10-08,Active
CUST01330,Customer 1330,customer1330@example.com,Other,35,UK,Chennai,155332,Graduate,Married,2025-08-08,Inactive
CUST01331,Customer 1331,customer1331@example.com,Female,41,UK,Chennai,48471,Postgraduate,Single,2025-09-09,Active
CUST01332,Customer 1332,customer1332@example.com,Other,55,Australia,Coimbatore,116916,PhD,Single,2026-01-12,Active
CUST01333,Customer 1333,customer1333@example.com,Male,40,France,New York,169352,Postgraduate,Single,2026-01-15,Active
CUST01334,Customer 1334,customer1334@example.com,Other,59,India,Chennai,207453,High School,Single,2025-11-01,Active
CUST01335,Customer 1335,customer1335@example.com,Male,45,USA,New York,236160,PhD,Single,2025-11-13,Inactive
CUST01336,Customer 1336,customer1336@example.com,Male,69,Singapore,Pune,101577,Postgraduate,Divorced,2026-08-15,Inactive
CUST01337,Customer 1337,customer1337@example.com,Female,51,Australia,London,113138,High School,Married,2025-06-01,Active
CUST01338,Customer 1338,customer1338@example.com,Male,33,USA,New York,221852,PhD,Married,2025-04-14,Active
CUST01339,Customer 1339,customer1339@example.com,Other,58,France,Pune,180986,PhD,Single,2026-04-22,Active
CUST01340,Customer 1340,customer1340@example.com,Other,39,UK,Delhi,86582,Postgraduate,Single,2026-07-12,Active
CUST01341,Customer 1341,customer1341@example.com,Female,45,France,Berlin,179157,Postgraduate,Married,2025-12-29,Active
CUST01342,Customer 1342,customer1342@example.com,Male,25,USA,New York,60441,PhD,Divorced,2025-08-28,Inactive
CUST01343,Customer 1343,customer1343@example.com,Male,24,UK,Berlin,126034,PhD,Married,2025-07-27,Active
CUST01344,Customer 1344,customer1344@example.com,Female,47,UK,Mumbai,93958,Postgraduate,Married,2025-10-06,Inactive
CUST01345,Customer 1345,customer1345@example.com,Female,27,Germany,Bengaluru,248345,PhD,Divorced,2025-02-01,Active
CUST01346,Customer 1346,customer1346@example.com,Other,69,France,Chennai,32856,High School,Divorced,2025-11-12,Inactive
CUST01347,Customer 1347,customer1347@example.com,Female,62,UK,Hyderabad,217773,PhD,Divorced,2025-06-10,Inactive
CUST01348,Customer 1348,customer1348@example.com,Male,54,UK,New York,88280,PhD,Divorced,2025-06-08,Inactive
CUST01349,Customer 1349,customer1349@example.com,Male,56,France,London,33150,Graduate,Divorced,2025-11-30,Inactive
CUST01350,Customer 1350,customer1350@example.com,Other,48,USA,Bengaluru,173527,PhD,Single,2026-07-29,Inactive
CUST01351,Customer 1351,customer1351@example.com,Male,21,Germany,Bengaluru,177558,PhD,Married,2025-05-03,Active
CUST01352,Customer 1352,customer1352@example.com,Other,38,UK,Berlin,57013,Postgraduate,Married,2026-06-28,Active
CUST01353,Customer 1353,customer1353@example.com,Male,43,Singapore,New York,33623,PhD,Divorced,2025-11-06,Active
CUST01354,Customer 1354,customer1354@example.com,Other,65,UK,New York,50057,Graduate,Divorced,2026-08-03,Inactive
CUST01355,Customer 1355,customer1355@example.com,Other,29,Australia,London,116996,Postgraduate,Single,2025-08-16,Inactive
CUST01356,Customer 1356,customer1356@example.com,Female,43,Australia,Delhi,54786,PhD,Single,2026-08-18,Inactive
CUST01357,Customer 1357,customer1357@example.com,Male,35,USA,Chennai,183185,High School,Divorced,2026-01-29,Active
CUST01358,Customer 1358,customer1358@example.com,Other,24,Australia,Chennai,42449,Postgraduate,Married,2026-02-04,Inactive
CUST01359,Customer 1359,customer1359@example.com,Male,23,Singapore,Berlin,202507,High School,Married,2025-12-02,Active
CUST01360,Customer 1360,customer1360@example.com,Female,36,France,Hyderabad,221793,High School,Divorced,2025-09-27,Active
CUST01361,Customer 1361,customer1361@example.com,Other,22,USA,Hyderabad,186292,Postgraduate,Divorced,2025-11-09,Inactive
CUST01362,Customer 1362,customer1362@example.com,Other,21,Australia,Bengaluru,237426,Postgraduate,Divorced,2026-05-23,Active
CUST01363,Customer 1363,customer1363@example.com,Male,36,USA,Hyderabad,236327,PhD,Married,2026-04-18,Active
CUST01364,Customer 1364,customer1364@example.com,Other,28,Australia,Pune,35476,High School,Single,2025-01-15,Inactive
CUST01365,Customer 1365,customer1365@example.com,Male,46,Germany,London,101941,Postgraduate,Divorced,2026-02-18,Inactive
CUST01366,Customer 1366,customer1366@example.com,Other,18,Germany,Coimbatore,196016,Graduate,Divorced,2026-05-13,Active
CUST01367,Customer 1367,customer1367@example.com,Female,33,Singapore,Bengaluru,101419,PhD,Married,2026-03-20,Active
CUST01368,Customer 1368,customer1368@example.com,Male,41,USA,Coimbatore,190859,PhD,Single,2025-10-24,Active
CUST01369,Customer 1369,customer1369@example.com,Female,68,USA,Hyderabad,199218,Postgraduate,Divorced,2025-07-19,Active
CUST01370,Customer 1370,customer1370@example.com,Male,50,Germany,Pune,249305,High School,Married,2026-02-06,Inactive
CUST01371,Customer 1371,customer1371@example.com,Other,63,Australia,Bengaluru,99220,Postgraduate,Married,2026-01-31,Inactive
CUST01372,Customer 1372,customer1372@example.com,Male,35,Australia,Hyderabad,103271,Graduate,Divorced,2025-08-11,Inactive
CUST01373,Customer 1373,customer1373@example.com,Male,41,France,Delhi,30461,Postgraduate,Married,2025-08-31,Inactive
CUST01374,Customer 1374,customer1374@example.com,Female,39,Germany,New York,89239,Graduate,Single,2025-08-08,Active
CUST01375,Customer 1375,customer1375@example.com,Other,64,Australia,New York,88119,PhD,Single,2025-01-27,Active
CUST01376,Customer 1376,customer1376@example.com,Female,67,USA,London,126943,Graduate,Single,2025-01-19,Active
CUST01377,Customer 1377,customer1377@example.com,Female,68,Germany,Mumbai,119765,Postgraduate,Divorced,2025-02-19,Inactive
CUST01378,Customer 1378,customer1378@example.com,Female,57,Germany,Mumbai,217730,Postgraduate,Divorced,2025-09-10,Active
CUST01379,Customer 1379,customer1379@example.com,Other,44,UK,New York,199103,Graduate,Divorced,2025-11-01,Active
CUST01380,Customer 1380,customer1380@example.com,Female,46,UK,New York,188934,Postgraduate,Divorced,2025-09-01,Inactive
CUST01381,Customer 1381,customer1381@example.com,Other,68,Germany,Mumbai,26172,High School,Divorced,2026-07-24,Inactive
CUST01382,Customer 1382,customer1382@example.com,Other,32,India,Hyderabad,131115,PhD,Divorced,2025-05-14,Active
CUST01383,Customer 1383,customer1383@example.com,Other,36,France,Chennai,189160,Graduate,Single,2025-08-23,Active
CUST01384,Customer 1384,customer1384@example.com,Other,64,France,Mumbai,80026,Graduate,Married,2025-05-28,Active
CUST01385,Customer 1385,customer1385@example.com,Other,38,Singapore,Mumbai,120592,Graduate,Married,2025-06-28,Active
CUST01386,Customer 1386,customer1386@example.com,Male,30,India,Hyderabad,188579,PhD,Single,2025-12-15,Active
CUST01387,Customer 1387,customer1387@example.com,Other,47,Germany,Bengaluru,203772,PhD,Single,2025-07-04,Inactive
CUST01388,Customer 1388,customer1388@example.com,Other,34,India,Delhi,217269,Postgraduate,Single,2025-07-09,Active
CUST01389,Customer 1389,customer1389@example.com,Male,64,UK,Chennai,121708,Graduate,Divorced,2026-02-04,Active
CUST01390,Customer 1390,customer1390@example.com,Other,65,India,Bengaluru,114989,PhD,Divorced,2026-05-10,Active
CUST01391,Customer 1391,customer1391@example.com,Male,33,Germany,London,111109,Graduate,Married,2025-05-07,Active
CUST01392,Customer 1392,customer1392@example.com,Female,45,Germany,Coimbatore,175432,High School,Married,2025-03-08,Active
CUST01393,Customer 1393,customer1393@example.com,Other,69,Australia,Chennai,119398,Graduate,Single,2025-05-23,Active
CUST01394,Customer 1394,customer1394@example.com,Male,56,Australia,Chennai,115048,Graduate,Divorced,2025-12-11,Inactive
CUST01395,Customer 1395,customer1395@example.com,Female,29,UK,Delhi,62862,PhD,Divorced,2026-07-26,Active
CUST01396,Customer 1396,customer1396@example.com,Other,48,Singapore,Hyderabad,132661,Postgraduate,Married,2025-04-06,Active
CUST01397,Customer 1397,customer1397@example.com,Female,50,India,Coimbatore,78390,PhD,Divorced,2025-01-26,Inactive
CUST01398,Customer 1398,customer1398@example.com,Other,51,France,Hyderabad,143105,Postgraduate,Single,2025-11-11,Active
CUST01399,Customer 1399,customer1399@example.com,Male,19,India,Hyderabad,224949,PhD,Divorced,2026-08-14,Active
CUST01400,Customer 1400,customer1400@example.com,Other,33,India,Coimbatore,199539,Graduate,Divorced,2025-11-26,Active
CUST01401,Customer 1401,customer1401@example.com,Other,62,Australia,Bengaluru,132562,High School,Single,2026-07-05,Active
CUST01402,Customer 1402,customer1402@example.com,Other,30,USA,Berlin,244939,Postgraduate,Married,2026-01-18,Active
CUST01403,Customer 1403,customer1403@example.com,Male,33,USA,Hyderabad,245551,Graduate,Married,2025-01-19,Inactive
CUST01404,Customer 1404,customer1404@example.com,Other,34,UK,Chennai,124982,Graduate,Divorced,2025-09-12,Active
CUST01405,Customer 1405,customer1405@example.com,Female,27,Singapore,Coimbatore,196788,Postgraduate,Divorced,2026-04-04,Inactive
CUST01406,Customer 1406,customer1406@example.com,Female,26,France,Delhi,102021,Graduate,Single,2025-10-31,Active
CUST01407,Customer 1407,customer1407@example.com,Female,36,Australia,London,222696,Postgraduate,Married,2025-04-27,Inactive
CUST01408,Customer 1408,customer1408@example.com,Female,63,Australia,Mumbai,109058,Postgraduate,Married,2025-04-18,Active
CUST01409,Customer 1409,customer1409@example.com,Female,18,UK,Delhi,83113,PhD,Divorced,2026-01-31,Active
CUST01410,Customer 1410,customer1410@example.com,Female,32,USA,Hyderabad,55125,PhD,Divorced,2025-10-03,Active
CUST01411,Customer 1411,customer1411@example.com,Male,21,Singapore,Hyderabad,214594,Graduate,Single,2025-12-09,Inactive
CUST01412,Customer 1412,customer1412@example.com,Other,47,UK,Pune,91811,High School,Divorced,2025-08-11,Inactive
CUST01413,Customer 1413,customer1413@example.com,Male,31,UK,Mumbai,207997,Postgraduate,Divorced,2025-07-22,Active
CUST01414,Customer 1414,customer1414@example.com,Male,59,India,New York,44450,Postgraduate,Married,2026-02-02,Active
CUST01415,Customer 1415,customer1415@example.com,Female,48,France,Chennai,137699,High School,Divorced,2025-01-05,Active
CUST01416,Customer 1416,customer1416@example.com,Female,58,Germany,Mumbai,121276,Postgraduate,Divorced,2025-09-17,Inactive
CUST01417,Customer 1417,customer1417@example.com,Female,51,France,Berlin,123734,Postgraduate,Divorced,2025-08-09,Active
CUST01418,Customer 1418,customer1418@example.com,Other,40,Germany,Coimbatore,62655,Graduate,Divorced,2026-04-10,Inactive
CUST01419,Customer 1419,customer1419@example.com,Male,62,UK,Berlin,41619,PhD,Divorced,2026-03-11,Active
CUST01420,Customer 1420,customer1420@example.com,Male,42,USA,Bengaluru,102941,PhD,Married,2025-09-11,Active
CUST01421,Customer 1421,customer1421@example.com,Female,67,Australia,Bengaluru,130802,PhD,Married,2025-06-06,Inactive
CUST01422,Customer 1422,customer1422@example.com,Other,69,India,Berlin,203555,Postgraduate,Married,2025-05-21,Active
CUST01423,Customer 1423,customer1423@example.com,Female,48,Singapore,Pune,129052,Postgraduate,Divorced,2025-05-06,Active
CUST01424,Customer 1424,customer1424@example.com,Female,53,Germany,Bengaluru,80333,PhD,Single,2025-06-13,Active
CUST01425,Customer 1425,customer1425@example.com,Female,31,France,London,84060,High School,Single,2026-03-30,Inactive
CUST01426,Customer 1426,customer1426@example.com,Other,60,Germany,London,162676,Postgraduate,Married,2025-01-27,Active
CUST01427,Customer 1427,customer1427@example.com,Female,52,Australia,Delhi,123023,Postgraduate,Married,2025-01-16,Active
CUST01428,Customer 1428,customer1428@example.com,Other,64,Singapore,Bengaluru,227766,PhD,Divorced,2025-11-18,Inactive
CUST01429,Customer 1429,customer1429@example.com,Other,31,Singapore,Berlin,123948,PhD,Married,2025-05-14,Inactive
CUST01430,Customer 1430,customer1430@example.com,Male,58,India,Berlin,152559,Graduate,Divorced,2026-05-11,Active
CUST01431,Customer 1431,customer1431@example.com,Male,42,India,Berlin,39378,High School,Divorced,2026-03-25,Active
CUST01432,Customer 1432,customer1432@example.com,Other,27,Germany,Berlin,68603,Graduate,Single,2026-04-04,Inactive
CUST01433,Customer 1433,customer1433@example.com,Male,26,France,New York,216288,PhD,Divorced,2025-09-30,Active
CUST01434,Customer 1434,customer1434@example.com,Female,47,UK,Bengaluru,102572,Postgraduate,Single,2025-09-18,Active
CUST01435,Customer 1435,customer1435@example.com,Male,34,UK,Coimbatore,119728,Graduate,Divorced,2025-09-11,Inactive
CUST01436,Customer 1436,customer1436@example.com,Female,23,India,Berlin,157833,Postgraduate,Single,2025-04-27,Inactive
CUST01437,Customer 1437,customer1437@example.com,Male,40,France,Berlin,38017,Graduate,Divorced,2025-12-05,Active
CUST01438,Customer 1438,customer1438@example.com,Female,51,Singapore,London,138988,Graduate,Divorced,2026-05-30,Inactive
CUST01439,Customer 1439,customer1439@example.com,Other,34,France,Delhi,102890,Postgraduate,Divorced,2025-06-02,Inactive
CUST01440,Customer 1440,customer1440@example.com,Other,67,UK,Coimbatore,58439,Graduate,Divorced,2025-02-03,Inactive
CUST01441,Customer 1441,customer1441@example.com,Other,58,UK,Pune,119126,PhD,Single,2025-12-03,Active
CUST01442,Customer 1442,customer1442@example.com,Male,44,UK,Mumbai,125529,Postgraduate,Divorced,2025-08-26,Inactive
CUST01443,Customer 1443,customer1443@example.com,Female,66,India,Delhi,66923,High School,Married,2026-04-21,Inactive
CUST01444,Customer 1444,customer1444@example.com,Male,40,Australia,Delhi,147190,Graduate,Divorced,2026-05-26,Inactive
CUST01445,Customer 1445,customer1445@example.com,Other,25,Germany,Mumbai,192891,High School,Divorced,2026-07-21,Inactive
CUST01446,Customer 1446,customer1446@example.com,Other,19,France,Berlin,85150,Graduate,Divorced,2025-08-23,Active
CUST01447,Customer 1447,customer1447@example.com,Male,66,USA,Pune,242470,PhD,Married,2026-06-22,Active
CUST01448,Customer 1448,customer1448@example.com,Female,67,France,Coimbatore,162800,Postgraduate,Married,2025-03-12,Active
CUST01449,Customer 1449,customer1449@example.com,Female,56,France,Bengaluru,198944,Postgraduate,Married,2025-08-11,Inactive
CUST01450,Customer 1450,customer1450@example.com,Female,23,Germany,Berlin,40786,Postgraduate,Divorced,2025-06-08,Active
CUST01451,Customer 1451,customer1451@example.com,Female,33,Germany,Bengaluru,197681,Postgraduate,Married,2026-07-05,Active
CUST01452,Customer 1452,customer1452@example.com,Male,20,Australia,Bengaluru,100736,Postgraduate,Divorced,2025-12-24,Active
CUST01453,Customer 1453,customer1453@example.com,Female,20,Australia,Berlin,184782,Postgraduate,Married,2025-08-07,Active
CUST01454,Customer 1454,customer1454@example.com,Female,30,Australia,London,205963,PhD,Married,2025-04-01,Inactive
CUST01455,Customer 1455,customer1455@example.com,Other,47,France,Mumbai,81340,Postgraduate,Married,2026-04-12,Inactive
CUST01456,Customer 1456,customer1456@example.com,Other,21,Singapore,Chennai,83339,High School,Married,2026-01-26,Active
CUST01457,Customer 1457,customer1457@example.com,Other,69,Germany,Delhi,38391,High School,Married,2026-05-24,Inactive
CUST01458,Customer 1458,customer1458@example.com,Male,41,France,Bengaluru,161165,Postgraduate,Single,2025-09-19,Active
CUST01459,Customer 1459,customer1459@example.com,Other,31,UK,Pune,199158,High School,Married,2025-03-31,Inactive
CUST01460,Customer 1460,customer1460@example.com,Female,44,India,Bengaluru,117257,High School,Divorced,2025-07-19,Inactive
CUST01461,Customer 1461,customer1461@example.com,Female,59,India,Delhi,61222,Graduate,Divorced,2026-01-05,Active
CUST01462,Customer 1462,customer1462@example.com,Other,34,Singapore,London,96203,High School,Single,2025-05-24,Active
CUST01463,Customer 1463,customer1463@example.com,Other,20,USA,Chennai,115640,PhD,Divorced,2025-02-12,Inactive
CUST01464,Customer 1464,customer1464@example.com,Male,20,France,London,231130,Postgraduate,Divorced,2026-05-06,Inactive
CUST01465,Customer 1465,customer1465@example.com,Female,62,Germany,Coimbatore,52904,Graduate,Single,2025-08-25,Inactive
CUST01466,Customer 1466,customer1466@example.com,Other,23,UK,Delhi,102234,PhD,Single,2025-11-26,Active
CUST01467,Customer 1467,customer1467@example.com,Female,51,Singapore,Mumbai,168564,Postgraduate,Married,2026-03-17,Active
CUST01468,Customer 1468,customer1468@example.com,Male,37,France,Delhi,78252,Postgraduate,Single,2025-01-01,Inactive
CUST01469,Customer 1469,customer1469@example.com,Female,58,UK,London,224066,Postgraduate,Divorced,2025-09-20,Inactive
CUST01470,Customer 1470,customer1470@example.com,Other,21,Germany,Pune,229593,Graduate,Married,2025-06-01,Inactive
CUST01471,Customer 1471,customer1471@example.com,Male,64,USA,Bengaluru,110524,High School,Divorced,2025-02-24,Active
CUST01472,Customer 1472,customer1472@example.com,Other,54,UK,London,192838,Postgraduate,Single,2025-01-22,Active
CUST01473,Customer 1473,customer1473@example.com,Other,41,Australia,Chennai,195082,Postgraduate,Married,2025-09-20,Inactive
CUST01474,Customer 1474,customer1474@example.com,Other,28,Germany,Chennai,178405,PhD,Married,2025-11-21,Inactive
CUST01475,Customer 1475,customer1475@example.com,Male,68,Singapore,Coimbatore,66959,Postgraduate,Single,2025-10-30,Inactive
CUST01476,Customer 1476,customer1476@example.com,Male,33,UK,Bengaluru,36145,PhD,Divorced,2026-04-12,Active
CUST01477,Customer 1477,customer1477@example.com,Female,43,Germany,London,103125,Graduate,Married,2025-09-30,Inactive
CUST01478,Customer 1478,customer1478@example.com,Female,38,USA,Bengaluru,54521,Postgraduate,Single,2025-12-18,Inactive
CUST01479,Customer 1479,customer1479@example.com,Female,29,Singapore,Bengaluru,90773,Graduate,Divorced,2026-05-02,Inactive
CUST01480,Customer 1480,customer1480@example.com,Other,39,USA,Coimbatore,168627,High School,Married,2026-01-27,Inactive
CUST01481,Customer 1481,customer1481@example.com,Other,25,India,Mumbai,157481,Graduate,Married,2026-06-27,Inactive
CUST01482,Customer 1482,customer1482@example.com,Male,18,Singapore,Chennai,72122,PhD,Divorced,2025-05-13,Active
CUST01483,Customer 1483,customer1483@example.com,Other,33,France,Coimbatore,28984,Graduate,Married,2026-04-14,Inactive
CUST01484,Customer 1484,customer1484@example.com,Male,23,Australia,Pune,75768,PhD,Divorced,2026-02-20,Inactive
CUST01485,Customer 1485,customer1485@example.com,Female,39,UK,Hyderabad,127331,Postgraduate,Married,2025-12-14,Inactive
CUST01486,Customer 1486,customer1486@example.com,Male,62,Germany,Berlin,200306,Postgraduate,Married,2025-01-03,Inactive
CUST01487,Customer 1487,customer1487@example.com,Female,26,Germany,Berlin,107157,High School,Single,2025-11-19,Active
CUST01488,Customer 1488,customer1488@example.com,Other,18,Australia,Delhi,89333,Postgraduate,Married,2026-05-27,Inactive
CUST01489,Customer 1489,customer1489@example.com,Female,23,India,Hyderabad,149054,High School,Single,2026-01-20,Inactive
CUST01490,Customer 1490,customer1490@example.com,Other,44,France,Hyderabad,41107,PhD,Married,2025-01-04,Inactive
CUST01491,Customer 1491,customer1491@example.com,Male,32,UK,Pune,75726,PhD,Divorced,2025-06-21,Inactive
CUST01492,Customer 1492,customer1492@example.com,Female,43,Australia,Bengaluru,33197,Graduate,Married,2025-12-06,Inactive
CUST01493,Customer 1493,customer1493@example.com,Female,19,Germany,Chennai,143264,Graduate,Divorced,2026-04-29,Active
CUST01494,Customer 1494,customer1494@example.com,Other,35,Germany,Chennai,124715,Graduate,Divorced,2025-09-23,Active
CUST01495,Customer 1495,customer1495@example.com,Other,39,Australia,Berlin,156074,Postgraduate,Married,2026-05-26,Inactive
CUST01496,Customer 1496,customer1496@example.com,Female,40,Germany,Berlin,163854,Postgraduate,Divorced,2026-04-20,Inactive
CUST01497,Customer 1497,customer1497@example.com,Male,46,Australia,Bengaluru,113902,High School,Single,2025-06-09,Active
CUST01498,Customer 1498,customer1498@example.com,Female,58,UK,New York,220500,Postgraduate,Divorced,2025-04-27,Inactive
CUST01499,Customer 1499,customer1499@example.com,Male,42,India,Delhi,231607,Graduate,Married,2026-06-23,Active
CUST01500,Customer 1500,customer1500@example.com,Female,61,Singapore,Chennai,49931,Postgraduate,Single,2025-12-18,Active
CUST01501,Customer 1501,customer1501@example.com,Male,45,India,Berlin,232028,Graduate,Married,2026-05-21,Inactive
CUST01502,Customer 1502,customer1502@example.com,Female,31,Germany,Hyderabad,69251,Graduate,Married,2026-07-04,Active
CUST01503,Customer 1503,customer1503@example.com,Male,29,Singapore,Bengaluru,80892,Postgraduate,Divorced,2025-09-10,Active
CUST01504,Customer 1504,customer1504@example.com,Male,34,Australia,Delhi,144205,High School,Married,2025-01-28,Active
CUST01505,Customer 1505,customer1505@example.com,Male,49,UK,Bengaluru,31616,High School,Married,2026-06-26,Active
CUST01506,Customer 1506,customer1506@example.com,Other,30,Australia,Coimbatore,106924,Postgraduate,Single,2025-12-14,Active
CUST01507,Customer 1507,customer1507@example.com,Other,65,Singapore,Pune,68783,High School,Divorced,2025-03-13,Active
CUST01508,Customer 1508,customer1508@example.com,Other,42,Singapore,Bengaluru,133571,Postgraduate,Single,2025-11-12,Active
CUST01509,Customer 1509,customer1509@example.com,Male,62,UK,Mumbai,208305,Graduate,Divorced,2025-01-17,Active
CUST01510,Customer 1510,customer1510@example.com,Female,53,India,Coimbatore,232928,Graduate,Divorced,2025-06-22,Active
CUST01511,Customer 1511,customer1511@example.com,Other,35,France,New York,72741,High School,Single,2025-07-27,Inactive
CUST01512,Customer 1512,customer1512@example.com,Female,29,Australia,New York,147601,PhD,Married,2025-09-28,Inactive
CUST01513,Customer 1513,customer1513@example.com,Male,56,India,Coimbatore,131744,Graduate,Divorced,2025-12-03,Active
CUST01514,Customer 1514,customer1514@example.com,Male,35,India,Chennai,118402,Graduate,Single,2026-05-16,Active
CUST01515,Customer 1515,customer1515@example.com,Male,30,UK,Chennai,167357,PhD,Married,2025-07-29,Inactive
CUST01516,Customer 1516,customer1516@example.com,Other,66,USA,Chennai,247624,High School,Single,2026-03-15,Active
CUST01517,Customer 1517,customer1517@example.com,Male,43,UK,Hyderabad,116179,High School,Married,2026-07-16,Active
CUST01518,Customer 1518,customer1518@example.com,Other,20,USA,London,39673,Graduate,Divorced,2026-03-23,Inactive
CUST01519,Customer 1519,customer1519@example.com,Other,43,UK,Chennai,231093,Graduate,Single,2025-06-01,Inactive
CUST01520,Customer 1520,customer1520@example.com,Other,41,UK,Pune,234726,Graduate,Married,2026-02-08,Active
CUST01521,Customer 1521,customer1521@example.com,Other,62,UK,Pune,97532,PhD,Single,2025-06-17,Inactive
CUST01522,Customer 1522,customer1522@example.com,Male,55,USA,London,137874,Graduate,Married,2025-10-12,Active
CUST01523,Customer 1523,customer1523@example.com,Other,27,Australia,Coimbatore,219083,Graduate,Married,2026-01-14,Active
CUST01524,Customer 1524,customer1524@example.com,Male,25,India,New York,138345,Postgraduate,Divorced,2025-06-24,Inactive
CUST01525,Customer 1525,customer1525@example.com,Male,49,USA,Coimbatore,133270,High School,Divorced,2025-01-03,Inactive
CUST01526,Customer 1526,customer1526@example.com,Male,20,Singapore,Hyderabad,232442,PhD,Single,2026-05-14,Inactive
CUST01527,Customer 1527,customer1527@example.com,Male,34,USA,New York,211481,High School,Single,2026-03-10,Active
CUST01528,Customer 1528,customer1528@example.com,Male,25,France,Chennai,139148,Postgraduate,Single,2025-03-15,Inactive
CUST01529,Customer 1529,customer1529@example.com,Male,19,Singapore,Berlin,61337,Postgraduate,Divorced,2025-08-13,Inactive
CUST01530,Customer 1530,customer1530@example.com,Male,65,Singapore,Hyderabad,123642,High School,Married,2025-06-05,Active
CUST01531,Customer 1531,customer1531@example.com,Female,22,USA,Coimbatore,177202,PhD,Single,2026-08-06,Inactive
CUST01532,Customer 1532,customer1532@example.com,Male,18,India,Bengaluru,86310,High School,Divorced,2026-07-16,Active
CUST01533,Customer 1533,customer1533@example.com,Male,66,UK,Berlin,145888,Postgraduate,Married,2026-02-17,Active
CUST01534,Customer 1534,customer1534@example.com,Other,27,UK,Delhi,173234,High School,Single,2025-09-20,Inactive
CUST01535,Customer 1535,customer1535@example.com,Male,60,Singapore,Chennai,44129,Postgraduate,Divorced,2025-02-01,Inactive
CUST01536,Customer 1536,customer1536@example.com,Male,19,USA,New York,153170,PhD,Divorced,2025-05-28,Inactive
CUST01537,Customer 1537,customer1537@example.com,Male,25,Singapore,Chennai,190951,PhD,Divorced,2025-02-25,Active
CUST01538,Customer 1538,customer1538@example.com,Male,23,Australia,Mumbai,73227,High School,Single,2026-04-16,Inactive
CUST01539,Customer 1539,customer1539@example.com,Female,54,Australia,Chennai,148394,Postgraduate,Married,2025-02-22,Active
CUST01540,Customer 1540,customer1540@example.com,Other,50,India,Mumbai,184618,PhD,Divorced,2026-02-08,Inactive
CUST01541,Customer 1541,customer1541@example.com,Other,42,Germany,Mumbai,34965,Postgraduate,Married,2026-07-22,Active
CUST01542,Customer 1542,customer1542@example.com,Female,30,Germany,London,169920,Postgraduate,Divorced,2025-07-03,Active
CUST01543,Customer 1543,customer1543@example.com,Male,22,France,New York,83442,Graduate,Married,2026-02-12,Inactive
CUST01544,Customer 1544,customer1544@example.com,Other,47,Australia,London,114400,Postgraduate,Divorced,2026-06-08,Active
CUST01545,Customer 1545,customer1545@example.com,Male,29,Germany,Coimbatore,170800,Postgraduate,Single,2025-09-12,Active
CUST01546,Customer 1546,customer1546@example.com,Female,48,India,Mumbai,25990,Graduate,Divorced,2025-09-25,Inactive
CUST01547,Customer 1547,customer1547@example.com,Female,53,Germany,Mumbai,28777,Postgraduate,Single,2025-04-30,Active
CUST01548,Customer 1548,customer1548@example.com,Other,62,Singapore,Berlin,125481,PhD,Single,2025-09-12,Inactive
CUST01549,Customer 1549,customer1549@example.com,Male,43,Germany,Coimbatore,238698,High School,Married,2026-06-05,Active
CUST01550,Customer 1550,customer1550@example.com,Female,18,Australia,Bengaluru,26363,Graduate,Divorced,2026-01-31,Active
CUST01551,Customer 1551,customer1551@example.com,Female,32,USA,New York,202476,High School,Divorced,2025-05-01,Active
CUST01552,Customer 1552,customer1552@example.com,Female,62,France,Coimbatore,41874,Graduate,Divorced,2025-11-10,Inactive
CUST01553,Customer 1553,customer1553@example.com,Other,45,USA,Coimbatore,135010,PhD,Single,2026-02-26,Active
CUST01554,Customer 1554,customer1554@example.com,Other,50,USA,Bengaluru,121887,PhD,Divorced,2025-02-16,Active
CUST01555,Customer 1555,customer1555@example.com,Female,41,UK,Mumbai,130320,PhD,Married,2026-03-31,Inactive
CUST01556,Customer 1556,customer1556@example.com,Female,26,UK,Hyderabad,43432,PhD,Divorced,2025-04-30,Inactive
CUST01557,Customer 1557,customer1557@example.com,Other,64,Singapore,Berlin,194545,High School,Married,2025-06-25,Active
CUST01558,Customer 1558,customer1558@example.com,Female,58,Germany,Bengaluru,87024,PhD,Divorced,2025-09-06,Active
CUST01559,Customer 1559,customer1559@example.com,Male,69,UK,Pune,198487,Postgraduate,Divorced,2025-10-28,Active
CUST01560,Customer 1560,customer1560@example.com,Female,62,Singapore,London,172486,Graduate,Single,2026-06-30,Inactive
CUST01561,Customer 1561,customer1561@example.com,Male,33,UK,Mumbai,149040,High School,Married,2025-05-13,Active
CUST01562,Customer 1562,customer1562@example.com,Male,31,Singapore,Hyderabad,94438,Postgraduate,Divorced,2025-06-02,Active
CUST01563,Customer 1563,customer1563@example.com,Female,30,Australia,Coimbatore,171760,Postgraduate,Married,2025-08-14,Active
CUST01564,Customer 1564,customer1564@example.com,Other,65,Singapore,Berlin,249471,Postgraduate,Divorced,2026-05-26,Inactive
CUST01565,Customer 1565,customer1565@example.com,Other,46,Singapore,Chennai,232704,Graduate,Divorced,2026-07-30,Active
CUST01566,Customer 1566,customer1566@example.com,Male,41,USA,London,231168,High School,Divorced,2025-09-28,Inactive
CUST01567,Customer 1567,customer1567@example.com,Female,68,Germany,Coimbatore,74433,Graduate,Married,2026-02-18,Active
CUST01568,Customer 1568,customer1568@example.com,Male,49,France,Chennai,156695,Postgraduate,Married,2026-07-01,Active
CUST01569,Customer 1569,customer1569@example.com,Other,65,France,New York,114506,PhD,Divorced,2026-05-20,Inactive
CUST01570,Customer 1570,customer1570@example.com,Male,69,Germany,Delhi,242564,Graduate,Divorced,2026-02-11,Inactive
CUST01571,Customer 1571,customer1571@example.com,Other,22,Australia,Mumbai,238770,Graduate,Married,2025-11-19,Inactive
CUST01572,Customer 1572,customer1572@example.com,Other,36,USA,London,220304,PhD,Divorced,2026-08-10,Inactive
CUST01573,Customer 1573,customer1573@example.com,Other,56,Germany,Pune,61614,Postgraduate,Married,2025-05-23,Active
CUST01574,Customer 1574,customer1574@example.com,Male,60,USA,London,96752,Postgraduate,Divorced,2025-08-05,Inactive
CUST01575,Customer 1575,customer1575@example.com,Other,25,USA,Delhi,185037,Postgraduate,Divorced,2026-03-01,Active
CUST01576,Customer 1576,customer1576@example.com,Other,34,UK,Pune,193659,Postgraduate,Single,2025-01-13,Active
CUST01577,Customer 1577,customer1577@example.com,Female,46,USA,London,103815,Postgraduate,Single,2025-10-26,Inactive
CUST01578,Customer 1578,customer1578@example.com,Other,59,India,New York,55787,Postgraduate,Single,2026-05-25,Inactive
CUST01579,Customer 1579,customer1579@example.com,Other,23,UK,Mumbai,55804,Postgraduate,Married,2025-04-16,Inactive
CUST01580,Customer 1580,customer1580@example.com,Male,49,France,Mumbai,179024,High School,Single,2026-04-24,Inactive
CUST01581,Customer 1581,customer1581@example.com,Other,33,UK,Hyderabad,127188,Postgraduate,Divorced,2025-09-03,Active
CUST01582,Customer 1582,customer1582@example.com,Other,29,Australia,Chennai,135493,Postgraduate,Divorced,2026-05-28,Inactive
CUST01583,Customer 1583,customer1583@example.com,Male,44,USA,Mumbai,208457,Graduate,Single,2026-01-14,Active
CUST01584,Customer 1584,customer1584@example.com,Male,39,Singapore,New York,28785,PhD,Married,2025-04-04,Active
CUST01585,Customer 1585,customer1585@example.com,Other,51,UK,Hyderabad,194770,High School,Married,2026-03-15,Inactive
CUST01586,Customer 1586,customer1586@example.com,Male,34,Australia,Hyderabad,86701,Graduate,Single,2025-02-03,Inactive
CUST01587,Customer 1587,customer1587@example.com,Female,60,Germany,Berlin,234523,Graduate,Divorced,2025-05-25,Active
CUST01588,Customer 1588,customer1588@example.com,Other,22,India,Pune,239961,Graduate,Divorced,2026-06-14,Active
CUST01589,Customer 1589,customer1589@example.com,Female,62,Australia,Pune,137981,Postgraduate,Married,2026-06-07,Active
CUST01590,Customer 1590,customer1590@example.com,Other,19,Australia,Delhi,96062,Postgraduate,Divorced,2025-01-28,Active
CUST01591,Customer 1591,customer1591@example.com,Male,56,Singapore,Pune,77466,Graduate,Married,2025-08-15,Active
CUST01592,Customer 1592,customer1592@example.com,Male,36,USA,Mumbai,65827,PhD,Divorced,2025-02-26,Active
CUST01593,Customer 1593,customer1593@example.com,Other,37,UK,Delhi,249822,PhD,Divorced,2025-06-11,Inactive
CUST01594,Customer 1594,customer1594@example.com,Female,18,USA,Mumbai,67194,PhD,Single,2026-07-31,Active
CUST01595,Customer 1595,customer1595@example.com,Male,54,Australia,Coimbatore,125477,PhD,Single,2025-04-27,Inactive
CUST01596,Customer 1596,customer1596@example.com,Male,26,France,Bengaluru,132823,Postgraduate,Married,2026-01-18,Active
CUST01597,Customer 1597,customer1597@example.com,Female,52,UK,Mumbai,177816,PhD,Married,2026-04-25,Inactive
CUST01598,Customer 1598,customer1598@example.com,Female,55,USA,Coimbatore,214596,PhD,Divorced,2026-06-10,Active
CUST01599,Customer 1599,customer1599@example.com,Male,61,Australia,Hyderabad,150549,PhD,Single,2025-07-31,Active
CUST01600,Customer 1600,customer1600@example.com,Female,54,Australia,Chennai,195551,High School,Married,2026-02-20,Inactive
CUST01601,Customer 1601,customer1601@example.com,Female,33,France,Pune,152504,Postgraduate,Divorced,2025-10-16,Active
CUST01602,Customer 1602,customer1602@example.com,Female,56,India,Hyderabad,123292,High School,Divorced,2025-03-05,Inactive
CUST01603,Customer 1603,customer1603@example.com,Male,60,Singapore,Chennai,60493,Postgraduate,Married,2025-05-13,Inactive
CUST01604,Customer 1604,customer1604@example.com,Female,34,UK,Chennai,71963,PhD,Divorced,2026-03-22,Active
CUST01605,Customer 1605,customer1605@example.com,Other,24,USA,Hyderabad,122294,PhD,Married,2026-02-13,Active
CUST01606,Customer 1606,customer1606@example.com,Male,64,Singapore,New York,35364,Postgraduate,Divorced,2025-11-07,Inactive
CUST01607,Customer 1607,customer1607@example.com,Male,25,UK,Delhi,96181,PhD,Single,2026-04-11,Active
CUST01608,Customer 1608,customer1608@example.com,Other,48,USA,Pune,129092,PhD,Divorced,2026-02-16,Inactive
CUST01609,Customer 1609,customer1609@example.com,Female,30,USA,Chennai,131343,PhD,Married,2025-07-22,Inactive
CUST01610,Customer 1610,customer1610@example.com,Other,24,Singapore,Hyderabad,208325,PhD,Single,2025-06-25,Inactive
CUST01611,Customer 1611,customer1611@example.com,Female,58,Germany,Hyderabad,242724,High School,Married,2026-07-18,Inactive
CUST01612,Customer 1612,customer1612@example.com,Other,25,Germany,Pune,189179,PhD,Single,2026-08-03,Inactive
CUST01613,Customer 1613,customer1613@example.com,Female,52,USA,Coimbatore,42895,Postgraduate,Single,2025-01-19,Active
CUST01614,Customer 1614,customer1614@example.com,Male,54,France,Mumbai,116935,PhD,Divorced,2026-04-17,Inactive
CUST01615,Customer 1615,customer1615@example.com,Other,21,USA,Bengaluru,189230,Postgraduate,Married,2025-03-21,Active
CUST01616,Customer 1616,customer1616@example.com,Female,26,Australia,Mumbai,158808,Postgraduate,Single,2026-05-29,Inactive
CUST01617,Customer 1617,customer1617@example.com,Male,59,Australia,Mumbai,128001,High School,Single,2025-12-17,Active
CUST01618,Customer 1618,customer1618@example.com,Female,44,Germany,London,123155,Graduate,Divorced,2026-02-14,Inactive
CUST01619,Customer 1619,customer1619@example.com,Female,24,India,Chennai,116341,High School,Single,2026-02-23,Inactive
CUST01620,Customer 1620,customer1620@example.com,Male,69,Germany,Bengaluru,155279,Postgraduate,Single,2025-12-27,Inactive
CUST01621,Customer 1621,customer1621@example.com,Other,31,Singapore,London,65225,Postgraduate,Single,2025-05-30,Active
CUST01622,Customer 1622,customer1622@example.com,Male,18,Singapore,Delhi,141439,PhD,Married,2026-04-27,Active
CUST01623,Customer 1623,customer1623@example.com,Male,66,Germany,Berlin,71320,Postgraduate,Divorced,2025-11-27,Inactive
CUST01624,Customer 1624,customer1624@example.com,Female,18,India,Pune,178218,Graduate,Married,2025-11-21,Inactive
CUST01625,Customer 1625,customer1625@example.com,Other,46,Germany,Berlin,219569,PhD,Married,2025-07-09,Inactive
CUST01626,Customer 1626,customer1626@example.com,Other,69,USA,Delhi,139234,PhD,Divorced,2025-01-06,Inactive
CUST01627,Customer 1627,customer1627@example.com,Other,48,France,Chennai,112205,PhD,Married,2025-11-27,Active
CUST01628,Customer 1628,customer1628@example.com,Male,48,Singapore,Hyderabad,236638,PhD,Married,2025-07-25,Inactive
CUST01629,Customer 1629,customer1629@example.com,Other,38,UK,Bengaluru,173431,High School,Single,2026-01-28,Inactive
CUST01630,Customer 1630,customer1630@example.com,Other,24,Singapore,Coimbatore,121306,PhD,Divorced,2025-08-06,Inactive
CUST01631,Customer 1631,customer1631@example.com,Female,47,UK,New York,31476,PhD,Divorced,2026-02-10,Active
CUST01632,Customer 1632,customer1632@example.com,Female,64,UK,New York,28581,Postgraduate,Married,2025-09-29,Active
CUST01633,Customer 1633,customer1633@example.com,Male,22,UK,London,74834,Graduate,Single,2026-02-27,Active
CUST01634,Customer 1634,customer1634@example.com,Other,63,Germany,Coimbatore,78184,High School,Divorced,2026-01-22,Active
CUST01635,Customer 1635,customer1635@example.com,Other,39,Australia,Hyderabad,187315,High School,Divorced,2026-01-05,Inactive
CUST01636,Customer 1636,customer1636@example.com,Female,45,USA,Chennai,137637,Graduate,Married,2025-12-11,Inactive
CUST01637,Customer 1637,customer1637@example.com,Female,26,Germany,Pune,249991,High School,Married,2026-07-10,Inactive
CUST01638,Customer 1638,customer1638@example.com,Female,50,UK,Mumbai,146629,High School,Married,2025-07-09,Inactive
CUST01639,Customer 1639,customer1639@example.com,Male,27,Singapore,Berlin,228202,High School,Married,2025-09-15,Inactive
CUST01640,Customer 1640,customer1640@example.com,Female,32,India,Berlin,149287,High School,Single,2025-05-31,Inactive
CUST01641,Customer 1641,customer1641@example.com,Other,55,Australia,Mumbai,105591,PhD,Divorced,2025-12-06,Inactive
CUST01642,Customer 1642,customer1642@example.com,Other,20,France,Bengaluru,185774,PhD,Divorced,2026-08-12,Inactive
CUST01643,Customer 1643,customer1643@example.com,Other,41,USA,Coimbatore,126121,High School,Single,2025-12-29,Active
CUST01644,Customer 1644,customer1644@example.com,Female,48,USA,Mumbai,86796,Postgraduate,Single,2025-05-04,Inactive
CUST01645,Customer 1645,customer1645@example.com,Other,24,USA,Pune,131476,High School,Married,2026-07-04,Inactive
CUST01646,Customer 1646,customer1646@example.com,Female,33,Singapore,Delhi,174603,PhD,Divorced,2026-04-17,Inactive
CUST01647,Customer 1647,customer1647@example.com,Female,35,India,Delhi,109501,Graduate,Divorced,2025-09-20,Inactive
CUST01648,Customer 1648,customer1648@example.com,Female,52,India,Hyderabad,183407,Graduate,Married,2025-03-29,Active
CUST01649,Customer 1649,customer1649@example.com,Other,68,India,Delhi,245661,High School,Single,2025-08-28,Inactive
CUST01650,Customer 1650,customer1650@example.com,Other,61,India,Bengaluru,117538,High School,Divorced,2026-04-25,Inactive
CUST01651,Customer 1651,customer1651@example.com,Male,27,India,New York,91428,High School,Divorced,2025-12-10,Active
CUST01652,Customer 1652,customer1652@example.com,Male,18,Australia,Delhi,115488,Graduate,Divorced,2025-04-21,Active
CUST01653,Customer 1653,customer1653@example.com,Female,20,Singapore,Chennai,213609,High School,Single,2025-04-05,Inactive
CUST01654,Customer 1654,customer1654@example.com,Female,48,UK,Chennai,65258,PhD,Married,2026-07-31,Inactive
CUST01655,Customer 1655,customer1655@example.com,Other,26,Germany,Pune,244078,PhD,Divorced,2025-09-24,Inactive
CUST01656,Customer 1656,customer1656@example.com,Female,30,Germany,New York,118147,Graduate,Single,2026-02-13,Active
CUST01657,Customer 1657,customer1657@example.com,Female,62,Australia,Berlin,214364,High School,Single,2025-08-03,Inactive
CUST01658,Customer 1658,customer1658@example.com,Other,63,Australia,London,202034,PhD,Divorced,2025-02-23,Inactive
CUST01659,Customer 1659,customer1659@example.com,Female,61,UK,Mumbai,201305,PhD,Married,2025-09-03,Inactive
CUST01660,Customer 1660,customer1660@example.com,Female,31,Australia,Mumbai,229519,Postgraduate,Single,2026-02-18,Active
CUST01661,Customer 1661,customer1661@example.com,Female,50,Singapore,Mumbai,66592,High School,Single,2025-07-18,Active
CUST01662,Customer 1662,customer1662@example.com,Female,49,Germany,Coimbatore,158563,PhD,Divorced,2025-12-26,Active
CUST01663,Customer 1663,customer1663@example.com,Other,27,India,Coimbatore,47276,Postgraduate,Divorced,2025-09-19,Inactive
CUST01664,Customer 1664,customer1664@example.com,Other,46,UK,Mumbai,92358,High School,Divorced,2025-07-21,Inactive
CUST01665,Customer 1665,customer1665@example.com,Female,45,UK,Bengaluru,34132,Postgraduate,Married,2025-06-01,Active
CUST01666,Customer 1666,customer1666@example.com,Female,38,UK,Coimbatore,178515,High School,Married,2025-06-05,Inactive
CUST01667,Customer 1667,customer1667@example.com,Female,57,Germany,Delhi,161739,High School,Single,2025-06-02,Inactive
CUST01668,Customer 1668,customer1668@example.com,Male,53,Australia,Coimbatore,191533,PhD,Single,2026-03-05,Active
CUST01669,Customer 1669,customer1669@example.com,Female,45,Australia,Chennai,64651,PhD,Married,2025-07-21,Inactive
CUST01670,Customer 1670,customer1670@example.com,Male,55,USA,Chennai,99748,PhD,Divorced,2026-03-18,Inactive
CUST01671,Customer 1671,customer1671@example.com,Male,57,France,Hyderabad,177177,Graduate,Single,2025-07-05,Active
CUST01672,Customer 1672,customer1672@example.com,Male,47,USA,Coimbatore,210974,Graduate,Married,2025-07-15,Active
CUST01673,Customer 1673,customer1673@example.com,Female,31,India,Bengaluru,224278,Postgraduate,Married,2026-07-05,Active
CUST01674,Customer 1674,customer1674@example.com,Male,57,USA,Mumbai,41581,Postgraduate,Married,2026-06-07,Active
CUST01675,Customer 1675,customer1675@example.com,Female,55,UK,London,115569,Postgraduate,Married,2025-08-27,Active
CUST01676,Customer 1676,customer1676@example.com,Female,69,Germany,Hyderabad,27419,PhD,Divorced,2025-06-10,Active
CUST01677,Customer 1677,customer1677@example.com,Female,25,UK,Bengaluru,209167,Postgraduate,Divorced,2026-03-03,Inactive
CUST01678,Customer 1678,customer1678@example.com,Other,39,France,Bengaluru,52668,High School,Single,2025-02-11,Inactive
CUST01679,Customer 1679,customer1679@example.com,Female,66,USA,Coimbatore,209983,Graduate,Single,2025-09-30,Active
CUST01680,Customer 1680,customer1680@example.com,Other,44,Singapore,Chennai,60102,Graduate,Single,2025-12-24,Inactive
CUST01681,Customer 1681,customer1681@example.com,Other,67,Germany,New York,28458,High School,Single,2026-02-07,Active
CUST01682,Customer 1682,customer1682@example.com,Male,18,Australia,Mumbai,222759,High School,Single,2025-01-02,Inactive
CUST01683,Customer 1683,customer1683@example.com,Male,19,France,Berlin,123733,Postgraduate,Divorced,2025-06-14,Inactive
CUST01684,Customer 1684,customer1684@example.com,Female,59,UK,Mumbai,120621,High School,Single,2025-03-13,Inactive
CUST01685,Customer 1685,customer1685@example.com,Other,36,UK,Delhi,170516,PhD,Married,2025-10-30,Active
CUST01686,Customer 1686,customer1686@example.com,Male,45,UK,Mumbai,86859,High School,Single,2026-07-03,Inactive
CUST01687,Customer 1687,customer1687@example.com,Male,40,Australia,Hyderabad,180429,PhD,Married,2025-06-20,Inactive
CUST01688,Customer 1688,customer1688@example.com,Other,39,Germany,Mumbai,121542,PhD,Divorced,2025-09-28,Inactive
CUST01689,Customer 1689,customer1689@example.com,Other,66,Australia,Hyderabad,86348,Graduate,Married,2025-05-09,Active
CUST01690,Customer 1690,customer1690@example.com,Male,22,Germany,London,113839,High School,Divorced,2025-01-27,Inactive
CUST01691,Customer 1691,customer1691@example.com,Female,58,France,Berlin,26382,Graduate,Single,2026-02-24,Active
CUST01692,Customer 1692,customer1692@example.com,Female,64,USA,Delhi,92829,Postgraduate,Married,2025-06-02,Active
CUST01693,Customer 1693,customer1693@example.com,Male,52,India,New York,158076,PhD,Divorced,2025-11-23,Active
CUST01694,Customer 1694,customer1694@example.com,Male,38,Germany,Bengaluru,56027,Postgraduate,Married,2026-02-12,Active
CUST01695,Customer 1695,customer1695@example.com,Female,26,USA,Mumbai,51673,Postgraduate,Married,2026-05-16,Active
CUST01696,Customer 1696,customer1696@example.com,Female,53,Singapore,Bengaluru,172581,Graduate,Divorced,2025-04-21,Active
CUST01697,Customer 1697,customer1697@example.com,Male,42,Singapore,Delhi,121352,PhD,Divorced,2025-12-13,Inactive
CUST01698,Customer 1698,customer1698@example.com,Female,25,Australia,Chennai,55736,Graduate,Married,2026-06-27,Inactive
CUST01699,Customer 1699,customer1699@example.com,Male,36,Australia,Hyderabad,193263,Postgraduate,Divorced,2025-10-16,Active
CUST01700,Customer 1700,customer1700@example.com,Other,68,France,Chennai,199471,Postgraduate,Single,2025-01-25,Inactive
CUST01701,Customer 1701,customer1701@example.com,Male,31,USA,Delhi,32821,PhD,Divorced,2025-06-05,Inactive
CUST01702,Customer 1702,customer1702@example.com,Male,27,France,Coimbatore,70380,Postgraduate,Single,2026-04-19,Active
CUST01703,Customer 1703,customer1703@example.com,Male,53,Germany,Delhi,108328,Postgraduate,Single,2026-04-18,Active
CUST01704,Customer 1704,customer1704@example.com,Other,28,UK,Chennai,189559,Postgraduate,Divorced,2025-07-07,Inactive
CUST01705,Customer 1705,customer1705@example.com,Other,65,France,London,41656,Graduate,Divorced,2025-04-28,Active
CUST01706,Customer 1706,customer1706@example.com,Female,62,Australia,New York,206257,Graduate,Single,2025-06-23,Inactive
CUST01707,Customer 1707,customer1707@example.com,Male,69,France,Berlin,96874,Postgraduate,Divorced,2025-05-25,Inactive
CUST01708,Customer 1708,customer1708@example.com,Other,65,France,New York,53198,High School,Divorced,2026-03-18,Active
CUST01709,Customer 1709,customer1709@example.com,Female,30,UK,Coimbatore,219259,High School,Married,2026-05-17,Active
CUST01710,Customer 1710,customer1710@example.com,Other,29,Australia,Mumbai,44517,Graduate,Married,2025-01-28,Active
CUST01711,Customer 1711,customer1711@example.com,Female,35,Germany,Chennai,54155,PhD,Married,2026-03-18,Inactive
CUST01712,Customer 1712,customer1712@example.com,Other,42,India,Chennai,238654,Postgraduate,Divorced,2026-03-25,Active
CUST01713,Customer 1713,customer1713@example.com,Other,63,UK,New York,141902,Postgraduate,Single,2026-01-01,Inactive
CUST01714,Customer 1714,customer1714@example.com,Male,56,USA,Berlin,129185,PhD,Married,2026-06-04,Active
CUST01715,Customer 1715,customer1715@example.com,Other,51,India,Pune,179656,PhD,Married,2025-01-24,Inactive
CUST01716,Customer 1716,customer1716@example.com,Male,63,UK,Coimbatore,166803,PhD,Married,2026-02-22,Inactive
CUST01717,Customer 1717,customer1717@example.com,Female,51,Germany,Mumbai,163051,High School,Divorced,2025-03-17,Active
CUST01718,Customer 1718,customer1718@example.com,Male,37,Australia,Bengaluru,30233,PhD,Married,2026-06-19,Inactive
CUST01719,Customer 1719,customer1719@example.com,Other,39,Singapore,Coimbatore,149140,Postgraduate,Married,2025-10-25,Active
CUST01720,Customer 1720,customer1720@example.com,Male,44,UK,Hyderabad,87710,High School,Married,2025-02-24,Active
CUST01721,Customer 1721,customer1721@example.com,Female,22,India,Hyderabad,206726,High School,Married,2026-03-21,Inactive
CUST01722,Customer 1722,customer1722@example.com,Female,56,France,Coimbatore,138714,PhD,Married,2026-03-23,Active
CUST01723,Customer 1723,customer1723@example.com,Other,51,USA,Berlin,52848,PhD,Single,2025-10-04,Active
CUST01724,Customer 1724,customer1724@example.com,Other,56,UK,Hyderabad,224400,Graduate,Single,2025-07-05,Active
CUST01725,Customer 1725,customer1725@example.com,Male,45,Germany,Berlin,88964,High School,Divorced,2025-01-11,Inactive
CUST01726,Customer 1726,customer1726@example.com,Other,58,France,Mumbai,86074,PhD,Married,2026-06-26,Active
CUST01727,Customer 1727,customer1727@example.com,Male,67,UK,Hyderabad,235663,PhD,Married,2025-04-20,Active
CUST01728,Customer 1728,customer1728@example.com,Female,47,Singapore,New York,199418,PhD,Married,2026-05-18,Active
CUST01729,Customer 1729,customer1729@example.com,Female,41,France,Chennai,218392,Postgraduate,Divorced,2025-12-17,Active
CUST01730,Customer 1730,customer1730@example.com,Female,23,France,London,173998,PhD,Divorced,2026-02-13,Inactive
CUST01731,Customer 1731,customer1731@example.com,Other,58,Australia,Delhi,229859,PhD,Married,2026-02-18,Inactive
CUST01732,Customer 1732,customer1732@example.com,Other,65,Singapore,New York,50936,High School,Divorced,2026-05-27,Inactive
CUST01733,Customer 1733,customer1733@example.com,Female,54,Australia,Chennai,159994,High School,Married,2025-01-20,Active
CUST01734,Customer 1734,customer1734@example.com,Other,63,France,Delhi,91009,Postgraduate,Divorced,2026-08-14,Inactive
CUST01735,Customer 1735,customer1735@example.com,Male,62,USA,Hyderabad,114645,High School,Single,2025-01-26,Active
CUST01736,Customer 1736,customer1736@example.com,Male,59,UK,Chennai,78519,PhD,Married,2026-08-19,Active
CUST01737,Customer 1737,customer1737@example.com,Female,44,France,Pune,71133,Graduate,Divorced,2025-06-05,Active
CUST01738,Customer 1738,customer1738@example.com,Female,23,India,Mumbai,124569,Graduate,Divorced,2026-05-20,Inactive
CUST01739,Customer 1739,customer1739@example.com,Other,18,Germany,Mumbai,231616,Graduate,Single,2025-02-19,Active
CUST01740,Customer 1740,customer1740@example.com,Other,28,Singapore,Coimbatore,167950,Graduate,Divorced,2025-10-02,Active
CUST01741,Customer 1741,customer1741@example.com,Male,40,Australia,Pune,103604,PhD,Divorced,2025-11-19,Inactive
CUST01742,Customer 1742,customer1742@example.com,Male,56,USA,New York,122519,PhD,Single,2026-07-23,Active
CUST01743,Customer 1743,customer1743@example.com,Other,41,India,Berlin,144213,PhD,Divorced,2025-03-15,Inactive
CUST01744,Customer 1744,customer1744@example.com,Female,19,UK,Chennai,80020,High School,Divorced,2025-01-22,Inactive
CUST01745,Customer 1745,customer1745@example.com,Male,28,Singapore,Pune,142272,PhD,Married,2026-01-22,Active
CUST01746,Customer 1746,customer1746@example.com,Other,68,Singapore,Pune,181573,Graduate,Divorced,2025-01-30,Inactive
CUST01747,Customer 1747,customer1747@example.com,Female,69,UK,Berlin,79713,High School,Married,2026-04-09,Inactive
CUST01748,Customer 1748,customer1748@example.com,Other,37,Germany,Pune,156506,Graduate,Divorced,2025-01-23,Active
CUST01749,Customer 1749,customer1749@example.com,Other,59,India,Delhi,184383,Graduate,Married,2026-08-02,Active
CUST01750,Customer 1750,customer1750@example.com,Other,55,Singapore,London,141846,Graduate,Married,2025-11-14,Active
CUST01751,Customer 1751,customer1751@example.com,Female,66,India,Mumbai,90691,Graduate,Divorced,2026-07-20,Active
CUST01752,Customer 1752,customer1752@example.com,Other,64,Germany,Coimbatore,149744,High School,Divorced,2025-03-17,Inactive
CUST01753,Customer 1753,customer1753@example.com,Other,50,Singapore,Chennai,203478,PhD,Single,2025-06-12,Active
CUST01754,Customer 1754,customer1754@example.com,Male,38,Germany,Hyderabad,74927,PhD,Married,2025-09-29,Inactive
CUST01755,Customer 1755,customer1755@example.com,Male,50,Germany,Pune,154303,High School,Single,2025-01-18,Inactive
CUST01756,Customer 1756,customer1756@example.com,Male,34,France,London,178097,Graduate,Married,2025-03-03,Inactive
CUST01757,Customer 1757,customer1757@example.com,Female,36,France,Pune,97336,Graduate,Single,2025-07-16,Active
CUST01758,Customer 1758,customer1758@example.com,Female,49,UK,Hyderabad,112188,PhD,Single,2026-03-16,Active
CUST01759,Customer 1759,customer1759@example.com,Male,47,UK,Berlin,224993,Postgraduate,Single,2026-02-27,Active
CUST01760,Customer 1760,customer1760@example.com,Female,48,Singapore,Coimbatore,106780,High School,Married,2025-02-21,Active
CUST01761,Customer 1761,customer1761@example.com,Male,38,Singapore,New York,159602,Graduate,Single,2025-02-05,Inactive
CUST01762,Customer 1762,customer1762@example.com,Female,39,Germany,Bengaluru,58690,High School,Married,2026-01-26,Active
CUST01763,Customer 1763,customer1763@example.com,Female,18,Germany,Delhi,233346,Graduate,Single,2025-08-03,Inactive
CUST01764,Customer 1764,customer1764@example.com,Female,49,Singapore,London,159288,Graduate,Divorced,2026-04-18,Active
CUST01765,Customer 1765,customer1765@example.com,Female,47,France,Coimbatore,196082,High School,Divorced,2025-06-27,Active
CUST01766,Customer 1766,customer1766@example.com,Female,66,UK,Bengaluru,160600,Postgraduate,Divorced,2025-08-05,Inactive
CUST01767,Customer 1767,customer1767@example.com,Other,44,France,Berlin,104985,PhD,Married,2025-05-11,Inactive
CUST01768,Customer 1768,customer1768@example.com,Other,42,France,Coimbatore,101567,Postgraduate,Single,2025-06-08,Inactive
CUST01769,Customer 1769,customer1769@example.com,Other,21,UK,Chennai,182772,High School,Single,2026-02-25,Inactive
CUST01770,Customer 1770,customer1770@example.com,Female,28,UK,London,218467,High School,Single,2025-10-08,Active
CUST01771,Customer 1771,customer1771@example.com,Female,35,France,Chennai,53720,High School,Single,2026-01-28,Active
CUST01772,Customer 1772,customer1772@example.com,Male,37,Germany,Hyderabad,215228,Graduate,Single,2025-02-16,Inactive
CUST01773,Customer 1773,customer1773@example.com,Female,36,France,Delhi,211751,High School,Single,2025-11-16,Active
CUST01774,Customer 1774,customer1774@example.com,Male,38,Singapore,London,49537,High School,Divorced,2025-10-01,Inactive
CUST01775,Customer 1775,customer1775@example.com,Female,57,UK,Hyderabad,49336,High School,Single,2026-06-27,Inactive
CUST01776,Customer 1776,customer1776@example.com,Male,24,India,Berlin,181384,Graduate,Married,2025-09-10,Inactive
CUST01777,Customer 1777,customer1777@example.com,Female,35,France,Berlin,214631,PhD,Single,2025-03-03,Active
CUST01778,Customer 1778,customer1778@example.com,Other,26,Singapore,London,113613,Postgraduate,Divorced,2026-02-20,Active
CUST01779,Customer 1779,customer1779@example.com,Other,34,USA,Coimbatore,169143,Postgraduate,Divorced,2025-03-31,Active
CUST01780,Customer 1780,customer1780@example.com,Female,53,Singapore,Chennai,249936,Graduate,Divorced,2026-06-26,Active
CUST01781,Customer 1781,customer1781@example.com,Male,20,Germany,Delhi,97629,Graduate,Married,2025-08-17,Inactive
CUST01782,Customer 1782,customer1782@example.com,Male,35,Germany,Pune,75630,Postgraduate,Divorced,2026-04-13,Active
CUST01783,Customer 1783,customer1783@example.com,Male,19,India,Berlin,248115,Postgraduate,Divorced,2026-01-26,Inactive
CUST01784,Customer 1784,customer1784@example.com,Other,67,India,Mumbai,88118,PhD,Married,2025-10-05,Active
CUST01785,Customer 1785,customer1785@example.com,Other,55,UK,Coimbatore,131333,High School,Single,2025-12-15,Inactive
CUST01786,Customer 1786,customer1786@example.com,Female,30,USA,Delhi,124474,PhD,Married,2025-04-19,Active
CUST01787,Customer 1787,customer1787@example.com,Male,28,USA,Bengaluru,142726,PhD,Single,2025-02-14,Inactive
CUST01788,Customer 1788,customer1788@example.com,Male,23,USA,Delhi,85461,Postgraduate,Married,2026-04-02,Active
CUST01789,Customer 1789,customer1789@example.com,Other,42,UK,Berlin,177781,PhD,Married,2026-07-26,Inactive
CUST01790,Customer 1790,customer1790@example.com,Male,57,India,London,180699,Graduate,Married,2026-05-29,Active
CUST01791,Customer 1791,customer1791@example.com,Male,48,Australia,London,70125,PhD,Married,2025-07-01,Active
CUST01792,Customer 1792,customer1792@example.com,Male,63,Singapore,Mumbai,133204,Postgraduate,Married,2025-08-02,Active
CUST01793,Customer 1793,customer1793@example.com,Male,35,France,Bengaluru,37906,High School,Single,2025-08-02,Active
CUST01794,Customer 1794,customer1794@example.com,Female,32,India,New York,74697,Graduate,Single,2026-02-23,Inactive
CUST01795,Customer 1795,customer1795@example.com,Other,42,France,Hyderabad,247125,Graduate,Divorced,2026-01-07,Active
CUST01796,Customer 1796,customer1796@example.com,Male,28,Germany,Coimbatore,138934,Postgraduate,Married,2026-04-20,Inactive
CUST01797,Customer 1797,customer1797@example.com,Other,68,India,Berlin,165114,High School,Single,2026-07-18,Inactive
CUST01798,Customer 1798,customer1798@example.com,Male,27,USA,Pune,224978,PhD,Divorced,2025-08-22,Active
CUST01799,Customer 1799,customer1799@example.com,Male,42,UK,Delhi,185592,Postgraduate,Divorced,2026-01-30,Active
CUST01800,Customer 1800,customer1800@example.com,Male,45,France,Pune,203289,Graduate,Single,2025-10-26,Inactive
CUST01801,Customer 1801,customer1801@example.com,Other,20,Singapore,Coimbatore,185212,Graduate,Divorced,2026-07-24,Inactive
CUST01802,Customer 1802,customer1802@example.com,Female,42,France,Pune,137237,Postgraduate,Divorced,2025-07-30,Active
CUST01803,Customer 1803,customer1803@example.com,Other,41,UK,Bengaluru,167329,PhD,Single,2025-04-22,Inactive
CUST01804,Customer 1804,customer1804@example.com,Male,31,India,Berlin,89911,Graduate,Divorced,2025-08-14,Active
CUST01805,Customer 1805,customer1805@example.com,Male,24,France,Bengaluru,225344,PhD,Single,2026-01-04,Active
CUST01806,Customer 1806,customer1806@example.com,Other,20,Germany,Bengaluru,65474,Graduate,Single,2026-07-23,Inactive
CUST01807,Customer 1807,customer1807@example.com,Male,18,France,Chennai,223923,Postgraduate,Single,2026-05-10,Inactive
CUST01808,Customer 1808,customer1808@example.com,Male,43,India,Delhi,222637,Postgraduate,Married,2025-01-11,Active
CUST01809,Customer 1809,customer1809@example.com,Female,22,UK,Pune,57012,Postgraduate,Married,2025-10-31,Inactive
CUST01810,Customer 1810,customer1810@example.com,Female,67,France,New York,184788,High School,Divorced,2025-04-05,Active
CUST01811,Customer 1811,customer1811@example.com,Male,30,USA,Delhi,247676,High School,Divorced,2025-08-04,Inactive
CUST01812,Customer 1812,customer1812@example.com,Female,51,USA,Mumbai,153737,Postgraduate,Single,2026-07-17,Active
CUST01813,Customer 1813,customer1813@example.com,Other,53,France,Hyderabad,101577,PhD,Married,2026-08-10,Active
CUST01814,Customer 1814,customer1814@example.com,Female,43,India,Berlin,222873,PhD,Single,2025-04-02,Inactive
CUST01815,Customer 1815,customer1815@example.com,Female,63,USA,Coimbatore,140325,Graduate,Single,2025-03-26,Active
CUST01816,Customer 1816,customer1816@example.com,Male,23,Singapore,Berlin,52380,PhD,Single,2026-02-20,Inactive
CUST01817,Customer 1817,customer1817@example.com,Female,30,France,Delhi,81086,PhD,Single,2025-09-02,Inactive
CUST01818,Customer 1818,customer1818@example.com,Other,31,India,Delhi,178560,High School,Single,2025-09-15,Active
CUST01819,Customer 1819,customer1819@example.com,Female,25,France,Mumbai,127457,Postgraduate,Divorced,2026-06-05,Inactive
CUST01820,Customer 1820,customer1820@example.com,Other,33,UK,Berlin,73760,Graduate,Divorced,2026-07-03,Active
CUST01821,Customer 1821,customer1821@example.com,Male,34,USA,Pune,204783,PhD,Divorced,2026-06-21,Inactive
CUST01822,Customer 1822,customer1822@example.com,Male,57,USA,Delhi,52130,Postgraduate,Single,2026-04-12,Active
CUST01823,Customer 1823,customer1823@example.com,Female,33,India,Hyderabad,74290,PhD,Married,2026-08-08,Inactive
CUST01824,Customer 1824,customer1824@example.com,Male,63,Germany,Coimbatore,129762,Graduate,Divorced,2026-03-06,Inactive
CUST01825,Customer 1825,customer1825@example.com,Female,58,UK,Berlin,33893,PhD,Divorced,2026-06-12,Inactive
CUST01826,Customer 1826,customer1826@example.com,Other,64,UK,Berlin,112163,PhD,Divorced,2025-11-19,Active
CUST01827,Customer 1827,customer1827@example.com,Female,23,Germany,Chennai,229740,PhD,Divorced,2025-01-31,Active
CUST01828,Customer 1828,customer1828@example.com,Female,69,USA,New York,236765,High School,Single,2026-05-02,Inactive
CUST01829,Customer 1829,customer1829@example.com,Other,49,Singapore,Delhi,221190,PhD,Married,2026-07-09,Inactive
CUST01830,Customer 1830,customer1830@example.com,Male,69,UK,New York,97895,High School,Single,2025-07-06,Inactive
CUST01831,Customer 1831,customer1831@example.com,Other,36,France,Pune,39595,PhD,Single,2025-09-13,Active
CUST01832,Customer 1832,customer1832@example.com,Male,67,Germany,New York,208353,PhD,Single,2025-12-07,Active
CUST01833,Customer 1833,customer1833@example.com,Other,48,Australia,Coimbatore,108996,PhD,Single,2026-01-24,Inactive
CUST01834,Customer 1834,customer1834@example.com,Female,21,Germany,Delhi,193486,Postgraduate,Divorced,2026-02-07,Inactive
CUST01835,Customer 1835,customer1835@example.com,Male,39,Germany,London,51812,Postgraduate,Married,2025-08-23,Active
CUST01836,Customer 1836,customer1836@example.com,Other,25,Australia,Delhi,175283,Postgraduate,Divorced,2026-05-25,Active
CUST01837,Customer 1837,customer1837@example.com,Male,66,India,New York,156937,Postgraduate,Married,2026-04-30,Active
CUST01838,Customer 1838,customer1838@example.com,Female,33,Singapore,Mumbai,232091,Postgraduate,Married,2026-07-16,Active
CUST01839,Customer 1839,customer1839@example.com,Other,29,Germany,Bengaluru,47934,Graduate,Single,2025-12-10,Inactive
CUST01840,Customer 1840,customer1840@example.com,Other,46,USA,Coimbatore,116783,High School,Divorced,2025-02-16,Active
CUST01841,Customer 1841,customer1841@example.com,Other,40,Australia,Coimbatore,247737,PhD,Divorced,2026-05-19,Inactive
CUST01842,Customer 1842,customer1842@example.com,Female,23,India,Chennai,112676,High School,Single,2025-02-17,Active
CUST01843,Customer 1843,customer1843@example.com,Female,60,UK,Berlin,173060,PhD,Married,2025-04-26,Active
CUST01844,Customer 1844,customer1844@example.com,Male,61,Singapore,Berlin,61213,Graduate,Single,2025-06-19,Inactive
CUST01845,Customer 1845,customer1845@example.com,Other,56,India,Pune,188891,Graduate,Divorced,2025-04-21,Inactive
CUST01846,Customer 1846,customer1846@example.com,Female,50,Germany,New York,87046,PhD,Divorced,2026-03-08,Inactive
CUST01847,Customer 1847,customer1847@example.com,Other,38,Singapore,Chennai,153750,Postgraduate,Divorced,2025-09-20,Inactive
CUST01848,Customer 1848,customer1848@example.com,Female,46,USA,London,222950,High School,Divorced,2025-05-11,Active
CUST01849,Customer 1849,customer1849@example.com,Other,45,USA,Hyderabad,173737,High School,Divorced,2025-01-03,Inactive
CUST01850,Customer 1850,customer1850@example.com,Male,26,Singapore,Chennai,131736,PhD,Divorced,2025-05-09,Active
CUST01851,Customer 1851,customer1851@example.com,Other,22,Germany,New York,67762,High School,Married,2026-02-17,Inactive
CUST01852,Customer 1852,customer1852@example.com,Male,31,USA,Delhi,101804,Graduate,Married,2026-04-19,Inactive
CUST01853,Customer 1853,customer1853@example.com,Male,41,Germany,Chennai,216087,PhD,Divorced,2025-06-26,Inactive
CUST01854,Customer 1854,customer1854@example.com,Female,26,USA,Delhi,73625,Postgraduate,Married,2025-02-13,Active
CUST01855,Customer 1855,customer1855@example.com,Female,23,France,Bengaluru,172668,PhD,Divorced,2025-11-29,Active
CUST01856,Customer 1856,customer1856@example.com,Other,62,USA,Berlin,134116,Postgraduate,Single,2026-04-12,Active
CUST01857,Customer 1857,customer1857@example.com,Female,37,UK,Hyderabad,97197,PhD,Married,2025-02-11,Inactive
CUST01858,Customer 1858,customer1858@example.com,Male,48,France,Pune,186250,Postgraduate,Married,2026-04-20,Inactive
CUST01859,Customer 1859,customer1859@example.com,Male,45,France,Hyderabad,106481,Graduate,Married,2025-04-12,Inactive
CUST01860,Customer 1860,customer1860@example.com,Female,56,USA,London,89505,Graduate,Single,2025-06-03,Inactive
CUST01861,Customer 1861,customer1861@example.com,Female,56,UK,Mumbai,144082,Graduate,Single,2026-01-07,Active
CUST01862,Customer 1862,customer1862@example.com,Female,33,USA,Delhi,195486,Postgraduate,Married,2025-01-31,Inactive
CUST01863,Customer 1863,customer1863@example.com,Male,62,USA,Bengaluru,219432,PhD,Divorced,2025-07-02,Inactive
CUST01864,Customer 1864,customer1864@example.com,Female,37,Germany,Delhi,166702,Graduate,Single,2025-03-24,Active
CUST01865,Customer 1865,customer1865@example.com,Female,61,India,Chennai,173947,Postgraduate,Single,2025-05-08,Inactive
CUST01866,Customer 1866,customer1866@example.com,Other,39,UK,Delhi,202202,High School,Divorced,2026-04-06,Active
CUST01867,Customer 1867,customer1867@example.com,Female,23,Australia,Bengaluru,85580,PhD,Married,2025-05-17,Inactive
CUST01868,Customer 1868,customer1868@example.com,Other,57,India,Hyderabad,81454,Graduate,Single,2025-01-26,Active
CUST01869,Customer 1869,customer1869@example.com,Male,19,India,Mumbai,133897,Graduate,Single,2025-05-09,Active
CUST01870,Customer 1870,customer1870@example.com,Other,58,USA,Coimbatore,166981,High School,Divorced,2025-02-21,Inactive
CUST01871,Customer 1871,customer1871@example.com,Male,20,Australia,Hyderabad,170349,Graduate,Married,2026-01-07,Inactive
CUST01872,Customer 1872,customer1872@example.com,Male,28,UK,Chennai,59590,PhD,Single,2026-08-03,Active
CUST01873,Customer 1873,customer1873@example.com,Other,49,Australia,Coimbatore,200638,Graduate,Married,2025-04-10,Active
CUST01874,Customer 1874,customer1874@example.com,Female,66,France,New York,106854,Graduate,Single,2026-03-11,Active
CUST01875,Customer 1875,customer1875@example.com,Female,39,USA,Chennai,222391,PhD,Single,2025-08-05,Active
CUST01876,Customer 1876,customer1876@example.com,Female,24,Singapore,Mumbai,187981,High School,Divorced,2025-02-12,Active
CUST01877,Customer 1877,customer1877@example.com,Other,30,India,Coimbatore,246163,PhD,Divorced,2026-02-14,Active
CUST01878,Customer 1878,customer1878@example.com,Male,64,Germany,Coimbatore,167126,PhD,Married,2025-05-06,Inactive
CUST01879,Customer 1879,customer1879@example.com,Male,55,USA,Bengaluru,143687,Postgraduate,Single,2025-11-03,Inactive
CUST01880,Customer 1880,customer1880@example.com,Male,23,Singapore,Hyderabad,67268,Postgraduate,Married,2025-10-30,Inactive
CUST01881,Customer 1881,customer1881@example.com,Other,38,Germany,New York,114699,Graduate,Married,2025-12-22,Active
CUST01882,Customer 1882,customer1882@example.com,Male,31,India,Hyderabad,218127,PhD,Single,2025-03-22,Inactive
CUST01883,Customer 1883,customer1883@example.com,Female,27,Australia,London,110957,PhD,Single,2025-05-30,Inactive
CUST01884,Customer 1884,customer1884@example.com,Female,62,Germany,Pune,37004,PhD,Divorced,2026-03-16,Active
CUST01885,Customer 1885,customer1885@example.com,Male,50,Singapore,Berlin,80155,Postgraduate,Divorced,2026-07-10,Inactive
CUST01886,Customer 1886,customer1886@example.com,Female,27,Australia,Pune,158924,Graduate,Divorced,2025-01-07,Inactive
CUST01887,Customer 1887,customer1887@example.com,Male,51,India,New York,166550,High School,Married,2025-09-04,Active
CUST01888,Customer 1888,customer1888@example.com,Male,39,Germany,Mumbai,246360,Postgraduate,Divorced,2026-06-10,Active
CUST01889,Customer 1889,customer1889@example.com,Male,21,USA,Berlin,235118,Postgraduate,Single,2025-06-21,Active
CUST01890,Customer 1890,customer1890@example.com,Other,41,Germany,Pune,144589,Graduate,Divorced,2025-09-24,Active
CUST01891,Customer 1891,customer1891@example.com,Female,27,Australia,Chennai,149765,High School,Single,2026-06-23,Active
CUST01892,Customer 1892,customer1892@example.com,Other,30,France,Berlin,205151,High School,Single,2026-08-01,Active
CUST01893,Customer 1893,customer1893@example.com,Female,63,Singapore,New York,35945,Graduate,Single,2026-01-26,Active
CUST01894,Customer 1894,customer1894@example.com,Male,54,France,Chennai,158916,Graduate,Single,2026-02-18,Inactive
CUST01895,Customer 1895,customer1895@example.com,Female,24,UK,Bengaluru,131650,PhD,Single,2026-01-01,Active
CUST01896,Customer 1896,customer1896@example.com,Other,62,Australia,Hyderabad,201195,PhD,Single,2025-06-19,Active
CUST01897,Customer 1897,customer1897@example.com,Female,47,Singapore,Berlin,205080,PhD,Single,2026-06-13,Active
CUST01898,Customer 1898,customer1898@example.com,Male,63,India,Berlin,172509,High School,Single,2025-01-21,Inactive
CUST01899,Customer 1899,customer1899@example.com,Male,56,USA,Berlin,172889,Postgraduate,Single,2025-02-04,Inactive
CUST01900,Customer 1900,customer1900@example.com,Other,35,India,Chennai,180505,PhD,Single,2025-12-25,Active
CUST01901,Customer 1901,customer1901@example.com,Female,45,India,Pune,155530,Postgraduate,Single,2026-05-15,Inactive
CUST01902,Customer 1902,customer1902@example.com,Other,45,Germany,Coimbatore,76257,High School,Divorced,2026-02-09,Active
CUST01903,Customer 1903,customer1903@example.com,Female,55,Singapore,New York,89018,Graduate,Single,2025-08-13,Active
CUST01904,Customer 1904,customer1904@example.com,Male,30,Australia,London,191910,High School,Single,2025-08-03,Inactive
CUST01905,Customer 1905,customer1905@example.com,Other,35,Germany,Mumbai,164133,PhD,Divorced,2025-09-11,Inactive
CUST01906,Customer 1906,customer1906@example.com,Other,30,Germany,London,78529,High School,Married,2025-06-02,Inactive
CUST01907,Customer 1907,customer1907@example.com,Other,33,UK,Bengaluru,222518,Postgraduate,Single,2025-09-07,Inactive
CUST01908,Customer 1908,customer1908@example.com,Other,26,India,Bengaluru,245645,Graduate,Divorced,2025-03-04,Active
CUST01909,Customer 1909,customer1909@example.com,Male,19,Australia,Pune,165868,PhD,Divorced,2025-07-10,Inactive
CUST01910,Customer 1910,customer1910@example.com,Other,66,UK,Hyderabad,76252,High School,Single,2026-07-15,Inactive
CUST01911,Customer 1911,customer1911@example.com,Male,21,Germany,Hyderabad,236114,Graduate,Married,2026-02-26,Active
CUST01912,Customer 1912,customer1912@example.com,Other,64,France,Delhi,78254,PhD,Divorced,2025-03-26,Active
CUST01913,Customer 1913,customer1913@example.com,Male,18,USA,Chennai,122304,Postgraduate,Married,2025-06-20,Inactive
CUST01914,Customer 1914,customer1914@example.com,Female,58,Germany,London,218202,PhD,Married,2025-06-04,Active
CUST01915,Customer 1915,customer1915@example.com,Other,35,UK,Pune,142153,Graduate,Single,2025-06-17,Active
CUST01916,Customer 1916,customer1916@example.com,Male,44,Singapore,London,79672,Graduate,Divorced,2026-02-16,Inactive
CUST01917,Customer 1917,customer1917@example.com,Male,32,France,Mumbai,43023,High School,Married,2026-06-18,Active
CUST01918,Customer 1918,customer1918@example.com,Other,43,Germany,Pune,106203,PhD,Divorced,2026-02-28,Inactive
CUST01919,Customer 1919,customer1919@example.com,Male,41,USA,Hyderabad,176220,High School,Married,2025-10-19,Inactive
CUST01920,Customer 1920,customer1920@example.com,Female,45,India,New York,185794,High School,Single,2025-04-06,Active
CUST01921,Customer 1921,customer1921@example.com,Other,38,Germany,New York,75162,Postgraduate,Married,2025-03-27,Active
CUST01922,Customer 1922,customer1922@example.com,Female,45,Australia,New York,60718,Graduate,Divorced,2026-05-01,Active
CUST01923,Customer 1923,customer1923@example.com,Female,60,USA,Delhi,182827,Graduate,Divorced,2026-02-08,Inactive
CUST01924,Customer 1924,customer1924@example.com,Female,40,India,Pune,60791,Graduate,Married,2025-11-01,Inactive
CUST01925,Customer 1925,customer1925@example.com,Female,36,India,Pune,39457,Postgraduate,Single,2025-12-11,Active
CUST01926,Customer 1926,customer1926@example.com,Female,24,Singapore,Mumbai,134431,High School,Divorced,2026-05-21,Active
CUST01927,Customer 1927,customer1927@example.com,Female,36,Australia,London,153455,Graduate,Divorced,2026-05-01,Inactive
CUST01928,Customer 1928,customer1928@example.com,Male,24,USA,Chennai,79832,High School,Divorced,2025-02-22,Inactive
CUST01929,Customer 1929,customer1929@example.com,Female,27,Singapore,London,72524,Postgraduate,Single,2025-08-24,Inactive
CUST01930,Customer 1930,customer1930@example.com,Other,67,Germany,New York,78023,PhD,Married,2025-01-26,Inactive
CUST01931,Customer 1931,customer1931@example.com,Other,22,India,New York,102136,Graduate,Single,2025-08-18,Active
CUST01932,Customer 1932,customer1932@example.com,Male,43,UK,Hyderabad,27078,Graduate,Divorced,2026-01-15,Inactive
CUST01933,Customer 1933,customer1933@example.com,Other,61,France,Coimbatore,27645,Graduate,Married,2025-05-05,Inactive
CUST01934,Customer 1934,customer1934@example.com,Other,67,France,Coimbatore,108351,Postgraduate,Divorced,2025-03-31,Active
CUST01935,Customer 1935,customer1935@example.com,Male,25,Australia,Mumbai,29478,Graduate,Single,2025-10-20,Inactive
CUST01936,Customer 1936,customer1936@example.com,Other,26,Germany,Pune,96606,High School,Married,2025-11-09,Inactive
CUST01937,Customer 1937,customer1937@example.com,Female,37,Germany,Pune,155705,High School,Divorced,2026-03-02,Inactive
CUST01938,Customer 1938,customer1938@example.com,Female,46,USA,Coimbatore,32010,PhD,Divorced,2025-01-09,Active
CUST01939,Customer 1939,customer1939@example.com,Other,67,India,Hyderabad,164011,PhD,Single,2025-05-28,Active
CUST01940,Customer 1940,customer1940@example.com,Female,28,Germany,Pune,164778,Postgraduate,Divorced,2026-04-10,Active
CUST01941,Customer 1941,customer1941@example.com,Female,26,Germany,Mumbai,154000,High School,Single,2026-02-11,Inactive
CUST01942,Customer 1942,customer1942@example.com,Male,31,UK,London,165998,High School,Single,2026-06-21,Active
CUST01943,Customer 1943,customer1943@example.com,Other,63,Germany,Delhi,207079,High School,Single,2026-05-01,Active
CUST01944,Customer 1944,customer1944@example.com,Other,19,USA,Pune,40930,Graduate,Divorced,2026-05-15,Active
CUST01945,Customer 1945,customer1945@example.com,Male,37,Germany,London,62986,PhD,Single,2025-11-01,Active
CUST01946,Customer 1946,customer1946@example.com,Other,24,Singapore,Delhi,96334,PhD,Married,2026-07-26,Inactive
CUST01947,Customer 1947,customer1947@example.com,Male,26,Germany,Bengaluru,179826,High School,Single,2025-09-05,Inactive
CUST01948,Customer 1948,customer1948@example.com,Female,65,India,Pune,221382,Postgraduate,Single,2026-06-23,Inactive
CUST01949,Customer 1949,customer1949@example.com,Other,18,India,Delhi,231700,Graduate,Married,2025-08-22,Active
CUST01950,Customer 1950,customer1950@example.com,Male,34,UK,Hyderabad,155988,Postgraduate,Divorced,2025-09-22,Inactive
CUST01951,Customer 1951,customer1951@example.com,Female,65,France,Mumbai,117276,PhD,Single,2026-02-13,Inactive
CUST01952,Customer 1952,customer1952@example.com,Male,49,Australia,Chennai,117694,Graduate,Married,2025-08-26,Inactive
CUST01953,Customer 1953,customer1953@example.com,Other,21,Germany,London,38460,PhD,Single,2025-03-29,Inactive
CUST01954,Customer 1954,customer1954@example.com,Female,42,USA,Hyderabad,129648,Postgraduate,Single,2026-06-19,Inactive
CUST01955,Customer 1955,customer1955@example.com,Female,68,USA,Mumbai,140390,High School,Single,2025-09-27,Active
CUST01956,Customer 1956,customer1956@example.com,Other,38,USA,Pune,71863,High School,Married,2026-07-07,Inactive
CUST01957,Customer 1957,customer1957@example.com,Female,45,Germany,Mumbai,197789,Postgraduate,Single,2025-08-26,Inactive
CUST01958,Customer 1958,customer1958@example.com,Other,45,Australia,Coimbatore,207674,Graduate,Single,2026-08-03,Inactive
CUST01959,Customer 1959,customer1959@example.com,Male,52,USA,London,92954,Graduate,Married,2025-12-26,Active
CUST01960,Customer 1960,customer1960@example.com,Male,27,India,Mumbai,230651,PhD,Single,2026-04-03,Inactive
CUST01961,Customer 1961,customer1961@example.com,Other,61,Germany,New York,49097,Postgraduate,Divorced,2026-03-27,Inactive
CUST01962,Customer 1962,customer1962@example.com,Other,69,USA,Hyderabad,229900,PhD,Single,2025-05-01,Inactive
CUST01963,Customer 1963,customer1963@example.com,Female,25,Australia,Delhi,197819,Graduate,Married,2026-05-02,Inactive
CUST01964,Customer 1964,customer1964@example.com,Female,60,Germany,Coimbatore,75385,PhD,Single,2026-07-18,Active
CUST01965,Customer 1965,customer1965@example.com,Male,60,Australia,Hyderabad,171287,High School,Divorced,2026-01-30,Inactive
CUST01966,Customer 1966,customer1966@example.com,Other,56,Singapore,Delhi,94916,Postgraduate,Married,2026-07-19,Inactive
CUST01967,Customer 1967,customer1967@example.com,Other,37,Australia,Chennai,204940,PhD,Divorced,2026-05-20,Active
CUST01968,Customer 1968,customer1968@example.com,Male,42,USA,Chennai,61140,High School,Single,2026-02-02,Active
CUST01969,Customer 1969,customer1969@example.com,Female,61,Germany,Hyderabad,80105,PhD,Single,2025-10-12,Active
CUST01970,Customer 1970,customer1970@example.com,Female,25,Singapore,New York,94120,PhD,Married,2026-05-26,Active
CUST01971,Customer 1971,customer1971@example.com,Female,61,Australia,Chennai,69927,PhD,Single,2025-04-21,Active
CUST01972,Customer 1972,customer1972@example.com,Other,65,Germany,Hyderabad,99881,High School,Divorced,2025-12-01,Inactive
CUST01973,Customer 1973,customer1973@example.com,Male,53,UK,Coimbatore,160582,PhD,Married,2026-05-02,Inactive
CUST01974,Customer 1974,customer1974@example.com,Male,35,Singapore,Chennai,167449,Graduate,Divorced,2026-07-17,Active
CUST01975,Customer 1975,customer1975@example.com,Male,47,India,Pune,149635,High School,Single,2025-06-09,Inactive
CUST01976,Customer 1976,customer1976@example.com,Other,20,UK,Coimbatore,67670,High School,Married,2025-02-25,Active
CUST01977,Customer 1977,customer1977@example.com,Female,66,India,Hyderabad,70550,PhD,Married,2025-07-18,Inactive
CUST01978,Customer 1978,customer1978@example.com,Other,35,Germany,London,231865,Postgraduate,Married,2026-05-30,Active
CUST01979,Customer 1979,customer1979@example.com,Female,20,Germany,Coimbatore,81551,Postgraduate,Divorced,2025-11-09,Active
CUST01980,Customer 1980,customer1980@example.com,Male,59,USA,London,48197,High School,Married,2025-02-03,Active
CUST01981,Customer 1981,customer1981@example.com,Female,52,USA,Berlin,127147,PhD,Single,2025-03-13,Inactive
CUST01982,Customer 1982,customer1982@example.com,Male,50,Australia,London,26547,Graduate,Married,2025-07-22,Inactive
CUST01983,Customer 1983,customer1983@example.com,Other,20,India,Delhi,102097,High School,Married,2025-07-24,Active
CUST01984,Customer 1984,customer1984@example.com,Other,57,Australia,Coimbatore,217363,PhD,Married,2025-03-22,Inactive
CUST01985,Customer 1985,customer1985@example.com,Other,51,Singapore,Bengaluru,85163,PhD,Single,2025-10-22,Active
CUST01986,Customer 1986,customer1986@example.com,Female,59,France,Hyderabad,183348,Postgraduate,Single,2025-10-13,Active
CUST01987,Customer 1987,customer1987@example.com,Male,61,India,Berlin,135208,High School,Married,2025-04-29,Active
CUST01988,Customer 1988,customer1988@example.com,Male,29,UK,New York,104956,Postgraduate,Divorced,2025-05-19,Inactive
CUST01989,Customer 1989,customer1989@example.com,Female,28,India,Hyderabad,173855,Postgraduate,Single,2026-01-31,Inactive
CUST01990,Customer 1990,customer1990@example.com,Female,66,UK,Chennai,158988,PhD,Single,2026-07-22,Inactive
CUST01991,Customer 1991,customer1991@example.com,Other,45,Singapore,Chennai,96602,Graduate,Married,2026-08-17,Inactive
CUST01992,Customer 1992,customer1992@example.com,Other,40,UK,Hyderabad,75297,High School,Single,2025-11-30,Inactive
CUST01993,Customer 1993,customer1993@example.com,Male,32,Australia,Mumbai,231285,Postgraduate,Single,2025-01-23,Active
CUST01994,Customer 1994,customer1994@example.com,Male,51,USA,Hyderabad,62887,PhD,Single,2026-06-20,Active
CUST01995,Customer 1995,customer1995@example.com,Female,57,Singapore,Berlin,240888,Postgraduate,Divorced,2026-07-21,Active
CUST01996,Customer 1996,customer1996@example.com,Female,18,Germany,Coimbatore,131009,Postgraduate,Divorced,2025-06-15,Active
CUST01997,Customer 1997,customer1997@example.com,Male,46,Australia,Bengaluru,249268,Graduate,Single,2025-08-27,Active
CUST01998,Customer 1998,customer1998@example.com,Other,69,India,New York,104467,Postgraduate,Single,2025-01-16,Active
CUST01999,Customer 1999,customer1999@example.com,Other,32,Australia,Pune,152239,High School,Divorced,2026-04-23,Inactive
CUST02000,Customer 2000,customer2000@example.com,Female,32,Singapore,Pune,163427,Postgraduate,Single,2026-04-08,Active
