lead_id,customer_id,lead_source,lead_date,lead_status,lead_score,sales_agent
LEAD00001,CUST01586,Social Media,2025-07-20,New,40,Agent C
LEAD00002,CUST01411,Website,2025-03-13,Contacted,83,Agent D
LEAD00003,CUST01631,Social Media,2025-09-13,Converted,46,Agent E
LEAD00004,CUST00237,Social Media,2026-04-27,Lost,96,Agent B
LEAD00005,CUST01741,Referral,2025-12-16,Qualified,61,Agent A
LEAD00006,CUST01096,Advertisement,2026-01-21,Contacted,89,Agent A
LEAD00007,CUST01727,Referral,2026-04-11,Converted,99,Agent C
LEAD00008,CUST01393,Referral,2025-07-21,New,33,Agent C
LEAD00009,CUST01313,Event,2025-01-23,Qualified,27,Agent E
LEAD00010,CUST00065,Referral,2026-06-11,New,84,Agent C
LEAD00011,CUST01384,Social Media,2026-01-01,Lost,24,Agent C
LEAD00012,CUST00898,Email,2025-12-04,New,76,Agent A
LEAD00013,CUST01699,Website,2025-12-08,Qualified,18,Agent A
LEAD00014,CUST01369,Event,2026-05-24,Lost,87,Agent E
LEAD00015,CUST00149,Website,2026-04-04,Converted,69,Agent B
LEAD00016,CUST01780,Website,2026-02-04,Qualified,53,Agent C
LEAD00017,CUST00126,Website,2026-04-12,Converted,45,Agent B
LEAD00018,CUST00599,Website,2025-06-21,New,64,Agent A
LEAD00019,CUST00434,Social Media,2026-03-01,New,39,Agent B
LEAD00020,CUST01949,Advertisement,2026-08-05,Converted,40,Agent B
LEAD00021,CUST00307,Advertisement,2025-05-21,Lost,21,Agent E
LEAD00022,CUST01690,Website,2025-12-07,Converted,16,Agent C
LEAD00023,CUST00445,Advertisement,2026-02-11,Lost,90,Agent C
LEAD00024,CUST01302,Event,2025-11-04,Lost,75,Agent D
LEAD00025,CUST00181,Event,2026-08-01,New,45,Agent B
LEAD00026,CUST00784,Email,2025-08-29,Contacted,84,Agent B
LEAD00027,CUST01247,Social Media,2025-05-10,Lost,61,Agent C
LEAD00028,CUST01423,Referral,2025-03-23,Contacted,60,Agent E
LEAD00029,CUST01745,Event,2026-05-22,Qualified,12,Agent B
LEAD00030,CUST01633,Email,2026-02-13,Contacted,54,Agent B
LEAD00031,CUST01038,Email,2025-12-11,Contacted,11,Agent A
LEAD00032,CUST00607,Referral,2025-09-14,New,69,Agent E
LEAD00033,CUST00523,Advertisement,2025-09-02,Contacted,7,Agent B
LEAD00034,CUST01986,Referral,2026-07-12,Contacted,52,Agent B
LEAD00035,CUST01217,Email,2026-02-10,Converted,37,Agent A
LEAD00036,CUST01818,Referral,2026-07-30,Lost,14,Agent E
LEAD00037,CUST00868,Website,2026-04-23,New,48,Agent C
LEAD00038,CUST00972,Advertisement,2026-04-03,New,21,Agent A
LEAD00039,CUST01652,Event,2025-11-26,Lost,25,Agent C
LEAD00040,CUST01446,Referral,2025-05-25,Converted,89,Agent D
LEAD00041,CUST00402,Website,2026-01-25,New,35,Agent C
LEAD00042,CUST01049,Website,2026-03-03,New,41,Agent D
LEAD00043,CUST00427,Referral,2025-11-08,Qualified,1,Agent B
LEAD00044,CUST01522,Advertisement,2025-01-13,New,31,Agent B
LEAD00045,CUST00060,Referral,2026-07-27,Contacted,36,Agent C
LEAD00046,CUST01654,Website,2026-05-08,New,72,Agent B
LEAD00047,CUST01859,Advertisement,2025-07-29,Contacted,12,Agent B
LEAD00048,CUST00047,Advertisement,2025-10-22,Qualified,93,Agent E
LEAD00049,CUST01261,Referral,2025-03-15,Qualified,13,Agent A
LEAD00050,CUST00159,Event,2026-07-13,Lost,66,Agent C
LEAD00051,CUST00721,Event,2025-08-14,Lost,1,Agent A
LEAD00052,CUST00673,Event,2025-09-13,Converted,82,Agent C
LEAD00053,CUST01040,Referral,2025-06-06,Converted,70,Agent C
LEAD00054,CUST01836,Email,2026-01-14,New,84,Agent C
LEAD00055,CUST00924,Advertisement,2026-08-17,New,94,Agent E
LEAD00056,CUST00797,Email,2026-05-25,Lost,84,Agent C
LEAD00057,CUST00186,Advertisement,2025-11-13,New,63,Agent B
LEAD00058,CUST01776,Website,2025-03-20,Contacted,84,Agent D
LEAD00059,CUST00630,Event,2026-05-30,Contacted,10,Agent E
LEAD00060,CUST00925,Advertisement,2025-06-03,Converted,65,Agent B
LEAD00061,CUST00185,Event,2026-06-27,New,99,Agent B
LEAD00062,CUST00578,Advertisement,2025-08-24,Lost,38,Agent D
LEAD00063,CUST01107,Social Media,2025-11-06,Qualified,98,Agent A
LEAD00064,CUST01802,Advertisement,2025-09-18,Contacted,51,Agent A
LEAD00065,CUST00658,Advertisement,2025-09-29,Converted,47,Agent E
LEAD00066,CUST01122,Event,2025-04-09,New,31,Agent C
LEAD00067,CUST01752,Email,2025-11-26,Converted,11,Agent C
LEAD00068,CUST00721,Event,2025-08-29,Lost,88,Agent A
LEAD00069,CUST00590,Referral,2026-05-21,Qualified,73,Agent E
LEAD00070,CUST00089,Event,2025-10-12,Contacted,41,Agent E
LEAD00071,CUST01816,Advertisement,2026-07-29,Qualified,97,Agent E
LEAD00072,CUST00222,Website,2025-06-26,Qualified,19,Agent B
LEAD00073,CUST00431,Referral,2025-07-15,Contacted,78,Agent B
LEAD00074,CUST00279,Social Media,2025-01-22,New,46,Agent D
LEAD00075,CUST01416,Social Media,2026-03-17,Contacted,63,Agent E
LEAD00076,CUST00730,Event,2025-02-13,Contacted,4,Agent C
LEAD00077,CUST01410,Social Media,2025-06-20,Lost,62,Agent E
LEAD00078,CUST01215,Event,2026-06-27,Contacted,68,Agent C
LEAD00079,CUST00031,Website,2025-12-31,New,98,Agent A
LEAD00080,CUST00616,Referral,2025-11-30,New,35,Agent D
LEAD00081,CUST00009,Email,2026-04-25,Contacted,8,Agent D
LEAD00082,CUST00132,Social Media,2026-04-05,Lost,7,Agent C
LEAD00083,CUST00947,Email,2026-06-13,New,15,Agent B
LEAD00084,CUST00530,Event,2026-02-01,New,30,Agent B
LEAD00085,CUST00179,Referral,2025-09-25,Qualified,84,Agent E
LEAD00086,CUST00818,Social Media,2025-03-19,Lost,20,Agent A
LEAD00087,CUST00904,Advertisement,2025-08-09,Qualified,15,Agent E
LEAD00088,CUST01985,Advertisement,2026-02-25,Qualified,4,Agent A
LEAD00089,CUST01324,Website,2025-06-01,New,39,Agent E
LEAD00090,CUST00786,Email,2026-02-04,Converted,61,Agent D
LEAD00091,CUST00947,Social Media,2025-03-21,Converted,29,Agent B
LEAD00092,CUST00179,Website,2025-02-06,Contacted,50,Agent D
LEAD00093,CUST00774,Event,2025-08-06,New,25,Agent D
LEAD00094,CUST01163,Website,2025-05-18,Lost,81,Agent E
LEAD00095,CUST00042,Referral,2026-06-04,Lost,3,Agent A
LEAD00096,CUST01840,Email,2025-08-14,Contacted,21,Agent B
LEAD00097,CUST01031,Email,2025-09-07,Converted,57,Agent B
LEAD00098,CUST01574,Social Media,2025-08-29,Converted,85,Agent B
LEAD00099,CUST00552,Email,2025-07-09,Lost,41,Agent D
LEAD00100,CUST01673,Advertisement,2026-07-01,New,7,Agent E
LEAD00101,CUST00734,Social Media,2026-03-17,New,56,Agent D
LEAD00102,CUST01857,Referral,2025-04-05,Qualified,28,Agent B
LEAD00103,CUST01045,Event,2025-05-09,Qualified,31,Agent D
LEAD00104,CUST01274,Website,2025-02-18,Qualified,93,Agent E
LEAD00105,CUST00408,Advertisement,2025-06-02,Contacted,95,Agent B
LEAD00106,CUST01990,Social Media,2026-01-27,Lost,26,Agent B
LEAD00107,CUST00386,Email,2026-07-12,Contacted,60,Agent C
LEAD00108,CUST00067,Email,2025-10-15,Lost,55,Agent A
LEAD00109,CUST00880,Social Media,2025-02-18,Contacted,97,Agent B
LEAD00110,CUST01670,Advertisement,2025-01-29,Qualified,95,Agent A
LEAD00111,CUST01843,Email,2025-09-05,Lost,36,Agent A
LEAD00112,CUST01715,Advertisement,2025-06-07,Lost,3,Agent B
LEAD00113,CUST01107,Website,2025-12-10,New,1,Agent A
LEAD00114,CUST01834,Social Media,2025-03-12,New,1,Agent B
LEAD00115,CUST00985,Advertisement,2025-05-18,Qualified,79,Agent E
LEAD00116,CUST00957,Email,2025-11-28,Contacted,74,Agent A
LEAD00117,CUST00362,Social Media,2025-06-17,Converted,83,Agent C
LEAD00118,CUST01576,Website,2025-08-06,Qualified,14,Agent B
LEAD00119,CUST00633,Referral,2025-05-13,Qualified,6,Agent C
LEAD00120,CUST00391,Event,2025-01-31,Converted,18,Agent A
LEAD00121,CUST00740,Event,2025-07-25,Contacted,63,Agent C
LEAD00122,CUST01207,Advertisement,2025-07-16,Converted,1,Agent A
LEAD00123,CUST00541,Website,2026-06-20,Contacted,67,Agent C
LEAD00124,CUST00718,Social Media,2026-06-17,Contacted,89,Agent D
LEAD00125,CUST00661,Referral,2025-09-15,Qualified,15,Agent C
LEAD00126,CUST01193,Advertisement,2025-06-21,New,74,Agent C
LEAD00127,CUST01429,Website,2025-09-07,Lost,56,Agent A
LEAD00128,CUST01352,Referral,2025-12-29,Converted,95,Agent D
LEAD00129,CUST00283,Referral,2025-08-19,Qualified,25,Agent A
LEAD00130,CUST00695,Website,2026-03-27,Qualified,23,Agent C
LEAD00131,CUST01297,Event,2026-07-29,New,2,Agent A
LEAD00132,CUST00433,Event,2025-08-29,Converted,71,Agent D
LEAD00133,CUST00139,Event,2025-03-11,Converted,87,Agent B
LEAD00134,CUST00644,Advertisement,2025-03-14,New,2,Agent E
LEAD00135,CUST01358,Social Media,2026-06-04,New,50,Agent B
LEAD00136,CUST01328,Referral,2025-09-05,Lost,73,Agent A
LEAD00137,CUST00260,Social Media,2025-07-14,Converted,79,Agent B
LEAD00138,CUST01354,Email,2026-01-05,Qualified,94,Agent C
LEAD00139,CUST00389,Event,2026-07-25,Qualified,73,Agent A
LEAD00140,CUST01483,Referral,2025-09-11,New,93,Agent B
LEAD00141,CUST01134,Email,2025-07-07,Lost,100,Agent A
LEAD00142,CUST00254,Email,2026-05-30,New,93,Agent A
LEAD00143,CUST00701,Referral,2025-02-19,Converted,44,Agent A
LEAD00144,CUST01638,Event,2026-05-19,Lost,41,Agent B
LEAD00145,CUST00866,Event,2025-11-06,Converted,43,Agent D
LEAD00146,CUST01377,Referral,2025-01-13,Lost,96,Agent C
LEAD00147,CUST01497,Website,2025-05-16,Lost,29,Agent B
LEAD00148,CUST00062,Email,2026-02-09,Qualified,76,Agent C
LEAD00149,CUST01863,Event,2026-03-25,Contacted,63,Agent B
LEAD00150,CUST00672,Email,2025-04-27,Converted,7,Agent E
LEAD00151,CUST01587,Social Media,2026-01-27,Converted,49,Agent C
LEAD00152,CUST00934,Event,2026-08-13,Qualified,20,Agent A
LEAD00153,CUST01154,Advertisement,2026-02-14,Contacted,73,Agent B
LEAD00154,CUST00722,Referral,2026-02-23,Qualified,45,Agent C
LEAD00155,CUST01707,Event,2025-04-26,Contacted,36,Agent D
LEAD00156,CUST00235,Website,2026-01-15,Contacted,7,Agent D
LEAD00157,CUST01793,Website,2026-02-27,Qualified,14,Agent D
LEAD00158,CUST00415,Advertisement,2025-03-07,Qualified,77,Agent B
LEAD00159,CUST01767,Website,2025-07-05,Qualified,87,Agent A
LEAD00160,CUST00050,Event,2026-06-11,Contacted,30,Agent B
LEAD00161,CUST00028,Event,2026-08-19,Contacted,83,Agent D
LEAD00162,CUST00187,Email,2025-04-14,Qualified,56,Agent B
LEAD00163,CUST01096,Event,2026-03-13,New,36,Agent A
LEAD00164,CUST00533,Email,2025-10-26,Contacted,46,Agent B
LEAD00165,CUST01196,Advertisement,2025-12-18,Lost,70,Agent A
LEAD00166,CUST01640,Email,2025-11-01,Contacted,91,Agent B
LEAD00167,CUST00055,Email,2026-06-01,Lost,50,Agent E
LEAD00168,CUST01054,Website,2025-09-23,Lost,35,Agent E
LEAD00169,CUST01479,Referral,2025-12-18,Lost,77,Agent C
LEAD00170,CUST00849,Social Media,2026-02-03,Lost,53,Agent A
LEAD00171,CUST01851,Event,2025-11-26,New,40,Agent D
LEAD00172,CUST01325,Email,2026-06-09,Lost,46,Agent C
LEAD00173,CUST00070,Email,2025-05-22,Lost,54,Agent B
LEAD00174,CUST01084,Website,2026-07-20,Contacted,15,Agent B
LEAD00175,CUST00768,Referral,2026-02-09,Lost,6,Agent C
LEAD00176,CUST00264,Website,2026-07-27,Contacted,67,Agent D
LEAD00177,CUST01901,Event,2025-08-12,Qualified,18,Agent B
LEAD00178,CUST00446,Event,2025-10-13,Qualified,54,Agent C
LEAD00179,CUST00167,Website,2025-01-26,Converted,79,Agent E
LEAD00180,CUST00446,Advertisement,2026-07-05,New,22,Agent A
LEAD00181,CUST01647,Referral,2026-05-02,Contacted,39,Agent A
LEAD00182,CUST01200,Event,2025-06-26,Contacted,98,Agent E
LEAD00183,CUST01640,Email,2025-01-31,Qualified,4,Agent D
LEAD00184,CUST00924,Website,2026-02-20,Converted,76,Agent A
LEAD00185,CUST00234,Advertisement,2026-02-05,New,17,Agent B
LEAD00186,CUST00776,Advertisement,2025-11-11,Converted,91,Agent A
LEAD00187,CUST00400,Advertisement,2025-04-04,New,42,Agent E
LEAD00188,CUST01114,Website,2026-07-02,New,1,Agent A
LEAD00189,CUST00539,Social Media,2025-09-15,Contacted,72,Agent E
LEAD00190,CUST01941,Referral,2026-03-08,Qualified,15,Agent A
LEAD00191,CUST00755,Social Media,2026-05-28,Contacted,37,Agent E
LEAD00192,CUST00629,Advertisement,2025-11-23,Converted,51,Agent D
LEAD00193,CUST01969,Email,2025-02-26,Contacted,75,Agent B
LEAD00194,CUST01041,Email,2026-06-14,Qualified,42,Agent B
LEAD00195,CUST00341,Social Media,2026-02-02,Contacted,86,Agent C
LEAD00196,CUST00961,Advertisement,2026-06-18,Qualified,49,Agent A
LEAD00197,CUST00510,Advertisement,2026-01-01,Qualified,35,Agent B
LEAD00198,CUST01434,Email,2026-06-25,Lost,34,Agent D
LEAD00199,CUST01148,Email,2026-06-02,Lost,81,Agent B
LEAD00200,CUST01461,Event,2025-05-09,Qualified,67,Agent D
LEAD00201,CUST01881,Website,2025-04-13,Qualified,13,Agent C
LEAD00202,CUST01459,Referral,2025-04-06,Contacted,76,Agent E
LEAD00203,CUST00682,Email,2026-04-22,New,42,Agent E
LEAD00204,CUST00404,Referral,2025-05-24,Qualified,35,Agent B
LEAD00205,CUST01059,Referral,2025-09-26,New,10,Agent A
LEAD00206,CUST00899,Advertisement,2026-04-15,Contacted,100,Agent A
LEAD00207,CUST00627,Social Media,2025-09-13,Contacted,6,Agent A
LEAD00208,CUST01623,Advertisement,2025-02-06,Lost,100,Agent A
LEAD00209,CUST01819,Referral,2025-08-04,Qualified,7,Agent B
LEAD00210,CUST00764,Social Media,2025-02-26,Converted,51,Agent D
LEAD00211,CUST01362,Social Media,2025-08-18,Contacted,11,Agent A
LEAD00212,CUST01969,Social Media,2026-03-16,Converted,50,Agent D
LEAD00213,CUST00024,Social Media,2025-11-06,Lost,84,Agent D
LEAD00214,CUST00730,Referral,2026-02-07,Qualified,60,Agent A
LEAD00215,CUST01476,Email,2025-03-05,Lost,55,Agent E
LEAD00216,CUST00996,Referral,2026-03-24,Lost,12,Agent A
LEAD00217,CUST01584,Social Media,2025-09-11,Contacted,95,Agent D
LEAD00218,CUST00950,Advertisement,2025-06-21,Contacted,38,Agent E
LEAD00219,CUST00129,Social Media,2026-01-24,Qualified,54,Agent C
LEAD00220,CUST00868,Website,2025-03-22,New,90,Agent B
LEAD00221,CUST00810,Website,2025-10-24,Lost,63,Agent B
LEAD00222,CUST01692,Social Media,2025-09-09,Contacted,74,Agent E
LEAD00223,CUST00295,Event,2025-04-09,Lost,19,Agent A
LEAD00224,CUST00311,Advertisement,2026-07-22,New,47,Agent D
LEAD00225,CUST00283,Website,2025-08-05,Contacted,55,Agent B
LEAD00226,CUST01136,Event,2025-01-25,Lost,18,Agent B
LEAD00227,CUST01992,Referral,2025-09-22,Qualified,39,Agent A
LEAD00228,CUST01238,Social Media,2026-07-31,Contacted,84,Agent B
LEAD00229,CUST01633,Social Media,2026-02-03,Converted,94,Agent A
LEAD00230,CUST01703,Referral,2026-01-15,New,83,Agent B
LEAD00231,CUST01202,Website,2026-06-21,Converted,94,Agent C
LEAD00232,CUST01219,Website,2025-02-20,Qualified,100,Agent A
LEAD00233,CUST00487,Event,2025-11-25,Converted,20,Agent E
LEAD00234,CUST01921,Referral,2025-07-11,Converted,86,Agent E
LEAD00235,CUST01576,Referral,2026-02-08,Lost,63,Agent B
LEAD00236,CUST01745,Website,2026-05-24,Qualified,86,Agent D
LEAD00237,CUST01968,Website,2025-02-16,Contacted,64,Agent A
LEAD00238,CUST00698,Website,2025-04-05,Converted,13,Agent B
LEAD00239,CUST00288,Social Media,2026-07-23,Qualified,57,Agent E
LEAD00240,CUST01720,Website,2025-10-21,Contacted,77,Agent A
LEAD00241,CUST00946,Referral,2025-07-07,Converted,13,Agent B
LEAD00242,CUST01917,Referral,2025-04-01,Qualified,51,Agent B
LEAD00243,CUST01389,Referral,2025-07-31,New,66,Agent E
LEAD00244,CUST00515,Website,2025-01-03,Qualified,47,Agent D
LEAD00245,CUST00710,Website,2025-05-13,Qualified,80,Agent E
LEAD00246,CUST01221,Advertisement,2025-04-20,New,13,Agent B
LEAD00247,CUST00789,Email,2025-02-20,Lost,35,Agent E
LEAD00248,CUST00564,Website,2026-08-01,Qualified,96,Agent A
LEAD00249,CUST00420,Referral,2026-04-16,Converted,52,Agent A
LEAD00250,CUST01300,Social Media,2026-07-15,Lost,19,Agent B
LEAD00251,CUST00071,Advertisement,2025-05-24,Converted,12,Agent C
LEAD00252,CUST00188,Advertisement,2025-06-21,Qualified,60,Agent C
LEAD00253,CUST00086,Email,2025-06-18,New,94,Agent A
LEAD00254,CUST01469,Website,2025-11-29,Contacted,5,Agent A
LEAD00255,CUST00059,Social Media,2025-04-19,New,11,Agent A
LEAD00256,CUST00840,Social Media,2025-05-21,New,38,Agent A
LEAD00257,CUST00243,Event,2026-08-05,Contacted,21,Agent E
LEAD00258,CUST01175,Advertisement,2025-07-29,Qualified,13,Agent D
LEAD00259,CUST00069,Referral,2026-04-11,Converted,30,Agent B
LEAD00260,CUST00052,Event,2025-05-17,Contacted,65,Agent E
LEAD00261,CUST00823,Referral,2026-07-09,Contacted,83,Agent C
LEAD00262,CUST01391,Referral,2026-02-18,New,31,Agent B
LEAD00263,CUST00220,Referral,2026-05-29,Lost,71,Agent A
LEAD00264,CUST00992,Email,2025-11-04,New,83,Agent D
LEAD00265,CUST01621,Social Media,2026-06-25,Contacted,1,Agent D
LEAD00266,CUST01251,Email,2025-08-05,Converted,86,Agent E
LEAD00267,CUST01501,Email,2025-10-13,Converted,19,Agent C
LEAD00268,CUST00632,Social Media,2025-02-06,Qualified,69,Agent D
LEAD00269,CUST01885,Advertisement,2025-04-12,Qualified,76,Agent C
LEAD00270,CUST00292,Website,2026-04-05,Converted,85,Agent A
LEAD00271,CUST01211,Advertisement,2025-07-14,Lost,41,Agent A
LEAD00272,CUST00871,Website,2025-03-02,New,66,Agent E
LEAD00273,CUST00064,Social Media,2025-06-24,Qualified,3,Agent E
LEAD00274,CUST01888,Email,2025-07-30,Qualified,45,Agent D
LEAD00275,CUST01405,Email,2026-03-04,New,97,Agent B
LEAD00276,CUST00456,Referral,2025-02-23,Contacted,16,Agent B
LEAD00277,CUST00105,Advertisement,2025-01-16,Contacted,16,Agent E
LEAD00278,CUST01352,Website,2026-03-08,Converted,71,Agent C
LEAD00279,CUST01091,Email,2025-03-26,Qualified,52,Agent C
LEAD00280,CUST00100,Event,2025-09-08,Lost,46,Agent D
LEAD00281,CUST01973,Referral,2026-02-11,New,25,Agent E
LEAD00282,CUST01437,Advertisement,2025-11-03,New,18,Agent A
LEAD00283,CUST00926,Email,2025-03-15,Qualified,74,Agent B
LEAD00284,CUST00477,Website,2026-03-07,New,36,Agent A
LEAD00285,CUST00543,Website,2025-01-29,Converted,78,Agent A
LEAD00286,CUST00904,Website,2025-05-19,Qualified,45,Agent B
LEAD00287,CUST00115,Social Media,2025-03-07,Converted,40,Agent E
LEAD00288,CUST00736,Social Media,2025-11-02,New,24,Agent E
LEAD00289,CUST00435,Email,2026-02-16,New,66,Agent D
LEAD00290,CUST00226,Email,2026-01-23,Contacted,29,Agent E
LEAD00291,CUST00252,Website,2025-03-25,Contacted,91,Agent A
LEAD00292,CUST00692,Social Media,2025-07-24,Contacted,41,Agent C
LEAD00293,CUST00766,Email,2025-03-29,Qualified,82,Agent C
LEAD00294,CUST00701,Advertisement,2025-07-24,Lost,47,Agent A
LEAD00295,CUST01380,Referral,2025-05-18,Converted,42,Agent C
LEAD00296,CUST01045,Website,2026-03-18,Qualified,46,Agent C
LEAD00297,CUST00386,Website,2026-03-24,Contacted,45,Agent E
LEAD00298,CUST01945,Social Media,2026-05-03,New,48,Agent A
LEAD00299,CUST01461,Social Media,2025-04-30,Qualified,89,Agent C
LEAD00300,CUST00941,Social Media,2025-01-09,Qualified,71,Agent E
LEAD00301,CUST00099,Website,2025-01-22,Converted,4,Agent E
LEAD00302,CUST01829,Social Media,2026-05-18,Qualified,6,Agent D
LEAD00303,CUST01490,Referral,2026-06-24,Qualified,3,Agent A
LEAD00304,CUST00924,Social Media,2025-05-07,Qualified,70,Agent A
LEAD00305,CUST00324,Website,2026-06-07,Contacted,21,Agent C
LEAD00306,CUST00216,Email,2025-11-12,Converted,39,Agent C
LEAD00307,CUST00580,Social Media,2025-04-21,Qualified,83,Agent E
LEAD00308,CUST00461,Referral,2025-07-06,Contacted,14,Agent A
LEAD00309,CUST00419,Advertisement,2025-06-08,Contacted,16,Agent C
LEAD00310,CUST00816,Email,2026-04-01,Lost,8,Agent E
LEAD00311,CUST00094,Website,2025-04-23,Qualified,29,Agent D
LEAD00312,CUST00651,Website,2025-04-20,New,9,Agent C
LEAD00313,CUST01743,Website,2026-03-05,Qualified,63,Agent B
LEAD00314,CUST01732,Event,2025-06-30,Qualified,74,Agent E
LEAD00315,CUST00017,Social Media,2025-05-30,New,19,Agent A
LEAD00316,CUST01358,Social Media,2026-04-27,Converted,53,Agent C
LEAD00317,CUST01983,Event,2026-07-10,Converted,31,Agent C
LEAD00318,CUST01157,Event,2025-11-27,Contacted,9,Agent B
LEAD00319,CUST00781,Website,2026-05-09,Lost,47,Agent A
LEAD00320,CUST00983,Website,2026-05-17,Lost,70,Agent C
LEAD00321,CUST00427,Email,2025-12-17,Contacted,23,Agent C
LEAD00322,CUST00795,Advertisement,2026-05-10,Qualified,79,Agent B
LEAD00323,CUST01874,Advertisement,2025-01-06,New,100,Agent E
LEAD00324,CUST01225,Advertisement,2025-01-22,Contacted,6,Agent D
LEAD00325,CUST00862,Social Media,2026-06-11,Converted,17,Agent B
LEAD00326,CUST00250,Email,2025-03-25,Qualified,29,Agent E
LEAD00327,CUST01813,Advertisement,2026-03-10,Lost,85,Agent C
LEAD00328,CUST00326,Advertisement,2025-09-08,Lost,15,Agent A
LEAD00329,CUST01444,Website,2026-04-15,New,48,Agent A
LEAD00330,CUST00607,Website,2026-02-01,Qualified,54,Agent E
LEAD00331,CUST00558,Social Media,2025-02-12,Converted,13,Agent B
LEAD00332,CUST00343,Event,2025-07-20,Converted,5,Agent B
LEAD00333,CUST00751,Advertisement,2026-02-27,Lost,12,Agent A
LEAD00334,CUST01355,Referral,2026-07-04,New,6,Agent E
LEAD00335,CUST00834,Email,2026-04-25,New,51,Agent A
LEAD00336,CUST00050,Advertisement,2026-06-16,Qualified,94,Agent C
LEAD00337,CUST00529,Advertisement,2026-07-25,Converted,36,Agent E
LEAD00338,CUST00321,Referral,2026-06-17,Contacted,26,Agent E
LEAD00339,CUST00804,Referral,2025-12-12,Lost,24,Agent A
LEAD00340,CUST01806,Referral,2025-07-20,New,99,Agent A
LEAD00341,CUST01926,Email,2025-10-30,Lost,96,Agent D
LEAD00342,CUST01996,Email,2026-04-20,Lost,65,Agent D
LEAD00343,CUST00226,Social Media,2025-09-11,Lost,47,Agent A
LEAD00344,CUST00976,Website,2026-05-11,Qualified,16,Agent C
LEAD00345,CUST00092,Event,2026-02-22,Converted,93,Agent E
LEAD00346,CUST00991,Email,2025-05-05,Contacted,1,Agent A
LEAD00347,CUST01154,Social Media,2026-07-03,Converted,17,Agent A
LEAD00348,CUST01547,Referral,2026-05-20,Qualified,68,Agent E
LEAD00349,CUST00673,Event,2025-12-24,Contacted,19,Agent B
LEAD00350,CUST00073,Event,2025-04-26,New,11,Agent D
LEAD00351,CUST00909,Event,2025-05-16,Contacted,60,Agent E
LEAD00352,CUST00855,Advertisement,2026-05-16,Converted,3,Agent A
LEAD00353,CUST01249,Referral,2025-01-11,Lost,27,Agent D
LEAD00354,CUST00200,Event,2025-10-16,Qualified,65,Agent B
LEAD00355,CUST01227,Advertisement,2026-01-04,Qualified,19,Agent B
LEAD00356,CUST00802,Referral,2025-05-19,New,76,Agent B
LEAD00357,CUST01479,Referral,2026-05-31,Qualified,10,Agent A
LEAD00358,CUST01968,Website,2025-11-08,Qualified,62,Agent E
LEAD00359,CUST00456,Social Media,2025-02-09,Qualified,8,Agent C
LEAD00360,CUST01508,Website,2025-07-10,Lost,74,Agent E
LEAD00361,CUST00256,Email,2025-08-25,Qualified,76,Agent E
LEAD00362,CUST01971,Website,2025-05-13,New,80,Agent B
LEAD00363,CUST00962,Email,2026-07-15,Contacted,29,Agent D
LEAD00364,CUST01493,Event,2025-08-03,Lost,24,Agent D
LEAD00365,CUST01556,Advertisement,2025-10-26,Qualified,98,Agent C
LEAD00366,CUST01217,Social Media,2025-11-16,New,73,Agent B
LEAD00367,CUST00769,Social Media,2025-05-12,Qualified,19,Agent C
LEAD00368,CUST01509,Referral,2025-12-05,Contacted,3,Agent A
LEAD00369,CUST00953,Event,2025-07-30,Lost,36,Agent E
LEAD00370,CUST01319,Referral,2025-01-07,New,67,Agent A
LEAD00371,CUST01227,Website,2025-09-01,Lost,38,Agent E
LEAD00372,CUST00929,Advertisement,2025-12-14,Lost,81,Agent B
LEAD00373,CUST00235,Email,2025-03-11,Qualified,51,Agent C
LEAD00374,CUST00586,Website,2026-04-10,New,100,Agent A
LEAD00375,CUST01876,Event,2026-01-29,Qualified,88,Agent D
LEAD00376,CUST01041,Referral,2025-07-04,Contacted,48,Agent B
LEAD00377,CUST01273,Referral,2025-12-19,Lost,84,Agent B
LEAD00378,CUST00517,Social Media,2025-06-30,New,45,Agent D
LEAD00379,CUST01412,Email,2026-01-22,New,1,Agent E
LEAD00380,CUST00974,Website,2025-04-02,Contacted,31,Agent B
LEAD00381,CUST00438,Social Media,2025-12-31,Contacted,41,Agent A
LEAD00382,CUST00293,Advertisement,2025-02-02,New,98,Agent A
LEAD00383,CUST00791,Social Media,2025-01-10,Converted,83,Agent A
LEAD00384,CUST01131,Website,2025-06-01,Lost,15,Agent C
LEAD00385,CUST00561,Social Media,2025-04-14,Contacted,1,Agent E
LEAD00386,CUST00491,Email,2025-10-20,Lost,53,Agent E
LEAD00387,CUST00540,Advertisement,2025-04-09,Contacted,54,Agent E
LEAD00388,CUST00588,Event,2025-05-26,New,74,Agent A
LEAD00389,CUST01479,Website,2025-02-28,Converted,26,Agent C
LEAD00390,CUST00999,Email,2026-06-13,Lost,82,Agent D
LEAD00391,CUST00939,Email,2026-03-15,New,42,Agent E
LEAD00392,CUST00326,Event,2025-05-10,Qualified,34,Agent D
LEAD00393,CUST01090,Advertisement,2025-03-13,Contacted,43,Agent D
LEAD00394,CUST01925,Email,2026-05-22,Qualified,95,Agent E
LEAD00395,CUST01492,Referral,2026-02-03,New,40,Agent C
LEAD00396,CUST00894,Social Media,2026-06-12,Qualified,57,Agent D
LEAD00397,CUST00614,Event,2025-04-17,Lost,90,Agent E
LEAD00398,CUST00705,Social Media,2025-08-02,New,2,Agent D
LEAD00399,CUST00054,Event,2025-03-12,Lost,54,Agent D
LEAD00400,CUST00059,Email,2025-09-10,Lost,71,Agent E
LEAD00401,CUST01553,Website,2025-04-07,Qualified,91,Agent B
LEAD00402,CUST01687,Event,2025-01-03,Contacted,7,Agent B
LEAD00403,CUST01938,Website,2025-10-31,Contacted,73,Agent C
LEAD00404,CUST01252,Event,2026-08-07,New,81,Agent C
LEAD00405,CUST01859,Social Media,2026-01-20,Qualified,36,Agent A
LEAD00406,CUST00833,Referral,2026-03-28,Qualified,75,Agent E
LEAD00407,CUST00509,Advertisement,2026-04-29,Contacted,50,Agent D
LEAD00408,CUST00492,Referral,2026-08-03,Converted,66,Agent E
LEAD00409,CUST00474,Website,2025-03-18,Converted,39,Agent B
LEAD00410,CUST01491,Social Media,2025-05-30,New,18,Agent C
LEAD00411,CUST00020,Email,2026-01-03,New,83,Agent B
LEAD00412,CUST01891,Website,2026-05-05,Qualified,22,Agent B
LEAD00413,CUST01550,Social Media,2026-04-07,Qualified,19,Agent B
LEAD00414,CUST00762,Social Media,2026-03-10,Contacted,89,Agent A
LEAD00415,CUST01404,Advertisement,2025-07-06,New,94,Agent E
LEAD00416,CUST00270,Website,2025-08-06,New,61,Agent D
LEAD00417,CUST00863,Website,2025-02-17,Lost,59,Agent C
LEAD00418,CUST00219,Event,2025-07-07,Lost,37,Agent E
LEAD00419,CUST00225,Referral,2025-04-03,Converted,62,Agent C
LEAD00420,CUST00013,Email,2026-07-14,Converted,61,Agent E
LEAD00421,CUST01592,Referral,2025-02-24,Contacted,52,Agent D
LEAD00422,CUST01488,Event,2025-08-05,Lost,66,Agent B
LEAD00423,CUST01786,Website,2026-06-13,Contacted,56,Agent A
LEAD00424,CUST01963,Email,2026-07-24,Lost,88,Agent A
LEAD00425,CUST01930,Event,2025-08-13,New,67,Agent B
LEAD00426,CUST01986,Website,2025-10-05,Qualified,39,Agent B
LEAD00427,CUST00032,Referral,2025-11-08,Contacted,66,Agent E
LEAD00428,CUST01569,Website,2026-05-06,Qualified,24,Agent B
LEAD00429,CUST01447,Website,2026-04-04,Contacted,22,Agent E
LEAD00430,CUST00325,Email,2025-11-09,Contacted,83,Agent D
LEAD00431,CUST00274,Social Media,2025-08-10,Qualified,59,Agent A
LEAD00432,CUST01956,Email,2025-08-10,New,6,Agent C
LEAD00433,CUST01766,Referral,2026-01-22,Lost,36,Agent E
LEAD00434,CUST00656,Email,2026-05-13,New,99,Agent C
LEAD00435,CUST00150,Event,2025-02-15,Qualified,64,Agent D
LEAD00436,CUST00668,Event,2026-04-04,Contacted,87,Agent C
LEAD00437,CUST00011,Email,2025-10-14,New,55,Agent B
LEAD00438,CUST01375,Email,2025-03-28,Lost,5,Agent E
LEAD00439,CUST00761,Email,2025-02-27,Converted,18,Agent C
LEAD00440,CUST00099,Email,2025-07-20,Contacted,10,Agent D
LEAD00441,CUST01960,Social Media,2025-05-28,Contacted,74,Agent B
LEAD00442,CUST01652,Email,2025-03-04,Qualified,76,Agent E
LEAD00443,CUST01810,Advertisement,2025-06-24,New,46,Agent E
LEAD00444,CUST01995,Email,2026-05-12,Contacted,73,Agent C
LEAD00445,CUST00029,Event,2026-03-04,Converted,56,Agent B
LEAD00446,CUST01551,Website,2025-05-05,Contacted,74,Agent B
LEAD00447,CUST01576,Social Media,2026-02-06,Qualified,68,Agent C
LEAD00448,CUST01564,Website,2025-09-27,Contacted,46,Agent A
LEAD00449,CUST00531,Website,2026-03-22,Qualified,66,Agent B
LEAD00450,CUST00781,Social Media,2025-05-28,Lost,32,Agent B
LEAD00451,CUST01859,Social Media,2025-02-06,Converted,75,Agent D
LEAD00452,CUST00132,Event,2025-07-06,Converted,92,Agent A
LEAD00453,CUST01283,Advertisement,2026-08-16,Converted,21,Agent A
LEAD00454,CUST01586,Email,2025-11-28,Lost,67,Agent A
LEAD00455,CUST01597,Social Media,2025-02-02,Contacted,12,Agent E
LEAD00456,CUST01195,Social Media,2026-08-05,Contacted,38,Agent C
LEAD00457,CUST01534,Email,2026-05-08,Lost,67,Agent A
LEAD00458,CUST01819,Referral,2025-11-21,Converted,28,Agent B
LEAD00459,CUST01532,Advertisement,2026-03-18,Converted,24,Agent C
LEAD00460,CUST00232,Email,2025-04-21,Qualified,39,Agent E
LEAD00461,CUST00490,Email,2025-12-19,Contacted,12,Agent D
LEAD00462,CUST00611,Referral,2026-06-29,New,63,Agent B
LEAD00463,CUST00687,Event,2025-09-19,Contacted,14,Agent D
LEAD00464,CUST00722,Email,2025-01-24,New,34,Agent B
LEAD00465,CUST00440,Website,2026-03-28,Lost,32,Agent D
LEAD00466,CUST01367,Referral,2026-03-12,Qualified,97,Agent A
LEAD00467,CUST00221,Event,2026-03-17,New,100,Agent E
LEAD00468,CUST01576,Social Media,2026-01-22,Converted,8,Agent E
LEAD00469,CUST01318,Email,2025-03-23,Converted,16,Agent B
LEAD00470,CUST01923,Social Media,2025-03-10,Lost,74,Agent C
LEAD00471,CUST00014,Advertisement,2026-04-18,Converted,30,Agent B
LEAD00472,CUST00591,Referral,2026-05-25,Lost,65,Agent B
LEAD00473,CUST01797,Social Media,2025-02-16,New,93,Agent C
LEAD00474,CUST00988,Website,2025-12-13,Lost,17,Agent C
LEAD00475,CUST01122,Referral,2025-10-26,New,97,Agent A
LEAD00476,CUST00058,Referral,2025-07-28,New,6,Agent D
LEAD00477,CUST01525,Email,2026-01-20,Contacted,23,Agent A
LEAD00478,CUST00506,Social Media,2026-06-29,New,51,Agent B
LEAD00479,CUST01927,Referral,2026-05-05,New,89,Agent D
LEAD00480,CUST00749,Referral,2025-04-02,Contacted,56,Agent D
LEAD00481,CUST00378,Event,2025-10-04,New,14,Agent A
LEAD00482,CUST01188,Email,2026-07-12,New,25,Agent D
LEAD00483,CUST00955,Advertisement,2025-05-22,Qualified,77,Agent C
LEAD00484,CUST00942,Website,2026-05-25,Converted,57,Agent D
LEAD00485,CUST01900,Advertisement,2025-10-20,Qualified,2,Agent B
LEAD00486,CUST00729,Social Media,2025-11-07,Converted,51,Agent E
LEAD00487,CUST00796,Email,2025-05-30,Contacted,41,Agent C
LEAD00488,CUST01249,Website,2026-07-02,Converted,1,Agent A
LEAD00489,CUST00341,Event,2025-11-12,Qualified,25,Agent D
LEAD00490,CUST01658,Advertisement,2025-12-09,Lost,94,Agent D
LEAD00491,CUST00460,Website,2025-10-03,Qualified,71,Agent E
LEAD00492,CUST00484,Email,2025-02-23,New,8,Agent C
LEAD00493,CUST00022,Website,2026-04-11,Converted,2,Agent E
LEAD00494,CUST00686,Advertisement,2025-07-15,Contacted,35,Agent E
LEAD00495,CUST01166,Email,2025-05-24,Contacted,47,Agent D
LEAD00496,CUST01410,Advertisement,2026-04-12,Converted,46,Agent E
LEAD00497,CUST01798,Advertisement,2025-04-30,Qualified,70,Agent A
LEAD00498,CUST01556,Referral,2026-02-11,Contacted,18,Agent C
LEAD00499,CUST00643,Social Media,2025-10-10,Lost,5,Agent A
LEAD00500,CUST01651,Email,2026-04-22,Contacted,68,Agent C
LEAD00501,CUST00390,Referral,2025-01-31,Contacted,90,Agent E
LEAD00502,CUST00419,Referral,2026-04-07,Contacted,17,Agent E
LEAD00503,CUST00717,Website,2025-05-17,New,37,Agent A
LEAD00504,CUST01079,Advertisement,2026-06-03,Contacted,63,Agent B
LEAD00505,CUST00407,Referral,2025-07-30,New,17,Agent C
LEAD00506,CUST01801,Social Media,2025-01-05,Contacted,86,Agent A
LEAD00507,CUST00541,Social Media,2025-10-18,New,23,Agent B
LEAD00508,CUST00784,Social Media,2025-02-02,Lost,54,Agent C
LEAD00509,CUST01210,Email,2025-06-10,Lost,34,Agent D
LEAD00510,CUST00860,Advertisement,2026-03-04,Lost,67,Agent A
LEAD00511,CUST00808,Event,2025-12-01,Contacted,20,Agent C
LEAD00512,CUST01970,Advertisement,2026-02-27,Converted,10,Agent E
LEAD00513,CUST00872,Website,2026-06-08,Qualified,52,Agent C
LEAD00514,CUST00227,Advertisement,2025-10-06,Qualified,87,Agent E
LEAD00515,CUST01461,Website,2025-11-21,New,64,Agent E
LEAD00516,CUST01412,Website,2025-02-04,Contacted,76,Agent B
LEAD00517,CUST00438,Website,2025-06-20,Qualified,44,Agent E
LEAD00518,CUST01701,Referral,2026-03-08,Lost,15,Agent B
LEAD00519,CUST00784,Advertisement,2025-02-06,Qualified,43,Agent C
LEAD00520,CUST00302,Referral,2025-08-03,Qualified,99,Agent B
LEAD00521,CUST00345,Email,2025-03-23,Qualified,79,Agent A
LEAD00522,CUST01429,Social Media,2026-05-26,Contacted,71,Agent C
LEAD00523,CUST00433,Website,2025-12-01,Converted,31,Agent E
LEAD00524,CUST00940,Social Media,2026-01-20,New,60,Agent E
LEAD00525,CUST01469,Referral,2026-02-12,Qualified,63,Agent E
LEAD00526,CUST01706,Referral,2025-05-14,Converted,66,Agent A
LEAD00527,CUST00980,Event,2025-01-30,Lost,90,Agent E
LEAD00528,CUST01815,Email,2025-08-26,Qualified,69,Agent D
LEAD00529,CUST00606,Event,2025-04-21,Qualified,23,Agent E
LEAD00530,CUST01745,Referral,2025-07-11,Lost,23,Agent B
LEAD00531,CUST00501,Email,2025-07-10,Contacted,62,Agent A
LEAD00532,CUST00129,Email,2026-04-12,Lost,87,Agent E
LEAD00533,CUST01451,Referral,2025-07-10,New,95,Agent C
LEAD00534,CUST01514,Advertisement,2025-04-01,Lost,61,Agent E
LEAD00535,CUST01853,Advertisement,2026-07-26,Converted,53,Agent C
LEAD00536,CUST01844,Event,2025-01-30,Contacted,82,Agent C
LEAD00537,CUST00205,Referral,2025-05-02,Contacted,98,Agent D
LEAD00538,CUST01243,Social Media,2025-07-26,New,3,Agent E
LEAD00539,CUST01409,Social Media,2025-02-07,New,32,Agent C
LEAD00540,CUST01202,Referral,2026-06-21,Converted,34,Agent C
LEAD00541,CUST00038,Referral,2025-07-30,Contacted,57,Agent A
LEAD00542,CUST00091,Website,2026-04-12,Converted,30,Agent E
LEAD00543,CUST01342,Website,2025-03-22,Qualified,32,Agent A
LEAD00544,CUST01713,Email,2025-11-07,Converted,3,Agent D
LEAD00545,CUST00359,Website,2025-03-17,Converted,1,Agent D
LEAD00546,CUST00093,Social Media,2025-05-19,Contacted,45,Agent C
LEAD00547,CUST00809,Social Media,2025-08-31,Converted,100,Agent C
LEAD00548,CUST00628,Website,2026-05-30,New,30,Agent B
LEAD00549,CUST01966,Email,2025-07-02,Lost,25,Agent C
LEAD00550,CUST01852,Advertisement,2026-03-26,Contacted,27,Agent E
LEAD00551,CUST01117,Event,2025-02-24,Contacted,98,Agent A
LEAD00552,CUST01900,Email,2025-05-30,Qualified,67,Agent E
LEAD00553,CUST00458,Referral,2025-12-27,Lost,66,Agent D
LEAD00554,CUST01984,Advertisement,2025-10-07,Lost,19,Agent A
LEAD00555,CUST00894,Email,2025-10-27,New,91,Agent A
LEAD00556,CUST00953,Social Media,2026-02-09,Qualified,20,Agent B
LEAD00557,CUST00102,Email,2025-02-15,Contacted,97,Agent D
LEAD00558,CUST00355,Advertisement,2026-02-19,Qualified,96,Agent A
LEAD00559,CUST00389,Event,2026-05-30,Converted,57,Agent B
LEAD00560,CUST00976,Referral,2026-04-02,Contacted,87,Agent B
LEAD00561,CUST00380,Referral,2025-06-19,Lost,100,Agent B
LEAD00562,CUST00205,Referral,2025-07-29,Lost,59,Agent A
LEAD00563,CUST01211,Referral,2026-07-27,Contacted,77,Agent E
LEAD00564,CUST01746,Advertisement,2026-04-16,Qualified,60,Agent A
LEAD00565,CUST00140,Referral,2026-07-10,Contacted,53,Agent A
LEAD00566,CUST01122,Advertisement,2025-09-16,New,34,Agent B
LEAD00567,CUST01921,Referral,2025-03-19,Lost,66,Agent A
LEAD00568,CUST00810,Social Media,2025-05-17,Converted,27,Agent B
LEAD00569,CUST00366,Event,2025-06-25,Contacted,20,Agent E
LEAD00570,CUST00160,Website,2026-05-13,Qualified,28,Agent A
LEAD00571,CUST01873,Referral,2025-06-14,Contacted,2,Agent A
LEAD00572,CUST00811,Referral,2026-05-23,New,94,Agent D
LEAD00573,CUST00211,Website,2025-04-08,Contacted,26,Agent E
LEAD00574,CUST01733,Email,2026-01-31,New,80,Agent A
LEAD00575,CUST01605,Event,2025-11-25,Converted,44,Agent D
LEAD00576,CUST01407,Advertisement,2026-08-10,Converted,34,Agent D
LEAD00577,CUST00169,Advertisement,2025-10-19,Qualified,23,Agent B
LEAD00578,CUST00165,Social Media,2025-11-07,New,83,Agent C
LEAD00579,CUST00438,Email,2026-05-22,Lost,52,Agent D
LEAD00580,CUST00320,Website,2026-08-15,New,45,Agent D
LEAD00581,CUST01064,Social Media,2026-03-11,Qualified,66,Agent A
LEAD00582,CUST00785,Event,2026-02-21,New,81,Agent A
LEAD00583,CUST01531,Social Media,2026-06-07,Qualified,66,Agent E
LEAD00584,CUST00203,Email,2026-08-07,Contacted,47,Agent C
LEAD00585,CUST01456,Advertisement,2026-03-14,New,90,Agent C
LEAD00586,CUST01869,Social Media,2025-06-24,Converted,90,Agent B
LEAD00587,CUST00262,Referral,2026-01-18,Converted,97,Agent C
LEAD00588,CUST01305,Event,2025-05-21,Contacted,10,Agent A
LEAD00589,CUST01019,Advertisement,2025-10-26,New,90,Agent B
LEAD00590,CUST00190,Advertisement,2025-09-22,Contacted,20,Agent B
LEAD00591,CUST00586,Email,2026-08-12,Contacted,63,Agent E
LEAD00592,CUST01577,Referral,2025-11-27,Qualified,66,Agent A
LEAD00593,CUST01739,Referral,2026-07-26,Lost,21,Agent A
LEAD00594,CUST00737,Event,2026-04-27,Converted,1,Agent C
LEAD00595,CUST00214,Social Media,2026-05-21,Lost,95,Agent B
LEAD00596,CUST00490,Event,2025-04-11,Qualified,90,Agent B
LEAD00597,CUST01687,Advertisement,2026-04-08,Converted,18,Agent E
LEAD00598,CUST01140,Event,2025-05-30,Converted,61,Agent E
LEAD00599,CUST00861,Social Media,2025-12-11,Contacted,16,Agent A
LEAD00600,CUST00027,Advertisement,2025-10-17,Contacted,57,Agent E
LEAD00601,CUST01566,Social Media,2025-06-04,Lost,32,Agent B
LEAD00602,CUST00931,Event,2026-08-10,Lost,76,Agent C
LEAD00603,CUST01091,Website,2026-06-06,Converted,58,Agent D
LEAD00604,CUST01688,Event,2025-12-09,Converted,50,Agent C
LEAD00605,CUST01125,Social Media,2025-01-07,New,69,Agent D
LEAD00606,CUST01857,Website,2025-04-20,Lost,48,Agent B
LEAD00607,CUST01120,Referral,2025-05-16,Qualified,2,Agent E
LEAD00608,CUST00686,Email,2026-08-03,Qualified,60,Agent B
LEAD00609,CUST01846,Referral,2025-08-29,New,78,Agent A
LEAD00610,CUST01285,Website,2025-01-28,New,50,Agent E
LEAD00611,CUST01521,Website,2025-12-16,Contacted,18,Agent E
LEAD00612,CUST00454,Website,2026-07-21,Converted,1,Agent A
LEAD00613,CUST01343,Social Media,2025-12-01,Lost,30,Agent D
LEAD00614,CUST01121,Social Media,2025-09-22,Qualified,77,Agent B
LEAD00615,CUST00211,Event,2025-04-15,Converted,33,Agent C
LEAD00616,CUST00509,Event,2026-06-08,Contacted,96,Agent B
LEAD00617,CUST01824,Event,2025-03-04,New,34,Agent C
LEAD00618,CUST01143,Advertisement,2026-07-11,Qualified,43,Agent E
LEAD00619,CUST01549,Referral,2025-05-13,New,77,Agent C
LEAD00620,CUST00344,Email,2025-03-24,Contacted,62,Agent C
LEAD00621,CUST00436,Website,2025-07-27,Converted,5,Agent A
LEAD00622,CUST01883,Advertisement,2025-01-03,New,8,Agent D
LEAD00623,CUST00841,Social Media,2025-01-09,New,20,Agent A
LEAD00624,CUST01774,Social Media,2025-04-22,Lost,88,Agent E
LEAD00625,CUST01617,Website,2026-02-17,New,3,Agent C
LEAD00626,CUST00674,Event,2026-05-01,Qualified,8,Agent C
LEAD00627,CUST01900,Social Media,2025-05-28,Qualified,78,Agent E
LEAD00628,CUST01554,Advertisement,2026-01-20,Contacted,63,Agent B
LEAD00629,CUST00256,Referral,2025-07-29,Lost,99,Agent B
LEAD00630,CUST00192,Social Media,2025-09-16,Converted,22,Agent E
LEAD00631,CUST00254,Advertisement,2025-07-19,Lost,66,Agent A
LEAD00632,CUST01481,Email,2026-06-16,Converted,14,Agent C
LEAD00633,CUST00287,Email,2025-11-02,Qualified,60,Agent C
LEAD00634,CUST00565,Event,2025-10-29,Qualified,11,Agent D
LEAD00635,CUST00869,Advertisement,2026-05-28,New,91,Agent B
LEAD00636,CUST00272,Referral,2026-01-27,Converted,42,Agent B
LEAD00637,CUST00661,Email,2025-03-31,Qualified,26,Agent D
LEAD00638,CUST01357,Event,2025-04-23,New,99,Agent C
LEAD00639,CUST01945,Social Media,2025-07-23,Lost,7,Agent E
LEAD00640,CUST00940,Referral,2025-02-28,Contacted,80,Agent E
LEAD00641,CUST01494,Event,2026-02-17,New,51,Agent D
LEAD00642,CUST01061,Website,2025-10-23,Contacted,69,Agent A
LEAD00643,CUST00933,Email,2025-01-27,Lost,27,Agent B
LEAD00644,CUST01042,Referral,2025-08-27,Lost,89,Agent D
LEAD00645,CUST01918,Social Media,2026-05-10,Contacted,46,Agent C
LEAD00646,CUST00119,Referral,2026-06-25,Lost,42,Agent E
LEAD00647,CUST01027,Social Media,2026-07-28,Contacted,46,Agent D
LEAD00648,CUST00103,Social Media,2026-07-04,Qualified,30,Agent C
LEAD00649,CUST01751,Referral,2025-12-29,Lost,32,Agent D
LEAD00650,CUST01203,Advertisement,2026-07-07,Qualified,15,Agent E
LEAD00651,CUST00095,Email,2026-07-25,Qualified,49,Agent D
LEAD00652,CUST01248,Social Media,2026-01-14,Lost,48,Agent A
LEAD00653,CUST00872,Website,2025-09-04,New,39,Agent D
LEAD00654,CUST00095,Advertisement,2026-07-30,Qualified,99,Agent A
LEAD00655,CUST01957,Email,2025-09-05,Qualified,12,Agent A
LEAD00656,CUST00757,Event,2025-04-10,Converted,92,Agent A
LEAD00657,CUST00048,Event,2025-03-05,New,87,Agent E
LEAD00658,CUST01226,Website,2025-12-05,Contacted,3,Agent E
LEAD00659,CUST00751,Social Media,2025-01-22,Contacted,71,Agent B
LEAD00660,CUST01314,Referral,2025-03-12,Qualified,21,Agent E
LEAD00661,CUST00325,Event,2025-05-26,Contacted,5,Agent A
LEAD00662,CUST01657,Advertisement,2025-11-12,Converted,87,Agent D
LEAD00663,CUST00841,Event,2025-10-12,New,12,Agent C
LEAD00664,CUST00842,Event,2025-11-01,Converted,30,Agent C
LEAD00665,CUST01608,Email,2025-10-30,Converted,10,Agent B
LEAD00666,CUST01097,Advertisement,2026-08-16,New,15,Agent A
LEAD00667,CUST00003,Website,2025-05-10,Qualified,7,Agent A
LEAD00668,CUST01158,Referral,2025-10-10,Contacted,85,Agent D
LEAD00669,CUST01292,Referral,2026-01-01,Converted,6,Agent B
LEAD00670,CUST00625,Email,2025-06-13,New,76,Agent A
LEAD00671,CUST00362,Social Media,2025-04-18,Converted,16,Agent B
LEAD00672,CUST00108,Email,2025-01-28,New,92,Agent E
LEAD00673,CUST01693,Social Media,2025-07-14,New,85,Agent B
LEAD00674,CUST00009,Advertisement,2025-06-01,Converted,63,Agent C
LEAD00675,CUST01167,Email,2025-04-27,Qualified,83,Agent D
LEAD00676,CUST01673,Website,2025-06-11,New,30,Agent B
LEAD00677,CUST00705,Advertisement,2026-02-20,Qualified,79,Agent E
LEAD00678,CUST00401,Advertisement,2026-05-09,Contacted,23,Agent E
LEAD00679,CUST01430,Website,2025-11-04,Converted,62,Agent E
LEAD00680,CUST01261,Social Media,2025-02-09,Converted,92,Agent D
LEAD00681,CUST00030,Advertisement,2026-03-15,Lost,73,Agent E
LEAD00682,CUST01155,Advertisement,2025-04-01,Contacted,27,Agent B
LEAD00683,CUST00001,Social Media,2025-02-04,Converted,74,Agent D
LEAD00684,CUST00800,Event,2025-12-05,Converted,89,Agent D
LEAD00685,CUST00609,Website,2025-09-11,New,89,Agent C
LEAD00686,CUST01667,Event,2025-07-05,Qualified,74,Agent A
LEAD00687,CUST01955,Event,2026-07-31,New,74,Agent A
LEAD00688,CUST01397,Social Media,2025-02-24,Contacted,79,Agent E
LEAD00689,CUST01469,Referral,2025-02-01,Contacted,74,Agent D
LEAD00690,CUST00046,Email,2025-12-17,Lost,14,Agent D
LEAD00691,CUST00128,Social Media,2025-09-07,Lost,81,Agent E
LEAD00692,CUST01554,Referral,2026-04-23,Contacted,18,Agent C
LEAD00693,CUST00857,Social Media,2025-01-25,New,56,Agent C
LEAD00694,CUST01014,Social Media,2025-09-07,New,34,Agent A
LEAD00695,CUST01384,Referral,2025-03-29,Converted,22,Agent D
LEAD00696,CUST00695,Event,2025-01-25,Qualified,29,Agent A
LEAD00697,CUST01364,Advertisement,2025-10-03,Lost,9,Agent E
LEAD00698,CUST01454,Email,2026-03-14,Converted,44,Agent D
LEAD00699,CUST00481,Referral,2025-04-04,Converted,42,Agent D
LEAD00700,CUST01373,Social Media,2026-05-18,Lost,41,Agent B
LEAD00701,CUST00339,Event,2025-11-06,Converted,10,Agent A
LEAD00702,CUST00622,Email,2025-10-14,Lost,61,Agent C
LEAD00703,CUST01561,Email,2026-07-04,Qualified,17,Agent D
LEAD00704,CUST01967,Social Media,2025-07-16,Lost,86,Agent E
LEAD00705,CUST00130,Referral,2025-04-30,New,3,Agent D
LEAD00706,CUST01298,Event,2026-04-14,Qualified,6,Agent B
LEAD00707,CUST01140,Website,2025-03-05,Qualified,31,Agent E
LEAD00708,CUST01212,Email,2026-06-04,Contacted,41,Agent B
LEAD00709,CUST01574,Advertisement,2026-05-07,Contacted,97,Agent A
LEAD00710,CUST00140,Email,2026-08-06,Contacted,53,Agent A
LEAD00711,CUST01479,Social Media,2025-10-02,Converted,38,Agent B
LEAD00712,CUST00559,Email,2026-01-06,Lost,84,Agent A
LEAD00713,CUST00309,Event,2026-06-11,Converted,25,Agent C
LEAD00714,CUST00894,Event,2025-03-20,Lost,90,Agent D
LEAD00715,CUST00055,Advertisement,2025-07-02,Converted,41,Agent E
LEAD00716,CUST01262,Referral,2025-10-09,Contacted,32,Agent D
LEAD00717,CUST01131,Email,2026-01-10,Lost,31,Agent E
LEAD00718,CUST01026,Email,2026-02-09,Lost,1,Agent E
LEAD00719,CUST00062,Event,2026-07-05,New,68,Agent E
LEAD00720,CUST01527,Website,2025-10-19,New,58,Agent C
LEAD00721,CUST00071,Email,2025-04-13,Lost,64,Agent E
LEAD00722,CUST00526,Referral,2025-04-24,Lost,66,Agent E
LEAD00723,CUST00792,Advertisement,2026-04-23,Converted,3,Agent C
LEAD00724,CUST01405,Email,2025-10-02,Contacted,88,Agent E
LEAD00725,CUST00816,Social Media,2026-01-12,Qualified,52,Agent B
LEAD00726,CUST01634,Social Media,2025-12-02,Contacted,70,Agent E
LEAD00727,CUST01869,Website,2026-04-30,Qualified,4,Agent E
LEAD00728,CUST01531,Social Media,2025-05-11,New,77,Agent C
LEAD00729,CUST00078,Website,2025-04-12,Qualified,68,Agent D
LEAD00730,CUST01542,Advertisement,2026-03-14,Contacted,37,Agent B
LEAD00731,CUST00413,Event,2025-09-16,Qualified,94,Agent D
LEAD00732,CUST01778,Referral,2026-05-02,Lost,66,Agent A
LEAD00733,CUST01958,Email,2025-03-18,Qualified,91,Agent A
LEAD00734,CUST00169,Website,2025-06-12,Qualified,83,Agent E
LEAD00735,CUST00198,Event,2026-07-27,Qualified,21,Agent B
LEAD00736,CUST01395,Website,2026-05-18,New,100,Agent D
LEAD00737,CUST00287,Website,2025-02-07,Converted,75,Agent C
LEAD00738,CUST01938,Referral,2026-05-02,Lost,19,Agent D
LEAD00739,CUST01081,Referral,2025-02-09,Contacted,80,Agent E
LEAD00740,CUST01148,Email,2025-03-13,New,43,Agent D
LEAD00741,CUST01721,Advertisement,2026-06-20,Lost,87,Agent A
LEAD00742,CUST00435,Email,2025-03-17,Qualified,18,Agent E
LEAD00743,CUST01112,Email,2025-06-29,Contacted,26,Agent A
LEAD00744,CUST01998,Event,2025-03-22,Qualified,35,Agent E
LEAD00745,CUST00045,Social Media,2025-12-22,New,46,Agent A
LEAD00746,CUST00350,Referral,2025-02-04,Qualified,64,Agent C
LEAD00747,CUST00293,Advertisement,2025-06-21,Contacted,23,Agent C
LEAD00748,CUST00672,Event,2025-07-14,Converted,71,Agent A
LEAD00749,CUST00260,Event,2026-01-22,Lost,3,Agent D
LEAD00750,CUST00345,Website,2025-10-23,Lost,34,Agent E
LEAD00751,CUST01706,Social Media,2025-04-25,New,66,Agent D
LEAD00752,CUST00930,Email,2025-10-04,New,27,Agent B
LEAD00753,CUST00717,Social Media,2025-10-01,Lost,44,Agent C
LEAD00754,CUST00838,Event,2025-07-30,Lost,61,Agent C
LEAD00755,CUST01942,Email,2025-11-14,Qualified,25,Agent A
LEAD00756,CUST00983,Website,2025-07-14,Lost,97,Agent A
LEAD00757,CUST00938,Advertisement,2025-07-18,New,85,Agent A
LEAD00758,CUST01856,Email,2026-04-12,Contacted,98,Agent E
LEAD00759,CUST00075,Social Media,2025-05-31,Contacted,50,Agent B
LEAD00760,CUST00957,Email,2025-07-16,New,35,Agent E
LEAD00761,CUST01497,Website,2025-03-25,Contacted,100,Agent D
LEAD00762,CUST01030,Referral,2026-02-21,New,73,Agent C
LEAD00763,CUST01737,Website,2026-02-25,Lost,80,Agent C
LEAD00764,CUST01774,Event,2026-02-09,Lost,19,Agent C
LEAD00765,CUST00673,Advertisement,2025-04-11,New,87,Agent A
LEAD00766,CUST01636,Event,2025-09-27,Lost,53,Agent C
LEAD00767,CUST00488,Email,2025-06-24,Contacted,78,Agent A
LEAD00768,CUST00480,Website,2026-04-01,Qualified,83,Agent A
LEAD00769,CUST01955,Advertisement,2025-07-20,Qualified,11,Agent E
LEAD00770,CUST00026,Referral,2025-09-05,New,10,Agent C
LEAD00771,CUST00707,Event,2025-09-28,Qualified,7,Agent C
LEAD00772,CUST01259,Email,2026-03-30,Qualified,65,Agent E
LEAD00773,CUST00828,Advertisement,2026-02-23,Lost,92,Agent B
LEAD00774,CUST01690,Advertisement,2026-05-04,Qualified,4,Agent A
LEAD00775,CUST00504,Event,2025-09-13,Lost,14,Agent C
LEAD00776,CUST01106,Event,2026-05-04,New,49,Agent C
LEAD00777,CUST00251,Social Media,2026-06-04,Lost,40,Agent D
LEAD00778,CUST00423,Event,2025-11-09,Converted,11,Agent C
LEAD00779,CUST00348,Email,2026-02-10,Qualified,61,Agent D
LEAD00780,CUST01483,Event,2026-06-27,Contacted,91,Agent A
LEAD00781,CUST00406,Event,2026-05-15,New,22,Agent C
LEAD00782,CUST01340,Social Media,2025-06-14,Contacted,1,Agent B
LEAD00783,CUST00692,Referral,2026-03-03,Contacted,23,Agent D
LEAD00784,CUST01131,Website,2025-09-23,Qualified,19,Agent C
LEAD00785,CUST01748,Social Media,2025-03-30,Contacted,47,Agent B
LEAD00786,CUST01727,Social Media,2025-08-10,Lost,11,Agent E
LEAD00787,CUST00023,Event,2026-08-06,Contacted,37,Agent E
LEAD00788,CUST01569,Advertisement,2026-07-25,Lost,12,Agent B
LEAD00789,CUST01912,Email,2026-04-14,Lost,68,Agent C
LEAD00790,CUST01336,Email,2026-08-14,Contacted,47,Agent B
LEAD00791,CUST00375,Event,2025-12-08,Converted,8,Agent E
LEAD00792,CUST01330,Advertisement,2026-03-28,Converted,5,Agent B
LEAD00793,CUST01273,Advertisement,2025-04-09,Contacted,49,Agent E
LEAD00794,CUST01325,Website,2025-06-28,New,60,Agent C
LEAD00795,CUST00858,Event,2025-04-13,New,18,Agent B
LEAD00796,CUST01051,Event,2026-07-13,Converted,33,Agent E
LEAD00797,CUST01304,Advertisement,2026-01-02,Lost,61,Agent C
LEAD00798,CUST00928,Event,2026-07-10,Converted,48,Agent C
LEAD00799,CUST01548,Website,2025-09-06,Contacted,12,Agent B
LEAD00800,CUST01420,Referral,2025-08-29,Contacted,40,Agent B
LEAD00801,CUST00607,Website,2026-02-07,New,20,Agent C
LEAD00802,CUST01221,Referral,2025-12-05,Converted,93,Agent D
LEAD00803,CUST01514,Website,2025-08-10,Contacted,81,Agent B
LEAD00804,CUST00980,Email,2025-07-09,Qualified,32,Agent D
LEAD00805,CUST01431,Social Media,2025-11-02,Contacted,24,Agent D
LEAD00806,CUST00254,Email,2025-02-15,Contacted,14,Agent D
LEAD00807,CUST00773,Advertisement,2025-04-23,Converted,74,Agent D
LEAD00808,CUST01404,Event,2025-01-27,Converted,92,Agent E
LEAD00809,CUST01791,Social Media,2025-04-03,Converted,28,Agent C
LEAD00810,CUST01292,Referral,2025-04-29,Qualified,64,Agent E
LEAD00811,CUST01328,Email,2025-02-15,Contacted,24,Agent D
LEAD00812,CUST00685,Event,2025-02-03,Converted,92,Agent E
LEAD00813,CUST01402,Email,2026-05-04,Converted,30,Agent A
LEAD00814,CUST00713,Website,2025-04-19,New,10,Agent C
LEAD00815,CUST00105,Website,2025-11-28,Converted,89,Agent E
LEAD00816,CUST00494,Website,2025-02-28,Converted,95,Agent B
LEAD00817,CUST01223,Email,2026-07-19,Qualified,40,Agent C
LEAD00818,CUST01924,Event,2025-05-23,Converted,91,Agent C
LEAD00819,CUST00992,Referral,2026-03-23,Contacted,25,Agent A
LEAD00820,CUST01721,Referral,2026-01-18,New,28,Agent A
LEAD00821,CUST01557,Event,2026-04-04,Qualified,54,Agent B
LEAD00822,CUST01123,Advertisement,2026-01-10,Converted,61,Agent D
LEAD00823,CUST01609,Advertisement,2025-10-31,Lost,39,Agent E
LEAD00824,CUST00804,Social Media,2026-04-06,New,80,Agent C
LEAD00825,CUST00886,Email,2026-05-02,Lost,80,Agent A
LEAD00826,CUST01474,Website,2025-08-15,Converted,13,Agent C
LEAD00827,CUST01278,Advertisement,2026-07-16,New,100,Agent A
LEAD00828,CUST01056,Website,2026-08-12,Qualified,16,Agent B
LEAD00829,CUST00867,Social Media,2026-03-07,Qualified,53,Agent E
LEAD00830,CUST01952,Email,2026-07-08,Converted,43,Agent E
LEAD00831,CUST00132,Advertisement,2025-03-04,Lost,46,Agent B
LEAD00832,CUST00111,Referral,2025-11-19,Contacted,13,Agent E
LEAD00833,CUST00959,Event,2026-01-24,Qualified,35,Agent A
LEAD00834,CUST00069,Referral,2026-07-07,Converted,4,Agent C
LEAD00835,CUST00682,Website,2025-03-13,Contacted,98,Agent D
LEAD00836,CUST01138,Social Media,2026-04-26,Lost,15,Agent A
LEAD00837,CUST00811,Event,2025-02-16,Converted,49,Agent D
LEAD00838,CUST00407,Referral,2025-08-02,Lost,22,Agent E
LEAD00839,CUST00570,Advertisement,2026-02-17,Converted,18,Agent B
LEAD00840,CUST01209,Event,2025-06-23,New,40,Agent B
LEAD00841,CUST01903,Social Media,2026-05-13,New,97,Agent C
LEAD00842,CUST01563,Social Media,2026-07-09,Qualified,48,Agent E
LEAD00843,CUST01095,Social Media,2025-04-05,Lost,97,Agent B
LEAD00844,CUST00277,Website,2025-06-03,Qualified,83,Agent C
LEAD00845,CUST00486,Event,2025-02-14,Converted,44,Agent C
LEAD00846,CUST00882,Email,2026-02-28,Qualified,91,Agent A
LEAD00847,CUST00494,Social Media,2026-06-13,Qualified,35,Agent E
LEAD00848,CUST01378,Social Media,2025-12-25,Qualified,51,Agent D
LEAD00849,CUST00733,Advertisement,2025-03-20,Converted,69,Agent E
LEAD00850,CUST01668,Event,2025-04-14,Converted,59,Agent A
LEAD00851,CUST00539,Referral,2025-01-21,Contacted,83,Agent D
LEAD00852,CUST00993,Website,2025-10-20,Qualified,17,Agent E
LEAD00853,CUST01429,Email,2026-03-06,New,50,Agent C
LEAD00854,CUST00413,Event,2025-03-31,Converted,67,Agent E
LEAD00855,CUST01523,Event,2026-05-21,Qualified,34,Agent D
LEAD00856,CUST01172,Referral,2025-05-31,Contacted,87,Agent C
LEAD00857,CUST01296,Referral,2025-11-03,Qualified,31,Agent C
LEAD00858,CUST00910,Social Media,2026-02-02,Converted,31,Agent E
LEAD00859,CUST01871,Email,2025-11-18,New,33,Agent B
LEAD00860,CUST01544,Referral,2025-10-12,Converted,68,Agent E
LEAD00861,CUST00385,Event,2025-07-20,New,12,Agent C
LEAD00862,CUST01112,Advertisement,2025-09-14,Contacted,15,Agent B
LEAD00863,CUST01807,Referral,2025-05-23,Converted,78,Agent B
LEAD00864,CUST00559,Referral,2025-06-25,Lost,21,Agent E
LEAD00865,CUST01073,Referral,2026-03-27,Contacted,11,Agent C
LEAD00866,CUST01509,Advertisement,2026-06-11,New,27,Agent D
LEAD00867,CUST00547,Event,2026-05-22,New,40,Agent D
LEAD00868,CUST01036,Advertisement,2025-07-17,Contacted,4,Agent E
LEAD00869,CUST01106,Advertisement,2025-07-11,Lost,84,Agent D
LEAD00870,CUST00356,Social Media,2025-02-04,Qualified,12,Agent B
LEAD00871,CUST00356,Website,2025-06-13,New,41,Agent C
LEAD00872,CUST01127,Referral,2025-12-16,Converted,21,Agent E
LEAD00873,CUST00358,Event,2025-06-09,Qualified,30,Agent B
LEAD00874,CUST01897,Social Media,2026-03-14,Lost,5,Agent C
LEAD00875,CUST01048,Website,2025-01-31,Contacted,95,Agent C
LEAD00876,CUST01412,Advertisement,2025-09-03,New,94,Agent C
LEAD00877,CUST00794,Referral,2025-06-17,Contacted,13,Agent C
LEAD00878,CUST00598,Event,2025-10-22,New,20,Agent B
LEAD00879,CUST00974,Advertisement,2025-01-16,Converted,89,Agent C
LEAD00880,CUST01422,Event,2025-09-07,Converted,42,Agent D
LEAD00881,CUST00796,Email,2026-04-15,New,7,Agent C
LEAD00882,CUST00566,Website,2026-05-26,New,14,Agent C
LEAD00883,CUST00288,Email,2025-06-02,Lost,42,Agent C
LEAD00884,CUST01086,Advertisement,2025-09-13,New,56,Agent D
LEAD00885,CUST01360,Advertisement,2026-02-16,Converted,64,Agent E
LEAD00886,CUST01054,Website,2025-10-04,New,16,Agent A
LEAD00887,CUST00510,Referral,2025-11-20,Contacted,38,Agent D
LEAD00888,CUST00495,Website,2025-07-23,New,27,Agent A
LEAD00889,CUST00755,Advertisement,2026-05-15,Contacted,54,Agent A
LEAD00890,CUST00696,Referral,2026-01-12,Contacted,33,Agent A
LEAD00891,CUST00408,Event,2026-07-27,New,21,Agent C
LEAD00892,CUST01885,Social Media,2026-04-10,Converted,82,Agent A
LEAD00893,CUST00660,Email,2025-08-07,Converted,57,Agent B
LEAD00894,CUST00502,Advertisement,2025-07-15,Qualified,48,Agent C
LEAD00895,CUST01214,Referral,2025-02-22,Lost,14,Agent B
LEAD00896,CUST01603,Email,2026-01-06,Converted,8,Agent D
LEAD00897,CUST00930,Referral,2026-03-23,New,80,Agent B
LEAD00898,CUST01335,Referral,2025-07-31,Lost,97,Agent E
LEAD00899,CUST00191,Website,2025-01-13,Contacted,59,Agent A
LEAD00900,CUST01066,Social Media,2026-05-08,Contacted,4,Agent B
LEAD00901,CUST00134,Event,2025-05-13,Qualified,49,Agent B
LEAD00902,CUST00276,Email,2025-12-14,Qualified,29,Agent E
LEAD00903,CUST01184,Advertisement,2025-02-01,Converted,6,Agent C
LEAD00904,CUST00410,Event,2025-02-07,Contacted,15,Agent C
LEAD00905,CUST00074,Social Media,2026-06-20,Lost,50,Agent C
LEAD00906,CUST00358,Referral,2026-02-05,Converted,43,Agent E
LEAD00907,CUST01546,Advertisement,2025-01-04,Qualified,57,Agent C
LEAD00908,CUST01174,Social Media,2025-03-01,Converted,70,Agent A
LEAD00909,CUST00764,Email,2025-10-21,Qualified,27,Agent B
LEAD00910,CUST01947,Event,2026-02-10,Contacted,29,Agent D
LEAD00911,CUST00772,Advertisement,2025-09-10,Converted,68,Agent C
LEAD00912,CUST01755,Advertisement,2026-06-05,Contacted,20,Agent E
LEAD00913,CUST00690,Email,2026-01-25,Contacted,8,Agent C
LEAD00914,CUST00051,Event,2026-01-02,Lost,86,Agent A
LEAD00915,CUST00221,Website,2025-06-22,Lost,21,Agent D
LEAD00916,CUST00548,Website,2026-02-11,Lost,13,Agent C
LEAD00917,CUST00374,Event,2026-06-05,Qualified,74,Agent B
LEAD00918,CUST00315,Email,2025-01-30,Lost,54,Agent C
LEAD00919,CUST00767,Email,2026-03-14,Lost,15,Agent B
LEAD00920,CUST01952,Referral,2026-06-09,Contacted,86,Agent E
LEAD00921,CUST00402,Event,2025-09-15,Lost,25,Agent E
LEAD00922,CUST00472,Advertisement,2026-04-02,Qualified,68,Agent B
LEAD00923,CUST01991,Website,2025-08-02,Contacted,66,Agent B
LEAD00924,CUST00403,Social Media,2025-04-25,New,83,Agent E
LEAD00925,CUST01661,Advertisement,2026-05-02,Lost,73,Agent D
LEAD00926,CUST01242,Referral,2025-07-05,Contacted,71,Agent A
LEAD00927,CUST01856,Referral,2026-03-28,Lost,6,Agent D
LEAD00928,CUST01113,Social Media,2025-07-07,Contacted,94,Agent A
LEAD00929,CUST01187,Email,2025-08-26,Qualified,13,Agent D
LEAD00930,CUST00452,Referral,2026-02-13,New,26,Agent D
LEAD00931,CUST01150,Email,2025-07-23,New,45,Agent A
LEAD00932,CUST01341,Referral,2026-04-27,Lost,29,Agent D
LEAD00933,CUST01974,Social Media,2025-01-24,Contacted,60,Agent C
LEAD00934,CUST00195,Event,2025-01-07,Lost,6,Agent A
LEAD00935,CUST00314,Website,2025-02-18,Contacted,46,Agent A
LEAD00936,CUST00039,Email,2025-06-02,Lost,35,Agent A
LEAD00937,CUST01581,Email,2025-02-02,New,65,Agent E
LEAD00938,CUST00165,Advertisement,2025-08-15,Contacted,52,Agent E
LEAD00939,CUST01831,Referral,2025-01-15,Converted,76,Agent D
LEAD00940,CUST00730,Social Media,2026-03-27,Lost,17,Agent C
LEAD00941,CUST00577,Advertisement,2025-04-02,New,95,Agent A
LEAD00942,CUST01951,Website,2026-08-03,New,40,Agent C
LEAD00943,CUST01441,Social Media,2026-05-26,Converted,35,Agent C
LEAD00944,CUST01095,Social Media,2026-02-18,Converted,55,Agent C
LEAD00945,CUST01778,Social Media,2026-04-21,Contacted,17,Agent C
LEAD00946,CUST01510,Social Media,2026-04-07,Converted,82,Agent B
LEAD00947,CUST01275,Email,2026-05-19,Qualified,27,Agent E
LEAD00948,CUST00643,Referral,2025-11-28,Contacted,93,Agent C
LEAD00949,CUST01973,Advertisement,2026-01-07,Converted,15,Agent B
LEAD00950,CUST01439,Advertisement,2025-10-07,Contacted,87,Agent B
LEAD00951,CUST01892,Referral,2026-01-07,New,40,Agent A
LEAD00952,CUST01933,Advertisement,2025-08-16,Converted,61,Agent B
LEAD00953,CUST01099,Referral,2025-03-15,Contacted,88,Agent C
LEAD00954,CUST00716,Website,2026-07-09,Converted,13,Agent A
LEAD00955,CUST01895,Social Media,2026-02-21,Qualified,35,Agent D
LEAD00956,CUST01999,Email,2026-02-25,Contacted,95,Agent B
LEAD00957,CUST00244,Advertisement,2025-06-16,New,15,Agent E
LEAD00958,CUST01277,Event,2026-04-05,Converted,11,Agent E
LEAD00959,CUST01205,Email,2025-11-06,Converted,53,Agent B
LEAD00960,CUST01498,Referral,2025-02-15,Converted,3,Agent C
LEAD00961,CUST01951,Advertisement,2026-07-24,Lost,100,Agent D
LEAD00962,CUST00505,Event,2026-08-15,New,91,Agent E
LEAD00963,CUST01952,Website,2026-06-03,Qualified,19,Agent C
LEAD00964,CUST01287,Website,2025-10-11,Converted,18,Agent D
LEAD00965,CUST00166,Referral,2025-05-19,Lost,78,Agent C
LEAD00966,CUST01023,Website,2025-01-07,Contacted,53,Agent A
LEAD00967,CUST00267,Referral,2026-03-16,New,83,Agent E
LEAD00968,CUST01913,Advertisement,2026-06-15,Converted,97,Agent B
LEAD00969,CUST01527,Referral,2025-03-04,Converted,41,Agent E
LEAD00970,CUST01810,Event,2026-02-12,Contacted,26,Agent E
LEAD00971,CUST01206,Advertisement,2025-01-16,Contacted,62,Agent B
LEAD00972,CUST00794,Referral,2026-04-08,Qualified,64,Agent A
LEAD00973,CUST00857,Email,2025-01-17,Converted,44,Agent C
LEAD00974,CUST01894,Social Media,2026-08-05,Qualified,30,Agent B
LEAD00975,CUST00304,Referral,2025-04-12,New,27,Agent E
LEAD00976,CUST01770,Advertisement,2025-08-27,Lost,53,Agent D
LEAD00977,CUST00845,Event,2026-02-19,Lost,43,Agent B
LEAD00978,CUST01181,Social Media,2026-05-20,Converted,46,Agent A
LEAD00979,CUST01334,Email,2025-08-05,Lost,10,Agent A
LEAD00980,CUST00165,Advertisement,2026-08-08,New,89,Agent D
LEAD00981,CUST00298,Email,2025-01-10,Lost,71,Agent E
LEAD00982,CUST00322,Advertisement,2025-10-08,Converted,92,Agent B
LEAD00983,CUST01558,Referral,2026-08-12,Contacted,83,Agent D
LEAD00984,CUST00154,Social Media,2025-06-13,New,62,Agent A
LEAD00985,CUST01222,Referral,2025-11-14,Qualified,31,Agent E
LEAD00986,CUST00216,Email,2025-09-22,Qualified,66,Agent D
LEAD00987,CUST01536,Email,2025-08-23,Lost,57,Agent A
LEAD00988,CUST01954,Event,2026-04-03,New,93,Agent E
LEAD00989,CUST00829,Event,2025-11-06,Converted,24,Agent E
LEAD00990,CUST00425,Email,2026-03-02,Qualified,3,Agent D
LEAD00991,CUST00890,Referral,2025-11-06,New,13,Agent C
LEAD00992,CUST01382,Social Media,2026-08-18,Lost,18,Agent E
LEAD00993,CUST01455,Email,2025-10-08,Qualified,67,Agent C
LEAD00994,CUST01274,Website,2026-04-20,Contacted,15,Agent C
LEAD00995,CUST01164,Advertisement,2026-01-01,Contacted,14,Agent C
LEAD00996,CUST01263,Referral,2026-04-23,Converted,40,Agent A
LEAD00997,CUST00435,Email,2026-06-12,New,79,Agent D
LEAD00998,CUST00414,Event,2025-05-15,Lost,43,Agent C
LEAD00999,CUST01862,Advertisement,2025-06-29,Converted,28,Agent C
LEAD01000,CUST01159,Email,2025-06-29,Lost,29,Agent E
LEAD01001,CUST01723,Event,2025-10-18,Contacted,82,Agent E
LEAD01002,CUST01252,Email,2025-10-21,Converted,44,Agent B
LEAD01003,CUST00911,Social Media,2025-01-03,Qualified,37,Agent E
LEAD01004,CUST01141,Event,2026-06-18,Converted,78,Agent D
LEAD01005,CUST01384,Advertisement,2026-05-28,Lost,37,Agent E
LEAD01006,CUST00373,Website,2025-12-25,New,36,Agent D
LEAD01007,CUST00925,Social Media,2025-07-02,Lost,76,Agent C
LEAD01008,CUST01447,Website,2026-05-08,Qualified,33,Agent C
LEAD01009,CUST00175,Event,2025-06-11,Contacted,52,Agent C
LEAD01010,CUST00147,Email,2025-07-02,New,67,Agent E
LEAD01011,CUST00321,Website,2026-07-05,New,21,Agent A
LEAD01012,CUST01183,Event,2025-12-15,New,13,Agent D
LEAD01013,CUST00477,Social Media,2025-04-11,Contacted,86,Agent C
LEAD01014,CUST00873,Email,2025-03-15,Converted,30,Agent B
LEAD01015,CUST00268,Referral,2026-07-29,New,35,Agent C
LEAD01016,CUST00501,Website,2025-06-08,Qualified,59,Agent B
LEAD01017,CUST00036,Website,2026-02-11,Lost,11,Agent D
LEAD01018,CUST01615,Social Media,2025-07-30,New,5,Agent C
LEAD01019,CUST00934,Social Media,2025-10-24,Qualified,42,Agent D
LEAD01020,CUST00352,Advertisement,2026-08-11,Lost,97,Agent B
LEAD01021,CUST01053,Social Media,2025-12-20,Lost,58,Agent C
LEAD01022,CUST01866,Referral,2025-09-14,Converted,58,Agent E
LEAD01023,CUST01650,Email,2025-09-05,New,61,Agent B
LEAD01024,CUST01770,Website,2025-05-18,Converted,87,Agent B
LEAD01025,CUST00813,Social Media,2025-11-28,New,84,Agent B
LEAD01026,CUST00722,Event,2025-12-06,New,3,Agent A
LEAD01027,CUST00633,Referral,2025-02-26,Converted,55,Agent D
LEAD01028,CUST00611,Event,2025-08-30,Contacted,55,Agent A
LEAD01029,CUST01840,Social Media,2026-01-20,Lost,23,Agent E
LEAD01030,CUST00275,Advertisement,2025-02-02,Lost,98,Agent D
LEAD01031,CUST01703,Referral,2026-08-05,Contacted,27,Agent E
LEAD01032,CUST01833,Advertisement,2026-05-29,Qualified,84,Agent A
LEAD01033,CUST01689,Event,2026-01-15,Qualified,11,Agent C
LEAD01034,CUST01256,Email,2025-01-10,Qualified,61,Agent C
LEAD01035,CUST01712,Referral,2025-11-05,Contacted,74,Agent E
LEAD01036,CUST00064,Website,2026-06-20,New,51,Agent C
LEAD01037,CUST01635,Email,2025-01-14,Qualified,11,Agent E
LEAD01038,CUST01022,Social Media,2026-04-17,Contacted,13,Agent B
LEAD01039,CUST01917,Referral,2026-05-16,Contacted,61,Agent B
LEAD01040,CUST00172,Advertisement,2025-02-15,Contacted,87,Agent C
LEAD01041,CUST01861,Referral,2025-05-18,Qualified,60,Agent D
LEAD01042,CUST01148,Social Media,2026-03-08,Converted,11,Agent D
LEAD01043,CUST00208,Email,2026-06-28,Qualified,79,Agent B
LEAD01044,CUST01018,Advertisement,2026-04-05,New,46,Agent B
LEAD01045,CUST00075,Advertisement,2025-11-10,New,8,Agent D
LEAD01046,CUST00166,Event,2025-12-25,Lost,37,Agent C
LEAD01047,CUST01064,Website,2025-11-09,Lost,21,Agent A
LEAD01048,CUST01632,Website,2025-12-11,Qualified,99,Agent B
LEAD01049,CUST00217,Email,2026-04-05,New,91,Agent B
LEAD01050,CUST00525,Event,2025-01-30,Contacted,11,Agent E
LEAD01051,CUST00783,Website,2025-05-05,Lost,58,Agent E
LEAD01052,CUST01083,Email,2025-02-05,New,1,Agent D
LEAD01053,CUST00002,Advertisement,2026-04-20,Converted,46,Agent C
LEAD01054,CUST01279,Website,2026-03-10,Lost,16,Agent B
LEAD01055,CUST00996,Email,2025-02-01,Lost,75,Agent B
LEAD01056,CUST01925,Social Media,2025-03-04,Qualified,8,Agent A
LEAD01057,CUST00603,Social Media,2025-06-07,New,91,Agent E
LEAD01058,CUST00988,Email,2025-05-25,Lost,24,Agent A
LEAD01059,CUST00164,Referral,2025-11-06,Converted,27,Agent E
LEAD01060,CUST01835,Website,2025-10-25,Lost,89,Agent E
LEAD01061,CUST01668,Advertisement,2025-08-02,Contacted,91,Agent C
LEAD01062,CUST00710,Social Media,2025-04-08,Qualified,10,Agent C
LEAD01063,CUST00921,Referral,2026-01-23,Lost,11,Agent C
LEAD01064,CUST01715,Email,2026-04-16,Qualified,86,Agent B
LEAD01065,CUST00591,Referral,2026-01-17,New,98,Agent E
LEAD01066,CUST00472,Email,2026-04-27,Qualified,49,Agent E
LEAD01067,CUST00484,Website,2026-06-29,Qualified,17,Agent C
LEAD01068,CUST01415,Event,2026-05-17,New,16,Agent C
LEAD01069,CUST00423,Social Media,2026-01-24,New,27,Agent E
LEAD01070,CUST00178,Advertisement,2025-01-30,Lost,69,Agent D
LEAD01071,CUST00331,Event,2025-07-19,New,10,Agent D
LEAD01072,CUST01973,Advertisement,2025-09-13,New,65,Agent E
LEAD01073,CUST01746,Referral,2026-03-01,Contacted,81,Agent A
LEAD01074,CUST01908,Social Media,2026-05-20,New,15,Agent C
LEAD01075,CUST00555,Email,2026-01-17,Converted,99,Agent A
LEAD01076,CUST00885,Website,2025-08-05,Lost,99,Agent A
LEAD01077,CUST00982,Advertisement,2026-04-15,Qualified,30,Agent D
LEAD01078,CUST01048,Email,2026-02-19,New,12,Agent B
LEAD01079,CUST00054,Email,2026-04-21,Qualified,33,Agent D
LEAD01080,CUST01196,Referral,2025-12-18,Contacted,26,Agent A
LEAD01081,CUST00078,Email,2026-01-21,Lost,28,Agent D
LEAD01082,CUST00551,Advertisement,2025-07-26,Lost,93,Agent E
LEAD01083,CUST00585,Referral,2025-08-27,New,16,Agent B
LEAD01084,CUST01349,Event,2025-06-14,Qualified,32,Agent C
LEAD01085,CUST01793,Website,2025-06-03,Lost,79,Agent D
LEAD01086,CUST01398,Social Media,2026-01-25,Converted,6,Agent D
LEAD01087,CUST00871,Website,2025-08-17,Contacted,7,Agent A
LEAD01088,CUST01051,Event,2025-03-21,New,31,Agent C
LEAD01089,CUST01025,Event,2025-01-21,New,97,Agent E
LEAD01090,CUST00296,Event,2026-05-28,New,84,Agent A
LEAD01091,CUST01915,Email,2025-09-17,Converted,93,Agent C
LEAD01092,CUST01839,Advertisement,2025-12-10,Converted,87,Agent C
LEAD01093,CUST00481,Referral,2026-06-24,New,12,Agent C
LEAD01094,CUST00231,Referral,2025-03-08,Converted,41,Agent C
LEAD01095,CUST00331,Referral,2026-07-13,Qualified,53,Agent D
LEAD01096,CUST01259,Advertisement,2026-02-24,Lost,17,Agent A
LEAD01097,CUST00059,Website,2026-01-17,Lost,100,Agent E
LEAD01098,CUST00207,Website,2025-09-14,Contacted,61,Agent A
LEAD01099,CUST01297,Website,2026-02-25,Contacted,86,Agent D
LEAD01100,CUST00293,Email,2025-05-02,New,26,Agent C
LEAD01101,CUST00138,Event,2025-06-30,Lost,72,Agent B
LEAD01102,CUST00042,Advertisement,2026-07-27,New,11,Agent A
LEAD01103,CUST01412,Referral,2025-06-14,Lost,3,Agent A
LEAD01104,CUST00727,Social Media,2026-03-05,New,65,Agent C
LEAD01105,CUST00569,Event,2026-07-09,Lost,7,Agent E
LEAD01106,CUST01280,Website,2025-12-20,Converted,28,Agent C
LEAD01107,CUST00342,Advertisement,2025-06-27,Contacted,80,Agent E
LEAD01108,CUST01044,Email,2026-05-21,Qualified,50,Agent D
LEAD01109,CUST00968,Website,2026-05-08,Converted,38,Agent C
LEAD01110,CUST01350,Advertisement,2025-11-21,Contacted,30,Agent A
LEAD01111,CUST01248,Social Media,2025-03-10,Lost,67,Agent C
LEAD01112,CUST01351,Social Media,2025-09-21,New,96,Agent D
LEAD01113,CUST00427,Advertisement,2025-09-15,Qualified,74,Agent A
LEAD01114,CUST00281,Event,2025-04-23,Qualified,36,Agent D
LEAD01115,CUST01068,Referral,2025-08-28,New,43,Agent C
LEAD01116,CUST00115,Email,2025-04-02,Contacted,11,Agent B
LEAD01117,CUST00909,Email,2026-02-17,Lost,15,Agent D
LEAD01118,CUST01251,Referral,2025-09-15,Lost,27,Agent D
LEAD01119,CUST01642,Email,2026-03-12,Converted,39,Agent B
LEAD01120,CUST01307,Event,2025-09-29,Converted,100,Agent E
LEAD01121,CUST01990,Referral,2026-03-02,New,88,Agent E
LEAD01122,CUST01114,Social Media,2026-03-14,Qualified,12,Agent D
LEAD01123,CUST00893,Advertisement,2025-04-06,Contacted,34,Agent E
LEAD01124,CUST00492,Referral,2025-09-21,Contacted,6,Agent A
LEAD01125,CUST01347,Email,2026-03-23,Converted,7,Agent B
LEAD01126,CUST01622,Email,2025-12-20,Converted,38,Agent E
LEAD01127,CUST00642,Advertisement,2025-05-13,Contacted,96,Agent B
LEAD01128,CUST00152,Referral,2026-05-12,Qualified,19,Agent D
LEAD01129,CUST00021,Referral,2025-04-30,Lost,69,Agent B
LEAD01130,CUST01265,Advertisement,2026-08-16,Contacted,40,Agent D
LEAD01131,CUST01327,Social Media,2026-02-26,Contacted,55,Agent A
LEAD01132,CUST00241,Event,2025-07-12,New,87,Agent D
LEAD01133,CUST00046,Event,2025-04-26,New,83,Agent B
LEAD01134,CUST01309,Event,2026-06-22,Contacted,83,Agent B
LEAD01135,CUST00796,Event,2025-11-09,New,42,Agent C
LEAD01136,CUST00836,Social Media,2026-04-26,Qualified,5,Agent E
LEAD01137,CUST00525,Social Media,2026-05-11,Converted,99,Agent D
LEAD01138,CUST01437,Social Media,2025-02-10,Lost,100,Agent C
LEAD01139,CUST01490,Event,2026-02-12,Lost,86,Agent D
LEAD01140,CUST00105,Email,2025-07-19,Qualified,48,Agent E
LEAD01141,CUST00179,Event,2026-06-26,New,29,Agent B
LEAD01142,CUST01111,Email,2025-05-11,Converted,18,Agent E
LEAD01143,CUST01207,Social Media,2025-01-20,Qualified,38,Agent C
LEAD01144,CUST00290,Email,2026-01-31,Lost,34,Agent B
LEAD01145,CUST00317,Social Media,2025-11-26,Qualified,28,Agent B
LEAD01146,CUST01365,Social Media,2025-11-27,Qualified,96,Agent B
LEAD01147,CUST00910,Website,2025-06-06,Contacted,66,Agent A
LEAD01148,CUST00240,Referral,2025-10-22,Lost,23,Agent A
LEAD01149,CUST01220,Email,2026-07-29,Contacted,64,Agent C
LEAD01150,CUST00148,Website,2026-04-01,New,71,Agent A
LEAD01151,CUST00462,Referral,2026-08-10,Contacted,53,Agent C
LEAD01152,CUST01427,Email,2025-07-18,Qualified,95,Agent A
LEAD01153,CUST00445,Advertisement,2026-06-03,Lost,97,Agent B
LEAD01154,CUST00128,Social Media,2025-08-17,New,44,Agent B
LEAD01155,CUST01920,Social Media,2026-07-12,Qualified,48,Agent C
LEAD01156,CUST00450,Event,2026-05-31,New,22,Agent D
LEAD01157,CUST01030,Email,2025-04-09,New,79,Agent B
LEAD01158,CUST01650,Social Media,2026-08-03,New,94,Agent B
LEAD01159,CUST01980,Referral,2025-12-28,New,66,Agent C
LEAD01160,CUST01620,Social Media,2026-04-08,Contacted,21,Agent D
LEAD01161,CUST00680,Referral,2025-12-12,Contacted,52,Agent A
LEAD01162,CUST01709,Email,2025-05-10,Qualified,80,Agent C
LEAD01163,CUST00026,Website,2026-08-10,Contacted,5,Agent E
LEAD01164,CUST00653,Event,2025-03-09,Converted,60,Agent A
LEAD01165,CUST00399,Website,2026-04-28,Converted,66,Agent E
LEAD01166,CUST01057,Advertisement,2025-05-05,Lost,54,Agent C
LEAD01167,CUST01784,Event,2026-04-14,Contacted,65,Agent C
LEAD01168,CUST01547,Website,2025-09-09,Converted,90,Agent B
LEAD01169,CUST01997,Advertisement,2025-05-21,Lost,13,Agent E
LEAD01170,CUST00274,Event,2025-05-22,Converted,58,Agent B
LEAD01171,CUST01505,Event,2025-07-10,Contacted,80,Agent D
LEAD01172,CUST01449,Website,2026-06-22,Contacted,83,Agent D
LEAD01173,CUST00913,Referral,2026-04-04,Contacted,47,Agent C
LEAD01174,CUST00195,Email,2026-02-04,Contacted,100,Agent C
LEAD01175,CUST00209,Social Media,2026-01-11,Converted,33,Agent D
LEAD01176,CUST01827,Event,2025-09-06,Converted,45,Agent E
LEAD01177,CUST00591,Advertisement,2026-06-22,New,83,Agent B
LEAD01178,CUST01275,Social Media,2025-06-13,New,44,Agent C
LEAD01179,CUST01892,Social Media,2026-07-16,Contacted,35,Agent A
LEAD01180,CUST00987,Email,2025-08-15,Converted,56,Agent A
LEAD01181,CUST00420,Website,2025-07-23,Lost,63,Agent C
LEAD01182,CUST00970,Social Media,2025-10-11,Lost,97,Agent E
LEAD01183,CUST00459,Advertisement,2026-03-23,Contacted,62,Agent C
LEAD01184,CUST00363,Referral,2026-03-02,Converted,19,Agent E
LEAD01185,CUST01622,Referral,2026-04-02,Converted,6,Agent E
LEAD01186,CUST00692,Social Media,2025-02-23,Qualified,97,Agent B
LEAD01187,CUST01370,Website,2025-04-06,Converted,43,Agent A
LEAD01188,CUST01455,Website,2026-05-21,Contacted,21,Agent D
LEAD01189,CUST01099,Referral,2026-08-08,Qualified,23,Agent E
LEAD01190,CUST01082,Advertisement,2025-03-18,Qualified,11,Agent E
LEAD01191,CUST00362,Referral,2026-06-23,Lost,20,Agent E
LEAD01192,CUST01059,Email,2025-06-06,Converted,79,Agent C
LEAD01193,CUST01504,Social Media,2026-08-07,Contacted,66,Agent E
LEAD01194,CUST00391,Email,2026-08-16,New,60,Agent C
LEAD01195,CUST00465,Referral,2026-01-15,Contacted,2,Agent B
LEAD01196,CUST01381,Advertisement,2025-04-24,New,68,Agent B
LEAD01197,CUST01964,Social Media,2026-04-15,Converted,97,Agent A
LEAD01198,CUST00785,Email,2025-03-02,Qualified,93,Agent A
LEAD01199,CUST01657,Email,2025-07-19,Lost,40,Agent C
LEAD01200,CUST00366,Social Media,2026-01-16,Lost,61,Agent C
LEAD01201,CUST01140,Email,2025-02-10,Converted,30,Agent E
LEAD01202,CUST01888,Website,2025-08-23,New,89,Agent C
LEAD01203,CUST00884,Social Media,2026-04-21,Contacted,92,Agent D
LEAD01204,CUST01014,Social Media,2025-02-24,Converted,23,Agent B
LEAD01205,CUST00311,Advertisement,2025-08-07,Qualified,49,Agent B
LEAD01206,CUST01057,Advertisement,2025-01-03,Converted,24,Agent C
LEAD01207,CUST01172,Email,2026-01-28,Qualified,62,Agent B
LEAD01208,CUST01963,Advertisement,2025-02-17,Contacted,30,Agent E
LEAD01209,CUST00402,Advertisement,2025-06-17,Contacted,70,Agent B
LEAD01210,CUST00733,Email,2025-11-08,Converted,99,Agent A
LEAD01211,CUST01295,Event,2025-05-08,Qualified,88,Agent E
LEAD01212,CUST01887,Referral,2025-05-18,Converted,19,Agent B
LEAD01213,CUST00476,Email,2026-04-09,Contacted,13,Agent D
LEAD01214,CUST01390,Referral,2025-02-18,Qualified,82,Agent B
LEAD01215,CUST01759,Referral,2026-05-27,New,9,Agent B
LEAD01216,CUST01267,Advertisement,2025-10-07,Converted,41,Agent C
LEAD01217,CUST00854,Website,2025-03-28,New,100,Agent C
LEAD01218,CUST00469,Website,2026-06-25,Lost,45,Agent A
LEAD01219,CUST00577,Event,2025-07-20,Lost,1,Agent A
LEAD01220,CUST00104,Event,2025-07-14,New,98,Agent A
LEAD01221,CUST00305,Website,2025-03-29,Converted,71,Agent D
LEAD01222,CUST00876,Social Media,2026-06-13,Contacted,34,Agent D
LEAD01223,CUST00281,Referral,2025-06-20,Contacted,62,Agent C
LEAD01224,CUST00021,Referral,2025-12-20,Contacted,62,Agent E
LEAD01225,CUST01386,Referral,2025-05-23,Contacted,56,Agent A
LEAD01226,CUST00143,Email,2026-06-18,New,97,Agent D
LEAD01227,CUST00283,Social Media,2026-04-14,Contacted,79,Agent E
LEAD01228,CUST01191,Advertisement,2025-10-27,Lost,26,Agent B
LEAD01229,CUST01844,Website,2025-07-25,New,100,Agent C
LEAD01230,CUST01449,Email,2026-01-26,Lost,97,Agent E
LEAD01231,CUST00066,Advertisement,2025-10-23,Converted,5,Agent E
LEAD01232,CUST00336,Social Media,2026-07-15,Contacted,30,Agent D
LEAD01233,CUST01481,Email,2026-02-06,New,62,Agent D
LEAD01234,CUST01466,Social Media,2025-01-17,New,88,Agent C
LEAD01235,CUST00783,Event,2026-05-06,New,72,Agent C
LEAD01236,CUST01900,Advertisement,2025-04-25,Contacted,58,Agent E
LEAD01237,CUST01777,Event,2025-06-29,Lost,31,Agent A
LEAD01238,CUST01487,Event,2025-09-17,Converted,10,Agent D
LEAD01239,CUST01497,Advertisement,2025-05-05,Lost,90,Agent C
LEAD01240,CUST01570,Social Media,2026-07-16,Qualified,54,Agent C
LEAD01241,CUST00297,Referral,2026-08-07,Contacted,46,Agent A
LEAD01242,CUST01402,Email,2025-04-03,Contacted,98,Agent C
LEAD01243,CUST01880,Email,2025-07-10,Lost,17,Agent B
LEAD01244,CUST00450,Referral,2025-08-09,Contacted,26,Agent E
LEAD01245,CUST00030,Email,2026-02-04,Contacted,86,Agent D
LEAD01246,CUST00722,Website,2025-12-23,Contacted,29,Agent E
LEAD01247,CUST00540,Referral,2026-02-08,Converted,95,Agent E
LEAD01248,CUST01899,Advertisement,2025-01-19,Converted,86,Agent C
LEAD01249,CUST00892,Event,2025-11-03,New,10,Agent E
LEAD01250,CUST01323,Event,2025-05-06,Lost,46,Agent E
LEAD01251,CUST01964,Event,2025-05-17,Qualified,76,Agent D
LEAD01252,CUST01579,Website,2026-04-07,New,49,Agent A
LEAD01253,CUST01499,Advertisement,2025-03-26,Contacted,22,Agent C
LEAD01254,CUST01938,Referral,2025-01-19,Contacted,5,Agent E
LEAD01255,CUST01378,Email,2025-10-18,Qualified,1,Agent C
LEAD01256,CUST00463,Advertisement,2026-03-15,Contacted,18,Agent A
LEAD01257,CUST01454,Referral,2025-11-01,Contacted,27,Agent A
LEAD01258,CUST00644,Event,2025-04-07,Contacted,31,Agent D
LEAD01259,CUST00662,Website,2026-04-06,New,86,Agent B
LEAD01260,CUST01290,Event,2025-08-16,Qualified,51,Agent A
LEAD01261,CUST00631,Social Media,2025-05-01,New,15,Agent E
LEAD01262,CUST00049,Website,2026-06-28,Contacted,9,Agent E
LEAD01263,CUST02000,Email,2025-06-19,New,14,Agent C
LEAD01264,CUST01143,Advertisement,2026-08-02,New,32,Agent D
LEAD01265,CUST01341,Website,2025-08-13,New,74,Agent C
LEAD01266,CUST01618,Advertisement,2026-03-10,New,5,Agent A
LEAD01267,CUST01270,Advertisement,2025-10-27,Lost,41,Agent C
LEAD01268,CUST01221,Event,2025-02-15,Contacted,45,Agent A
LEAD01269,CUST01584,Advertisement,2025-02-28,Lost,15,Agent C
LEAD01270,CUST00591,Referral,2025-08-30,New,6,Agent B
LEAD01271,CUST01657,Email,2025-04-26,New,24,Agent D
LEAD01272,CUST01449,Email,2025-12-29,Contacted,16,Agent B
LEAD01273,CUST00365,Event,2025-03-24,Converted,80,Agent E
LEAD01274,CUST00293,Advertisement,2025-12-18,Contacted,92,Agent D
LEAD01275,CUST01760,Advertisement,2025-05-03,Qualified,63,Agent B
LEAD01276,CUST01790,Email,2025-04-19,Contacted,76,Agent B
LEAD01277,CUST01988,Event,2025-08-07,Lost,77,Agent E
LEAD01278,CUST00202,Advertisement,2025-12-14,Qualified,88,Agent B
LEAD01279,CUST01792,Event,2025-08-27,Qualified,10,Agent E
LEAD01280,CUST01727,Event,2025-07-28,Converted,100,Agent E
LEAD01281,CUST01536,Referral,2025-07-22,New,46,Agent C
LEAD01282,CUST00996,Referral,2025-07-22,Lost,55,Agent B
LEAD01283,CUST01018,Advertisement,2025-08-29,Qualified,80,Agent A
LEAD01284,CUST00858,Social Media,2026-05-13,Contacted,50,Agent C
LEAD01285,CUST00059,Event,2025-12-11,Contacted,27,Agent D
LEAD01286,CUST01002,Email,2025-09-09,Lost,2,Agent E
LEAD01287,CUST00475,Referral,2026-03-23,Qualified,17,Agent A
LEAD01288,CUST00401,Referral,2025-11-11,Lost,9,Agent E
LEAD01289,CUST00112,Website,2026-07-20,Contacted,39,Agent C
LEAD01290,CUST00916,Referral,2025-12-02,Qualified,78,Agent E
LEAD01291,CUST00096,Event,2025-05-09,Lost,34,Agent D
LEAD01292,CUST01700,Email,2025-12-02,Qualified,60,Agent D
LEAD01293,CUST01780,Referral,2026-04-07,New,19,Agent D
LEAD01294,CUST01602,Social Media,2025-05-08,Qualified,60,Agent E
LEAD01295,CUST00602,Referral,2025-05-01,Qualified,96,Agent E
LEAD01296,CUST00327,Email,2025-12-24,Qualified,32,Agent E
LEAD01297,CUST01010,Event,2026-06-12,Contacted,49,Agent B
LEAD01298,CUST01347,Website,2025-07-19,New,97,Agent B
LEAD01299,CUST00042,Event,2025-10-30,Converted,61,Agent B
LEAD01300,CUST01714,Social Media,2026-01-26,Lost,40,Agent E
LEAD01301,CUST00878,Advertisement,2026-01-31,Lost,13,Agent B
LEAD01302,CUST01640,Referral,2025-03-28,Lost,94,Agent A
LEAD01303,CUST00156,Advertisement,2025-08-24,Converted,62,Agent C
LEAD01304,CUST00852,Email,2026-08-16,New,6,Agent B
LEAD01305,CUST00917,Website,2026-06-14,Lost,56,Agent A
LEAD01306,CUST00097,Email,2026-04-06,Contacted,97,Agent C
LEAD01307,CUST01415,Email,2025-01-15,New,94,Agent C
LEAD01308,CUST01863,Social Media,2025-09-06,Qualified,20,Agent D
LEAD01309,CUST01082,Website,2025-01-31,Contacted,42,Agent A
LEAD01310,CUST00792,Social Media,2025-06-29,Qualified,99,Agent D
LEAD01311,CUST01273,Event,2026-05-31,Qualified,79,Agent D
LEAD01312,CUST00722,Website,2025-08-20,Contacted,57,Agent C
LEAD01313,CUST00720,Social Media,2025-04-11,New,31,Agent A
LEAD01314,CUST01520,Email,2026-03-29,Lost,77,Agent B
LEAD01315,CUST01182,Event,2026-01-26,Qualified,58,Agent D
LEAD01316,CUST00528,Advertisement,2026-04-28,New,53,Agent E
LEAD01317,CUST00815,Referral,2026-02-23,Contacted,93,Agent E
LEAD01318,CUST01670,Email,2026-01-14,Lost,38,Agent E
LEAD01319,CUST01058,Social Media,2026-06-14,New,63,Agent D
LEAD01320,CUST00153,Referral,2025-07-13,Lost,5,Agent D
LEAD01321,CUST01715,Advertisement,2025-09-29,Converted,72,Agent B
LEAD01322,CUST01482,Event,2025-12-02,Contacted,55,Agent D
LEAD01323,CUST00534,Event,2026-02-04,Lost,88,Agent A
LEAD01324,CUST01932,Referral,2025-10-11,New,34,Agent C
LEAD01325,CUST01904,Advertisement,2025-09-21,Converted,93,Agent D
LEAD01326,CUST01992,Website,2025-04-09,Lost,58,Agent B
LEAD01327,CUST00756,Website,2026-01-16,Qualified,21,Agent A
LEAD01328,CUST01848,Referral,2025-03-15,Lost,17,Agent B
LEAD01329,CUST01613,Event,2025-10-10,Contacted,20,Agent A
LEAD01330,CUST01742,Website,2025-09-01,Converted,31,Agent A
LEAD01331,CUST01095,Email,2026-04-08,Lost,56,Agent E
LEAD01332,CUST00558,Referral,2025-10-12,Qualified,87,Agent B
LEAD01333,CUST00454,Email,2025-01-04,Qualified,100,Agent D
LEAD01334,CUST01934,Email,2025-10-29,New,68,Agent E
LEAD01335,CUST01005,Advertisement,2025-05-09,Qualified,50,Agent A
LEAD01336,CUST01856,Referral,2025-08-15,Qualified,62,Agent A
LEAD01337,CUST01110,Website,2025-06-26,Contacted,34,Agent C
LEAD01338,CUST01069,Email,2025-04-10,Converted,25,Agent E
LEAD01339,CUST00147,Social Media,2026-07-18,Lost,54,Agent D
LEAD01340,CUST00805,Advertisement,2025-06-01,New,83,Agent E
LEAD01341,CUST01113,Referral,2025-10-30,New,7,Agent C
LEAD01342,CUST00219,Event,2026-05-09,Contacted,12,Agent A
LEAD01343,CUST00325,Website,2025-08-06,Converted,18,Agent E
LEAD01344,CUST01182,Social Media,2026-07-13,Converted,21,Agent B
LEAD01345,CUST00497,Website,2025-08-29,Lost,15,Agent C
LEAD01346,CUST01402,Email,2026-07-19,Converted,14,Agent A
LEAD01347,CUST00921,Event,2025-09-27,Qualified,3,Agent E
LEAD01348,CUST00808,Website,2025-01-09,Converted,35,Agent A
LEAD01349,CUST00235,Social Media,2026-06-02,Qualified,73,Agent C
LEAD01350,CUST00813,Social Media,2026-05-30,Qualified,16,Agent A
LEAD01351,CUST01085,Email,2026-07-28,Qualified,33,Agent B
LEAD01352,CUST01147,Social Media,2025-03-15,Qualified,98,Agent B
LEAD01353,CUST00541,Social Media,2026-05-19,New,17,Agent E
LEAD01354,CUST00056,Email,2025-07-23,Contacted,99,Agent E
LEAD01355,CUST01870,Event,2026-05-17,Contacted,52,Agent B
LEAD01356,CUST01916,Email,2026-07-29,Qualified,73,Agent E
LEAD01357,CUST01809,Advertisement,2025-04-29,Lost,33,Agent A
LEAD01358,CUST00580,Advertisement,2025-08-10,Qualified,33,Agent D
LEAD01359,CUST01206,Advertisement,2025-06-10,Qualified,40,Agent C
LEAD01360,CUST00282,Email,2025-07-01,Contacted,13,Agent D
LEAD01361,CUST01812,Event,2025-12-22,Contacted,32,Agent E
LEAD01362,CUST00011,Event,2025-09-03,Lost,90,Agent A
LEAD01363,CUST00942,Referral,2026-01-27,Lost,1,Agent E
LEAD01364,CUST01714,Email,2026-02-06,Converted,58,Agent A
LEAD01365,CUST01452,Email,2025-05-01,New,69,Agent D
LEAD01366,CUST01727,Advertisement,2025-01-27,Lost,15,Agent C
LEAD01367,CUST00993,Email,2026-03-21,Converted,12,Agent C
LEAD01368,CUST00191,Social Media,2025-04-19,Qualified,56,Agent B
LEAD01369,CUST00016,Referral,2025-04-30,Lost,22,Agent B
LEAD01370,CUST00305,Advertisement,2025-12-25,Contacted,98,Agent E
LEAD01371,CUST00116,Email,2025-06-06,New,20,Agent C
LEAD01372,CUST00896,Advertisement,2025-04-24,Qualified,14,Agent B
LEAD01373,CUST00102,Event,2025-07-02,Converted,34,Agent C
LEAD01374,CUST00372,Event,2025-11-08,Lost,34,Agent B
LEAD01375,CUST00839,Website,2026-05-20,Contacted,17,Agent D
LEAD01376,CUST01472,Website,2026-08-13,Lost,67,Agent C
LEAD01377,CUST01349,Email,2026-03-13,Contacted,35,Agent E
LEAD01378,CUST00117,Referral,2026-06-20,Converted,53,Agent E
LEAD01379,CUST01807,Website,2025-11-13,Contacted,25,Agent A
LEAD01380,CUST01100,Email,2025-09-01,Converted,10,Agent D
LEAD01381,CUST00698,Event,2026-05-04,New,7,Agent A
LEAD01382,CUST00766,Website,2025-06-30,Qualified,6,Agent C
LEAD01383,CUST01697,Social Media,2026-04-30,New,88,Agent E
LEAD01384,CUST00930,Social Media,2026-08-18,New,27,Agent D
LEAD01385,CUST00492,Website,2025-08-21,Contacted,31,Agent C
LEAD01386,CUST00850,Event,2026-01-13,Lost,58,Agent A
LEAD01387,CUST00137,Social Media,2026-04-11,Contacted,10,Agent A
LEAD01388,CUST00307,Advertisement,2026-04-12,New,61,Agent D
LEAD01389,CUST00630,Website,2025-05-03,Contacted,53,Agent D
LEAD01390,CUST00441,Advertisement,2026-07-28,New,80,Agent C
LEAD01391,CUST00699,Website,2025-10-27,Lost,13,Agent D
LEAD01392,CUST00130,Email,2025-01-25,Lost,2,Agent C
LEAD01393,CUST01221,Email,2025-03-12,Converted,78,Agent D
LEAD01394,CUST00231,Social Media,2026-03-10,Qualified,38,Agent E
LEAD01395,CUST00434,Referral,2025-09-12,Lost,7,Agent B
LEAD01396,CUST01956,Website,2025-11-07,New,56,Agent A
LEAD01397,CUST00012,Social Media,2025-12-24,Qualified,47,Agent B
LEAD01398,CUST00560,Email,2025-02-17,Converted,96,Agent A
LEAD01399,CUST01001,Email,2025-07-28,Lost,95,Agent A
LEAD01400,CUST00615,Referral,2025-10-03,Lost,54,Agent C
LEAD01401,CUST00642,Website,2026-04-11,Lost,16,Agent C
LEAD01402,CUST00255,Event,2026-01-24,Qualified,75,Agent E
LEAD01403,CUST00847,Event,2025-02-21,Contacted,21,Agent D
LEAD01404,CUST01511,Advertisement,2026-01-01,New,84,Agent E
LEAD01405,CUST01176,Email,2026-06-22,Lost,61,Agent C
LEAD01406,CUST01849,Event,2025-02-02,Converted,36,Agent B
LEAD01407,CUST01400,Event,2026-08-12,Contacted,98,Agent E
LEAD01408,CUST01580,Event,2025-02-26,New,52,Agent C
LEAD01409,CUST00864,Social Media,2026-01-07,New,39,Agent D
LEAD01410,CUST01226,Email,2025-07-29,Contacted,19,Agent D
LEAD01411,CUST01157,Referral,2026-03-12,Qualified,65,Agent C
LEAD01412,CUST01627,Email,2026-05-18,Converted,27,Agent C
LEAD01413,CUST01003,Advertisement,2026-05-23,Lost,16,Agent D
LEAD01414,CUST00809,Social Media,2026-06-03,Qualified,12,Agent C
LEAD01415,CUST00141,Social Media,2026-05-02,New,65,Agent A
LEAD01416,CUST01719,Social Media,2025-07-04,Converted,93,Agent E
LEAD01417,CUST00872,Email,2025-10-05,Contacted,26,Agent C
LEAD01418,CUST01598,Referral,2026-03-05,Lost,22,Agent E
LEAD01419,CUST01357,Social Media,2025-04-11,Lost,62,Agent D
LEAD01420,CUST00004,Event,2025-12-11,New,15,Agent C
LEAD01421,CUST01303,Email,2025-11-13,Lost,9,Agent B
LEAD01422,CUST00976,Referral,2026-08-10,Converted,64,Agent A
LEAD01423,CUST00480,Website,2025-01-30,Lost,53,Agent E
LEAD01424,CUST00530,Event,2025-02-26,Lost,3,Agent E
LEAD01425,CUST01276,Event,2025-01-18,Qualified,24,Agent B
LEAD01426,CUST00173,Email,2025-11-23,Contacted,20,Agent B
LEAD01427,CUST01213,Website,2025-11-25,Qualified,69,Agent C
LEAD01428,CUST01693,Website,2025-12-20,Converted,67,Agent E
LEAD01429,CUST00174,Social Media,2025-05-25,Converted,75,Agent C
LEAD01430,CUST00016,Event,2025-07-03,Qualified,10,Agent D
LEAD01431,CUST00122,Website,2025-09-06,Qualified,85,Agent D
LEAD01432,CUST01461,Referral,2025-01-28,Converted,21,Agent C
LEAD01433,CUST01696,Social Media,2026-03-25,Qualified,100,Agent C
LEAD01434,CUST01977,Referral,2025-02-01,New,88,Agent E
LEAD01435,CUST00058,Email,2026-02-02,Converted,46,Agent A
LEAD01436,CUST00965,Website,2025-09-28,Qualified,79,Agent A
LEAD01437,CUST00097,Advertisement,2026-08-19,Contacted,68,Agent D
LEAD01438,CUST00743,Referral,2026-02-17,Lost,78,Agent C
LEAD01439,CUST00616,Social Media,2025-10-11,New,2,Agent E
LEAD01440,CUST01212,Advertisement,2026-02-22,Converted,9,Agent D
LEAD01441,CUST01818,Event,2025-03-11,Contacted,91,Agent A
LEAD01442,CUST01610,Advertisement,2025-04-18,Lost,79,Agent B
LEAD01443,CUST00128,Website,2025-10-25,Converted,62,Agent C
LEAD01444,CUST00481,Email,2026-05-27,New,32,Agent C
LEAD01445,CUST00550,Website,2026-05-04,Qualified,43,Agent B
LEAD01446,CUST00502,Event,2025-08-13,Lost,40,Agent E
LEAD01447,CUST00707,Referral,2025-06-19,Lost,44,Agent D
LEAD01448,CUST01215,Email,2026-07-29,Contacted,63,Agent C
LEAD01449,CUST01480,Website,2025-12-03,Converted,76,Agent C
LEAD01450,CUST01880,Advertisement,2025-03-12,Qualified,39,Agent D
LEAD01451,CUST01406,Social Media,2025-05-15,Contacted,84,Agent C
LEAD01452,CUST00597,Event,2026-05-14,Converted,10,Agent B
LEAD01453,CUST00369,Event,2026-06-20,Converted,81,Agent B
LEAD01454,CUST00754,Website,2026-06-26,Contacted,68,Agent D
LEAD01455,CUST01600,Referral,2025-01-05,Lost,52,Agent C
LEAD01456,CUST01987,Email,2026-05-06,Qualified,38,Agent E
LEAD01457,CUST00785,Advertisement,2025-03-08,Converted,38,Agent A
LEAD01458,CUST00353,Advertisement,2026-04-28,New,37,Agent C
LEAD01459,CUST00010,Event,2026-06-10,Lost,95,Agent B
LEAD01460,CUST00154,Referral,2025-08-04,Contacted,3,Agent A
LEAD01461,CUST01274,Social Media,2025-04-26,Contacted,64,Agent C
LEAD01462,CUST01180,Social Media,2026-03-02,Converted,99,Agent A
LEAD01463,CUST01287,Social Media,2025-02-10,Converted,55,Agent C
LEAD01464,CUST00049,Social Media,2025-12-12,Converted,64,Agent D
LEAD01465,CUST00874,Advertisement,2025-07-17,Qualified,60,Agent A
LEAD01466,CUST00361,Social Media,2025-09-10,Qualified,51,Agent E
LEAD01467,CUST00674,Website,2026-05-08,Lost,63,Agent C
LEAD01468,CUST01245,Email,2026-08-15,Contacted,91,Agent B
LEAD01469,CUST00552,Event,2025-08-28,New,72,Agent A
LEAD01470,CUST01320,Social Media,2025-06-23,Converted,85,Agent C
LEAD01471,CUST00579,Event,2026-05-13,Converted,56,Agent E
LEAD01472,CUST01021,Advertisement,2025-09-04,Converted,78,Agent E
LEAD01473,CUST00919,Advertisement,2025-04-30,Qualified,88,Agent E
LEAD01474,CUST00768,Email,2026-06-23,Contacted,22,Agent C
LEAD01475,CUST00253,Event,2026-08-15,Converted,86,Agent B
LEAD01476,CUST01153,Website,2025-06-22,Converted,69,Agent B
LEAD01477,CUST01981,Event,2025-04-05,Lost,45,Agent A
LEAD01478,CUST01287,Email,2025-04-01,Contacted,78,Agent A
LEAD01479,CUST01492,Advertisement,2025-12-23,New,17,Agent E
LEAD01480,CUST01607,Email,2025-07-04,Qualified,70,Agent E
LEAD01481,CUST00077,Advertisement,2026-01-07,Lost,58,Agent E
LEAD01482,CUST01586,Event,2026-03-29,Lost,89,Agent C
LEAD01483,CUST00485,Website,2025-01-04,Converted,63,Agent D
LEAD01484,CUST01330,Social Media,2026-05-28,Qualified,53,Agent D
LEAD01485,CUST01968,Referral,2025-01-18,Qualified,53,Agent B
LEAD01486,CUST01789,Advertisement,2025-03-10,New,56,Agent C
LEAD01487,CUST00829,Email,2026-03-09,New,90,Agent B
LEAD01488,CUST01677,Social Media,2026-01-06,New,79,Agent C
LEAD01489,CUST01238,Social Media,2026-08-07,Qualified,10,Agent E
LEAD01490,CUST00267,Website,2025-12-05,New,54,Agent B
LEAD01491,CUST00480,Website,2025-09-06,Converted,29,Agent E
LEAD01492,CUST01914,Referral,2026-02-03,Qualified,17,Agent A
LEAD01493,CUST01831,Referral,2026-03-31,Contacted,87,Agent E
LEAD01494,CUST01784,Referral,2026-02-04,Qualified,86,Agent D
LEAD01495,CUST00769,Advertisement,2025-08-09,Lost,94,Agent B
LEAD01496,CUST00642,Email,2026-07-26,Converted,40,Agent E
LEAD01497,CUST01613,Event,2025-06-29,Lost,43,Agent E
LEAD01498,CUST00041,Referral,2025-07-26,New,78,Agent A
LEAD01499,CUST01795,Advertisement,2025-06-15,Lost,20,Agent D
LEAD01500,CUST01208,Event,2025-06-28,Contacted,6,Agent D
LEAD01501,CUST01266,Event,2025-05-07,New,43,Agent A
LEAD01502,CUST00877,Social Media,2025-12-13,New,63,Agent E
LEAD01503,CUST01959,Event,2026-03-11,Converted,46,Agent B
LEAD01504,CUST01500,Advertisement,2025-09-13,New,22,Agent E
LEAD01505,CUST00108,Email,2026-07-04,New,52,Agent A
LEAD01506,CUST01050,Social Media,2025-10-10,Converted,95,Agent D
LEAD01507,CUST01720,Email,2025-10-06,New,28,Agent A
LEAD01508,CUST00153,Advertisement,2025-02-11,Converted,41,Agent B
LEAD01509,CUST01474,Referral,2026-06-23,Contacted,32,Agent B
LEAD01510,CUST00490,Advertisement,2025-03-30,Converted,30,Agent C
LEAD01511,CUST01014,Event,2025-04-08,New,66,Agent B
LEAD01512,CUST01766,Referral,2026-07-12,New,38,Agent E
LEAD01513,CUST00985,Advertisement,2025-11-06,Qualified,63,Agent E
LEAD01514,CUST00076,Email,2025-02-10,Qualified,2,Agent C
LEAD01515,CUST00042,Social Media,2025-09-21,Qualified,67,Agent D
LEAD01516,CUST01474,Referral,2025-12-18,Contacted,11,Agent E
LEAD01517,CUST01862,Advertisement,2025-01-07,Lost,38,Agent A
LEAD01518,CUST00584,Email,2026-03-26,Lost,88,Agent C
LEAD01519,CUST01871,Website,2026-02-03,Contacted,34,Agent D
LEAD01520,CUST00906,Event,2025-01-08,Lost,70,Agent C
LEAD01521,CUST00118,Website,2026-01-04,Qualified,36,Agent B
LEAD01522,CUST01063,Referral,2025-05-13,New,91,Agent C
LEAD01523,CUST01948,Event,2026-03-14,New,96,Agent B
LEAD01524,CUST00501,Referral,2025-08-13,Qualified,91,Agent E
LEAD01525,CUST01922,Event,2025-05-01,Lost,40,Agent C
LEAD01526,CUST01304,Social Media,2025-10-30,Lost,32,Agent A
LEAD01527,CUST00793,Event,2025-09-22,Contacted,61,Agent A
LEAD01528,CUST01387,Email,2025-07-23,Lost,82,Agent D
LEAD01529,CUST00802,Website,2026-06-08,Qualified,53,Agent B
LEAD01530,CUST00171,Email,2026-01-22,Lost,74,Agent C
LEAD01531,CUST01742,Referral,2025-10-18,New,88,Agent E
LEAD01532,CUST00748,Website,2025-05-15,Contacted,76,Agent E
LEAD01533,CUST01132,Social Media,2025-12-05,Qualified,37,Agent D
LEAD01534,CUST01489,Referral,2025-01-16,Converted,25,Agent B
LEAD01535,CUST00166,Referral,2026-06-12,Lost,44,Agent C
LEAD01536,CUST01444,Social Media,2025-01-01,Lost,58,Agent B
LEAD01537,CUST00731,Advertisement,2026-02-21,Qualified,85,Agent B
LEAD01538,CUST01090,Event,2025-07-25,Lost,31,Agent B
LEAD01539,CUST00915,Email,2026-03-05,New,17,Agent E
LEAD01540,CUST01556,Website,2025-08-04,Contacted,32,Agent E
LEAD01541,CUST00376,Website,2025-01-16,Contacted,60,Agent D
LEAD01542,CUST00216,Social Media,2026-07-20,New,24,Agent E
LEAD01543,CUST00822,Email,2026-04-02,Qualified,40,Agent A
LEAD01544,CUST00237,Advertisement,2025-01-27,Lost,26,Agent E
LEAD01545,CUST00486,Website,2025-01-20,Contacted,99,Agent C
LEAD01546,CUST01315,Social Media,2025-11-12,Contacted,52,Agent C
LEAD01547,CUST01638,Social Media,2026-07-25,New,73,Agent A
LEAD01548,CUST01387,Email,2025-12-11,New,53,Agent C
LEAD01549,CUST00636,Referral,2025-01-07,New,2,Agent E
LEAD01550,CUST01630,Social Media,2026-02-21,Converted,27,Agent A
LEAD01551,CUST00813,Advertisement,2025-09-12,New,84,Agent D
LEAD01552,CUST00363,Social Media,2026-01-16,New,52,Agent D
LEAD01553,CUST01513,Email,2025-07-28,Lost,71,Agent A
LEAD01554,CUST01034,Event,2025-01-05,New,77,Agent A
LEAD01555,CUST00742,Event,2025-01-11,Contacted,57,Agent E
LEAD01556,CUST01322,Referral,2026-01-12,Converted,58,Agent D
LEAD01557,CUST01450,Advertisement,2026-01-14,Contacted,24,Agent E
LEAD01558,CUST00448,Referral,2025-07-12,Contacted,25,Agent D
LEAD01559,CUST00235,Advertisement,2025-02-19,Contacted,15,Agent A
LEAD01560,CUST01034,Advertisement,2026-04-06,Qualified,30,Agent A
LEAD01561,CUST00104,Event,2025-04-01,Lost,63,Agent A
LEAD01562,CUST01277,Advertisement,2025-04-23,Lost,93,Agent D
LEAD01563,CUST00880,Email,2025-09-27,Contacted,44,Agent C
LEAD01564,CUST00429,Email,2026-03-03,Contacted,61,Agent D
LEAD01565,CUST01198,Website,2026-08-17,Qualified,87,Agent C
LEAD01566,CUST00752,Website,2026-01-08,Qualified,68,Agent A
LEAD01567,CUST00777,Website,2026-07-27,New,27,Agent E
LEAD01568,CUST00433,Website,2026-01-24,Converted,29,Agent E
LEAD01569,CUST01353,Advertisement,2026-05-21,Qualified,64,Agent E
LEAD01570,CUST01806,Referral,2025-04-15,Converted,29,Agent A
LEAD01571,CUST01238,Website,2025-02-03,Qualified,25,Agent A
LEAD01572,CUST00474,Advertisement,2026-02-03,Lost,60,Agent C
LEAD01573,CUST01667,Referral,2026-08-05,Contacted,64,Agent C
LEAD01574,CUST00242,Email,2026-03-16,Contacted,26,Agent C
LEAD01575,CUST00580,Advertisement,2025-10-19,Converted,5,Agent A
LEAD01576,CUST00071,Event,2025-03-08,Qualified,77,Agent A
LEAD01577,CUST01697,Advertisement,2025-07-22,Qualified,40,Agent D
LEAD01578,CUST00090,Advertisement,2026-02-12,New,64,Agent D
LEAD01579,CUST01093,Website,2025-04-10,New,18,Agent E
LEAD01580,CUST00384,Website,2025-10-15,Lost,32,Agent E
LEAD01581,CUST00425,Social Media,2025-06-22,Contacted,61,Agent C
LEAD01582,CUST01217,Event,2025-10-20,Lost,13,Agent B
LEAD01583,CUST01608,Email,2026-04-01,Converted,32,Agent D
LEAD01584,CUST00036,Referral,2026-06-12,Qualified,72,Agent D
LEAD01585,CUST00318,Referral,2025-09-02,Contacted,78,Agent C
LEAD01586,CUST00574,Referral,2026-05-08,New,36,Agent C
LEAD01587,CUST01888,Referral,2026-02-23,Qualified,12,Agent B
LEAD01588,CUST00117,Advertisement,2026-07-04,Contacted,3,Agent D
LEAD01589,CUST00358,Social Media,2026-03-18,Qualified,56,Agent D
LEAD01590,CUST00808,Advertisement,2025-11-25,New,70,Agent C
LEAD01591,CUST00652,Website,2026-02-06,Contacted,60,Agent C
LEAD01592,CUST00098,Website,2025-07-09,Qualified,41,Agent B
LEAD01593,CUST01081,Email,2026-02-06,Lost,3,Agent C
LEAD01594,CUST01216,Referral,2026-02-27,Lost,23,Agent E
LEAD01595,CUST00354,Website,2025-12-31,Converted,4,Agent A
LEAD01596,CUST01377,Event,2025-03-03,Lost,47,Agent B
LEAD01597,CUST00114,Website,2025-11-05,Converted,31,Agent D
LEAD01598,CUST01463,Website,2026-02-28,New,8,Agent C
LEAD01599,CUST00519,Social Media,2025-04-28,Converted,61,Agent A
LEAD01600,CUST00449,Event,2026-04-15,Converted,38,Agent B
LEAD01601,CUST00393,Event,2026-05-18,Lost,97,Agent D
LEAD01602,CUST01738,Event,2025-11-18,New,42,Agent E
LEAD01603,CUST01005,Website,2026-07-29,Contacted,10,Agent E
LEAD01604,CUST01381,Referral,2026-05-27,Qualified,71,Agent A
LEAD01605,CUST00408,Social Media,2025-10-06,Contacted,71,Agent B
LEAD01606,CUST00114,Referral,2026-06-12,New,93,Agent C
LEAD01607,CUST00077,Event,2026-07-11,Qualified,70,Agent E
LEAD01608,CUST00882,Referral,2025-03-06,Converted,37,Agent A
LEAD01609,CUST00653,Event,2026-08-18,Lost,67,Agent D
LEAD01610,CUST01536,Advertisement,2025-01-03,Converted,80,Agent D
LEAD01611,CUST01577,Event,2025-10-17,Lost,52,Agent D
LEAD01612,CUST00622,Social Media,2026-07-14,New,80,Agent A
LEAD01613,CUST00868,Social Media,2026-03-08,Lost,97,Agent A
LEAD01614,CUST00764,Event,2025-06-08,Converted,76,Agent A
LEAD01615,CUST01351,Email,2026-01-19,Converted,51,Agent C
LEAD01616,CUST01260,Referral,2025-05-08,Contacted,50,Agent D
LEAD01617,CUST01303,Website,2025-05-22,Converted,84,Agent E
LEAD01618,CUST00111,Email,2026-06-28,Contacted,88,Agent B
LEAD01619,CUST00676,Event,2025-01-29,Lost,27,Agent A
LEAD01620,CUST01934,Website,2026-07-28,Converted,1,Agent B
LEAD01621,CUST00684,Event,2025-09-28,New,81,Agent B
LEAD01622,CUST00349,Website,2025-02-08,Lost,24,Agent E
LEAD01623,CUST00400,Event,2026-04-15,Qualified,100,Agent D
LEAD01624,CUST00054,Email,2025-01-29,Contacted,4,Agent A
LEAD01625,CUST01562,Website,2025-07-13,Lost,92,Agent A
LEAD01626,CUST00011,Email,2025-05-24,Contacted,68,Agent A
LEAD01627,CUST01193,Website,2026-04-13,Qualified,31,Agent B
LEAD01628,CUST00800,Referral,2025-08-25,Contacted,4,Agent B
LEAD01629,CUST00190,Email,2026-01-26,Contacted,85,Agent E
LEAD01630,CUST01769,Social Media,2025-02-13,New,12,Agent B
LEAD01631,CUST01484,Advertisement,2026-02-19,Contacted,10,Agent A
LEAD01632,CUST01640,Advertisement,2026-02-28,Converted,80,Agent B
LEAD01633,CUST01874,Advertisement,2025-06-20,Converted,68,Agent C
LEAD01634,CUST01825,Website,2026-06-10,New,13,Agent E
LEAD01635,CUST01402,Referral,2025-10-08,Converted,35,Agent E
LEAD01636,CUST01068,Referral,2026-02-02,Converted,67,Agent D
LEAD01637,CUST01394,Event,2025-04-19,Qualified,66,Agent D
LEAD01638,CUST00898,Social Media,2026-07-10,Lost,37,Agent B
LEAD01639,CUST00363,Email,2025-05-27,Contacted,42,Agent A
LEAD01640,CUST00772,Referral,2026-01-09,New,8,Agent D
LEAD01641,CUST00934,Referral,2025-02-23,Qualified,1,Agent E
LEAD01642,CUST00093,Event,2025-01-27,New,97,Agent E
LEAD01643,CUST01695,Event,2025-03-17,Lost,24,Agent A
LEAD01644,CUST01820,Email,2026-07-16,Contacted,93,Agent C
LEAD01645,CUST00840,Referral,2025-05-06,New,5,Agent A
LEAD01646,CUST00993,Event,2026-06-09,Qualified,99,Agent C
LEAD01647,CUST01682,Advertisement,2025-12-12,Qualified,43,Agent E
LEAD01648,CUST00911,Event,2025-02-22,Lost,81,Agent D
LEAD01649,CUST01377,Advertisement,2025-09-20,Qualified,85,Agent B
LEAD01650,CUST01031,Social Media,2025-10-13,Converted,36,Agent A
LEAD01651,CUST00543,Website,2025-06-09,Lost,74,Agent E
LEAD01652,CUST01589,Email,2025-12-27,Contacted,34,Agent A
LEAD01653,CUST00386,Social Media,2026-05-29,Qualified,79,Agent B
LEAD01654,CUST00449,Website,2026-06-11,New,96,Agent D
LEAD01655,CUST01383,Website,2025-11-09,Converted,81,Agent A
LEAD01656,CUST01420,Referral,2026-06-17,Contacted,73,Agent B
LEAD01657,CUST01909,Referral,2026-07-05,Lost,38,Agent B
LEAD01658,CUST01422,Email,2025-02-22,Contacted,11,Agent E
LEAD01659,CUST00050,Event,2026-01-14,New,51,Agent A
LEAD01660,CUST01700,Referral,2026-04-06,Lost,13,Agent D
LEAD01661,CUST00828,Website,2025-01-10,Converted,51,Agent D
LEAD01662,CUST00018,Website,2025-12-26,Converted,87,Agent B
LEAD01663,CUST01159,Advertisement,2026-06-29,New,12,Agent D
LEAD01664,CUST00341,Social Media,2025-06-09,Qualified,91,Agent A
LEAD01665,CUST00832,Website,2026-05-27,New,60,Agent A
LEAD01666,CUST00943,Email,2026-07-11,New,5,Agent E
LEAD01667,CUST00149,Advertisement,2026-01-14,Converted,73,Agent B
LEAD01668,CUST01702,Website,2026-01-11,Contacted,1,Agent B
LEAD01669,CUST01021,Advertisement,2025-11-15,Lost,62,Agent C
LEAD01670,CUST01931,Email,2025-09-01,New,51,Agent C
LEAD01671,CUST00930,Referral,2025-09-27,Qualified,75,Agent D
LEAD01672,CUST01190,Email,2025-11-08,New,38,Agent D
LEAD01673,CUST01625,Social Media,2025-10-15,New,12,Agent D
LEAD01674,CUST00425,Event,2026-05-08,New,39,Agent C
LEAD01675,CUST01818,Website,2026-04-04,New,77,Agent B
LEAD01676,CUST00370,Referral,2025-07-27,New,96,Agent E
LEAD01677,CUST01992,Email,2025-11-02,Contacted,21,Agent A
LEAD01678,CUST01279,Email,2025-05-09,New,36,Agent E
LEAD01679,CUST01038,Website,2025-04-15,Qualified,88,Agent B
LEAD01680,CUST00421,Referral,2025-08-08,Contacted,32,Agent A
LEAD01681,CUST01139,Event,2025-02-04,Contacted,25,Agent D
LEAD01682,CUST01107,Advertisement,2026-05-25,Contacted,84,Agent E
LEAD01683,CUST01968,Email,2025-03-17,Contacted,50,Agent A
LEAD01684,CUST01670,Email,2025-07-14,Qualified,59,Agent D
LEAD01685,CUST00966,Social Media,2025-05-30,Converted,49,Agent C
LEAD01686,CUST00780,Website,2025-05-04,Converted,61,Agent E
LEAD01687,CUST00775,Email,2025-08-08,Qualified,27,Agent C
LEAD01688,CUST00757,Email,2026-03-05,Lost,74,Agent E
LEAD01689,CUST00028,Social Media,2026-06-16,Lost,37,Agent B
LEAD01690,CUST00073,Event,2025-04-23,Converted,53,Agent A
LEAD01691,CUST01503,Referral,2025-05-23,Converted,19,Agent E
LEAD01692,CUST00509,Social Media,2025-10-07,Lost,2,Agent C
LEAD01693,CUST00823,Referral,2025-07-10,Contacted,58,Agent C
LEAD01694,CUST01397,Social Media,2026-04-22,Lost,14,Agent C
LEAD01695,CUST01216,Website,2025-05-13,Qualified,92,Agent C
LEAD01696,CUST00721,Event,2025-08-28,Lost,96,Agent D
LEAD01697,CUST01505,Referral,2025-11-22,Qualified,32,Agent B
LEAD01698,CUST00317,Email,2025-08-16,Converted,29,Agent C
LEAD01699,CUST00946,Event,2026-01-03,Contacted,51,Agent B
LEAD01700,CUST00212,Advertisement,2026-04-22,Qualified,21,Agent C
LEAD01701,CUST01064,Referral,2025-11-14,New,87,Agent A
LEAD01702,CUST00191,Referral,2025-09-30,Lost,11,Agent C
LEAD01703,CUST01884,Referral,2026-07-22,New,46,Agent B
LEAD01704,CUST01319,Event,2026-08-09,Converted,19,Agent B
LEAD01705,CUST00491,Website,2026-08-17,Converted,84,Agent C
LEAD01706,CUST01226,Email,2025-01-10,Converted,15,Agent D
LEAD01707,CUST00700,Email,2026-05-15,Lost,45,Agent B
LEAD01708,CUST01038,Email,2026-06-20,Qualified,84,Agent E
LEAD01709,CUST00335,Website,2026-04-25,Qualified,45,Agent D
LEAD01710,CUST01001,Social Media,2026-03-23,Qualified,19,Agent A
LEAD01711,CUST00214,Event,2025-08-07,Contacted,16,Agent D
LEAD01712,CUST00307,Social Media,2026-03-09,Contacted,61,Agent C
LEAD01713,CUST01169,Social Media,2025-12-12,Converted,13,Agent D
LEAD01714,CUST01002,Email,2026-05-11,Qualified,36,Agent A
LEAD01715,CUST00588,Advertisement,2025-07-29,Lost,62,Agent A
LEAD01716,CUST00120,Referral,2026-03-19,Contacted,38,Agent C
LEAD01717,CUST00848,Referral,2026-04-13,Contacted,83,Agent D
LEAD01718,CUST01852,Referral,2026-05-12,New,69,Agent A
LEAD01719,CUST01417,Social Media,2025-04-13,Qualified,14,Agent A
LEAD01720,CUST00117,Event,2026-05-30,New,82,Agent B
LEAD01721,CUST01876,Email,2025-05-10,Qualified,92,Agent B
LEAD01722,CUST00848,Referral,2026-07-13,New,21,Agent C
LEAD01723,CUST01152,Referral,2025-01-24,Converted,36,Agent A
LEAD01724,CUST00002,Website,2025-05-14,Qualified,40,Agent A
LEAD01725,CUST00621,Website,2025-12-29,Qualified,43,Agent E
LEAD01726,CUST01573,Website,2025-11-20,Contacted,47,Agent A
LEAD01727,CUST00662,Referral,2026-02-15,Qualified,90,Agent E
LEAD01728,CUST00333,Email,2025-08-29,Converted,66,Agent E
LEAD01729,CUST00182,Email,2025-01-03,Contacted,90,Agent A
LEAD01730,CUST01850,Advertisement,2026-01-04,New,36,Agent B
LEAD01731,CUST01626,Event,2025-11-01,Lost,53,Agent A
LEAD01732,CUST00088,Social Media,2025-10-31,Lost,11,Agent D
LEAD01733,CUST01851,Advertisement,2025-08-13,Lost,28,Agent C
LEAD01734,CUST01642,Website,2026-06-15,Converted,59,Agent B
LEAD01735,CUST00720,Event,2026-04-18,Contacted,18,Agent E
LEAD01736,CUST01314,Email,2025-04-19,Lost,97,Agent C
LEAD01737,CUST00516,Event,2025-01-24,Qualified,28,Agent A
LEAD01738,CUST00500,Referral,2025-04-19,New,17,Agent D
LEAD01739,CUST01430,Event,2025-01-29,Contacted,79,Agent D
LEAD01740,CUST00405,Advertisement,2026-02-27,Contacted,10,Agent C
LEAD01741,CUST00711,Referral,2026-01-05,Lost,33,Agent C
LEAD01742,CUST00716,Event,2025-10-03,New,20,Agent B
LEAD01743,CUST00301,Website,2025-12-19,Qualified,70,Agent D
LEAD01744,CUST01657,Referral,2026-04-27,New,85,Agent B
LEAD01745,CUST01348,Email,2026-05-11,Contacted,20,Agent C
LEAD01746,CUST01724,Social Media,2025-09-16,Lost,42,Agent A
LEAD01747,CUST01048,Referral,2025-12-19,Lost,48,Agent D
LEAD01748,CUST00351,Social Media,2025-12-10,New,70,Agent D
LEAD01749,CUST00560,Website,2026-07-20,Converted,36,Agent D
LEAD01750,CUST00707,Email,2026-03-30,Contacted,53,Agent C
LEAD01751,CUST01884,Advertisement,2025-07-07,Converted,51,Agent C
LEAD01752,CUST00475,Website,2026-06-13,Qualified,2,Agent A
LEAD01753,CUST01387,Referral,2025-08-26,Converted,57,Agent C
LEAD01754,CUST00246,Advertisement,2026-03-28,Qualified,57,Agent D
LEAD01755,CUST01912,Advertisement,2026-08-06,Lost,100,Agent A
LEAD01756,CUST01293,Email,2026-04-28,New,52,Agent B
LEAD01757,CUST00862,Email,2025-03-06,Lost,90,Agent E
LEAD01758,CUST00692,Advertisement,2025-05-03,Converted,35,Agent A
LEAD01759,CUST00710,Social Media,2026-04-20,Converted,70,Agent E
LEAD01760,CUST00451,Advertisement,2025-03-15,New,91,Agent A
LEAD01761,CUST01200,Advertisement,2025-01-07,New,16,Agent A
LEAD01762,CUST01732,Referral,2025-06-03,Contacted,57,Agent E
LEAD01763,CUST00483,Website,2025-10-17,Contacted,92,Agent E
LEAD01764,CUST01497,Event,2025-03-18,New,56,Agent A
LEAD01765,CUST01133,Email,2025-04-02,Converted,90,Agent B
LEAD01766,CUST01548,Advertisement,2025-07-21,Qualified,42,Agent C
LEAD01767,CUST01540,Website,2025-12-23,Lost,89,Agent D
LEAD01768,CUST00079,Social Media,2025-11-21,Qualified,63,Agent B
LEAD01769,CUST00043,Email,2026-04-21,Qualified,48,Agent E
LEAD01770,CUST01831,Website,2026-08-08,Qualified,22,Agent E
LEAD01771,CUST00311,Email,2025-01-20,Contacted,18,Agent A
LEAD01772,CUST01150,Referral,2026-02-15,Converted,29,Agent B
LEAD01773,CUST01507,Website,2025-04-08,New,76,Agent E
LEAD01774,CUST01008,Referral,2025-08-03,New,47,Agent B
LEAD01775,CUST00013,Email,2025-07-24,Lost,39,Agent D
LEAD01776,CUST00022,Advertisement,2026-02-22,Qualified,47,Agent D
LEAD01777,CUST01340,Website,2025-06-02,New,35,Agent D
LEAD01778,CUST01796,Social Media,2026-06-18,Qualified,81,Agent E
LEAD01779,CUST00687,Referral,2025-08-17,Contacted,40,Agent D
LEAD01780,CUST01088,Email,2026-05-01,New,48,Agent B
LEAD01781,CUST01868,Email,2026-07-22,Lost,56,Agent C
LEAD01782,CUST01651,Advertisement,2025-11-01,Qualified,65,Agent C
LEAD01783,CUST01082,Social Media,2025-03-02,Lost,34,Agent E
LEAD01784,CUST01312,Referral,2026-02-23,Qualified,8,Agent E
LEAD01785,CUST01923,Referral,2025-09-10,Contacted,69,Agent A
LEAD01786,CUST01594,Email,2025-07-21,New,57,Agent B
LEAD01787,CUST00832,Social Media,2025-09-30,Contacted,65,Agent D
LEAD01788,CUST01386,Website,2025-06-28,New,55,Agent E
LEAD01789,CUST00658,Advertisement,2025-06-17,Converted,51,Agent B
LEAD01790,CUST01842,Website,2026-08-13,Contacted,95,Agent E
LEAD01791,CUST00188,Advertisement,2025-06-15,Qualified,6,Agent B
LEAD01792,CUST00451,Website,2025-10-01,Qualified,10,Agent C
LEAD01793,CUST00693,Event,2026-03-02,Converted,94,Agent C
LEAD01794,CUST00405,Referral,2025-05-12,Lost,89,Agent C
LEAD01795,CUST01191,Email,2026-01-04,Contacted,42,Agent C
LEAD01796,CUST01426,Social Media,2026-06-18,Contacted,55,Agent B
LEAD01797,CUST01781,Social Media,2026-04-30,Contacted,45,Agent D
LEAD01798,CUST01003,Social Media,2025-01-18,Lost,100,Agent D
LEAD01799,CUST01243,Advertisement,2025-08-30,Lost,46,Agent A
LEAD01800,CUST01199,Referral,2025-01-01,New,76,Agent E
LEAD01801,CUST00007,Referral,2025-12-28,Qualified,37,Agent C
LEAD01802,CUST01418,Website,2025-07-13,Lost,39,Agent C
LEAD01803,CUST00047,Email,2026-06-17,New,68,Agent B
LEAD01804,CUST01095,Email,2025-04-15,Lost,40,Agent A
LEAD01805,CUST02000,Event,2026-05-23,Lost,2,Agent A
LEAD01806,CUST01576,Website,2025-07-24,Converted,18,Agent D
LEAD01807,CUST01013,Email,2026-07-03,Lost,88,Agent C
LEAD01808,CUST00638,Email,2025-04-29,Converted,37,Agent B
LEAD01809,CUST01675,Advertisement,2025-06-10,Converted,11,Agent A
LEAD01810,CUST01718,Advertisement,2025-07-29,Contacted,94,Agent A
LEAD01811,CUST00737,Referral,2026-08-11,Qualified,100,Agent D
LEAD01812,CUST00216,Email,2026-03-14,Lost,50,Agent E
LEAD01813,CUST01165,Social Media,2026-05-02,Converted,63,Agent B
LEAD01814,CUST01269,Event,2025-11-26,Qualified,76,Agent C
LEAD01815,CUST01869,Referral,2026-04-19,New,7,Agent C
LEAD01816,CUST01781,Event,2026-01-09,New,30,Agent D
LEAD01817,CUST00459,Advertisement,2026-02-02,Converted,57,Agent B
LEAD01818,CUST00506,Event,2026-05-14,Converted,55,Agent A
LEAD01819,CUST01994,Advertisement,2026-08-10,Lost,34,Agent E
LEAD01820,CUST00654,Advertisement,2025-12-10,New,1,Agent C
LEAD01821,CUST00917,Website,2025-09-21,Contacted,96,Agent A
LEAD01822,CUST00611,Advertisement,2026-01-25,Converted,62,Agent E
LEAD01823,CUST00787,Email,2026-03-18,New,76,Agent A
LEAD01824,CUST01129,Social Media,2026-08-11,Qualified,44,Agent E
LEAD01825,CUST00585,Event,2026-02-21,Converted,51,Agent C
LEAD01826,CUST00826,Event,2026-07-23,New,45,Agent D
LEAD01827,CUST00706,Email,2026-03-13,Qualified,43,Agent B
LEAD01828,CUST00216,Email,2026-07-22,Qualified,68,Agent D
LEAD01829,CUST01574,Website,2026-03-24,Lost,100,Agent B
LEAD01830,CUST01783,Website,2026-06-12,Contacted,78,Agent D
LEAD01831,CUST00985,Referral,2025-04-24,Converted,67,Agent D
LEAD01832,CUST00410,Event,2026-08-15,New,2,Agent D
LEAD01833,CUST01287,Advertisement,2025-07-28,Qualified,52,Agent C
LEAD01834,CUST01069,Event,2026-04-21,Converted,96,Agent A
LEAD01835,CUST01103,Website,2025-08-22,Contacted,40,Agent A
LEAD01836,CUST01190,Email,2025-09-30,New,55,Agent C
LEAD01837,CUST01436,Social Media,2026-03-22,Qualified,33,Agent E
LEAD01838,CUST00082,Social Media,2025-11-19,Converted,20,Agent A
LEAD01839,CUST00199,Email,2026-03-03,Qualified,71,Agent A
LEAD01840,CUST00192,Referral,2025-02-17,Contacted,32,Agent C
LEAD01841,CUST00310,Event,2026-05-12,New,59,Agent A
LEAD01842,CUST01944,Referral,2025-09-01,New,60,Agent A
LEAD01843,CUST01461,Social Media,2026-04-15,New,85,Agent B
LEAD01844,CUST01330,Event,2025-06-20,Lost,94,Agent D
LEAD01845,CUST01398,Event,2025-12-22,New,56,Agent D
LEAD01846,CUST00068,Advertisement,2025-12-17,Lost,6,Agent C
LEAD01847,CUST00427,Referral,2025-03-25,New,59,Agent E
LEAD01848,CUST01589,Advertisement,2025-10-10,Contacted,89,Agent A
LEAD01849,CUST00926,Email,2026-01-14,Contacted,48,Agent D
LEAD01850,CUST01018,Social Media,2026-05-14,Qualified,57,Agent C
LEAD01851,CUST01501,Website,2026-06-13,Converted,77,Agent E
LEAD01852,CUST00151,Referral,2025-08-18,Qualified,44,Agent A
LEAD01853,CUST01598,Event,2026-01-19,Lost,42,Agent D
LEAD01854,CUST01362,Email,2025-04-15,Lost,49,Agent D
LEAD01855,CUST00808,Event,2026-06-18,Lost,86,Agent A
LEAD01856,CUST00999,Email,2026-06-02,Lost,49,Agent E
LEAD01857,CUST00149,Website,2026-08-19,Lost,33,Agent D
LEAD01858,CUST00410,Event,2025-10-17,New,60,Agent C
LEAD01859,CUST00493,Advertisement,2025-08-03,Contacted,70,Agent C
LEAD01860,CUST01756,Social Media,2026-03-28,Converted,92,Agent D
LEAD01861,CUST00226,Advertisement,2026-03-08,Lost,90,Agent B
LEAD01862,CUST00583,Website,2025-05-07,Lost,79,Agent D
LEAD01863,CUST00264,Advertisement,2025-11-18,Contacted,77,Agent A
LEAD01864,CUST00570,Email,2026-01-19,Qualified,45,Agent D
LEAD01865,CUST00022,Event,2025-09-29,New,35,Agent E
LEAD01866,CUST00546,Event,2025-08-10,Lost,57,Agent D
LEAD01867,CUST01448,Advertisement,2025-05-23,Contacted,71,Agent C
LEAD01868,CUST01535,Social Media,2025-09-03,Qualified,52,Agent C
LEAD01869,CUST00759,Website,2025-05-27,Converted,21,Agent D
LEAD01870,CUST01413,Advertisement,2025-06-29,Lost,2,Agent B
LEAD01871,CUST01238,Website,2025-04-21,New,6,Agent C
LEAD01872,CUST01807,Event,2025-08-13,New,43,Agent D
LEAD01873,CUST01610,Referral,2026-01-12,New,80,Agent A
LEAD01874,CUST00459,Advertisement,2025-08-14,New,79,Agent B
LEAD01875,CUST01178,Advertisement,2025-03-26,Lost,81,Agent D
LEAD01876,CUST01573,Social Media,2026-04-23,Contacted,71,Agent A
LEAD01877,CUST00612,Event,2025-09-15,New,3,Agent A
LEAD01878,CUST01147,Social Media,2025-12-14,Lost,89,Agent B
LEAD01879,CUST00801,Social Media,2025-11-08,Lost,95,Agent E
LEAD01880,CUST00618,Advertisement,2025-10-29,New,85,Agent D
LEAD01881,CUST00399,Referral,2025-09-19,Converted,45,Agent A
LEAD01882,CUST00071,Advertisement,2026-03-27,Converted,22,Agent D
LEAD01883,CUST01500,Event,2026-05-25,Lost,91,Agent C
LEAD01884,CUST01638,Advertisement,2026-06-23,Lost,19,Agent A
LEAD01885,CUST01304,Event,2025-09-22,Qualified,79,Agent C
LEAD01886,CUST00483,Email,2025-07-23,New,97,Agent D
LEAD01887,CUST00038,Social Media,2025-02-19,Lost,91,Agent A
LEAD01888,CUST01264,Social Media,2025-09-21,Converted,53,Agent D
LEAD01889,CUST00400,Referral,2026-08-15,New,84,Agent B
LEAD01890,CUST01098,Referral,2025-06-05,Lost,84,Agent E
LEAD01891,CUST01941,Website,2026-05-19,Converted,98,Agent C
LEAD01892,CUST00009,Social Media,2026-03-27,Converted,37,Agent D
LEAD01893,CUST01155,Advertisement,2026-01-29,Lost,63,Agent B
LEAD01894,CUST01989,Advertisement,2025-12-03,Qualified,82,Agent E
LEAD01895,CUST00669,Email,2026-03-27,Lost,23,Agent D
LEAD01896,CUST01629,Social Media,2025-02-28,Lost,23,Agent C
LEAD01897,CUST01657,Event,2025-03-18,New,39,Agent B
LEAD01898,CUST00973,Email,2025-04-27,Converted,37,Agent A
LEAD01899,CUST00614,Website,2026-04-02,Converted,76,Agent E
LEAD01900,CUST01361,Advertisement,2025-09-15,Contacted,94,Agent C
LEAD01901,CUST01239,Advertisement,2025-05-04,Converted,16,Agent B
LEAD01902,CUST00954,Advertisement,2025-01-27,Qualified,33,Agent D
LEAD01903,CUST00386,Website,2025-10-19,Qualified,93,Agent B
LEAD01904,CUST01490,Advertisement,2025-08-26,Converted,60,Agent A
LEAD01905,CUST00423,Event,2025-04-17,Contacted,21,Agent D
LEAD01906,CUST00269,Event,2025-01-14,Lost,61,Agent E
LEAD01907,CUST00135,Referral,2026-03-26,Contacted,88,Agent D
LEAD01908,CUST00893,Social Media,2026-04-10,Qualified,38,Agent A
LEAD01909,CUST00241,Social Media,2025-05-27,Contacted,49,Agent E
LEAD01910,CUST00672,Advertisement,2025-10-22,Converted,62,Agent B
LEAD01911,CUST00484,Social Media,2025-05-31,New,85,Agent A
LEAD01912,CUST00920,Referral,2025-09-01,Contacted,57,Agent D
LEAD01913,CUST01556,Advertisement,2025-03-07,Contacted,96,Agent C
LEAD01914,CUST00901,Referral,2026-07-18,Converted,76,Agent E
LEAD01915,CUST01115,Advertisement,2026-03-06,New,43,Agent C
LEAD01916,CUST00287,Advertisement,2026-06-22,Lost,49,Agent D
LEAD01917,CUST00227,Referral,2025-06-26,Lost,70,Agent B
LEAD01918,CUST01953,Email,2026-06-05,Lost,8,Agent C
LEAD01919,CUST01240,Email,2025-11-05,Qualified,23,Agent C
LEAD01920,CUST00031,Event,2025-04-29,Contacted,24,Agent A
LEAD01921,CUST01131,Email,2025-07-18,Lost,81,Agent E
LEAD01922,CUST00021,Website,2026-04-29,Contacted,83,Agent B
LEAD01923,CUST00155,Event,2026-04-07,Qualified,82,Agent C
LEAD01924,CUST00747,Event,2026-03-06,Lost,11,Agent A
LEAD01925,CUST01313,Event,2025-05-15,Lost,30,Agent C
LEAD01926,CUST01241,Advertisement,2026-01-22,Qualified,32,Agent A
LEAD01927,CUST01582,Email,2026-07-15,Converted,3,Agent A
LEAD01928,CUST00360,Event,2025-01-30,New,26,Agent E
LEAD01929,CUST00384,Social Media,2025-07-11,Converted,44,Agent E
LEAD01930,CUST01067,Social Media,2025-02-17,Converted,89,Agent E
LEAD01931,CUST01738,Website,2025-03-03,Qualified,18,Agent D
LEAD01932,CUST01446,Event,2026-08-18,Converted,87,Agent A
LEAD01933,CUST01339,Referral,2025-05-24,Qualified,82,Agent C
LEAD01934,CUST00189,Advertisement,2025-04-17,Converted,16,Agent E
LEAD01935,CUST01757,Email,2025-02-14,Contacted,27,Agent B
LEAD01936,CUST01969,Advertisement,2026-08-08,Converted,46,Agent C
LEAD01937,CUST01165,Advertisement,2025-10-07,New,95,Agent A
LEAD01938,CUST00674,Social Media,2026-04-17,Qualified,79,Agent B
LEAD01939,CUST01326,Social Media,2025-05-30,Qualified,98,Agent E
LEAD01940,CUST01285,Event,2026-01-17,Qualified,32,Agent A
LEAD01941,CUST01859,Social Media,2026-06-13,Converted,91,Agent C
LEAD01942,CUST00222,Referral,2026-02-04,New,96,Agent B
LEAD01943,CUST01031,Email,2025-11-05,Lost,60,Agent D
LEAD01944,CUST01419,Social Media,2025-05-06,Qualified,16,Agent A
LEAD01945,CUST00699,Advertisement,2025-05-20,Qualified,27,Agent C
LEAD01946,CUST01681,Referral,2025-12-22,Lost,13,Agent B
LEAD01947,CUST00130,Social Media,2025-09-26,Contacted,81,Agent E
LEAD01948,CUST00211,Event,2025-01-28,Converted,32,Agent C
LEAD01949,CUST01582,Advertisement,2025-04-27,Contacted,71,Agent C
LEAD01950,CUST00252,Event,2025-09-15,Converted,27,Agent E
LEAD01951,CUST00838,Website,2025-04-17,Lost,98,Agent E
LEAD01952,CUST00563,Social Media,2025-11-27,Lost,78,Agent C
LEAD01953,CUST01377,Advertisement,2025-06-29,Contacted,38,Agent E
LEAD01954,CUST00024,Referral,2025-06-23,Qualified,48,Agent C
LEAD01955,CUST00714,Social Media,2025-03-06,Converted,6,Agent E
LEAD01956,CUST01973,Website,2025-10-27,Contacted,14,Agent D
LEAD01957,CUST00738,Email,2025-04-23,Qualified,100,Agent B
LEAD01958,CUST01197,Website,2026-01-11,Qualified,82,Agent E
LEAD01959,CUST01977,Social Media,2026-07-14,Contacted,84,Agent A
LEAD01960,CUST01216,Email,2026-06-28,Contacted,65,Agent D
LEAD01961,CUST01510,Advertisement,2026-02-02,Lost,23,Agent E
LEAD01962,CUST01918,Referral,2026-04-27,Contacted,11,Agent C
LEAD01963,CUST01235,Referral,2026-07-03,New,73,Agent E
LEAD01964,CUST01665,Website,2026-02-11,Contacted,34,Agent D
LEAD01965,CUST01017,Social Media,2025-06-03,New,1,Agent D
LEAD01966,CUST01629,Advertisement,2025-10-26,New,3,Agent A
LEAD01967,CUST01284,Referral,2026-05-26,Lost,56,Agent D
LEAD01968,CUST00680,Referral,2026-02-03,Qualified,85,Agent A
LEAD01969,CUST01117,Social Media,2025-08-04,Qualified,37,Agent B
LEAD01970,CUST00670,Advertisement,2025-04-11,Qualified,100,Agent B
LEAD01971,CUST00795,Event,2025-03-27,Converted,39,Agent C
LEAD01972,CUST00584,Event,2025-08-13,New,74,Agent D
LEAD01973,CUST00983,Email,2026-04-25,Lost,25,Agent E
LEAD01974,CUST00694,Email,2025-11-26,Converted,61,Agent D
LEAD01975,CUST01253,Event,2025-02-05,Converted,28,Agent A
LEAD01976,CUST00740,Event,2026-07-02,Lost,78,Agent E
LEAD01977,CUST00983,Event,2025-08-30,Lost,46,Agent D
LEAD01978,CUST00281,Referral,2025-08-21,New,5,Agent E
LEAD01979,CUST00774,Social Media,2026-05-04,Converted,25,Agent B
LEAD01980,CUST00712,Advertisement,2025-08-13,Contacted,36,Agent C
LEAD01981,CUST01923,Website,2026-01-03,New,47,Agent E
LEAD01982,CUST00894,Email,2026-07-04,Lost,28,Agent B
LEAD01983,CUST00044,Event,2025-11-05,Lost,58,Agent B
LEAD01984,CUST00619,Social Media,2026-01-02,Qualified,97,Agent E
LEAD01985,CUST01459,Website,2025-07-30,Contacted,72,Agent D
LEAD01986,CUST00331,Email,2026-06-15,Converted,32,Agent D
LEAD01987,CUST00326,Website,2025-02-14,Contacted,68,Agent B
LEAD01988,CUST00747,Event,2025-06-14,Lost,97,Agent C
LEAD01989,CUST00714,Website,2026-08-14,New,25,Agent E
LEAD01990,CUST00962,Advertisement,2025-10-16,Converted,24,Agent A
LEAD01991,CUST00069,Referral,2025-04-15,New,4,Agent A
LEAD01992,CUST01442,Email,2025-09-04,Converted,85,Agent E
LEAD01993,CUST00428,Event,2025-06-02,New,84,Agent D
LEAD01994,CUST01423,Website,2025-11-10,New,42,Agent E
LEAD01995,CUST01130,Email,2025-05-21,New,88,Agent B
LEAD01996,CUST00406,Advertisement,2025-08-27,Lost,66,Agent B
LEAD01997,CUST00940,Referral,2026-06-26,New,98,Agent E
LEAD01998,CUST00074,Advertisement,2025-02-19,Lost,93,Agent C
LEAD01999,CUST01404,Email,2026-04-01,Contacted,96,Agent A
LEAD02000,CUST00608,Email,2025-02-16,Contacted,40,Agent B
