opportunity_id,lead_id,customer_id,product,opportunity_stage,opportunity_value,probability,created_date,sales_agent
OPP00001,LEAD00884,CUST01429,Support Package,Won,36992.64,70,2026-06-10,Agent E
OPP00002,LEAD01584,CUST01403,Support Package,Lost,204641.55,63,2025-11-15,Agent D
OPP00003,LEAD00307,CUST00706,AI Platform,Negotiation,180354.0,62,2025-09-22,Agent E
OPP00004,LEAD00349,CUST00854,CRM License,Lost,195794.19,36,2025-02-04,Agent A
OPP00005,LEAD00610,CUST00880,AI Platform,Prospecting,64884.73,93,2025-10-12,Agent A
OPP00006,LEAD00965,CUST01205,Cloud Subscription,Won,153146.86,12,2025-10-29,Agent D
OPP00007,LEAD01630,CUST01437,CRM License,Proposal,189207.47,88,2026-01-13,Agent C
OPP00008,LEAD00422,CUST00398,AI Platform,Won,97084.94,88,2025-11-08,Agent C
OPP00009,LEAD01573,CUST00455,Analytics Suite,Won,62670.75,30,2025-05-09,Agent D
OPP00010,LEAD01816,CUST00097,AI Platform,Negotiation,74577.41,54,2026-08-01,Agent C
OPP00011,LEAD00871,CUST01053,Cloud Subscription,Won,258824.83,89,2025-05-10,Agent D
OPP00012,LEAD01923,CUST01338,Analytics Suite,Prospecting,144717.62,50,2025-08-17,Agent B
OPP00013,LEAD01788,CUST00421,AI Platform,Qualification,201711.28,33,2025-10-31,Agent C
OPP00014,LEAD01595,CUST01424,Cloud Subscription,Proposal,159317.77,11,2025-06-24,Agent C
OPP00015,LEAD00761,CUST00007,Cloud Subscription,Prospecting,251896.9,47,2025-02-10,Agent D
OPP00016,LEAD00602,CUST01733,CRM License,Proposal,157463.51,31,2025-12-31,Agent A
OPP00017,LEAD01729,CUST01381,Laptop,Proposal,37064.34,86,2025-05-22,Agent B
OPP00018,LEAD00884,CUST01367,CRM License,Proposal,67415.56,87,2026-06-08,Agent C
OPP00019,LEAD00064,CUST01415,Analytics Suite,Qualification,13846.97,36,2026-04-18,Agent E
OPP00020,LEAD01435,CUST00718,Analytics Suite,Prospecting,251142.04,25,2025-09-13,Agent C
OPP00021,LEAD00695,CUST01992,Laptop,Qualification,202349.12,32,2025-10-04,Agent C
OPP00022,LEAD01872,CUST01494,Support Package,Lost,230168.56,43,2026-07-21,Agent A
OPP00023,LEAD01711,CUST00363,Analytics Suite,Prospecting,217355.87,69,2025-01-16,Agent A
OPP00024,LEAD00209,CUST01845,Cloud Subscription,Qualification,249099.11,19,2025-08-14,Agent B
OPP00025,LEAD01803,CUST01480,AI Platform,Negotiation,296221.16,100,2025-02-06,Agent E
OPP00026,LEAD01900,CUST00622,Laptop,Proposal,199506.69,72,2025-03-24,Agent B
OPP00027,LEAD01513,CUST01896,AI Platform,Lost,83157.02,17,2026-07-03,Agent E
OPP00028,LEAD00551,CUST00497,Laptop,Prospecting,39403.11,35,2025-03-02,Agent C
OPP00029,LEAD01340,CUST01290,Cloud Subscription,Negotiation,181026.9,72,2026-07-25,Agent E
OPP00030,LEAD01737,CUST01341,Cloud Subscription,Lost,233519.55,53,2026-04-13,Agent C
OPP00031,LEAD01632,CUST01927,AI Platform,Prospecting,172855.8,55,2026-01-18,Agent B
OPP00032,LEAD00863,CUST01141,Cloud Subscription,Won,98030.88,8,2026-03-19,Agent B
OPP00033,LEAD01416,CUST01989,AI Platform,Prospecting,218723.11,44,2025-04-21,Agent D
OPP00034,LEAD00772,CUST00569,AI Platform,Qualification,139912.02,63,2025-03-11,Agent E
OPP00035,LEAD00509,CUST01604,CRM License,Qualification,93110.84,76,2025-08-08,Agent D
OPP00036,LEAD01346,CUST00491,AI Platform,Won,253914.5,47,2026-04-01,Agent E
OPP00037,LEAD00933,CUST01999,Support Package,Lost,177190.45,58,2025-07-02,Agent C
OPP00038,LEAD00450,CUST01528,AI Platform,Negotiation,92199.92,26,2025-04-15,Agent D
OPP00039,LEAD01322,CUST01252,Analytics Suite,Qualification,105295.26,81,2026-04-13,Agent E
OPP00040,LEAD00644,CUST00133,Analytics Suite,Won,175782.88,71,2026-01-13,Agent D
OPP00041,LEAD01176,CUST00995,CRM License,Qualification,132647.84,76,2025-11-17,Agent D
OPP00042,LEAD00723,CUST00289,CRM License,Negotiation,56550.54,69,2025-09-03,Agent A
OPP00043,LEAD01771,CUST01836,Cloud Subscription,Lost,187036.28,99,2026-04-10,Agent D
OPP00044,LEAD01702,CUST00759,Laptop,Negotiation,209841.92,89,2026-03-14,Agent D
OPP00045,LEAD00948,CUST01662,AI Platform,Prospecting,10031.55,82,2025-08-03,Agent C
OPP00046,LEAD01421,CUST01813,CRM License,Proposal,165692.1,37,2025-03-19,Agent E
OPP00047,LEAD00356,CUST00221,Analytics Suite,Lost,177376.83,11,2026-06-03,Agent D
OPP00048,LEAD01995,CUST01519,Support Package,Prospecting,106298.58,5,2025-03-23,Agent C
OPP00049,LEAD00430,CUST00606,Analytics Suite,Prospecting,108232.07,79,2025-09-13,Agent C
OPP00050,LEAD01734,CUST00218,Laptop,Proposal,102121.08,91,2026-06-18,Agent D
OPP00051,LEAD01693,CUST00522,Laptop,Proposal,139145.14,67,2025-09-06,Agent D
OPP00052,LEAD00357,CUST01100,Laptop,Prospecting,245462.56,74,2026-05-11,Agent A
OPP00053,LEAD00018,CUST01711,Cloud Subscription,Won,146017.56,13,2025-10-19,Agent C
OPP00054,LEAD01475,CUST01384,AI Platform,Lost,298158.12,59,2026-03-21,Agent B
OPP00055,LEAD01739,CUST00467,CRM License,Qualification,119086.02,63,2025-12-19,Agent A
OPP00056,LEAD01433,CUST00592,AI Platform,Qualification,212786.05,20,2025-06-16,Agent A
OPP00057,LEAD00112,CUST00609,AI Platform,Qualification,169200.04,77,2026-06-17,Agent C
OPP00058,LEAD01291,CUST01473,Cloud Subscription,Proposal,231063.7,37,2025-10-06,Agent B
OPP00059,LEAD00784,CUST01038,AI Platform,Prospecting,267625.73,23,2025-09-30,Agent C
OPP00060,LEAD01832,CUST00048,Cloud Subscription,Qualification,158388.16,71,2026-01-28,Agent E
OPP00061,LEAD01601,CUST00153,Cloud Subscription,Qualification,153398.97,46,2026-07-09,Agent A
OPP00062,LEAD01598,CUST00152,Laptop,Prospecting,283388.52,56,2026-06-04,Agent C
OPP00063,LEAD00816,CUST01923,Laptop,Won,280761.28,57,2025-08-23,Agent D
OPP00064,LEAD00645,CUST01010,CRM License,Negotiation,299129.05,64,2025-05-18,Agent E
OPP00065,LEAD01645,CUST00983,Cloud Subscription,Prospecting,55378.02,44,2025-07-13,Agent B
OPP00066,LEAD00231,CUST01523,Analytics Suite,Qualification,11034.93,83,2025-06-06,Agent D
OPP00067,LEAD00201,CUST00381,AI Platform,Qualification,136819.99,89,2025-06-25,Agent A
OPP00068,LEAD00125,CUST00064,Analytics Suite,Proposal,222668.65,51,2025-09-14,Agent B
OPP00069,LEAD01024,CUST00542,AI Platform,Lost,31128.24,21,2025-01-13,Agent A
OPP00070,LEAD00151,CUST00417,Support Package,Qualification,118344.47,31,2025-11-14,Agent E
OPP00071,LEAD01165,CUST01597,Cloud Subscription,Prospecting,178623.25,79,2026-05-22,Agent A
OPP00072,LEAD00335,CUST01637,Laptop,Proposal,71638.75,29,2025-02-17,Agent B
OPP00073,LEAD01782,CUST01269,CRM License,Won,222031.18,79,2025-08-21,Agent E
OPP00074,LEAD00865,CUST01820,CRM License,Proposal,76565.92,68,2025-07-19,Agent B
OPP00075,LEAD00188,CUST00930,AI Platform,Won,253794.88,48,2025-12-21,Agent E
OPP00076,LEAD01388,CUST00481,CRM License,Prospecting,110999.27,17,2025-05-30,Agent E
OPP00077,LEAD00678,CUST00664,CRM License,Qualification,183608.05,56,2025-06-29,Agent A
OPP00078,LEAD00524,CUST00284,AI Platform,Lost,167804.66,71,2026-03-20,Agent C
OPP00079,LEAD01319,CUST01802,Laptop,Qualification,95969.55,19,2025-04-15,Agent C
OPP00080,LEAD01912,CUST01209,CRM License,Qualification,137330.77,84,2026-07-10,Agent E
OPP00081,LEAD01960,CUST01546,AI Platform,Qualification,255332.2,23,2025-06-27,Agent A
OPP00082,LEAD00872,CUST00564,AI Platform,Qualification,169019.84,44,2026-05-02,Agent A
OPP00083,LEAD01697,CUST01437,Analytics Suite,Prospecting,26120.22,56,2025-02-18,Agent B
OPP00084,LEAD00419,CUST00662,CRM License,Prospecting,216779.36,75,2025-07-10,Agent A
OPP00085,LEAD01693,CUST00893,Support Package,Lost,62911.22,26,2025-08-13,Agent C
OPP00086,LEAD01885,CUST01304,Cloud Subscription,Lost,150958.2,37,2025-09-29,Agent A
OPP00087,LEAD01035,CUST01963,Cloud Subscription,Prospecting,145876.28,82,2025-02-24,Agent B
OPP00088,LEAD01047,CUST01117,AI Platform,Qualification,151081.21,36,2025-05-28,Agent A
OPP00089,LEAD01129,CUST01421,Support Package,Won,18994.06,64,2026-06-07,Agent A
OPP00090,LEAD00147,CUST01190,Analytics Suite,Qualification,88992.67,43,2026-07-05,Agent D
OPP00091,LEAD01718,CUST00848,Laptop,Won,24713.29,10,2025-09-20,Agent C
OPP00092,LEAD01476,CUST01866,Support Package,Won,130337.44,54,2025-03-12,Agent E
OPP00093,LEAD01740,CUST01922,Support Package,Lost,190187.65,39,2025-06-14,Agent B
OPP00094,LEAD00231,CUST00621,Analytics Suite,Lost,199681.5,30,2026-07-22,Agent B
OPP00095,LEAD01605,CUST01792,Cloud Subscription,Won,28718.92,87,2026-07-02,Agent D
OPP00096,LEAD00726,CUST00903,Laptop,Prospecting,44477.84,79,2026-04-30,Agent A
OPP00097,LEAD01638,CUST01480,CRM License,Proposal,201836.97,31,2026-05-30,Agent A
OPP00098,LEAD01988,CUST01035,Cloud Subscription,Qualification,164044.42,55,2026-03-01,Agent E
OPP00099,LEAD01760,CUST01534,Laptop,Prospecting,251689.48,74,2026-01-07,Agent E
OPP00100,LEAD01832,CUST01744,Cloud Subscription,Prospecting,69491.23,10,2026-04-07,Agent C
OPP00101,LEAD00228,CUST00848,Laptop,Negotiation,44899.26,14,2026-01-21,Agent B
OPP00102,LEAD00658,CUST01402,Cloud Subscription,Lost,114987.0,56,2025-07-22,Agent D
OPP00103,LEAD00586,CUST01015,CRM License,Negotiation,194749.47,94,2026-01-18,Agent A
OPP00104,LEAD01028,CUST01599,Cloud Subscription,Prospecting,150930.5,94,2025-06-26,Agent C
OPP00105,LEAD01953,CUST00384,AI Platform,Won,38592.05,48,2026-01-08,Agent D
OPP00106,LEAD01372,CUST01459,AI Platform,Prospecting,30674.71,72,2025-08-16,Agent A
OPP00107,LEAD01090,CUST01191,Cloud Subscription,Prospecting,206531.15,52,2025-10-18,Agent D
OPP00108,LEAD01610,CUST00903,CRM License,Prospecting,96120.78,91,2025-04-19,Agent B
OPP00109,LEAD00353,CUST00740,Analytics Suite,Proposal,204149.92,59,2026-07-25,Agent B
OPP00110,LEAD01322,CUST01404,Support Package,Lost,95525.32,90,2026-03-21,Agent D
OPP00111,LEAD01007,CUST00695,CRM License,Negotiation,101290.32,39,2025-03-05,Agent B
OPP00112,LEAD00407,CUST00066,Laptop,Qualification,70846.27,94,2025-10-11,Agent C
OPP00113,LEAD01292,CUST01897,Support Package,Negotiation,295277.92,74,2025-09-28,Agent E
OPP00114,LEAD01681,CUST00896,Laptop,Lost,14660.38,78,2026-06-12,Agent C
OPP00115,LEAD01657,CUST00330,Support Package,Lost,46903.21,6,2026-03-27,Agent B
OPP00116,LEAD01687,CUST00452,Support Package,Prospecting,252524.15,82,2026-06-08,Agent E
OPP00117,LEAD01625,CUST01660,Support Package,Qualification,50066.9,20,2025-10-06,Agent A
OPP00118,LEAD00938,CUST00664,Cloud Subscription,Prospecting,91402.1,94,2025-04-03,Agent B
OPP00119,LEAD00099,CUST00563,AI Platform,Prospecting,86207.64,23,2026-03-06,Agent E
OPP00120,LEAD01931,CUST00975,Laptop,Proposal,212125.82,84,2025-05-11,Agent B
OPP00121,LEAD00908,CUST00058,Support Package,Lost,129248.34,65,2026-01-15,Agent C
OPP00122,LEAD01266,CUST01121,Analytics Suite,Prospecting,253770.47,42,2025-09-02,Agent D
OPP00123,LEAD00042,CUST00081,CRM License,Negotiation,226753.89,90,2025-07-28,Agent B
OPP00124,LEAD01778,CUST01672,Cloud Subscription,Qualification,164019.39,42,2025-03-12,Agent E
OPP00125,LEAD01777,CUST00859,Support Package,Prospecting,82227.91,11,2026-04-22,Agent B
OPP00126,LEAD01857,CUST00437,Analytics Suite,Lost,239801.45,12,2026-02-15,Agent E
OPP00127,LEAD00348,CUST00909,AI Platform,Proposal,261137.26,86,2025-07-23,Agent A
OPP00128,LEAD01686,CUST00352,Laptop,Won,252521.93,41,2026-03-16,Agent E
OPP00129,LEAD01250,CUST00641,Support Package,Proposal,24996.99,83,2026-08-11,Agent A
OPP00130,LEAD00293,CUST00262,Analytics Suite,Proposal,212408.02,6,2026-03-06,Agent A
OPP00131,LEAD01142,CUST01338,Laptop,Proposal,214142.2,12,2026-07-20,Agent B
OPP00132,LEAD00953,CUST01953,Cloud Subscription,Won,283491.91,99,2025-10-08,Agent B
OPP00133,LEAD01252,CUST00971,Analytics Suite,Negotiation,86408.73,18,2025-08-13,Agent E
OPP00134,LEAD00168,CUST00198,CRM License,Proposal,238040.58,71,2026-05-18,Agent A
OPP00135,LEAD01127,CUST00149,AI Platform,Proposal,209837.99,38,2026-01-31,Agent A
OPP00136,LEAD01355,CUST01665,CRM License,Prospecting,264830.82,53,2025-12-28,Agent B
OPP00137,LEAD01432,CUST00697,Cloud Subscription,Proposal,211059.33,16,2026-01-18,Agent C
OPP00138,LEAD01539,CUST00593,Cloud Subscription,Prospecting,257211.82,30,2026-08-16,Agent B
OPP00139,LEAD01253,CUST00204,Cloud Subscription,Lost,114276.85,77,2026-02-14,Agent B
OPP00140,LEAD01403,CUST01328,AI Platform,Prospecting,55711.08,56,2026-05-02,Agent D
OPP00141,LEAD00181,CUST00126,Support Package,Prospecting,115372.09,53,2025-01-22,Agent E
OPP00142,LEAD01596,CUST01809,AI Platform,Negotiation,246364.99,95,2026-03-07,Agent D
OPP00143,LEAD00734,CUST00417,Cloud Subscription,Prospecting,48178.49,44,2025-07-09,Agent E
OPP00144,LEAD01096,CUST00139,Laptop,Negotiation,195004.1,82,2025-03-15,Agent B
OPP00145,LEAD01094,CUST01402,Laptop,Qualification,296391.26,74,2025-06-14,Agent D
OPP00146,LEAD01953,CUST00709,Analytics Suite,Negotiation,269554.31,49,2026-05-12,Agent E
OPP00147,LEAD00651,CUST01393,Laptop,Prospecting,204643.17,33,2026-05-03,Agent C
OPP00148,LEAD00769,CUST00080,Analytics Suite,Qualification,239862.79,38,2025-07-02,Agent C
OPP00149,LEAD01521,CUST01723,CRM License,Negotiation,43778.17,88,2025-04-25,Agent A
OPP00150,LEAD01269,CUST00620,Support Package,Won,154661.79,34,2025-09-07,Agent C
OPP00151,LEAD00636,CUST01513,CRM License,Prospecting,164254.6,67,2025-07-17,Agent D
OPP00152,LEAD00689,CUST01872,Analytics Suite,Negotiation,236981.77,16,2025-10-03,Agent B
OPP00153,LEAD01658,CUST01071,Laptop,Won,91952.07,38,2025-07-17,Agent A
OPP00154,LEAD01672,CUST00669,CRM License,Lost,40880.73,94,2025-04-14,Agent C
OPP00155,LEAD00294,CUST00626,Laptop,Lost,212453.01,56,2025-03-06,Agent A
OPP00156,LEAD00800,CUST01373,AI Platform,Lost,152852.3,83,2026-02-13,Agent A
OPP00157,LEAD01539,CUST00012,Support Package,Prospecting,254265.28,29,2025-04-29,Agent C
OPP00158,LEAD00238,CUST00294,CRM License,Proposal,149632.01,78,2025-05-11,Agent D
OPP00159,LEAD00367,CUST01295,Analytics Suite,Proposal,255418.53,99,2026-04-24,Agent A
OPP00160,LEAD00318,CUST00052,Analytics Suite,Negotiation,157272.15,93,2025-02-25,Agent B
OPP00161,LEAD01057,CUST00580,Cloud Subscription,Proposal,236982.57,46,2026-01-24,Agent A
OPP00162,LEAD00902,CUST01296,Support Package,Prospecting,219016.1,70,2025-01-07,Agent D
OPP00163,LEAD00642,CUST00501,AI Platform,Negotiation,87163.94,91,2026-07-16,Agent E
OPP00164,LEAD00272,CUST01862,Laptop,Lost,99725.51,83,2026-03-02,Agent E
OPP00165,LEAD01275,CUST01950,CRM License,Qualification,270766.7,98,2026-05-05,Agent E
OPP00166,LEAD01615,CUST00068,AI Platform,Proposal,76992.07,8,2026-02-02,Agent E
OPP00167,LEAD00426,CUST00349,Cloud Subscription,Proposal,212275.16,56,2025-08-28,Agent C
OPP00168,LEAD01333,CUST01815,CRM License,Prospecting,52084.84,80,2026-08-17,Agent B
OPP00169,LEAD01591,CUST00065,AI Platform,Proposal,228995.93,75,2026-04-14,Agent D
OPP00170,LEAD01115,CUST00974,AI Platform,Won,74754.06,19,2025-02-22,Agent C
OPP00171,LEAD01148,CUST01899,CRM License,Proposal,182278.96,59,2025-12-10,Agent E
OPP00172,LEAD00334,CUST01178,AI Platform,Qualification,173630.61,20,2025-11-20,Agent B
OPP00173,LEAD01915,CUST00613,Cloud Subscription,Won,69019.13,13,2025-06-20,Agent E
OPP00174,LEAD01914,CUST00013,Cloud Subscription,Negotiation,152506.96,15,2025-09-29,Agent D
OPP00175,LEAD01424,CUST00787,Support Package,Lost,264981.93,96,2026-08-05,Agent B
OPP00176,LEAD01806,CUST01084,Support Package,Won,207353.51,31,2025-02-21,Agent C
OPP00177,LEAD01215,CUST00162,Analytics Suite,Qualification,297869.78,48,2026-07-08,Agent A
OPP00178,LEAD01323,CUST01057,Analytics Suite,Won,237520.74,29,2026-02-22,Agent C
OPP00179,LEAD01659,CUST00809,CRM License,Negotiation,196602.08,90,2025-03-08,Agent B
OPP00180,LEAD00077,CUST00652,Analytics Suite,Won,173328.6,90,2025-07-01,Agent C
OPP00181,LEAD00440,CUST01945,CRM License,Proposal,281854.31,67,2026-05-16,Agent B
OPP00182,LEAD00407,CUST01788,Support Package,Won,162833.9,84,2026-02-24,Agent D
OPP00183,LEAD01266,CUST01389,Support Package,Proposal,126775.1,15,2025-02-16,Agent A
OPP00184,LEAD00485,CUST01182,Support Package,Prospecting,252003.14,100,2025-03-29,Agent A
OPP00185,LEAD00781,CUST00948,Analytics Suite,Qualification,282670.88,45,2026-07-08,Agent A
OPP00186,LEAD00988,CUST00141,AI Platform,Qualification,148885.9,43,2025-04-04,Agent D
OPP00187,LEAD01488,CUST00615,CRM License,Won,49799.17,23,2026-01-08,Agent A
OPP00188,LEAD01035,CUST00021,Cloud Subscription,Lost,186428.12,89,2026-08-17,Agent D
OPP00189,LEAD00049,CUST00733,CRM License,Proposal,224855.86,21,2025-04-10,Agent E
OPP00190,LEAD01374,CUST00948,CRM License,Qualification,118354.46,87,2025-01-27,Agent D
OPP00191,LEAD00856,CUST01223,AI Platform,Lost,226884.87,73,2026-05-03,Agent E
OPP00192,LEAD00227,CUST00710,Cloud Subscription,Prospecting,164004.89,79,2026-07-21,Agent D
OPP00193,LEAD01304,CUST00509,Analytics Suite,Qualification,97393.28,7,2025-11-04,Agent C
OPP00194,LEAD00541,CUST01421,Cloud Subscription,Lost,192561.16,75,2025-05-20,Agent B
OPP00195,LEAD00922,CUST00304,CRM License,Won,122794.79,97,2025-02-05,Agent D
OPP00196,LEAD01935,CUST00251,Analytics Suite,Qualification,238179.4,42,2026-06-28,Agent B
OPP00197,LEAD00476,CUST01393,AI Platform,Proposal,10893.21,48,2026-04-21,Agent D
OPP00198,LEAD01771,CUST01172,CRM License,Negotiation,247271.65,15,2026-06-19,Agent C
OPP00199,LEAD00929,CUST01739,Laptop,Qualification,98906.83,52,2026-04-15,Agent E
OPP00200,LEAD01866,CUST01478,Laptop,Qualification,288291.7,69,2025-09-15,Agent B
OPP00201,LEAD01700,CUST01804,Analytics Suite,Prospecting,230157.81,33,2025-10-15,Agent A
OPP00202,LEAD01665,CUST01329,CRM License,Qualification,79901.68,76,2025-08-16,Agent D
OPP00203,LEAD00414,CUST01683,Analytics Suite,Negotiation,293851.76,13,2026-03-12,Agent A
OPP00204,LEAD01582,CUST00339,Support Package,Proposal,154878.37,69,2025-03-01,Agent E
OPP00205,LEAD00735,CUST01062,Cloud Subscription,Prospecting,161647.9,61,2025-01-24,Agent A
OPP00206,LEAD01821,CUST01890,Analytics Suite,Proposal,273760.26,27,2026-07-27,Agent E
OPP00207,LEAD01981,CUST01578,AI Platform,Negotiation,276336.89,38,2025-07-09,Agent C
OPP00208,LEAD01224,CUST00807,Analytics Suite,Prospecting,212095.93,28,2025-01-21,Agent D
OPP00209,LEAD01826,CUST01853,Cloud Subscription,Proposal,293750.4,64,2026-02-06,Agent D
OPP00210,LEAD01067,CUST00626,CRM License,Won,105372.39,66,2025-08-26,Agent B
OPP00211,LEAD00068,CUST00047,Support Package,Lost,77377.61,58,2025-05-18,Agent E
OPP00212,LEAD01748,CUST01594,Analytics Suite,Lost,18484.45,23,2025-09-16,Agent D
OPP00213,LEAD01061,CUST00825,Cloud Subscription,Won,110440.03,25,2025-09-26,Agent D
OPP00214,LEAD00089,CUST00069,Analytics Suite,Qualification,184763.67,82,2025-12-31,Agent E
OPP00215,LEAD00131,CUST00409,Laptop,Lost,98559.92,49,2026-07-10,Agent D
OPP00216,LEAD01447,CUST00144,Support Package,Won,178089.87,46,2026-06-10,Agent B
OPP00217,LEAD01848,CUST01994,AI Platform,Won,24031.87,34,2026-05-08,Agent C
OPP00218,LEAD01395,CUST01696,Cloud Subscription,Lost,112686.41,94,2025-10-21,Agent D
OPP00219,LEAD00884,CUST01860,CRM License,Proposal,226921.42,28,2025-11-29,Agent D
OPP00220,LEAD00614,CUST00365,Analytics Suite,Prospecting,40254.79,78,2025-03-20,Agent C
OPP00221,LEAD00837,CUST01605,Cloud Subscription,Negotiation,217302.86,78,2026-02-05,Agent D
OPP00222,LEAD00646,CUST01128,Cloud Subscription,Negotiation,231360.22,28,2026-06-13,Agent C
OPP00223,LEAD00546,CUST00592,Laptop,Negotiation,174940.84,6,2025-01-28,Agent A
OPP00224,LEAD00257,CUST01338,Analytics Suite,Negotiation,266965.39,28,2026-05-30,Agent B
OPP00225,LEAD01138,CUST01905,Support Package,Lost,286823.42,30,2025-11-05,Agent C
OPP00226,LEAD00437,CUST00922,Support Package,Won,20056.47,76,2025-02-22,Agent B
OPP00227,LEAD00290,CUST00059,Analytics Suite,Qualification,206934.08,55,2026-08-17,Agent E
OPP00228,LEAD00552,CUST01685,Analytics Suite,Won,78780.61,46,2025-10-05,Agent A
OPP00229,LEAD01598,CUST00377,CRM License,Lost,128373.16,50,2025-09-03,Agent C
OPP00230,LEAD01146,CUST00366,Support Package,Negotiation,190714.74,96,2025-04-24,Agent B
OPP00231,LEAD00983,CUST01234,Support Package,Qualification,216558.96,95,2025-02-13,Agent E
OPP00232,LEAD01184,CUST01598,AI Platform,Negotiation,253655.37,7,2025-02-19,Agent B
OPP00233,LEAD01133,CUST01587,CRM License,Qualification,214562.21,85,2025-06-09,Agent A
OPP00234,LEAD00996,CUST01736,Cloud Subscription,Qualification,235445.71,39,2025-06-24,Agent E
OPP00235,LEAD01682,CUST01768,Support Package,Lost,183730.65,77,2025-10-03,Agent E
OPP00236,LEAD01461,CUST00257,CRM License,Lost,43947.13,99,2025-12-30,Agent C
OPP00237,LEAD00371,CUST00602,Cloud Subscription,Lost,16214.79,54,2026-08-15,Agent C
OPP00238,LEAD01635,CUST01441,Laptop,Negotiation,163637.08,64,2026-04-19,Agent C
OPP00239,LEAD00351,CUST00782,Laptop,Prospecting,217506.9,46,2025-10-17,Agent A
OPP00240,LEAD00157,CUST01432,Analytics Suite,Won,41571.02,12,2026-06-28,Agent C
OPP00241,LEAD00842,CUST00910,AI Platform,Qualification,134495.82,8,2025-11-29,Agent A
OPP00242,LEAD00786,CUST00903,Support Package,Proposal,84291.45,39,2025-09-10,Agent A
OPP00243,LEAD01573,CUST00054,CRM License,Qualification,174456.98,83,2025-05-10,Agent B
OPP00244,LEAD01391,CUST01217,Support Package,Lost,123245.8,37,2025-09-09,Agent B
OPP00245,LEAD00118,CUST01728,AI Platform,Won,68425.58,46,2025-01-25,Agent D
OPP00246,LEAD00998,CUST01638,CRM License,Lost,11273.89,55,2025-04-02,Agent C
OPP00247,LEAD01591,CUST00676,CRM License,Lost,103242.28,35,2026-07-18,Agent D
OPP00248,LEAD01467,CUST01354,Cloud Subscription,Won,159687.02,52,2025-04-27,Agent D
OPP00249,LEAD01002,CUST00399,AI Platform,Proposal,279470.63,63,2025-12-04,Agent B
OPP00250,LEAD01232,CUST01268,CRM License,Negotiation,75968.04,86,2025-03-03,Agent D
OPP00251,LEAD01124,CUST00819,Support Package,Prospecting,158553.97,77,2025-12-25,Agent C
OPP00252,LEAD00463,CUST01854,AI Platform,Qualification,174283.99,83,2026-08-05,Agent D
OPP00253,LEAD01129,CUST01422,CRM License,Lost,198276.02,55,2025-09-30,Agent A
OPP00254,LEAD01351,CUST00147,Support Package,Proposal,105284.24,72,2025-03-18,Agent C
OPP00255,LEAD00113,CUST01742,Analytics Suite,Lost,38849.73,19,2025-01-14,Agent A
OPP00256,LEAD01391,CUST01449,AI Platform,Lost,277193.31,19,2026-03-27,Agent A
OPP00257,LEAD00500,CUST00431,Support Package,Prospecting,286299.07,93,2025-03-03,Agent B
OPP00258,LEAD00016,CUST00566,CRM License,Qualification,137087.03,62,2025-07-09,Agent A
OPP00259,LEAD01511,CUST00346,Analytics Suite,Proposal,178366.74,15,2026-05-18,Agent C
OPP00260,LEAD00780,CUST00621,CRM License,Proposal,18417.65,44,2025-11-17,Agent A
OPP00261,LEAD00825,CUST01888,Support Package,Lost,23692.54,98,2026-06-05,Agent C
OPP00262,LEAD01249,CUST01805,CRM License,Proposal,32233.55,7,2026-06-05,Agent E
OPP00263,LEAD01122,CUST01102,CRM License,Qualification,224236.43,47,2026-01-30,Agent B
OPP00264,LEAD01242,CUST00725,CRM License,Prospecting,75898.0,85,2026-07-12,Agent D
OPP00265,LEAD01890,CUST00732,AI Platform,Proposal,63489.69,95,2025-01-22,Agent A
OPP00266,LEAD01303,CUST01914,AI Platform,Lost,12417.25,40,2025-05-24,Agent B
OPP00267,LEAD00093,CUST00399,Analytics Suite,Prospecting,16640.29,92,2025-06-15,Agent D
OPP00268,LEAD00445,CUST01516,AI Platform,Lost,127561.29,73,2026-06-28,Agent C
OPP00269,LEAD00900,CUST01991,AI Platform,Won,167086.6,44,2026-01-06,Agent C
OPP00270,LEAD00945,CUST01711,Cloud Subscription,Qualification,177927.16,79,2025-05-31,Agent C
OPP00271,LEAD00723,CUST01439,Cloud Subscription,Negotiation,142794.24,81,2025-05-05,Agent C
OPP00272,LEAD00369,CUST01800,CRM License,Lost,143272.77,31,2026-04-25,Agent A
OPP00273,LEAD00213,CUST00436,CRM License,Lost,228411.23,13,2026-05-27,Agent A
OPP00274,LEAD00290,CUST01968,AI Platform,Lost,93975.34,79,2025-01-10,Agent B
OPP00275,LEAD01902,CUST00183,Cloud Subscription,Negotiation,78938.17,12,2025-08-06,Agent C
OPP00276,LEAD00792,CUST00028,AI Platform,Prospecting,257754.01,79,2025-11-15,Agent E
OPP00277,LEAD01923,CUST00399,Laptop,Prospecting,209886.5,39,2025-05-21,Agent E
OPP00278,LEAD00670,CUST01218,Support Package,Lost,148291.27,72,2026-03-09,Agent A
OPP00279,LEAD00623,CUST00496,Support Package,Prospecting,89867.4,63,2026-03-28,Agent D
OPP00280,LEAD00980,CUST01268,Cloud Subscription,Lost,49608.73,8,2026-05-16,Agent E
OPP00281,LEAD01894,CUST00223,AI Platform,Prospecting,20852.15,5,2026-04-14,Agent A
OPP00282,LEAD01127,CUST01395,Cloud Subscription,Prospecting,257185.95,65,2026-05-17,Agent C
OPP00283,LEAD00071,CUST00460,CRM License,Negotiation,182081.8,54,2025-08-06,Agent B
OPP00284,LEAD00544,CUST01047,Analytics Suite,Prospecting,23290.55,9,2025-06-28,Agent E
OPP00285,LEAD01962,CUST00234,AI Platform,Won,55990.35,98,2025-07-08,Agent E
OPP00286,LEAD00310,CUST01941,Analytics Suite,Qualification,91073.64,27,2026-05-24,Agent D
OPP00287,LEAD01672,CUST00756,Analytics Suite,Won,86290.76,87,2026-01-22,Agent A
OPP00288,LEAD01858,CUST01210,Laptop,Qualification,169033.39,16,2025-07-12,Agent A
OPP00289,LEAD00429,CUST00973,Laptop,Proposal,125838.65,27,2026-03-06,Agent C
OPP00290,LEAD01118,CUST01191,Laptop,Prospecting,265842.82,55,2025-05-20,Agent B
OPP00291,LEAD01200,CUST00911,CRM License,Proposal,218629.1,55,2025-06-08,Agent D
OPP00292,LEAD01588,CUST00147,AI Platform,Negotiation,274112.45,62,2025-01-01,Agent B
OPP00293,LEAD01597,CUST01659,Analytics Suite,Lost,260217.4,21,2026-07-30,Agent A
OPP00294,LEAD00121,CUST01285,Support Package,Won,277197.05,30,2025-05-21,Agent B
OPP00295,LEAD00639,CUST00508,Analytics Suite,Negotiation,294203.32,30,2026-03-25,Agent A
OPP00296,LEAD01881,CUST00169,AI Platform,Lost,100391.97,47,2025-03-12,Agent B
OPP00297,LEAD00708,CUST01775,CRM License,Negotiation,70807.38,93,2025-01-22,Agent C
OPP00298,LEAD00492,CUST00666,Laptop,Proposal,57894.19,49,2026-02-07,Agent A
OPP00299,LEAD01258,CUST01817,CRM License,Prospecting,192145.65,100,2025-02-28,Agent D
OPP00300,LEAD00391,CUST01532,AI Platform,Proposal,207480.34,29,2025-03-28,Agent C
OPP00301,LEAD00295,CUST01920,Analytics Suite,Proposal,35472.87,28,2025-07-16,Agent B
OPP00302,LEAD01596,CUST01320,Cloud Subscription,Negotiation,248110.76,14,2025-12-15,Agent B
OPP00303,LEAD00237,CUST00362,Cloud Subscription,Negotiation,237089.29,25,2025-01-11,Agent C
OPP00304,LEAD01783,CUST00071,AI Platform,Won,192257.44,34,2025-03-17,Agent B
OPP00305,LEAD00500,CUST00492,Analytics Suite,Negotiation,136327.62,41,2025-07-21,Agent D
OPP00306,LEAD00214,CUST00879,AI Platform,Proposal,54560.61,73,2026-02-24,Agent B
OPP00307,LEAD01483,CUST01248,Laptop,Prospecting,156621.76,47,2025-02-28,Agent B
OPP00308,LEAD00354,CUST01792,AI Platform,Qualification,56159.1,70,2025-06-20,Agent C
OPP00309,LEAD00734,CUST00282,AI Platform,Negotiation,185443.85,13,2025-04-25,Agent C
OPP00310,LEAD00703,CUST01270,Cloud Subscription,Proposal,99889.77,95,2025-07-03,Agent D
OPP00311,LEAD01015,CUST00172,Cloud Subscription,Lost,81718.82,19,2025-06-03,Agent C
OPP00312,LEAD00947,CUST00963,CRM License,Negotiation,137904.9,8,2026-01-17,Agent C
OPP00313,LEAD00391,CUST00148,Cloud Subscription,Won,178406.71,45,2025-02-10,Agent D
OPP00314,LEAD00470,CUST00748,Analytics Suite,Qualification,116564.58,67,2026-07-14,Agent B
OPP00315,LEAD00389,CUST01213,AI Platform,Prospecting,289444.99,27,2025-05-26,Agent C
OPP00316,LEAD00112,CUST01478,Cloud Subscription,Prospecting,11710.31,20,2026-08-14,Agent A
OPP00317,LEAD01301,CUST01610,Support Package,Negotiation,274729.7,86,2026-03-11,Agent B
OPP00318,LEAD00942,CUST01050,AI Platform,Proposal,10198.37,84,2025-08-01,Agent C
OPP00319,LEAD00217,CUST00518,Cloud Subscription,Negotiation,72846.46,77,2025-06-30,Agent C
OPP00320,LEAD00663,CUST01827,Analytics Suite,Won,298941.86,26,2026-07-19,Agent A
OPP00321,LEAD01336,CUST01868,AI Platform,Negotiation,221147.66,56,2026-08-17,Agent D
OPP00322,LEAD00571,CUST01936,Analytics Suite,Lost,196904.53,71,2025-12-31,Agent C
OPP00323,LEAD00802,CUST01584,Cloud Subscription,Negotiation,220566.94,46,2025-01-29,Agent D
OPP00324,LEAD01488,CUST01556,Laptop,Proposal,128405.89,22,2026-06-25,Agent E
OPP00325,LEAD01343,CUST00155,Cloud Subscription,Negotiation,237420.82,84,2025-10-12,Agent D
OPP00326,LEAD01402,CUST01146,Analytics Suite,Qualification,54911.73,95,2025-01-17,Agent D
OPP00327,LEAD00764,CUST00815,Laptop,Prospecting,240228.79,20,2026-04-23,Agent B
OPP00328,LEAD00968,CUST00518,Support Package,Negotiation,282462.74,72,2025-01-20,Agent B
OPP00329,LEAD01693,CUST00137,Support Package,Prospecting,258729.19,90,2025-08-10,Agent B
OPP00330,LEAD01745,CUST00427,Cloud Subscription,Won,224501.68,56,2025-02-14,Agent E
OPP00331,LEAD00112,CUST01831,Laptop,Proposal,198899.42,9,2025-09-18,Agent B
OPP00332,LEAD01677,CUST01818,Cloud Subscription,Proposal,161116.73,71,2026-04-25,Agent E
OPP00333,LEAD01787,CUST01486,Laptop,Won,124614.75,93,2025-03-18,Agent D
OPP00334,LEAD01885,CUST00204,Analytics Suite,Won,261039.54,30,2025-03-24,Agent C
OPP00335,LEAD00538,CUST01374,Analytics Suite,Won,197762.99,18,2026-07-25,Agent D
OPP00336,LEAD01003,CUST00254,Laptop,Negotiation,136121.09,29,2025-04-16,Agent B
OPP00337,LEAD00086,CUST01366,Cloud Subscription,Proposal,237589.6,82,2025-03-09,Agent D
OPP00338,LEAD00220,CUST00068,CRM License,Negotiation,25690.09,58,2025-12-15,Agent B
OPP00339,LEAD01125,CUST00571,CRM License,Prospecting,245804.58,6,2025-06-14,Agent A
OPP00340,LEAD00413,CUST00246,CRM License,Won,245103.63,61,2026-07-25,Agent E
OPP00341,LEAD00449,CUST01868,AI Platform,Prospecting,76273.53,83,2025-04-08,Agent C
OPP00342,LEAD00594,CUST01138,Cloud Subscription,Lost,20924.76,22,2025-12-04,Agent C
OPP00343,LEAD00919,CUST01846,Cloud Subscription,Proposal,216975.31,61,2026-07-03,Agent A
OPP00344,LEAD00306,CUST00041,Laptop,Prospecting,67962.77,26,2026-03-13,Agent B
OPP00345,LEAD01605,CUST01479,Support Package,Lost,298846.32,6,2025-01-18,Agent B
OPP00346,LEAD01337,CUST00960,AI Platform,Prospecting,12662.91,43,2025-04-22,Agent D
OPP00347,LEAD01584,CUST00938,CRM License,Qualification,76639.67,79,2025-03-16,Agent C
OPP00348,LEAD01853,CUST01747,CRM License,Won,22198.1,69,2026-06-29,Agent C
OPP00349,LEAD01201,CUST00095,AI Platform,Negotiation,236970.16,14,2025-05-01,Agent A
OPP00350,LEAD00724,CUST01889,Analytics Suite,Won,177821.69,22,2025-02-03,Agent A
OPP00351,LEAD01956,CUST00057,Analytics Suite,Qualification,256046.02,56,2025-08-17,Agent B
OPP00352,LEAD01132,CUST00726,Support Package,Proposal,289157.88,35,2025-06-18,Agent E
OPP00353,LEAD00928,CUST00277,Analytics Suite,Won,186933.31,36,2025-04-08,Agent E
OPP00354,LEAD00833,CUST01047,Cloud Subscription,Qualification,77208.52,46,2025-09-28,Agent A
OPP00355,LEAD00079,CUST01192,Support Package,Proposal,36868.34,77,2026-06-21,Agent C
OPP00356,LEAD01912,CUST01285,Cloud Subscription,Won,261215.7,60,2025-05-15,Agent B
OPP00357,LEAD01639,CUST01597,CRM License,Qualification,81082.84,86,2026-08-08,Agent D
OPP00358,LEAD01399,CUST01502,Laptop,Won,269120.29,14,2026-01-31,Agent B
OPP00359,LEAD00443,CUST01897,AI Platform,Qualification,264703.4,49,2025-08-16,Agent E
OPP00360,LEAD01857,CUST00900,Support Package,Lost,192064.67,57,2026-02-09,Agent A
OPP00361,LEAD00353,CUST00351,AI Platform,Negotiation,185158.79,77,2025-07-27,Agent E
OPP00362,LEAD00484,CUST00312,Laptop,Prospecting,285739.68,54,2025-05-07,Agent B
OPP00363,LEAD00141,CUST00552,Analytics Suite,Prospecting,229244.38,92,2025-05-20,Agent A
OPP00364,LEAD00577,CUST01206,Support Package,Prospecting,208151.71,85,2025-01-06,Agent D
OPP00365,LEAD00656,CUST00109,Analytics Suite,Won,136364.82,71,2026-01-22,Agent C
OPP00366,LEAD01590,CUST01910,CRM License,Qualification,150359.55,43,2025-02-14,Agent B
OPP00367,LEAD00653,CUST01979,Support Package,Lost,122787.12,35,2025-04-29,Agent D
OPP00368,LEAD01912,CUST00330,CRM License,Won,284433.1,56,2025-01-01,Agent B
OPP00369,LEAD00606,CUST01562,Support Package,Proposal,195054.57,49,2025-02-08,Agent C
OPP00370,LEAD01050,CUST01193,Analytics Suite,Proposal,236305.44,7,2026-06-24,Agent E
OPP00371,LEAD01187,CUST00962,AI Platform,Lost,20787.92,27,2025-01-15,Agent E
OPP00372,LEAD01659,CUST01470,Support Package,Won,257203.63,85,2026-01-06,Agent B
OPP00373,LEAD01504,CUST01152,CRM License,Proposal,131115.11,49,2025-07-15,Agent A
OPP00374,LEAD01736,CUST00648,Analytics Suite,Won,223776.51,96,2025-03-24,Agent A
OPP00375,LEAD01876,CUST01125,Analytics Suite,Won,21607.34,28,2025-06-28,Agent C
OPP00376,LEAD00235,CUST00272,Analytics Suite,Proposal,269223.22,97,2025-02-25,Agent C
OPP00377,LEAD00189,CUST00509,Support Package,Won,201355.22,82,2025-07-06,Agent D
OPP00378,LEAD00899,CUST01946,CRM License,Prospecting,142675.23,39,2026-05-03,Agent D
OPP00379,LEAD00301,CUST00371,Laptop,Prospecting,98031.85,63,2026-01-05,Agent A
OPP00380,LEAD00988,CUST01197,AI Platform,Prospecting,100197.0,99,2026-04-29,Agent A
OPP00381,LEAD01180,CUST00594,CRM License,Won,97985.46,65,2026-02-20,Agent E
OPP00382,LEAD00553,CUST00930,AI Platform,Proposal,47997.5,94,2026-07-07,Agent E
OPP00383,LEAD00197,CUST00495,CRM License,Negotiation,144504.77,15,2025-03-06,Agent D
OPP00384,LEAD01930,CUST01138,Support Package,Qualification,141511.04,20,2025-04-05,Agent A
OPP00385,LEAD00742,CUST01116,AI Platform,Lost,129461.63,5,2025-09-03,Agent A
OPP00386,LEAD01679,CUST01236,Support Package,Negotiation,213897.33,36,2025-11-08,Agent A
OPP00387,LEAD01250,CUST00617,Analytics Suite,Lost,131746.31,80,2026-04-13,Agent D
OPP00388,LEAD01325,CUST01158,Analytics Suite,Prospecting,35811.08,97,2025-03-14,Agent E
OPP00389,LEAD01562,CUST01458,AI Platform,Won,257097.29,57,2025-03-07,Agent D
OPP00390,LEAD00531,CUST01440,Support Package,Negotiation,133279.25,45,2026-04-20,Agent E
OPP00391,LEAD00436,CUST01136,Support Package,Won,200032.84,94,2025-11-24,Agent E
OPP00392,LEAD01994,CUST00599,Analytics Suite,Prospecting,279669.94,61,2025-09-03,Agent E
OPP00393,LEAD01336,CUST01065,CRM License,Proposal,232550.38,56,2025-05-13,Agent D
OPP00394,LEAD00585,CUST01074,Support Package,Won,166251.67,13,2026-02-19,Agent A
OPP00395,LEAD01292,CUST01903,CRM License,Prospecting,168056.45,25,2026-04-24,Agent D
OPP00396,LEAD00788,CUST00755,Laptop,Prospecting,256364.0,71,2025-01-19,Agent C
OPP00397,LEAD01720,CUST00645,AI Platform,Prospecting,248853.36,72,2025-02-02,Agent E
OPP00398,LEAD01017,CUST01500,Support Package,Proposal,61809.29,52,2026-04-09,Agent A
OPP00399,LEAD00628,CUST01271,CRM License,Won,191685.31,72,2026-06-11,Agent D
OPP00400,LEAD01381,CUST00855,Cloud Subscription,Lost,261057.54,71,2025-05-17,Agent B
OPP00401,LEAD01501,CUST00001,Cloud Subscription,Won,242959.15,11,2026-02-25,Agent D
OPP00402,LEAD00746,CUST01410,Laptop,Won,46167.64,85,2026-05-18,Agent A
OPP00403,LEAD01504,CUST01474,Cloud Subscription,Won,136350.92,71,2025-03-09,Agent B
OPP00404,LEAD00469,CUST01861,Cloud Subscription,Qualification,160287.6,26,2025-04-21,Agent E
OPP00405,LEAD00479,CUST01006,Cloud Subscription,Negotiation,84764.77,25,2025-03-19,Agent B
OPP00406,LEAD01654,CUST01031,Analytics Suite,Qualification,207054.82,96,2026-04-16,Agent B
OPP00407,LEAD01243,CUST00417,Analytics Suite,Lost,148105.68,29,2026-04-05,Agent B
OPP00408,LEAD00071,CUST00920,CRM License,Qualification,96277.53,8,2025-03-21,Agent E
OPP00409,LEAD01351,CUST00004,CRM License,Lost,107690.71,8,2025-04-14,Agent B
OPP00410,LEAD00612,CUST01002,Analytics Suite,Proposal,258433.82,26,2026-01-31,Agent E
OPP00411,LEAD00549,CUST01414,Support Package,Prospecting,261197.94,65,2026-06-19,Agent C
OPP00412,LEAD00849,CUST01572,Laptop,Won,245588.94,48,2026-04-10,Agent B
OPP00413,LEAD00904,CUST01326,Analytics Suite,Prospecting,275021.96,75,2025-04-10,Agent A
OPP00414,LEAD01784,CUST01611,Cloud Subscription,Lost,286168.89,27,2025-08-19,Agent D
OPP00415,LEAD00872,CUST01331,Support Package,Negotiation,152630.09,27,2025-02-09,Agent E
OPP00416,LEAD00594,CUST01560,AI Platform,Lost,38044.05,43,2025-05-26,Agent E
OPP00417,LEAD01548,CUST00875,Cloud Subscription,Won,242020.59,81,2025-12-02,Agent B
OPP00418,LEAD01086,CUST01205,CRM License,Proposal,193695.26,53,2025-07-25,Agent D
OPP00419,LEAD00002,CUST01279,AI Platform,Proposal,120349.99,78,2025-12-28,Agent A
OPP00420,LEAD01265,CUST01146,Support Package,Qualification,292904.61,13,2025-06-26,Agent C
OPP00421,LEAD01003,CUST01143,Laptop,Lost,108218.71,44,2025-12-02,Agent C
OPP00422,LEAD01150,CUST01564,Cloud Subscription,Prospecting,273213.85,46,2026-01-13,Agent D
OPP00423,LEAD00369,CUST00478,Cloud Subscription,Negotiation,181849.49,11,2025-04-26,Agent D
OPP00424,LEAD00957,CUST00634,Laptop,Prospecting,20626.18,35,2025-01-27,Agent B
OPP00425,LEAD01294,CUST01038,Support Package,Negotiation,259497.18,31,2025-07-21,Agent C
OPP00426,LEAD01354,CUST01291,Laptop,Negotiation,231041.47,48,2025-01-25,Agent B
OPP00427,LEAD01361,CUST01030,Support Package,Won,196321.39,20,2025-04-06,Agent E
OPP00428,LEAD01996,CUST00399,Laptop,Qualification,188230.27,30,2025-06-21,Agent B
OPP00429,LEAD01003,CUST01648,Support Package,Prospecting,73462.29,97,2025-07-21,Agent E
OPP00430,LEAD00860,CUST01092,AI Platform,Won,72200.98,18,2025-06-15,Agent E
OPP00431,LEAD01085,CUST00867,Cloud Subscription,Proposal,18460.0,83,2025-02-01,Agent C
OPP00432,LEAD00658,CUST01757,Cloud Subscription,Lost,54699.86,57,2025-04-16,Agent D
OPP00433,LEAD00631,CUST00873,Support Package,Negotiation,107579.57,12,2026-06-10,Agent D
OPP00434,LEAD01381,CUST00324,Laptop,Prospecting,166810.22,43,2026-03-04,Agent D
OPP00435,LEAD00627,CUST01969,Laptop,Won,47934.48,54,2025-09-22,Agent C
OPP00436,LEAD01498,CUST00766,AI Platform,Negotiation,171695.93,31,2025-01-15,Agent C
OPP00437,LEAD01491,CUST01789,Analytics Suite,Proposal,86362.84,30,2025-08-02,Agent E
OPP00438,LEAD01907,CUST01034,Laptop,Prospecting,83648.73,73,2026-07-05,Agent E
OPP00439,LEAD00264,CUST00485,CRM License,Won,284903.82,8,2026-04-28,Agent B
OPP00440,LEAD00727,CUST00754,Laptop,Lost,297779.92,94,2026-03-28,Agent B
OPP00441,LEAD01544,CUST01821,Cloud Subscription,Negotiation,245317.19,35,2025-05-29,Agent C
OPP00442,LEAD00859,CUST01890,Laptop,Negotiation,25773.67,41,2025-08-29,Agent C
OPP00443,LEAD01311,CUST00276,Support Package,Won,221303.2,17,2025-01-18,Agent B
OPP00444,LEAD01471,CUST01975,Laptop,Won,61743.46,89,2026-05-27,Agent D
OPP00445,LEAD01769,CUST01707,CRM License,Proposal,175074.18,26,2025-03-09,Agent D
OPP00446,LEAD00453,CUST01296,Support Package,Won,269176.95,82,2026-01-04,Agent E
OPP00447,LEAD00521,CUST00367,CRM License,Negotiation,120256.73,36,2025-06-18,Agent B
OPP00448,LEAD00942,CUST01174,Analytics Suite,Negotiation,279364.09,8,2025-12-06,Agent C
OPP00449,LEAD01013,CUST00852,Cloud Subscription,Negotiation,215427.94,44,2026-05-09,Agent E
OPP00450,LEAD01811,CUST00249,Cloud Subscription,Proposal,97293.43,55,2025-07-06,Agent E
OPP00451,LEAD00078,CUST01968,Analytics Suite,Qualification,37525.99,49,2025-01-11,Agent A
OPP00452,LEAD00491,CUST01207,Analytics Suite,Qualification,246451.87,99,2026-01-31,Agent C
OPP00453,LEAD01826,CUST00195,AI Platform,Negotiation,142837.23,54,2025-11-14,Agent D
OPP00454,LEAD01230,CUST00684,Cloud Subscription,Proposal,31081.11,79,2025-03-25,Agent E
OPP00455,LEAD01351,CUST01680,Cloud Subscription,Qualification,39905.48,40,2025-01-29,Agent E
OPP00456,LEAD00500,CUST00885,AI Platform,Qualification,290418.8,18,2025-11-09,Agent B
OPP00457,LEAD01246,CUST00990,Analytics Suite,Qualification,80470.57,52,2026-01-01,Agent B
OPP00458,LEAD00740,CUST00285,Analytics Suite,Prospecting,290311.44,58,2025-03-11,Agent C
OPP00459,LEAD01466,CUST00222,Support Package,Proposal,207536.28,45,2025-12-24,Agent A
OPP00460,LEAD00182,CUST01956,AI Platform,Prospecting,97142.42,78,2025-09-23,Agent C
OPP00461,LEAD00569,CUST01905,AI Platform,Won,121281.08,97,2025-03-23,Agent D
OPP00462,LEAD01290,CUST00191,Support Package,Proposal,235341.15,12,2026-01-03,Agent B
OPP00463,LEAD01208,CUST01099,Support Package,Proposal,136270.34,11,2026-01-20,Agent C
OPP00464,LEAD01681,CUST01363,Support Package,Prospecting,31677.73,31,2025-04-03,Agent E
OPP00465,LEAD01602,CUST01762,Analytics Suite,Won,76646.1,61,2026-02-06,Agent D
OPP00466,LEAD00029,CUST01120,Laptop,Lost,259500.04,9,2025-05-13,Agent C
OPP00467,LEAD00181,CUST01739,AI Platform,Proposal,211890.5,23,2025-12-22,Agent D
OPP00468,LEAD00709,CUST00242,AI Platform,Negotiation,155294.67,44,2026-04-30,Agent E
OPP00469,LEAD01918,CUST00030,Analytics Suite,Proposal,81193.74,41,2026-07-13,Agent B
OPP00470,LEAD00955,CUST00930,CRM License,Qualification,147631.28,86,2025-06-02,Agent B
OPP00471,LEAD01784,CUST00530,Cloud Subscription,Lost,238766.23,57,2025-07-21,Agent C
OPP00472,LEAD00119,CUST01511,Cloud Subscription,Prospecting,33647.53,88,2025-02-26,Agent E
OPP00473,LEAD01927,CUST00674,Support Package,Negotiation,298482.67,77,2026-08-01,Agent A
OPP00474,LEAD00123,CUST00815,Cloud Subscription,Won,259331.14,44,2025-07-17,Agent B
OPP00475,LEAD01617,CUST01070,AI Platform,Negotiation,102210.08,98,2026-04-24,Agent E
OPP00476,LEAD01754,CUST01923,Support Package,Won,262467.25,85,2026-07-12,Agent E
OPP00477,LEAD00589,CUST00144,AI Platform,Qualification,207697.21,52,2025-10-11,Agent A
OPP00478,LEAD00602,CUST01106,Support Package,Negotiation,203242.78,86,2026-02-18,Agent D
OPP00479,LEAD01164,CUST00778,Laptop,Prospecting,50515.83,29,2025-10-09,Agent E
OPP00480,LEAD01445,CUST00073,AI Platform,Won,272709.45,24,2025-12-09,Agent C
OPP00481,LEAD00241,CUST01630,Cloud Subscription,Lost,140599.12,80,2025-05-29,Agent A
OPP00482,LEAD00474,CUST01828,Cloud Subscription,Negotiation,242936.05,80,2026-05-16,Agent D
OPP00483,LEAD01509,CUST00347,Analytics Suite,Lost,96861.9,26,2025-03-15,Agent E
OPP00484,LEAD01615,CUST01520,Support Package,Negotiation,99321.06,77,2026-01-29,Agent C
OPP00485,LEAD00308,CUST01403,CRM License,Lost,289759.86,53,2026-07-03,Agent B
OPP00486,LEAD01780,CUST01411,AI Platform,Won,154031.38,58,2026-04-29,Agent B
OPP00487,LEAD01734,CUST00921,CRM License,Qualification,27368.31,86,2026-03-29,Agent B
OPP00488,LEAD01736,CUST00641,Cloud Subscription,Negotiation,252354.93,20,2026-01-27,Agent E
OPP00489,LEAD00482,CUST00142,Support Package,Lost,75896.71,43,2026-07-18,Agent A
OPP00490,LEAD01339,CUST00070,Support Package,Prospecting,264838.59,32,2026-05-31,Agent E
OPP00491,LEAD00321,CUST00355,Cloud Subscription,Prospecting,275767.56,58,2025-06-13,Agent C
OPP00492,LEAD00393,CUST01056,Cloud Subscription,Won,31102.14,20,2026-01-07,Agent B
OPP00493,LEAD00142,CUST00283,Laptop,Lost,178904.48,16,2025-09-13,Agent A
OPP00494,LEAD00987,CUST01374,AI Platform,Qualification,294641.99,71,2025-06-07,Agent E
OPP00495,LEAD01423,CUST01240,Laptop,Proposal,279966.69,10,2026-05-03,Agent A
OPP00496,LEAD00398,CUST00690,Laptop,Lost,162320.55,45,2025-01-25,Agent C
OPP00497,LEAD00373,CUST00175,Support Package,Qualification,207343.03,99,2025-03-18,Agent D
OPP00498,LEAD00554,CUST01035,CRM License,Prospecting,185235.99,100,2025-03-04,Agent A
OPP00499,LEAD00396,CUST01647,Laptop,Lost,68943.47,22,2025-05-01,Agent A
OPP00500,LEAD01666,CUST00788,Support Package,Lost,199369.3,94,2025-11-02,Agent B
OPP00501,LEAD00340,CUST01614,Cloud Subscription,Negotiation,106610.94,37,2026-07-16,Agent E
OPP00502,LEAD00557,CUST00573,Analytics Suite,Qualification,108011.86,24,2026-08-03,Agent B
OPP00503,LEAD00612,CUST00161,Analytics Suite,Negotiation,131796.57,53,2026-06-21,Agent E
OPP00504,LEAD00406,CUST01300,Analytics Suite,Qualification,257131.3,51,2026-03-29,Agent D
OPP00505,LEAD01883,CUST01777,Support Package,Negotiation,79120.29,40,2025-10-02,Agent A
OPP00506,LEAD00420,CUST01768,Support Package,Negotiation,82729.58,46,2026-04-08,Agent A
OPP00507,LEAD00974,CUST01919,AI Platform,Qualification,12128.57,14,2025-06-09,Agent B
OPP00508,LEAD01133,CUST00216,Support Package,Proposal,54951.99,30,2026-01-31,Agent A
OPP00509,LEAD00522,CUST00087,Analytics Suite,Proposal,293816.99,23,2025-01-05,Agent E
OPP00510,LEAD00943,CUST01139,Laptop,Lost,135822.28,94,2026-06-23,Agent A
OPP00511,LEAD00341,CUST01901,Cloud Subscription,Proposal,66597.76,52,2026-08-03,Agent A
OPP00512,LEAD00966,CUST01996,Cloud Subscription,Qualification,290047.73,57,2026-03-15,Agent E
OPP00513,LEAD00038,CUST00559,Analytics Suite,Negotiation,17864.18,47,2025-04-15,Agent E
OPP00514,LEAD00879,CUST00751,AI Platform,Negotiation,150408.25,89,2025-06-03,Agent D
OPP00515,LEAD00730,CUST01330,AI Platform,Proposal,243334.62,81,2026-03-17,Agent C
OPP00516,LEAD00702,CUST01828,Support Package,Negotiation,234119.31,71,2025-10-25,Agent E
OPP00517,LEAD00221,CUST00350,Support Package,Proposal,64873.01,34,2025-11-23,Agent E
OPP00518,LEAD01998,CUST01952,AI Platform,Proposal,215259.01,34,2025-08-29,Agent E
OPP00519,LEAD00055,CUST01635,Cloud Subscription,Won,190463.7,95,2026-05-14,Agent D
OPP00520,LEAD00293,CUST00137,Laptop,Lost,205830.1,94,2025-04-09,Agent C
OPP00521,LEAD00206,CUST01684,Cloud Subscription,Negotiation,87170.4,32,2025-09-21,Agent E
OPP00522,LEAD01956,CUST01284,Support Package,Lost,245112.97,37,2025-05-13,Agent A
OPP00523,LEAD00638,CUST01957,AI Platform,Won,172178.88,36,2026-02-17,Agent D
OPP00524,LEAD00862,CUST00419,AI Platform,Lost,220272.63,80,2025-06-19,Agent D
OPP00525,LEAD01502,CUST01986,Laptop,Prospecting,282476.32,96,2025-06-28,Agent B
OPP00526,LEAD00101,CUST00096,Laptop,Won,258094.21,90,2025-04-14,Agent E
OPP00527,LEAD00134,CUST00152,Laptop,Won,236877.87,85,2026-05-30,Agent D
OPP00528,LEAD00366,CUST00896,CRM License,Proposal,93998.14,38,2025-05-10,Agent C
OPP00529,LEAD01358,CUST01316,Analytics Suite,Proposal,25684.1,35,2026-06-02,Agent D
OPP00530,LEAD01957,CUST00334,Cloud Subscription,Prospecting,176646.89,90,2026-07-01,Agent E
OPP00531,LEAD01242,CUST00547,AI Platform,Lost,20008.79,42,2026-07-29,Agent D
OPP00532,LEAD01745,CUST00780,Laptop,Proposal,217115.03,25,2025-07-24,Agent B
OPP00533,LEAD01764,CUST00252,Analytics Suite,Lost,223678.28,85,2026-01-26,Agent D
OPP00534,LEAD00553,CUST00352,Analytics Suite,Lost,173244.27,51,2026-05-09,Agent A
OPP00535,LEAD00368,CUST00298,CRM License,Lost,58764.05,13,2025-02-16,Agent C
OPP00536,LEAD00321,CUST01909,Laptop,Lost,263959.22,91,2025-02-08,Agent A
OPP00537,LEAD01589,CUST01873,Laptop,Negotiation,182817.16,33,2025-05-04,Agent A
OPP00538,LEAD01339,CUST01258,CRM License,Negotiation,159318.67,34,2026-08-09,Agent C
OPP00539,LEAD01730,CUST01368,Laptop,Lost,174601.61,56,2025-02-23,Agent A
OPP00540,LEAD01015,CUST00275,Analytics Suite,Proposal,34037.26,30,2026-04-01,Agent C
OPP00541,LEAD01953,CUST00101,AI Platform,Lost,224726.75,84,2026-05-15,Agent B
OPP00542,LEAD01789,CUST00754,AI Platform,Prospecting,27624.92,71,2026-06-25,Agent D
OPP00543,LEAD01618,CUST01969,AI Platform,Won,177732.57,59,2025-11-12,Agent D
OPP00544,LEAD01607,CUST00956,Laptop,Proposal,59084.56,24,2025-11-10,Agent D
OPP00545,LEAD00248,CUST01616,CRM License,Lost,70233.56,52,2026-03-19,Agent D
OPP00546,LEAD01490,CUST00740,AI Platform,Proposal,77643.73,31,2026-04-14,Agent D
OPP00547,LEAD01895,CUST00619,CRM License,Prospecting,14148.64,97,2025-08-04,Agent D
OPP00548,LEAD00585,CUST01625,CRM License,Qualification,268633.26,81,2026-07-11,Agent D
OPP00549,LEAD01630,CUST00942,AI Platform,Proposal,243228.23,16,2025-09-15,Agent C
OPP00550,LEAD00701,CUST01464,AI Platform,Negotiation,19073.07,55,2025-05-28,Agent B
OPP00551,LEAD00425,CUST01454,CRM License,Negotiation,26525.97,79,2026-03-24,Agent A
OPP00552,LEAD01462,CUST01455,Analytics Suite,Won,237034.29,55,2026-01-06,Agent D
OPP00553,LEAD00331,CUST01353,Support Package,Proposal,11972.95,17,2025-01-30,Agent E
OPP00554,LEAD00963,CUST01619,CRM License,Proposal,146009.68,18,2025-04-10,Agent B
OPP00555,LEAD01873,CUST00927,Analytics Suite,Proposal,41116.2,75,2025-01-22,Agent A
OPP00556,LEAD00314,CUST00607,Analytics Suite,Proposal,181573.35,55,2025-12-10,Agent C
OPP00557,LEAD00312,CUST01025,Cloud Subscription,Negotiation,299518.72,57,2026-06-06,Agent E
OPP00558,LEAD01886,CUST00650,Support Package,Prospecting,59886.24,30,2025-07-12,Agent C
OPP00559,LEAD01555,CUST00087,Laptop,Won,287438.32,30,2025-03-07,Agent A
OPP00560,LEAD00924,CUST00724,AI Platform,Prospecting,260988.78,44,2026-05-23,Agent B
OPP00561,LEAD00811,CUST01002,Analytics Suite,Prospecting,295897.94,57,2026-03-06,Agent B
OPP00562,LEAD01928,CUST01041,CRM License,Proposal,232194.7,49,2025-11-21,Agent D
OPP00563,LEAD01448,CUST00681,Analytics Suite,Proposal,258528.33,89,2025-04-29,Agent B
OPP00564,LEAD01817,CUST01451,Cloud Subscription,Won,182433.32,23,2026-02-05,Agent C
OPP00565,LEAD00184,CUST00571,Support Package,Proposal,261512.38,50,2025-08-07,Agent B
OPP00566,LEAD01061,CUST01296,Analytics Suite,Lost,42338.55,27,2025-05-27,Agent B
OPP00567,LEAD01451,CUST00540,CRM License,Prospecting,225079.75,5,2025-06-24,Agent D
OPP00568,LEAD00072,CUST01974,AI Platform,Won,192329.84,44,2025-02-06,Agent B
OPP00569,LEAD01024,CUST01298,Support Package,Proposal,27355.48,10,2025-10-20,Agent D
OPP00570,LEAD00112,CUST01114,Cloud Subscription,Proposal,94561.21,40,2026-03-25,Agent A
OPP00571,LEAD01801,CUST00859,AI Platform,Prospecting,72670.97,65,2026-05-08,Agent B
OPP00572,LEAD01362,CUST01512,Support Package,Negotiation,127500.88,41,2026-03-08,Agent E
OPP00573,LEAD00377,CUST00852,CRM License,Prospecting,67522.47,70,2026-06-06,Agent A
OPP00574,LEAD01043,CUST01607,AI Platform,Lost,89700.6,33,2026-07-29,Agent B
OPP00575,LEAD00219,CUST00319,Laptop,Lost,95848.74,43,2025-05-13,Agent A
OPP00576,LEAD01608,CUST01641,Support Package,Qualification,183945.16,89,2025-09-16,Agent E
OPP00577,LEAD00393,CUST01924,Laptop,Proposal,49113.39,28,2025-07-21,Agent D
OPP00578,LEAD01215,CUST00486,Support Package,Won,79919.36,53,2026-02-13,Agent B
OPP00579,LEAD00158,CUST00448,Support Package,Negotiation,101972.94,73,2026-05-14,Agent A
OPP00580,LEAD00316,CUST01910,Cloud Subscription,Won,140229.7,39,2026-06-15,Agent D
OPP00581,LEAD01961,CUST00813,AI Platform,Lost,21045.7,34,2025-02-23,Agent A
OPP00582,LEAD00772,CUST01391,AI Platform,Prospecting,299771.32,71,2025-11-03,Agent D
OPP00583,LEAD00246,CUST00381,Support Package,Negotiation,97113.68,12,2025-03-11,Agent E
OPP00584,LEAD01400,CUST00856,Cloud Subscription,Qualification,93330.01,30,2025-07-16,Agent C
OPP00585,LEAD00402,CUST01407,Laptop,Won,170912.47,44,2025-10-13,Agent D
OPP00586,LEAD01179,CUST01790,AI Platform,Lost,257669.33,25,2026-01-05,Agent A
OPP00587,LEAD01620,CUST00873,Analytics Suite,Lost,142474.72,56,2026-04-16,Agent B
OPP00588,LEAD01367,CUST00151,Analytics Suite,Qualification,82163.37,64,2026-08-16,Agent A
OPP00589,LEAD00494,CUST00828,Laptop,Qualification,174103.9,97,2025-07-20,Agent A
OPP00590,LEAD00474,CUST01286,AI Platform,Proposal,150053.34,62,2025-11-30,Agent E
OPP00591,LEAD00445,CUST01751,CRM License,Negotiation,132691.7,61,2025-02-11,Agent D
OPP00592,LEAD01264,CUST01668,CRM License,Negotiation,295326.06,74,2025-03-08,Agent A
OPP00593,LEAD01345,CUST01519,CRM License,Negotiation,298825.58,24,2026-07-31,Agent E
OPP00594,LEAD01042,CUST00331,CRM License,Won,172963.71,50,2026-07-14,Agent D
OPP00595,LEAD00798,CUST01040,Support Package,Qualification,29721.14,84,2026-07-14,Agent B
OPP00596,LEAD00125,CUST01153,Laptop,Lost,174406.1,21,2025-06-05,Agent C
OPP00597,LEAD01671,CUST00938,CRM License,Lost,286216.92,32,2026-01-24,Agent D
OPP00598,LEAD01321,CUST01847,Laptop,Prospecting,278450.83,26,2025-05-17,Agent B
OPP00599,LEAD01277,CUST01920,CRM License,Proposal,72495.25,97,2026-02-11,Agent E
OPP00600,LEAD00208,CUST00421,Analytics Suite,Negotiation,65134.65,39,2025-10-16,Agent A
OPP00601,LEAD00577,CUST01913,CRM License,Lost,54154.2,36,2026-07-11,Agent D
OPP00602,LEAD00608,CUST01694,AI Platform,Prospecting,247737.46,83,2025-08-11,Agent E
OPP00603,LEAD01196,CUST01410,Cloud Subscription,Lost,152115.97,92,2026-01-19,Agent A
OPP00604,LEAD01575,CUST00763,Cloud Subscription,Lost,108033.51,5,2026-01-28,Agent A
OPP00605,LEAD01733,CUST01521,Support Package,Lost,104194.08,89,2026-04-15,Agent E
OPP00606,LEAD01045,CUST01173,Cloud Subscription,Lost,89869.84,72,2025-02-01,Agent B
OPP00607,LEAD00729,CUST01799,Support Package,Qualification,265959.73,87,2025-10-04,Agent B
OPP00608,LEAD00817,CUST01423,CRM License,Won,128807.17,13,2025-09-27,Agent A
OPP00609,LEAD01473,CUST01929,CRM License,Lost,80765.14,8,2025-05-16,Agent B
OPP00610,LEAD00637,CUST00839,AI Platform,Negotiation,216017.39,37,2026-04-25,Agent D
OPP00611,LEAD00832,CUST00165,Analytics Suite,Won,194281.82,86,2026-05-12,Agent D
OPP00612,LEAD01573,CUST00984,Laptop,Proposal,217456.01,52,2025-02-18,Agent B
OPP00613,LEAD01087,CUST01995,CRM License,Negotiation,248367.27,74,2026-02-12,Agent D
OPP00614,LEAD00936,CUST01311,Support Package,Proposal,39357.78,28,2026-05-29,Agent A
OPP00615,LEAD01468,CUST01407,Cloud Subscription,Won,10576.74,37,2025-06-22,Agent E
OPP00616,LEAD00578,CUST01251,AI Platform,Won,24664.21,89,2026-01-12,Agent B
OPP00617,LEAD00122,CUST01186,Support Package,Prospecting,214970.05,52,2026-01-07,Agent D
OPP00618,LEAD01577,CUST00123,CRM License,Negotiation,281004.0,79,2025-01-12,Agent D
OPP00619,LEAD00910,CUST00827,Laptop,Proposal,106020.56,66,2026-05-02,Agent D
OPP00620,LEAD00651,CUST00173,Cloud Subscription,Prospecting,236546.31,21,2026-03-24,Agent A
OPP00621,LEAD00191,CUST00673,CRM License,Won,221463.51,95,2025-06-11,Agent A
OPP00622,LEAD01853,CUST01440,CRM License,Won,293637.86,95,2025-07-07,Agent A
OPP00623,LEAD01451,CUST01609,AI Platform,Prospecting,146529.99,79,2026-04-03,Agent C
OPP00624,LEAD00549,CUST00448,Support Package,Negotiation,58161.16,50,2026-04-23,Agent B
OPP00625,LEAD01216,CUST01309,Cloud Subscription,Qualification,231917.11,46,2025-02-13,Agent C
OPP00626,LEAD00929,CUST00453,CRM License,Proposal,247457.47,33,2025-08-02,Agent E
OPP00627,LEAD00654,CUST00402,CRM License,Negotiation,215117.02,66,2026-01-08,Agent D
OPP00628,LEAD00624,CUST01920,Cloud Subscription,Qualification,260322.69,34,2025-03-17,Agent D
OPP00629,LEAD00153,CUST01220,AI Platform,Proposal,117642.95,22,2026-08-19,Agent B
OPP00630,LEAD01950,CUST00396,Cloud Subscription,Proposal,210191.35,10,2025-05-05,Agent D
OPP00631,LEAD01852,CUST00283,Support Package,Proposal,86516.11,45,2026-06-01,Agent E
OPP00632,LEAD01742,CUST00099,Cloud Subscription,Qualification,139467.64,83,2025-02-08,Agent E
OPP00633,LEAD00631,CUST00994,Analytics Suite,Qualification,80322.73,80,2026-06-06,Agent A
OPP00634,LEAD01994,CUST00203,Support Package,Negotiation,54814.77,86,2025-01-24,Agent D
OPP00635,LEAD00551,CUST01167,CRM License,Proposal,20426.44,63,2026-02-10,Agent E
OPP00636,LEAD01649,CUST00868,CRM License,Lost,204713.03,88,2025-08-03,Agent E
OPP00637,LEAD00203,CUST01272,Analytics Suite,Qualification,263829.2,80,2025-10-02,Agent A
OPP00638,LEAD00621,CUST00416,Cloud Subscription,Qualification,101181.64,82,2025-03-06,Agent C
OPP00639,LEAD01155,CUST00291,AI Platform,Lost,134478.26,53,2026-02-08,Agent C
OPP00640,LEAD01936,CUST00202,Support Package,Won,11028.62,13,2026-01-06,Agent A
OPP00641,LEAD00532,CUST00192,AI Platform,Lost,129727.88,41,2025-07-11,Agent B
OPP00642,LEAD00865,CUST00145,Support Package,Won,91583.41,86,2025-10-09,Agent B
OPP00643,LEAD01686,CUST00518,Laptop,Won,176518.01,76,2025-11-26,Agent B
OPP00644,LEAD00945,CUST01601,Laptop,Prospecting,273469.98,6,2026-02-15,Agent B
OPP00645,LEAD01366,CUST01215,Support Package,Negotiation,156784.25,14,2025-11-18,Agent C
OPP00646,LEAD00837,CUST00501,Analytics Suite,Won,205904.47,68,2025-02-05,Agent E
OPP00647,LEAD00008,CUST01864,Support Package,Proposal,214590.02,98,2025-11-21,Agent D
OPP00648,LEAD00567,CUST01523,Laptop,Lost,54205.25,75,2025-07-27,Agent D
OPP00649,LEAD01132,CUST01559,CRM License,Prospecting,110505.48,96,2025-09-03,Agent A
OPP00650,LEAD00039,CUST01798,Analytics Suite,Proposal,42812.21,11,2025-08-09,Agent C
OPP00651,LEAD00464,CUST01492,AI Platform,Lost,137816.52,89,2025-07-30,Agent A
OPP00652,LEAD01907,CUST01914,Support Package,Qualification,267312.85,17,2025-05-21,Agent E
OPP00653,LEAD00031,CUST00661,Cloud Subscription,Proposal,149470.96,89,2025-07-16,Agent C
OPP00654,LEAD00495,CUST01713,Support Package,Lost,142284.37,98,2026-03-01,Agent C
OPP00655,LEAD01239,CUST00224,CRM License,Lost,70703.83,54,2025-05-14,Agent A
OPP00656,LEAD01127,CUST00601,Support Package,Won,99963.01,56,2026-03-29,Agent D
OPP00657,LEAD00410,CUST01784,Analytics Suite,Negotiation,281613.88,52,2025-09-19,Agent D
OPP00658,LEAD00120,CUST00267,Laptop,Prospecting,97868.64,58,2025-12-30,Agent C
OPP00659,LEAD01800,CUST01002,Analytics Suite,Negotiation,222102.11,83,2025-03-12,Agent B
OPP00660,LEAD01102,CUST00682,Cloud Subscription,Proposal,22221.08,32,2025-05-04,Agent C
OPP00661,LEAD01147,CUST00202,AI Platform,Proposal,47211.05,32,2026-06-22,Agent B
OPP00662,LEAD00116,CUST00472,Laptop,Won,100328.6,97,2026-05-11,Agent D
OPP00663,LEAD00419,CUST01070,Analytics Suite,Proposal,271412.05,86,2025-02-11,Agent C
OPP00664,LEAD00146,CUST01262,Support Package,Won,73594.58,56,2026-06-23,Agent E
OPP00665,LEAD01959,CUST01351,Laptop,Negotiation,220755.94,24,2026-05-15,Agent A
OPP00666,LEAD01540,CUST00263,CRM License,Prospecting,58582.1,96,2025-03-23,Agent D
OPP00667,LEAD01093,CUST00640,Support Package,Lost,187724.19,89,2025-05-24,Agent A
OPP00668,LEAD01362,CUST00209,Support Package,Negotiation,180180.19,36,2025-04-16,Agent E
OPP00669,LEAD00331,CUST00019,Analytics Suite,Qualification,190364.89,56,2026-05-24,Agent B
OPP00670,LEAD01977,CUST00782,AI Platform,Proposal,93020.19,45,2026-05-24,Agent D
OPP00671,LEAD01035,CUST01244,AI Platform,Negotiation,57009.87,85,2026-03-06,Agent C
OPP00672,LEAD01034,CUST00742,CRM License,Negotiation,267080.87,70,2025-05-30,Agent B
OPP00673,LEAD01919,CUST00081,Support Package,Lost,175138.74,52,2026-07-03,Agent D
OPP00674,LEAD00192,CUST00440,AI Platform,Negotiation,71492.52,97,2026-05-21,Agent C
OPP00675,LEAD00849,CUST00866,Analytics Suite,Qualification,129865.43,63,2026-06-03,Agent B
OPP00676,LEAD00177,CUST00712,Laptop,Lost,29456.53,51,2025-08-03,Agent D
OPP00677,LEAD00851,CUST01650,Laptop,Negotiation,147859.07,93,2026-02-22,Agent D
OPP00678,LEAD00535,CUST01196,Laptop,Qualification,132928.33,48,2026-02-07,Agent D
OPP00679,LEAD00923,CUST01998,AI Platform,Won,48490.61,45,2025-04-01,Agent D
OPP00680,LEAD01404,CUST00352,CRM License,Won,138867.98,42,2025-12-14,Agent D
OPP00681,LEAD00561,CUST00741,AI Platform,Lost,195464.38,26,2025-11-24,Agent B
OPP00682,LEAD00103,CUST00175,Laptop,Won,279262.23,31,2025-12-15,Agent E
OPP00683,LEAD00324,CUST00041,Support Package,Proposal,213923.71,13,2025-07-22,Agent B
OPP00684,LEAD01432,CUST01848,Analytics Suite,Proposal,155706.23,74,2026-02-03,Agent D
OPP00685,LEAD01158,CUST00986,Analytics Suite,Negotiation,233314.82,61,2026-06-12,Agent E
OPP00686,LEAD01958,CUST01320,Laptop,Lost,91181.23,94,2025-12-27,Agent C
OPP00687,LEAD01789,CUST00553,Analytics Suite,Qualification,203946.66,63,2026-06-04,Agent E
OPP00688,LEAD00323,CUST00104,Support Package,Qualification,11468.03,12,2026-04-05,Agent A
OPP00689,LEAD01472,CUST01786,AI Platform,Proposal,31039.83,64,2025-07-07,Agent A
OPP00690,LEAD00181,CUST01317,CRM License,Prospecting,191037.03,21,2026-03-15,Agent A
OPP00691,LEAD00193,CUST01424,Analytics Suite,Lost,65839.38,8,2026-02-05,Agent D
OPP00692,LEAD01587,CUST01067,Analytics Suite,Proposal,209731.58,68,2026-07-17,Agent B
OPP00693,LEAD00802,CUST00809,CRM License,Won,194658.45,7,2025-07-21,Agent A
OPP00694,LEAD01996,CUST00845,CRM License,Proposal,28463.36,44,2025-04-08,Agent B
OPP00695,LEAD00011,CUST01525,Analytics Suite,Won,123824.03,90,2026-02-09,Agent E
OPP00696,LEAD01006,CUST00455,Cloud Subscription,Prospecting,187770.64,29,2026-01-12,Agent E
OPP00697,LEAD00616,CUST00683,Analytics Suite,Lost,216909.67,71,2026-01-01,Agent A
OPP00698,LEAD01971,CUST00615,Support Package,Negotiation,246664.41,41,2026-03-17,Agent C
OPP00699,LEAD01339,CUST01044,Analytics Suite,Won,105828.44,15,2025-11-01,Agent B
OPP00700,LEAD01544,CUST01936,CRM License,Lost,252647.65,23,2025-01-18,Agent E
OPP00701,LEAD00581,CUST01846,CRM License,Won,112733.78,12,2026-06-08,Agent C
OPP00702,LEAD01789,CUST01090,Analytics Suite,Proposal,12026.18,19,2025-06-15,Agent C
OPP00703,LEAD01682,CUST00401,CRM License,Qualification,186901.71,20,2025-05-27,Agent A
OPP00704,LEAD01569,CUST01881,Support Package,Proposal,80083.89,89,2026-05-01,Agent E
OPP00705,LEAD00955,CUST00627,AI Platform,Qualification,46070.58,82,2026-04-21,Agent A
OPP00706,LEAD01844,CUST00713,Laptop,Negotiation,84923.76,38,2025-10-29,Agent E
OPP00707,LEAD01339,CUST01772,Support Package,Won,250095.06,74,2026-02-15,Agent C
OPP00708,LEAD00132,CUST00527,CRM License,Proposal,275060.38,24,2025-02-18,Agent A
OPP00709,LEAD01768,CUST00924,AI Platform,Qualification,288892.02,66,2025-06-17,Agent B
OPP00710,LEAD00042,CUST01834,Analytics Suite,Qualification,97820.81,24,2025-05-25,Agent E
OPP00711,LEAD01366,CUST00636,Cloud Subscription,Won,142219.33,66,2025-09-09,Agent D
OPP00712,LEAD00500,CUST01249,AI Platform,Lost,242732.57,39,2025-08-01,Agent D
OPP00713,LEAD01795,CUST00075,AI Platform,Proposal,102191.78,87,2025-02-11,Agent D
OPP00714,LEAD01460,CUST01992,Analytics Suite,Qualification,121691.52,85,2026-02-15,Agent D
OPP00715,LEAD01617,CUST00838,CRM License,Prospecting,78809.6,37,2025-12-23,Agent B
OPP00716,LEAD01400,CUST01341,AI Platform,Proposal,175986.52,8,2025-08-15,Agent A
OPP00717,LEAD01135,CUST01002,AI Platform,Qualification,201187.34,35,2026-06-14,Agent B
OPP00718,LEAD01728,CUST00868,CRM License,Lost,102347.44,32,2025-08-04,Agent A
OPP00719,LEAD00595,CUST00813,Analytics Suite,Won,17026.85,45,2025-03-12,Agent A
OPP00720,LEAD01057,CUST00036,Cloud Subscription,Proposal,223413.27,60,2026-05-21,Agent A
OPP00721,LEAD00597,CUST00555,Support Package,Proposal,188813.21,100,2025-03-20,Agent D
OPP00722,LEAD00228,CUST00762,Support Package,Won,73509.65,11,2025-02-12,Agent A
OPP00723,LEAD01751,CUST00739,Laptop,Negotiation,101247.83,58,2025-10-10,Agent B
OPP00724,LEAD00995,CUST00548,Support Package,Lost,287562.94,21,2025-12-12,Agent A
OPP00725,LEAD00108,CUST01285,Laptop,Lost,192759.03,57,2025-06-17,Agent D
OPP00726,LEAD01651,CUST01659,CRM License,Proposal,182688.55,66,2026-05-16,Agent E
OPP00727,LEAD01883,CUST01783,Cloud Subscription,Prospecting,195510.31,82,2025-06-15,Agent C
OPP00728,LEAD01324,CUST01945,CRM License,Qualification,286788.92,58,2026-07-29,Agent B
OPP00729,LEAD00655,CUST01300,Laptop,Proposal,108559.13,22,2026-01-16,Agent B
OPP00730,LEAD01719,CUST00823,Cloud Subscription,Negotiation,91465.63,92,2025-04-20,Agent B
OPP00731,LEAD01478,CUST01293,Laptop,Won,119255.32,43,2025-09-02,Agent E
OPP00732,LEAD00570,CUST00265,Analytics Suite,Proposal,242275.24,51,2025-02-15,Agent C
OPP00733,LEAD00661,CUST01634,Cloud Subscription,Qualification,45078.07,66,2026-05-19,Agent A
OPP00734,LEAD01976,CUST01070,Cloud Subscription,Proposal,69979.16,30,2026-01-22,Agent C
OPP00735,LEAD01907,CUST00331,CRM License,Negotiation,76191.2,99,2025-09-13,Agent D
OPP00736,LEAD01353,CUST00852,AI Platform,Negotiation,194549.44,9,2026-02-09,Agent E
OPP00737,LEAD00073,CUST00603,Cloud Subscription,Proposal,196059.08,19,2026-01-02,Agent A
OPP00738,LEAD00460,CUST00700,Cloud Subscription,Prospecting,117847.05,100,2025-12-24,Agent B
OPP00739,LEAD00707,CUST00102,Cloud Subscription,Prospecting,90095.76,48,2025-08-26,Agent C
OPP00740,LEAD01072,CUST00033,AI Platform,Proposal,228849.06,90,2025-07-29,Agent D
OPP00741,LEAD01735,CUST00700,Laptop,Prospecting,19200.7,91,2025-06-02,Agent A
OPP00742,LEAD01697,CUST00604,CRM License,Qualification,224233.94,100,2026-04-14,Agent E
OPP00743,LEAD00549,CUST01998,CRM License,Won,70979.46,74,2025-10-08,Agent C
OPP00744,LEAD00218,CUST00526,Support Package,Won,271805.35,70,2025-10-07,Agent D
OPP00745,LEAD00552,CUST00659,Laptop,Won,129971.04,63,2026-03-06,Agent A
OPP00746,LEAD00471,CUST01831,CRM License,Lost,196266.1,70,2025-11-13,Agent C
OPP00747,LEAD01798,CUST01720,CRM License,Lost,45081.1,29,2026-07-22,Agent A
OPP00748,LEAD00029,CUST00114,Support Package,Won,83626.48,83,2025-05-24,Agent B
OPP00749,LEAD01662,CUST00172,Cloud Subscription,Qualification,213176.49,22,2025-01-26,Agent C
OPP00750,LEAD01314,CUST00190,CRM License,Proposal,169603.08,51,2025-09-09,Agent A
OPP00751,LEAD00212,CUST00920,AI Platform,Qualification,233438.44,40,2025-11-13,Agent E
OPP00752,LEAD01371,CUST01146,AI Platform,Qualification,173386.68,78,2026-05-05,Agent E
OPP00753,LEAD01161,CUST00703,AI Platform,Lost,175106.04,29,2026-01-15,Agent E
OPP00754,LEAD00008,CUST00026,AI Platform,Qualification,258895.1,24,2026-07-14,Agent A
OPP00755,LEAD00447,CUST00404,Cloud Subscription,Prospecting,133160.08,82,2025-02-21,Agent C
OPP00756,LEAD00697,CUST01230,Laptop,Lost,269562.97,51,2025-11-17,Agent D
OPP00757,LEAD00431,CUST00746,Cloud Subscription,Lost,117942.42,74,2026-05-10,Agent C
OPP00758,LEAD01158,CUST00248,AI Platform,Qualification,105292.32,89,2025-10-27,Agent C
OPP00759,LEAD01231,CUST01303,Analytics Suite,Negotiation,236032.17,85,2025-06-14,Agent C
OPP00760,LEAD00340,CUST01227,Cloud Subscription,Qualification,13348.46,43,2026-04-04,Agent D
OPP00761,LEAD00248,CUST00981,CRM License,Negotiation,59935.71,21,2026-06-06,Agent A
OPP00762,LEAD01311,CUST01881,Support Package,Won,30812.06,97,2025-06-04,Agent B
OPP00763,LEAD00940,CUST01689,Analytics Suite,Won,158510.48,34,2025-11-26,Agent E
OPP00764,LEAD00531,CUST00080,Laptop,Proposal,192140.59,78,2026-04-25,Agent A
OPP00765,LEAD00512,CUST01810,Laptop,Lost,13009.02,78,2025-04-01,Agent C
OPP00766,LEAD00079,CUST00100,Analytics Suite,Won,56824.43,47,2025-01-07,Agent A
OPP00767,LEAD01708,CUST00964,Analytics Suite,Lost,97736.99,20,2026-03-17,Agent D
OPP00768,LEAD01684,CUST01804,Cloud Subscription,Lost,95325.64,50,2026-03-25,Agent C
OPP00769,LEAD01109,CUST01964,AI Platform,Prospecting,38168.49,18,2025-04-04,Agent C
OPP00770,LEAD00699,CUST00046,Support Package,Negotiation,60125.76,38,2025-12-22,Agent B
OPP00771,LEAD00431,CUST00145,Analytics Suite,Proposal,255645.01,41,2026-03-06,Agent C
OPP00772,LEAD00615,CUST00483,Analytics Suite,Prospecting,213168.53,54,2026-07-28,Agent B
OPP00773,LEAD01853,CUST00553,CRM License,Prospecting,95867.37,22,2026-04-27,Agent C
OPP00774,LEAD00178,CUST00559,Cloud Subscription,Lost,86388.16,86,2025-05-12,Agent B
OPP00775,LEAD01646,CUST00834,AI Platform,Proposal,33257.77,12,2025-12-10,Agent C
OPP00776,LEAD00609,CUST00638,Laptop,Prospecting,111182.72,99,2026-03-13,Agent E
OPP00777,LEAD00531,CUST01166,CRM License,Proposal,125440.16,35,2025-06-11,Agent A
OPP00778,LEAD01620,CUST01708,CRM License,Proposal,272212.68,51,2025-04-08,Agent D
OPP00779,LEAD01923,CUST01092,Cloud Subscription,Prospecting,225503.56,89,2025-09-18,Agent C
OPP00780,LEAD01984,CUST00664,Laptop,Qualification,148954.59,67,2026-03-05,Agent E
OPP00781,LEAD00536,CUST01136,AI Platform,Proposal,49108.61,10,2025-11-11,Agent C
OPP00782,LEAD01183,CUST01241,Support Package,Prospecting,200286.88,62,2025-12-27,Agent B
OPP00783,LEAD00586,CUST01793,CRM License,Negotiation,281443.57,59,2026-02-01,Agent A
OPP00784,LEAD00387,CUST01895,Laptop,Proposal,32633.01,94,2026-07-24,Agent B
OPP00785,LEAD00772,CUST00556,Cloud Subscription,Proposal,256096.25,59,2026-01-13,Agent C
OPP00786,LEAD00125,CUST01837,AI Platform,Won,62233.22,100,2025-03-22,Agent C
OPP00787,LEAD00330,CUST01634,Laptop,Won,213371.47,55,2025-08-27,Agent C
OPP00788,LEAD01192,CUST00257,CRM License,Prospecting,63318.25,23,2025-04-12,Agent B
OPP00789,LEAD01375,CUST01117,Support Package,Won,184003.93,53,2026-03-28,Agent D
OPP00790,LEAD00541,CUST00305,AI Platform,Prospecting,78911.13,93,2026-08-18,Agent C
OPP00791,LEAD01115,CUST00981,Support Package,Lost,167092.44,6,2026-04-05,Agent B
OPP00792,LEAD01530,CUST00090,AI Platform,Qualification,184045.78,43,2025-05-27,Agent E
OPP00793,LEAD01789,CUST00599,Analytics Suite,Negotiation,189370.89,9,2026-02-20,Agent D
OPP00794,LEAD01137,CUST01177,Support Package,Prospecting,208011.67,85,2025-01-13,Agent E
OPP00795,LEAD00482,CUST00609,Support Package,Proposal,30018.58,54,2025-06-12,Agent C
OPP00796,LEAD01426,CUST00021,Analytics Suite,Prospecting,213982.35,73,2025-06-30,Agent A
OPP00797,LEAD00341,CUST00777,Support Package,Proposal,54833.34,97,2025-10-07,Agent E
OPP00798,LEAD00279,CUST01083,Analytics Suite,Prospecting,206339.41,84,2025-07-11,Agent C
OPP00799,LEAD00718,CUST01528,CRM License,Won,45970.91,44,2025-09-15,Agent D
OPP00800,LEAD00658,CUST00273,CRM License,Lost,149030.27,94,2025-01-06,Agent B
OPP00801,LEAD00293,CUST00954,Cloud Subscription,Qualification,122162.84,50,2026-05-02,Agent E
OPP00802,LEAD00105,CUST00398,CRM License,Negotiation,290530.44,98,2025-08-24,Agent C
OPP00803,LEAD01893,CUST00308,Cloud Subscription,Negotiation,192934.66,99,2026-04-27,Agent D
OPP00804,LEAD01355,CUST00244,AI Platform,Proposal,35579.71,26,2025-02-04,Agent D
OPP00805,LEAD01435,CUST01520,CRM License,Qualification,213257.07,79,2026-06-01,Agent E
OPP00806,LEAD00133,CUST01840,Analytics Suite,Qualification,66300.14,71,2026-01-09,Agent D
OPP00807,LEAD01593,CUST01327,AI Platform,Prospecting,92983.61,78,2025-05-18,Agent E
OPP00808,LEAD00729,CUST00757,Analytics Suite,Won,119748.48,21,2026-03-25,Agent A
OPP00809,LEAD01497,CUST01899,Support Package,Won,235105.38,53,2026-03-23,Agent E
OPP00810,LEAD00981,CUST00995,Analytics Suite,Qualification,283783.47,19,2026-03-09,Agent B
OPP00811,LEAD00486,CUST01059,Analytics Suite,Won,278057.2,91,2026-06-03,Agent B
OPP00812,LEAD00525,CUST01270,AI Platform,Lost,59498.25,88,2026-07-23,Agent C
OPP00813,LEAD00282,CUST01309,Laptop,Qualification,27519.91,60,2025-04-10,Agent D
OPP00814,LEAD01660,CUST00985,AI Platform,Lost,250274.58,17,2025-06-18,Agent D
OPP00815,LEAD00859,CUST00959,AI Platform,Lost,93583.3,68,2025-01-24,Agent C
OPP00816,LEAD01561,CUST00636,Support Package,Proposal,179019.57,47,2025-02-09,Agent D
OPP00817,LEAD01659,CUST01362,Cloud Subscription,Negotiation,293801.96,80,2025-03-04,Agent E
OPP00818,LEAD00334,CUST01345,Laptop,Proposal,64062.38,14,2026-02-17,Agent C
OPP00819,LEAD00662,CUST00873,AI Platform,Negotiation,118708.21,44,2025-12-28,Agent C
OPP00820,LEAD00249,CUST01425,Cloud Subscription,Won,261603.69,39,2025-01-21,Agent A
OPP00821,LEAD00020,CUST00276,Analytics Suite,Won,198494.36,96,2025-09-09,Agent C
OPP00822,LEAD01974,CUST00833,AI Platform,Won,281890.37,33,2025-03-07,Agent E
OPP00823,LEAD01321,CUST01974,Analytics Suite,Prospecting,193198.6,99,2025-04-27,Agent D
OPP00824,LEAD00904,CUST01468,Support Package,Lost,98035.29,93,2025-02-03,Agent B
OPP00825,LEAD00401,CUST01441,Analytics Suite,Won,243481.5,61,2025-11-11,Agent C
OPP00826,LEAD01182,CUST01727,CRM License,Lost,230186.49,21,2025-02-18,Agent D
OPP00827,LEAD01086,CUST01218,Support Package,Negotiation,280749.49,26,2026-04-14,Agent B
OPP00828,LEAD00446,CUST01326,Cloud Subscription,Proposal,148088.41,6,2026-07-10,Agent D
OPP00829,LEAD00030,CUST00963,AI Platform,Proposal,155823.39,79,2026-05-26,Agent D
OPP00830,LEAD00938,CUST01653,Laptop,Won,103908.7,74,2026-05-06,Agent A
OPP00831,LEAD01018,CUST01423,CRM License,Negotiation,87939.92,35,2026-03-25,Agent C
OPP00832,LEAD01597,CUST01048,AI Platform,Lost,298993.07,75,2026-06-27,Agent D
OPP00833,LEAD00788,CUST00254,CRM License,Won,293404.1,60,2026-06-12,Agent E
OPP00834,LEAD00195,CUST01613,AI Platform,Negotiation,163597.47,83,2025-05-09,Agent C
OPP00835,LEAD01761,CUST00653,Laptop,Prospecting,286974.82,13,2025-12-27,Agent C
OPP00836,LEAD00828,CUST00719,Support Package,Qualification,113285.08,24,2025-07-02,Agent D
OPP00837,LEAD01444,CUST00250,AI Platform,Prospecting,256498.35,82,2026-05-14,Agent A
OPP00838,LEAD00087,CUST00435,Laptop,Proposal,194111.77,40,2025-01-07,Agent E
OPP00839,LEAD00073,CUST00253,Analytics Suite,Qualification,217949.17,97,2025-09-06,Agent B
OPP00840,LEAD00047,CUST00195,Cloud Subscription,Proposal,218278.85,89,2025-08-14,Agent A
OPP00841,LEAD01580,CUST00043,Support Package,Qualification,194390.31,14,2026-05-24,Agent A
OPP00842,LEAD00482,CUST00590,Laptop,Prospecting,257175.12,43,2025-06-25,Agent C
OPP00843,LEAD01583,CUST01512,Support Package,Qualification,123683.84,75,2026-06-18,Agent E
OPP00844,LEAD01890,CUST01728,Cloud Subscription,Won,256264.8,18,2025-10-23,Agent D
OPP00845,LEAD01327,CUST00455,Support Package,Qualification,63190.4,87,2026-02-14,Agent D
OPP00846,LEAD01972,CUST00848,CRM License,Proposal,67988.23,14,2025-11-13,Agent D
OPP00847,LEAD01859,CUST01665,Support Package,Qualification,218029.53,15,2025-09-14,Agent B
OPP00848,LEAD01446,CUST01414,Analytics Suite,Qualification,227537.67,57,2025-07-01,Agent B
OPP00849,LEAD01607,CUST01809,Support Package,Qualification,271667.31,28,2025-06-17,Agent E
OPP00850,LEAD01207,CUST00841,CRM License,Prospecting,89658.04,66,2026-01-17,Agent A
OPP00851,LEAD00438,CUST00338,Support Package,Prospecting,26260.14,42,2025-07-13,Agent C
OPP00852,LEAD00206,CUST00287,CRM License,Prospecting,157166.8,30,2026-05-31,Agent A
OPP00853,LEAD00764,CUST01418,CRM License,Qualification,263848.73,85,2025-03-20,Agent E
OPP00854,LEAD00951,CUST00053,Laptop,Lost,291725.1,20,2025-05-09,Agent B
OPP00855,LEAD00700,CUST00921,Laptop,Lost,258769.63,52,2025-01-29,Agent C
OPP00856,LEAD00205,CUST00707,Laptop,Prospecting,152087.37,21,2026-05-30,Agent B
OPP00857,LEAD01010,CUST01838,Laptop,Prospecting,260380.85,18,2025-09-04,Agent B
OPP00858,LEAD00998,CUST01997,Laptop,Won,72051.57,24,2025-01-21,Agent E
OPP00859,LEAD01908,CUST00969,AI Platform,Lost,277139.2,29,2025-01-26,Agent D
OPP00860,LEAD01909,CUST01161,Support Package,Negotiation,174385.33,44,2026-07-02,Agent B
OPP00861,LEAD01232,CUST00758,CRM License,Won,122915.44,49,2026-06-09,Agent B
OPP00862,LEAD01701,CUST01554,CRM License,Won,178675.94,18,2025-06-15,Agent D
OPP00863,LEAD00626,CUST00590,AI Platform,Prospecting,237362.38,8,2026-01-23,Agent C
OPP00864,LEAD01939,CUST01489,Cloud Subscription,Won,79635.24,14,2025-05-31,Agent B
OPP00865,LEAD01884,CUST01808,Support Package,Lost,39545.14,65,2026-05-18,Agent A
OPP00866,LEAD00251,CUST00344,Analytics Suite,Prospecting,222604.83,98,2026-03-03,Agent B
OPP00867,LEAD01401,CUST00453,Analytics Suite,Won,286216.0,7,2025-09-22,Agent E
OPP00868,LEAD00916,CUST00757,CRM License,Negotiation,194723.65,8,2026-07-08,Agent A
OPP00869,LEAD00533,CUST01656,Cloud Subscription,Qualification,51349.2,79,2025-05-14,Agent C
OPP00870,LEAD00824,CUST01282,Cloud Subscription,Qualification,196581.76,74,2026-08-18,Agent C
OPP00871,LEAD01814,CUST00389,Cloud Subscription,Negotiation,43823.31,75,2025-06-23,Agent E
OPP00872,LEAD01849,CUST00737,Analytics Suite,Won,98022.18,21,2026-06-14,Agent C
OPP00873,LEAD00689,CUST01287,Laptop,Won,19163.33,88,2026-05-25,Agent E
OPP00874,LEAD00924,CUST01930,Laptop,Lost,151375.47,64,2025-12-02,Agent C
OPP00875,LEAD01033,CUST00903,Laptop,Proposal,103192.71,20,2025-03-14,Agent D
OPP00876,LEAD01468,CUST00150,Laptop,Prospecting,38281.35,16,2026-03-24,Agent D
OPP00877,LEAD00959,CUST00210,Support Package,Won,99617.92,62,2026-02-21,Agent C
OPP00878,LEAD00792,CUST00058,Support Package,Proposal,197795.33,79,2026-05-31,Agent D
OPP00879,LEAD01848,CUST00252,Analytics Suite,Proposal,93833.65,79,2025-05-15,Agent D
OPP00880,LEAD00746,CUST00826,Support Package,Lost,51490.91,61,2025-05-23,Agent C
OPP00881,LEAD00532,CUST00564,Laptop,Proposal,167991.26,54,2025-07-30,Agent B
OPP00882,LEAD00654,CUST00603,Cloud Subscription,Lost,228435.91,71,2025-08-08,Agent B
OPP00883,LEAD00667,CUST01534,Support Package,Won,250740.99,17,2025-01-02,Agent D
OPP00884,LEAD01111,CUST00955,AI Platform,Qualification,146908.16,40,2025-04-02,Agent B
OPP00885,LEAD01321,CUST01458,AI Platform,Prospecting,216211.0,14,2025-10-13,Agent E
OPP00886,LEAD00269,CUST01084,Cloud Subscription,Proposal,251665.05,85,2026-07-31,Agent A
OPP00887,LEAD01774,CUST00411,CRM License,Qualification,205137.88,63,2025-03-18,Agent E
OPP00888,LEAD00507,CUST01897,Cloud Subscription,Negotiation,162908.71,79,2025-05-24,Agent C
OPP00889,LEAD00230,CUST00953,AI Platform,Prospecting,27382.42,52,2026-05-28,Agent B
OPP00890,LEAD01337,CUST01673,Analytics Suite,Negotiation,94109.97,94,2025-01-24,Agent D
OPP00891,LEAD00420,CUST00194,Support Package,Prospecting,102746.4,94,2025-02-28,Agent E
OPP00892,LEAD01501,CUST01700,Support Package,Negotiation,124553.26,64,2026-06-15,Agent E
OPP00893,LEAD01897,CUST01432,CRM License,Prospecting,285758.88,85,2025-05-30,Agent D
OPP00894,LEAD01386,CUST00500,Cloud Subscription,Prospecting,70573.85,68,2025-07-03,Agent B
OPP00895,LEAD01555,CUST01587,Cloud Subscription,Negotiation,167050.92,74,2025-01-09,Agent C
OPP00896,LEAD00990,CUST01486,Analytics Suite,Proposal,297453.25,28,2025-08-31,Agent E
OPP00897,LEAD00693,CUST01788,Analytics Suite,Lost,189450.42,99,2026-08-15,Agent E
OPP00898,LEAD01227,CUST00420,CRM License,Qualification,70584.11,22,2026-08-11,Agent B
OPP00899,LEAD00716,CUST01772,Analytics Suite,Negotiation,288455.37,71,2026-01-18,Agent E
OPP00900,LEAD01753,CUST01525,Analytics Suite,Negotiation,107524.87,63,2026-02-07,Agent C
OPP00901,LEAD00940,CUST00676,AI Platform,Qualification,23882.51,13,2026-01-19,Agent A
OPP00902,LEAD00998,CUST00701,CRM License,Won,135094.91,79,2026-02-19,Agent B
OPP00903,LEAD01348,CUST00510,Cloud Subscription,Lost,79790.15,12,2025-11-06,Agent E
OPP00904,LEAD00379,CUST00954,Laptop,Qualification,247470.49,53,2025-05-03,Agent E
OPP00905,LEAD01123,CUST01794,Support Package,Proposal,73787.19,83,2026-06-02,Agent E
OPP00906,LEAD01508,CUST01676,CRM License,Proposal,247757.67,17,2026-06-09,Agent A
OPP00907,LEAD01553,CUST00293,CRM License,Lost,20489.59,39,2025-03-27,Agent B
OPP00908,LEAD00450,CUST00263,Laptop,Won,279455.62,53,2025-02-26,Agent E
OPP00909,LEAD00109,CUST00119,Support Package,Proposal,22236.12,93,2026-04-18,Agent B
OPP00910,LEAD00389,CUST01229,Cloud Subscription,Proposal,282176.55,41,2025-01-29,Agent C
OPP00911,LEAD01639,CUST00629,Analytics Suite,Negotiation,31370.47,16,2026-04-27,Agent A
OPP00912,LEAD00531,CUST01522,CRM License,Won,263049.24,17,2026-08-09,Agent A
OPP00913,LEAD00117,CUST01521,Analytics Suite,Proposal,251086.29,24,2025-01-22,Agent B
OPP00914,LEAD01195,CUST00396,Analytics Suite,Prospecting,182382.91,88,2026-04-22,Agent B
OPP00915,LEAD01762,CUST01389,AI Platform,Lost,20435.96,79,2025-03-21,Agent C
OPP00916,LEAD00449,CUST01530,Analytics Suite,Lost,190131.41,45,2025-06-22,Agent B
OPP00917,LEAD00087,CUST01975,Laptop,Won,189175.46,86,2025-11-23,Agent C
OPP00918,LEAD00281,CUST01446,Support Package,Qualification,171587.27,93,2026-02-10,Agent E
OPP00919,LEAD00256,CUST00720,Cloud Subscription,Prospecting,193142.42,88,2025-02-23,Agent D
OPP00920,LEAD00410,CUST02000,Laptop,Proposal,290751.15,5,2025-03-07,Agent E
OPP00921,LEAD00361,CUST00552,Support Package,Proposal,298697.1,14,2025-06-18,Agent D
OPP00922,LEAD01275,CUST01611,CRM License,Negotiation,160943.78,74,2026-02-11,Agent D
OPP00923,LEAD00447,CUST00757,CRM License,Proposal,36622.18,41,2025-08-29,Agent E
OPP00924,LEAD01097,CUST01871,Laptop,Proposal,48851.02,20,2025-06-14,Agent B
OPP00925,LEAD00804,CUST01565,Support Package,Negotiation,218901.76,67,2025-04-04,Agent C
OPP00926,LEAD01309,CUST01200,AI Platform,Lost,294769.44,39,2026-08-01,Agent D
OPP00927,LEAD01311,CUST00429,Analytics Suite,Prospecting,136456.01,93,2026-02-24,Agent D
OPP00928,LEAD01186,CUST00377,Analytics Suite,Lost,38431.24,60,2026-08-11,Agent B
OPP00929,LEAD01786,CUST01896,Analytics Suite,Qualification,112382.92,27,2025-10-23,Agent A
OPP00930,LEAD00393,CUST01604,Cloud Subscription,Lost,121652.98,94,2026-05-03,Agent B
OPP00931,LEAD01050,CUST01026,Laptop,Qualification,299012.65,62,2026-01-17,Agent B
OPP00932,LEAD00789,CUST01755,Cloud Subscription,Proposal,209109.17,33,2025-11-09,Agent E
OPP00933,LEAD01065,CUST01567,Analytics Suite,Lost,44181.16,18,2025-10-10,Agent D
OPP00934,LEAD00280,CUST00776,Cloud Subscription,Negotiation,107752.25,58,2025-10-26,Agent D
OPP00935,LEAD00639,CUST01655,Cloud Subscription,Prospecting,24082.03,76,2025-09-03,Agent D
OPP00936,LEAD01883,CUST01593,AI Platform,Won,199387.55,85,2026-01-17,Agent E
OPP00937,LEAD01602,CUST00958,Analytics Suite,Qualification,205094.39,17,2025-10-21,Agent A
OPP00938,LEAD00853,CUST00039,CRM License,Negotiation,26674.06,46,2026-08-02,Agent E
OPP00939,LEAD00221,CUST01483,Analytics Suite,Negotiation,107300.78,100,2026-06-21,Agent E
OPP00940,LEAD01297,CUST00680,Analytics Suite,Lost,271823.13,68,2025-10-04,Agent B
OPP00941,LEAD00603,CUST00730,Analytics Suite,Won,249776.65,13,2025-08-25,Agent C
OPP00942,LEAD00659,CUST01428,Analytics Suite,Qualification,176521.65,93,2026-03-29,Agent A
OPP00943,LEAD00194,CUST01622,Laptop,Qualification,150540.77,70,2026-01-18,Agent A
OPP00944,LEAD00579,CUST00176,CRM License,Lost,297927.05,49,2025-05-19,Agent A
OPP00945,LEAD00429,CUST01648,AI Platform,Proposal,219436.71,79,2026-05-13,Agent C
OPP00946,LEAD00068,CUST00586,Cloud Subscription,Qualification,286264.21,67,2026-02-11,Agent B
OPP00947,LEAD01174,CUST01133,AI Platform,Proposal,30759.71,29,2026-01-06,Agent D
OPP00948,LEAD01939,CUST01738,Support Package,Proposal,71523.84,81,2026-04-12,Agent C
OPP00949,LEAD00252,CUST00437,Analytics Suite,Negotiation,19022.2,29,2025-05-15,Agent E
OPP00950,LEAD00105,CUST00442,Analytics Suite,Prospecting,261696.11,26,2026-04-22,Agent A
OPP00951,LEAD00202,CUST01941,CRM License,Negotiation,211327.12,62,2025-03-14,Agent D
OPP00952,LEAD01092,CUST00747,Support Package,Won,61518.98,6,2026-04-18,Agent D
OPP00953,LEAD01652,CUST01894,AI Platform,Proposal,292515.28,65,2025-12-19,Agent A
OPP00954,LEAD00620,CUST00715,Support Package,Won,287181.19,57,2025-12-13,Agent E
OPP00955,LEAD00237,CUST01240,Analytics Suite,Prospecting,75133.36,74,2026-03-10,Agent C
OPP00956,LEAD00192,CUST01021,Laptop,Qualification,197632.83,20,2025-07-05,Agent B
OPP00957,LEAD01217,CUST01968,Support Package,Lost,203749.85,60,2026-04-04,Agent C
OPP00958,LEAD00714,CUST01101,CRM License,Prospecting,11164.86,47,2025-01-16,Agent D
OPP00959,LEAD00705,CUST01006,Analytics Suite,Qualification,209746.14,21,2026-02-18,Agent A
OPP00960,LEAD00478,CUST00933,Cloud Subscription,Won,74188.66,48,2026-04-19,Agent E
OPP00961,LEAD01793,CUST00751,Cloud Subscription,Won,271382.44,93,2025-01-03,Agent C
OPP00962,LEAD00750,CUST00881,Laptop,Negotiation,253167.07,84,2026-02-18,Agent D
OPP00963,LEAD01416,CUST00922,Cloud Subscription,Lost,272535.14,20,2026-04-07,Agent B
OPP00964,LEAD01485,CUST01528,CRM License,Qualification,229690.65,86,2025-11-08,Agent D
OPP00965,LEAD00119,CUST00092,Cloud Subscription,Prospecting,57822.58,59,2025-12-27,Agent A
OPP00966,LEAD00497,CUST01002,Support Package,Lost,114560.75,9,2025-02-05,Agent B
OPP00967,LEAD01791,CUST01099,Cloud Subscription,Won,215590.13,93,2026-08-12,Agent E
OPP00968,LEAD01766,CUST01507,Support Package,Won,103764.26,55,2026-07-31,Agent B
OPP00969,LEAD00828,CUST01333,AI Platform,Prospecting,215909.55,92,2025-01-10,Agent D
OPP00970,LEAD00313,CUST00864,Laptop,Qualification,107486.03,14,2025-09-14,Agent A
OPP00971,LEAD00597,CUST00220,Analytics Suite,Lost,61541.54,21,2026-05-03,Agent C
OPP00972,LEAD01899,CUST00745,Laptop,Won,160267.51,91,2026-02-07,Agent C
OPP00973,LEAD01346,CUST00512,Support Package,Negotiation,209006.05,27,2026-06-24,Agent E
OPP00974,LEAD00151,CUST00409,Support Package,Won,159986.75,57,2026-01-03,Agent B
OPP00975,LEAD01436,CUST01443,CRM License,Won,196141.52,62,2026-03-02,Agent A
OPP00976,LEAD00294,CUST00957,Support Package,Qualification,137034.8,96,2025-07-21,Agent A
OPP00977,LEAD00607,CUST01588,Cloud Subscription,Qualification,235716.09,37,2026-04-30,Agent D
OPP00978,LEAD00964,CUST00277,Support Package,Qualification,198490.26,77,2025-11-14,Agent D
OPP00979,LEAD00704,CUST01972,AI Platform,Prospecting,176635.92,75,2026-04-22,Agent C
OPP00980,LEAD01397,CUST00947,AI Platform,Lost,136257.8,72,2025-05-02,Agent B
OPP00981,LEAD00313,CUST00507,Support Package,Qualification,165360.99,55,2025-06-09,Agent C
OPP00982,LEAD01755,CUST00726,CRM License,Lost,24792.82,11,2025-02-22,Agent E
OPP00983,LEAD01187,CUST01683,Laptop,Proposal,203348.71,30,2026-02-07,Agent B
OPP00984,LEAD00612,CUST01420,Cloud Subscription,Won,69279.4,58,2026-03-13,Agent C
OPP00985,LEAD01914,CUST00345,CRM License,Negotiation,259443.2,44,2025-06-19,Agent B
OPP00986,LEAD00957,CUST01981,AI Platform,Negotiation,245579.69,22,2025-08-17,Agent C
OPP00987,LEAD00834,CUST00262,AI Platform,Negotiation,163106.85,71,2025-12-06,Agent D
OPP00988,LEAD00043,CUST00551,CRM License,Won,255668.01,49,2026-03-27,Agent B
OPP00989,LEAD01993,CUST01459,Analytics Suite,Won,204532.94,80,2025-06-30,Agent A
OPP00990,LEAD01693,CUST01060,Analytics Suite,Negotiation,50965.41,57,2025-10-19,Agent A
OPP00991,LEAD00353,CUST00892,Laptop,Qualification,224824.1,40,2025-04-21,Agent D
OPP00992,LEAD01896,CUST01853,Cloud Subscription,Won,298783.88,15,2026-04-28,Agent E
OPP00993,LEAD01593,CUST01588,Analytics Suite,Qualification,21883.42,15,2026-06-05,Agent D
OPP00994,LEAD00842,CUST01925,Support Package,Prospecting,81026.64,53,2026-03-17,Agent E
OPP00995,LEAD01857,CUST00566,Analytics Suite,Negotiation,183344.82,38,2026-05-02,Agent B
OPP00996,LEAD01119,CUST01702,AI Platform,Lost,130406.39,73,2026-04-01,Agent C
OPP00997,LEAD01377,CUST00427,Support Package,Lost,194891.3,65,2026-05-14,Agent C
OPP00998,LEAD00367,CUST01612,Support Package,Negotiation,180057.26,32,2025-09-13,Agent A
OPP00999,LEAD00219,CUST01098,Cloud Subscription,Proposal,238516.95,77,2025-05-03,Agent A
OPP01000,LEAD01056,CUST01196,Cloud Subscription,Negotiation,30561.85,59,2026-07-27,Agent D
OPP01001,LEAD00654,CUST00231,AI Platform,Prospecting,137778.66,89,2025-01-02,Agent E
OPP01002,LEAD01964,CUST01759,CRM License,Proposal,259415.6,96,2025-08-30,Agent D
OPP01003,LEAD00172,CUST00558,Cloud Subscription,Qualification,115200.95,97,2026-03-09,Agent C
OPP01004,LEAD01526,CUST01197,Laptop,Proposal,156098.75,17,2026-04-18,Agent D
OPP01005,LEAD01204,CUST00333,Support Package,Qualification,16257.8,55,2026-02-13,Agent C
OPP01006,LEAD01758,CUST01852,Laptop,Won,75010.43,7,2025-10-19,Agent B
OPP01007,LEAD01997,CUST00641,Analytics Suite,Prospecting,144459.99,89,2026-07-04,Agent A
OPP01008,LEAD01742,CUST01526,Analytics Suite,Qualification,125700.76,72,2025-05-21,Agent D
OPP01009,LEAD00750,CUST01531,Laptop,Lost,217249.91,30,2025-03-26,Agent B
OPP01010,LEAD01392,CUST01101,AI Platform,Qualification,187445.19,63,2026-01-10,Agent A
OPP01011,LEAD00326,CUST00242,Analytics Suite,Proposal,265281.93,58,2025-07-11,Agent C
OPP01012,LEAD00972,CUST00560,Cloud Subscription,Negotiation,257883.5,57,2025-10-07,Agent A
OPP01013,LEAD00538,CUST01224,Support Package,Negotiation,79953.75,56,2025-09-30,Agent B
OPP01014,LEAD00501,CUST01072,Analytics Suite,Proposal,15115.23,99,2025-06-07,Agent A
OPP01015,LEAD01142,CUST01170,Analytics Suite,Negotiation,257796.52,78,2026-08-19,Agent B
OPP01016,LEAD00254,CUST00499,Analytics Suite,Won,105445.05,43,2025-08-16,Agent A
OPP01017,LEAD01138,CUST01077,AI Platform,Prospecting,110661.82,79,2026-02-04,Agent A
OPP01018,LEAD00802,CUST00171,Support Package,Qualification,55934.49,18,2025-04-06,Agent B
OPP01019,LEAD00460,CUST00969,Laptop,Qualification,210972.11,32,2026-08-14,Agent B
OPP01020,LEAD01125,CUST00183,CRM License,Qualification,91231.59,16,2026-08-12,Agent A
OPP01021,LEAD01502,CUST01328,Cloud Subscription,Lost,61255.5,90,2025-02-11,Agent A
OPP01022,LEAD01221,CUST01134,CRM License,Negotiation,155983.31,7,2026-01-19,Agent E
OPP01023,LEAD00177,CUST01704,Laptop,Proposal,227620.61,90,2025-12-21,Agent A
OPP01024,LEAD01125,CUST00925,Support Package,Negotiation,88183.59,84,2025-04-14,Agent A
OPP01025,LEAD01247,CUST00325,Laptop,Won,219391.31,96,2026-04-04,Agent A
OPP01026,LEAD01367,CUST00471,Cloud Subscription,Won,143972.78,78,2026-04-01,Agent E
OPP01027,LEAD00852,CUST01629,Analytics Suite,Prospecting,127094.09,48,2026-05-19,Agent B
OPP01028,LEAD00190,CUST01917,Analytics Suite,Negotiation,114261.05,82,2025-12-25,Agent B
OPP01029,LEAD00255,CUST00123,Laptop,Won,52218.48,99,2026-02-26,Agent B
OPP01030,LEAD00664,CUST01353,Cloud Subscription,Lost,106463.79,90,2026-03-07,Agent C
OPP01031,LEAD01269,CUST00965,CRM License,Qualification,264982.94,80,2026-04-03,Agent C
OPP01032,LEAD01479,CUST00516,Cloud Subscription,Won,39628.41,78,2025-12-15,Agent A
OPP01033,LEAD01347,CUST01023,Laptop,Proposal,287907.0,67,2026-03-20,Agent B
OPP01034,LEAD00625,CUST01872,CRM License,Lost,41173.99,90,2025-02-06,Agent C
OPP01035,LEAD00881,CUST00396,CRM License,Won,114989.18,46,2026-01-04,Agent B
OPP01036,LEAD00094,CUST01675,Cloud Subscription,Lost,185828.79,53,2025-05-02,Agent E
OPP01037,LEAD01596,CUST00180,CRM License,Lost,252974.01,85,2025-08-31,Agent C
OPP01038,LEAD00707,CUST01442,Support Package,Won,51639.02,30,2026-04-04,Agent A
OPP01039,LEAD01019,CUST00150,Laptop,Qualification,50919.64,78,2025-03-09,Agent B
OPP01040,LEAD00900,CUST00122,Support Package,Lost,192229.66,15,2026-03-26,Agent C
OPP01041,LEAD00572,CUST00075,Laptop,Won,94896.52,61,2025-06-04,Agent C
OPP01042,LEAD00337,CUST01610,Cloud Subscription,Won,196905.61,8,2026-03-26,Agent E
OPP01043,LEAD01908,CUST01148,Cloud Subscription,Prospecting,247969.13,100,2026-04-02,Agent C
OPP01044,LEAD00239,CUST01381,AI Platform,Won,32292.45,85,2025-01-10,Agent C
OPP01045,LEAD01889,CUST00311,Cloud Subscription,Prospecting,254903.3,28,2025-05-20,Agent D
OPP01046,LEAD00227,CUST01843,Support Package,Won,20899.75,19,2026-04-25,Agent D
OPP01047,LEAD00192,CUST01618,Support Package,Won,270659.59,66,2025-07-23,Agent C
OPP01048,LEAD01807,CUST00978,Analytics Suite,Qualification,292929.26,91,2025-09-19,Agent D
OPP01049,LEAD01893,CUST01798,Support Package,Prospecting,203562.01,35,2025-01-10,Agent E
OPP01050,LEAD01791,CUST00287,CRM License,Won,295434.04,97,2026-02-18,Agent E
OPP01051,LEAD01551,CUST00585,AI Platform,Lost,248377.63,48,2025-02-25,Agent A
OPP01052,LEAD00986,CUST00097,AI Platform,Negotiation,22866.0,47,2025-06-12,Agent C
OPP01053,LEAD00214,CUST00329,Cloud Subscription,Won,11105.17,37,2025-10-12,Agent A
OPP01054,LEAD01184,CUST01683,Support Package,Lost,16031.56,30,2026-04-04,Agent E
OPP01055,LEAD01039,CUST00820,Cloud Subscription,Lost,141053.02,37,2025-10-24,Agent D
OPP01056,LEAD01472,CUST01291,Cloud Subscription,Negotiation,190780.96,21,2026-08-09,Agent B
OPP01057,LEAD00070,CUST01764,Support Package,Negotiation,149626.83,41,2025-11-08,Agent C
OPP01058,LEAD00155,CUST01529,Analytics Suite,Negotiation,206367.79,32,2025-06-01,Agent C
OPP01059,LEAD01178,CUST00800,Analytics Suite,Qualification,140384.76,10,2025-04-24,Agent B
OPP01060,LEAD01711,CUST00697,AI Platform,Won,22343.5,39,2026-04-13,Agent E
OPP01061,LEAD01867,CUST00217,Cloud Subscription,Lost,75588.34,8,2025-10-01,Agent A
OPP01062,LEAD01138,CUST01660,CRM License,Prospecting,297861.03,22,2025-12-27,Agent E
OPP01063,LEAD00737,CUST01970,CRM License,Negotiation,110300.51,74,2025-08-09,Agent B
OPP01064,LEAD00945,CUST01001,AI Platform,Lost,104182.06,7,2025-06-12,Agent C
OPP01065,LEAD01018,CUST01000,Support Package,Negotiation,54309.69,34,2025-12-24,Agent B
OPP01066,LEAD01239,CUST01697,Cloud Subscription,Negotiation,296271.68,70,2025-06-25,Agent D
OPP01067,LEAD00456,CUST00685,Support Package,Negotiation,76833.2,7,2026-08-19,Agent C
OPP01068,LEAD00778,CUST00814,Analytics Suite,Prospecting,197579.7,75,2026-03-13,Agent C
OPP01069,LEAD01082,CUST01788,Laptop,Qualification,22193.76,12,2026-05-04,Agent B
OPP01070,LEAD01702,CUST00759,Support Package,Won,29276.98,10,2025-06-19,Agent C
OPP01071,LEAD01606,CUST01855,Analytics Suite,Negotiation,217857.99,23,2025-01-18,Agent E
OPP01072,LEAD01508,CUST00323,Support Package,Won,194198.77,87,2025-01-29,Agent B
OPP01073,LEAD00431,CUST00994,AI Platform,Qualification,207247.09,9,2026-05-27,Agent A
OPP01074,LEAD00814,CUST00980,Analytics Suite,Negotiation,76981.42,14,2026-06-05,Agent B
OPP01075,LEAD01107,CUST00614,Support Package,Won,295617.8,95,2026-02-09,Agent A
OPP01076,LEAD01936,CUST01927,Support Package,Negotiation,171928.8,63,2025-12-18,Agent E
OPP01077,LEAD00710,CUST00966,Cloud Subscription,Negotiation,291168.97,59,2025-05-05,Agent C
OPP01078,LEAD01837,CUST01759,Analytics Suite,Qualification,57609.46,8,2026-03-29,Agent D
OPP01079,LEAD01496,CUST00439,Analytics Suite,Lost,127478.86,42,2025-11-04,Agent C
OPP01080,LEAD01268,CUST00698,AI Platform,Lost,107348.8,60,2025-12-26,Agent A
OPP01081,LEAD01405,CUST00957,AI Platform,Negotiation,228971.73,56,2025-01-15,Agent D
OPP01082,LEAD01587,CUST01128,Laptop,Won,226795.72,55,2025-11-04,Agent C
OPP01083,LEAD01398,CUST00459,Laptop,Negotiation,151097.7,15,2026-02-18,Agent B
OPP01084,LEAD01346,CUST00627,Laptop,Lost,14682.92,99,2026-04-04,Agent E
OPP01085,LEAD00756,CUST01245,AI Platform,Proposal,60809.66,72,2025-03-28,Agent E
OPP01086,LEAD00856,CUST00557,CRM License,Qualification,24577.04,28,2025-01-20,Agent C
OPP01087,LEAD01199,CUST01520,Laptop,Won,255634.23,98,2026-05-25,Agent C
OPP01088,LEAD01688,CUST00955,Cloud Subscription,Negotiation,94033.75,33,2025-07-05,Agent B
OPP01089,LEAD01303,CUST01939,Laptop,Negotiation,44197.56,17,2025-10-09,Agent D
OPP01090,LEAD01976,CUST00476,Laptop,Won,112709.99,90,2026-01-09,Agent D
OPP01091,LEAD01362,CUST01686,AI Platform,Prospecting,32413.9,19,2025-10-20,Agent A
OPP01092,LEAD00816,CUST00981,Cloud Subscription,Negotiation,293868.57,10,2026-07-17,Agent B
OPP01093,LEAD01151,CUST00173,AI Platform,Prospecting,101352.29,65,2026-05-18,Agent E
OPP01094,LEAD01247,CUST01411,Cloud Subscription,Qualification,280589.34,30,2025-08-23,Agent B
OPP01095,LEAD01734,CUST00424,CRM License,Qualification,207991.32,19,2025-04-24,Agent B
OPP01096,LEAD00512,CUST00278,Laptop,Proposal,174171.03,14,2026-08-05,Agent E
OPP01097,LEAD00498,CUST01064,CRM License,Lost,147894.13,17,2026-02-27,Agent E
OPP01098,LEAD00404,CUST01572,Cloud Subscription,Lost,209340.23,97,2026-03-27,Agent B
OPP01099,LEAD00112,CUST00516,AI Platform,Lost,209019.85,69,2025-10-04,Agent D
OPP01100,LEAD01351,CUST01247,Support Package,Lost,13051.11,85,2025-10-16,Agent D
OPP01101,LEAD01926,CUST00029,Analytics Suite,Negotiation,273257.29,64,2025-04-19,Agent A
OPP01102,LEAD01228,CUST00370,Cloud Subscription,Qualification,116709.39,57,2025-09-13,Agent E
OPP01103,LEAD00122,CUST01510,AI Platform,Proposal,112449.21,25,2025-11-20,Agent B
OPP01104,LEAD00730,CUST00026,Cloud Subscription,Negotiation,127911.26,97,2025-03-19,Agent D
OPP01105,LEAD01806,CUST00716,Cloud Subscription,Negotiation,208732.01,84,2026-01-14,Agent B
OPP01106,LEAD00104,CUST01016,AI Platform,Prospecting,119045.14,55,2026-01-02,Agent D
OPP01107,LEAD01225,CUST00133,CRM License,Lost,118411.01,15,2026-05-17,Agent A
OPP01108,LEAD00882,CUST01958,Analytics Suite,Lost,28404.82,77,2025-02-01,Agent A
OPP01109,LEAD01838,CUST01018,Analytics Suite,Won,130826.08,36,2025-05-15,Agent C
OPP01110,LEAD01027,CUST00678,AI Platform,Won,53348.76,25,2025-09-13,Agent D
OPP01111,LEAD01130,CUST01955,Analytics Suite,Qualification,258120.88,75,2026-06-09,Agent A
OPP01112,LEAD01445,CUST01118,Laptop,Negotiation,107008.21,85,2025-05-22,Agent D
OPP01113,LEAD01643,CUST01358,Laptop,Qualification,288651.55,63,2026-08-03,Agent A
OPP01114,LEAD01032,CUST00181,Cloud Subscription,Prospecting,208513.12,12,2026-07-24,Agent E
OPP01115,LEAD01443,CUST00318,Support Package,Qualification,229283.95,62,2025-02-26,Agent C
OPP01116,LEAD01611,CUST00091,AI Platform,Prospecting,284847.84,93,2025-08-05,Agent E
OPP01117,LEAD01051,CUST01029,Laptop,Lost,79291.08,70,2025-06-04,Agent D
OPP01118,LEAD01433,CUST01673,Cloud Subscription,Lost,174514.38,30,2025-10-19,Agent C
OPP01119,LEAD00727,CUST01804,AI Platform,Negotiation,21810.48,67,2026-07-05,Agent E
OPP01120,LEAD00711,CUST01149,CRM License,Qualification,39220.02,28,2025-08-12,Agent C
OPP01121,LEAD00006,CUST00109,Cloud Subscription,Proposal,116310.21,88,2026-01-31,Agent C
OPP01122,LEAD01339,CUST01253,CRM License,Prospecting,207925.54,86,2025-03-23,Agent D
OPP01123,LEAD00502,CUST01276,Laptop,Negotiation,251191.14,59,2025-12-06,Agent C
OPP01124,LEAD01628,CUST01195,AI Platform,Lost,84357.22,17,2025-07-30,Agent E
OPP01125,LEAD01904,CUST01443,Support Package,Qualification,227232.39,43,2026-07-02,Agent B
OPP01126,LEAD01752,CUST01115,Analytics Suite,Proposal,75044.44,16,2026-04-10,Agent A
OPP01127,LEAD00551,CUST01409,Analytics Suite,Proposal,11756.13,78,2025-05-09,Agent A
OPP01128,LEAD01304,CUST00973,Cloud Subscription,Negotiation,25779.78,70,2026-01-06,Agent D
OPP01129,LEAD01504,CUST00301,Cloud Subscription,Negotiation,179812.0,29,2025-07-23,Agent D
OPP01130,LEAD01013,CUST00160,Cloud Subscription,Won,154172.79,87,2025-09-18,Agent B
OPP01131,LEAD01017,CUST01815,Analytics Suite,Qualification,88423.32,77,2025-10-03,Agent D
OPP01132,LEAD00876,CUST00882,AI Platform,Qualification,11898.88,94,2026-05-05,Agent A
OPP01133,LEAD00618,CUST00645,Analytics Suite,Qualification,174723.0,31,2025-06-22,Agent D
OPP01134,LEAD01147,CUST00587,Cloud Subscription,Lost,247105.92,21,2025-01-03,Agent D
OPP01135,LEAD01983,CUST00104,CRM License,Qualification,29878.01,51,2025-04-25,Agent C
OPP01136,LEAD00438,CUST01891,CRM License,Prospecting,223577.59,30,2026-05-08,Agent B
OPP01137,LEAD00094,CUST00167,AI Platform,Won,194017.35,75,2025-06-26,Agent B
OPP01138,LEAD00113,CUST00439,Laptop,Qualification,149012.88,45,2025-02-05,Agent B
OPP01139,LEAD01165,CUST00916,Analytics Suite,Prospecting,24018.99,65,2025-08-27,Agent A
OPP01140,LEAD00540,CUST00717,Support Package,Proposal,277835.71,21,2026-06-03,Agent A
OPP01141,LEAD00924,CUST00080,Laptop,Proposal,148457.89,13,2026-06-05,Agent D
OPP01142,LEAD01902,CUST00659,AI Platform,Lost,125886.02,95,2026-07-19,Agent D
OPP01143,LEAD00154,CUST01560,Support Package,Lost,259827.87,47,2026-02-12,Agent A
OPP01144,LEAD00350,CUST00502,AI Platform,Proposal,255217.69,18,2026-05-04,Agent A
OPP01145,LEAD00429,CUST01732,CRM License,Negotiation,220905.68,82,2026-04-06,Agent C
OPP01146,LEAD00915,CUST00721,CRM License,Lost,250514.4,17,2025-01-12,Agent D
OPP01147,LEAD01389,CUST00027,Laptop,Lost,46055.26,100,2025-09-07,Agent D
OPP01148,LEAD00367,CUST00218,AI Platform,Prospecting,230665.51,42,2025-11-10,Agent A
OPP01149,LEAD00217,CUST01621,Laptop,Prospecting,105129.88,49,2025-10-04,Agent E
OPP01150,LEAD00172,CUST00812,Laptop,Lost,261573.49,29,2026-05-09,Agent B
OPP01151,LEAD01603,CUST01963,Support Package,Proposal,117367.13,13,2026-08-09,Agent D
OPP01152,LEAD00060,CUST01578,Analytics Suite,Proposal,25748.15,44,2025-11-21,Agent A
OPP01153,LEAD01251,CUST00061,CRM License,Lost,130170.27,40,2025-02-27,Agent A
OPP01154,LEAD01157,CUST00625,CRM License,Won,229465.34,48,2025-08-03,Agent C
OPP01155,LEAD00202,CUST01450,CRM License,Won,155270.3,52,2025-04-28,Agent D
OPP01156,LEAD01106,CUST00127,Cloud Subscription,Qualification,231453.83,65,2025-10-08,Agent C
OPP01157,LEAD00574,CUST01999,AI Platform,Won,20229.38,12,2025-05-20,Agent B
OPP01158,LEAD01030,CUST00333,Analytics Suite,Qualification,61377.62,39,2025-02-18,Agent D
OPP01159,LEAD00275,CUST01595,Analytics Suite,Won,173446.3,87,2025-04-13,Agent E
OPP01160,LEAD01336,CUST01681,AI Platform,Won,121740.99,96,2025-10-23,Agent A
OPP01161,LEAD01596,CUST01011,AI Platform,Won,207250.97,56,2025-03-26,Agent B
OPP01162,LEAD00007,CUST01608,Analytics Suite,Proposal,289140.73,40,2025-01-17,Agent E
OPP01163,LEAD01066,CUST01770,Cloud Subscription,Lost,201359.97,44,2026-01-19,Agent C
OPP01164,LEAD01295,CUST01469,Support Package,Lost,131035.24,80,2026-01-11,Agent B
OPP01165,LEAD00006,CUST01416,Laptop,Lost,167285.57,43,2025-08-21,Agent E
OPP01166,LEAD01449,CUST00778,AI Platform,Prospecting,274719.68,95,2026-01-31,Agent A
OPP01167,LEAD01086,CUST00585,AI Platform,Proposal,205166.88,7,2025-04-25,Agent B
OPP01168,LEAD00613,CUST01736,Analytics Suite,Negotiation,242922.05,63,2026-03-07,Agent A
OPP01169,LEAD00966,CUST00449,Analytics Suite,Lost,97440.34,54,2025-01-11,Agent D
OPP01170,LEAD01365,CUST00830,Cloud Subscription,Proposal,225853.14,48,2025-03-22,Agent E
OPP01171,LEAD01287,CUST01026,CRM License,Won,50435.1,50,2026-07-04,Agent B
OPP01172,LEAD01554,CUST00782,Support Package,Lost,227434.93,20,2025-10-06,Agent A
OPP01173,LEAD00070,CUST00746,Laptop,Won,265651.99,38,2025-11-28,Agent D
OPP01174,LEAD01575,CUST01199,CRM License,Won,271067.42,38,2025-08-25,Agent E
OPP01175,LEAD00071,CUST00659,AI Platform,Lost,43811.12,68,2026-01-21,Agent B
OPP01176,LEAD01301,CUST01978,Cloud Subscription,Won,250665.8,62,2026-03-22,Agent C
OPP01177,LEAD00699,CUST00356,CRM License,Lost,41881.59,44,2026-04-10,Agent B
OPP01178,LEAD00128,CUST00778,AI Platform,Negotiation,148735.12,54,2025-05-29,Agent A
OPP01179,LEAD01378,CUST01691,AI Platform,Won,207931.24,59,2026-01-09,Agent A
OPP01180,LEAD01106,CUST00952,Cloud Subscription,Qualification,150432.24,9,2026-04-13,Agent B
OPP01181,LEAD01334,CUST01411,Laptop,Proposal,108573.78,89,2025-09-04,Agent A
OPP01182,LEAD00752,CUST01294,CRM License,Proposal,208308.14,90,2025-08-16,Agent A
OPP01183,LEAD00557,CUST00663,Analytics Suite,Prospecting,201654.84,39,2026-01-10,Agent B
OPP01184,LEAD01250,CUST01489,Analytics Suite,Proposal,179038.87,78,2025-12-08,Agent D
OPP01185,LEAD00433,CUST00476,Support Package,Lost,163244.31,43,2025-05-31,Agent D
OPP01186,LEAD01625,CUST01500,Support Package,Lost,214664.57,11,2026-07-25,Agent A
OPP01187,LEAD01367,CUST00257,Support Package,Lost,126880.75,88,2025-12-01,Agent B
OPP01188,LEAD02000,CUST01389,AI Platform,Negotiation,29942.79,30,2025-12-03,Agent B
OPP01189,LEAD00055,CUST00226,AI Platform,Qualification,165861.81,39,2025-05-03,Agent C
OPP01190,LEAD01172,CUST01738,CRM License,Lost,219802.11,60,2026-02-07,Agent C
OPP01191,LEAD01114,CUST01251,AI Platform,Proposal,96756.37,47,2026-07-01,Agent E
OPP01192,LEAD01716,CUST00081,Analytics Suite,Qualification,50817.83,30,2026-03-09,Agent C
OPP01193,LEAD00849,CUST00218,Analytics Suite,Won,274433.95,81,2025-10-31,Agent A
OPP01194,LEAD01873,CUST00375,AI Platform,Prospecting,260487.4,39,2026-01-15,Agent E
OPP01195,LEAD00479,CUST01921,CRM License,Negotiation,189345.92,61,2025-05-20,Agent E
OPP01196,LEAD01709,CUST01179,Analytics Suite,Qualification,238116.07,68,2025-02-06,Agent B
OPP01197,LEAD01041,CUST00559,AI Platform,Negotiation,290953.54,94,2026-01-17,Agent D
OPP01198,LEAD01888,CUST00554,AI Platform,Won,175085.1,50,2025-04-19,Agent E
OPP01199,LEAD00435,CUST00052,Cloud Subscription,Prospecting,80812.69,50,2025-02-23,Agent E
OPP01200,LEAD00521,CUST00407,Analytics Suite,Qualification,195255.48,92,2026-04-07,Agent E
OPP01201,LEAD01129,CUST01711,Laptop,Prospecting,275232.17,50,2025-09-16,Agent A
OPP01202,LEAD01104,CUST01198,Laptop,Prospecting,210142.98,33,2026-05-24,Agent E
OPP01203,LEAD00298,CUST00736,AI Platform,Qualification,17609.71,9,2026-06-01,Agent C
OPP01204,LEAD01303,CUST00043,AI Platform,Lost,275968.46,36,2025-03-15,Agent C
OPP01205,LEAD00812,CUST00686,Analytics Suite,Negotiation,228565.82,23,2026-04-03,Agent C
OPP01206,LEAD00303,CUST00766,Laptop,Qualification,126530.99,34,2025-07-19,Agent B
OPP01207,LEAD01021,CUST00238,Support Package,Proposal,296372.65,56,2026-02-24,Agent C
OPP01208,LEAD01396,CUST01215,Laptop,Negotiation,219287.01,55,2025-01-27,Agent E
OPP01209,LEAD00064,CUST01321,Analytics Suite,Prospecting,249377.91,22,2025-10-08,Agent E
OPP01210,LEAD01841,CUST01997,Support Package,Lost,283518.3,49,2026-01-10,Agent A
OPP01211,LEAD01222,CUST00718,Laptop,Qualification,21477.75,48,2025-09-24,Agent D
OPP01212,LEAD00521,CUST00552,Support Package,Negotiation,234581.75,9,2025-11-25,Agent C
OPP01213,LEAD01501,CUST01646,Analytics Suite,Lost,122040.47,32,2025-01-07,Agent B
OPP01214,LEAD01688,CUST00701,AI Platform,Proposal,262031.75,74,2025-01-05,Agent B
OPP01215,LEAD01913,CUST01262,CRM License,Won,264879.8,6,2025-12-24,Agent D
OPP01216,LEAD01581,CUST01476,Analytics Suite,Lost,250299.36,33,2025-09-05,Agent D
OPP01217,LEAD00407,CUST01760,Support Package,Qualification,235968.17,50,2025-12-10,Agent A
OPP01218,LEAD00328,CUST00638,Cloud Subscription,Prospecting,240342.02,20,2025-08-03,Agent B
OPP01219,LEAD00418,CUST01246,CRM License,Qualification,96000.23,67,2025-01-04,Agent B
OPP01220,LEAD01752,CUST00263,AI Platform,Lost,127893.18,73,2026-02-22,Agent A
OPP01221,LEAD00610,CUST01559,Support Package,Negotiation,43365.92,37,2025-03-23,Agent A
OPP01222,LEAD00661,CUST00091,AI Platform,Lost,250871.54,27,2026-04-13,Agent A
OPP01223,LEAD01782,CUST01394,AI Platform,Lost,197341.88,79,2025-01-08,Agent A
OPP01224,LEAD00409,CUST00419,Cloud Subscription,Qualification,187687.85,25,2026-07-08,Agent E
OPP01225,LEAD00814,CUST00926,Support Package,Negotiation,81362.63,19,2025-05-31,Agent B
OPP01226,LEAD00593,CUST00153,Laptop,Lost,188360.46,8,2026-06-17,Agent D
OPP01227,LEAD00604,CUST01378,Cloud Subscription,Won,141820.0,13,2025-01-03,Agent E
OPP01228,LEAD01192,CUST00965,Analytics Suite,Negotiation,298627.95,88,2025-09-26,Agent D
OPP01229,LEAD01483,CUST01328,Cloud Subscription,Qualification,260289.8,94,2025-09-06,Agent C
OPP01230,LEAD00531,CUST00696,AI Platform,Negotiation,162535.04,57,2025-04-08,Agent B
OPP01231,LEAD00076,CUST00014,CRM License,Proposal,244452.11,93,2025-10-11,Agent E
OPP01232,LEAD01279,CUST01162,AI Platform,Won,57706.45,72,2025-05-09,Agent D
OPP01233,LEAD01098,CUST01398,Cloud Subscription,Lost,39406.14,44,2025-09-18,Agent D
OPP01234,LEAD01319,CUST01330,Analytics Suite,Proposal,192888.73,73,2025-08-12,Agent A
OPP01235,LEAD00901,CUST00525,Laptop,Proposal,220767.89,45,2025-04-29,Agent A
OPP01236,LEAD01554,CUST01434,CRM License,Prospecting,25386.37,97,2026-04-16,Agent C
OPP01237,LEAD01250,CUST01084,CRM License,Lost,68279.37,86,2025-11-09,Agent C
OPP01238,LEAD01516,CUST00421,AI Platform,Lost,165807.71,86,2026-05-15,Agent E
OPP01239,LEAD01463,CUST00223,CRM License,Lost,28216.81,55,2026-05-01,Agent C
OPP01240,LEAD00994,CUST00651,Support Package,Qualification,132975.32,54,2025-06-06,Agent B
OPP01241,LEAD00650,CUST00047,Cloud Subscription,Negotiation,149803.14,16,2025-06-23,Agent D
OPP01242,LEAD01165,CUST01433,Cloud Subscription,Prospecting,277324.82,67,2026-07-22,Agent B
OPP01243,LEAD01273,CUST00031,Analytics Suite,Lost,101546.18,16,2025-07-06,Agent E
OPP01244,LEAD01144,CUST00097,CRM License,Proposal,58913.86,56,2025-02-26,Agent C
OPP01245,LEAD01049,CUST00317,Cloud Subscription,Negotiation,12177.4,17,2025-11-20,Agent C
OPP01246,LEAD00686,CUST00653,Analytics Suite,Won,45266.35,50,2026-07-31,Agent B
OPP01247,LEAD00268,CUST00040,Support Package,Negotiation,227751.14,79,2025-05-20,Agent A
OPP01248,LEAD00856,CUST01260,Laptop,Won,139027.35,34,2026-01-15,Agent C
OPP01249,LEAD01764,CUST00265,CRM License,Won,67630.26,62,2025-07-21,Agent E
OPP01250,LEAD01434,CUST01607,Support Package,Won,280578.03,29,2025-08-18,Agent A
OPP01251,LEAD01510,CUST01119,CRM License,Prospecting,238386.11,33,2025-09-27,Agent D
OPP01252,LEAD01474,CUST00167,Support Package,Negotiation,43165.76,22,2025-03-27,Agent E
OPP01253,LEAD01844,CUST00801,Analytics Suite,Negotiation,87997.63,20,2025-08-19,Agent E
OPP01254,LEAD00453,CUST00281,Analytics Suite,Negotiation,256338.03,40,2025-06-12,Agent D
OPP01255,LEAD01441,CUST01962,Support Package,Negotiation,210805.18,16,2026-05-03,Agent B
OPP01256,LEAD00140,CUST01186,Laptop,Proposal,284208.11,90,2025-05-16,Agent E
OPP01257,LEAD00490,CUST01618,AI Platform,Negotiation,32112.34,76,2026-05-22,Agent E
OPP01258,LEAD00059,CUST00749,Laptop,Won,234869.25,26,2025-01-11,Agent E
OPP01259,LEAD00862,CUST00294,CRM License,Qualification,32159.31,90,2025-08-29,Agent E
OPP01260,LEAD00282,CUST00470,AI Platform,Negotiation,107631.96,40,2025-06-09,Agent D
OPP01261,LEAD00774,CUST00834,CRM License,Prospecting,227693.94,55,2025-09-24,Agent D
OPP01262,LEAD00270,CUST01542,Cloud Subscription,Proposal,216192.89,72,2026-04-05,Agent A
OPP01263,LEAD00072,CUST00862,Cloud Subscription,Lost,10614.17,79,2026-07-25,Agent C
OPP01264,LEAD00956,CUST01858,Support Package,Negotiation,68563.45,5,2026-03-10,Agent A
OPP01265,LEAD00822,CUST00725,CRM License,Won,235786.37,32,2025-10-27,Agent B
OPP01266,LEAD00835,CUST00467,Support Package,Negotiation,46582.78,37,2025-11-02,Agent B
OPP01267,LEAD00692,CUST00992,Analytics Suite,Negotiation,104649.88,61,2026-08-15,Agent C
OPP01268,LEAD00819,CUST00223,AI Platform,Negotiation,63327.96,88,2026-08-14,Agent E
OPP01269,LEAD00008,CUST01340,CRM License,Lost,42321.82,47,2026-03-31,Agent E
OPP01270,LEAD00957,CUST00202,Cloud Subscription,Won,252621.47,49,2025-04-08,Agent D
OPP01271,LEAD01695,CUST01282,AI Platform,Qualification,27789.11,13,2025-06-07,Agent D
OPP01272,LEAD00280,CUST00766,Analytics Suite,Proposal,165454.49,55,2025-06-12,Agent B
OPP01273,LEAD00288,CUST00715,Support Package,Proposal,210874.45,51,2025-05-17,Agent C
OPP01274,LEAD01561,CUST01222,Laptop,Lost,26701.16,66,2026-07-31,Agent D
OPP01275,LEAD01002,CUST01411,Analytics Suite,Proposal,193693.76,86,2025-04-05,Agent C
OPP01276,LEAD00515,CUST01858,CRM License,Negotiation,106879.0,59,2026-05-24,Agent A
OPP01277,LEAD01570,CUST00579,Support Package,Prospecting,251728.11,9,2026-04-26,Agent C
OPP01278,LEAD00650,CUST01624,AI Platform,Proposal,241321.29,83,2025-11-12,Agent E
OPP01279,LEAD01209,CUST01671,Laptop,Won,240232.46,50,2025-07-02,Agent A
OPP01280,LEAD01113,CUST01992,CRM License,Won,125612.41,51,2025-06-08,Agent C
OPP01281,LEAD00339,CUST01929,Cloud Subscription,Lost,248538.98,88,2026-02-07,Agent A
OPP01282,LEAD01511,CUST01581,AI Platform,Won,192694.78,61,2026-02-05,Agent C
OPP01283,LEAD01237,CUST00590,AI Platform,Negotiation,119818.23,80,2025-11-18,Agent B
OPP01284,LEAD00417,CUST01390,Cloud Subscription,Qualification,33394.29,89,2025-12-05,Agent D
OPP01285,LEAD01516,CUST01570,Cloud Subscription,Negotiation,29377.48,52,2026-05-08,Agent D
OPP01286,LEAD01242,CUST00583,Analytics Suite,Lost,82906.47,99,2026-03-26,Agent C
OPP01287,LEAD01710,CUST01627,AI Platform,Negotiation,96879.55,21,2026-03-24,Agent C
OPP01288,LEAD01641,CUST01404,Support Package,Lost,278983.2,88,2025-06-17,Agent A
OPP01289,LEAD00638,CUST00982,CRM License,Lost,299982.04,86,2025-02-07,Agent C
OPP01290,LEAD01874,CUST01724,AI Platform,Prospecting,51665.42,14,2025-10-01,Agent A
OPP01291,LEAD00068,CUST00176,Support Package,Prospecting,283402.79,19,2025-07-21,Agent B
OPP01292,LEAD00669,CUST01368,Laptop,Qualification,214896.6,8,2025-07-19,Agent A
OPP01293,LEAD01216,CUST01573,Cloud Subscription,Qualification,154596.37,31,2025-11-06,Agent B
OPP01294,LEAD01070,CUST00081,Cloud Subscription,Negotiation,286859.13,100,2026-07-06,Agent E
OPP01295,LEAD00452,CUST00815,Analytics Suite,Negotiation,216971.02,16,2026-04-24,Agent C
OPP01296,LEAD00400,CUST01035,Laptop,Lost,182159.81,8,2026-02-07,Agent C
OPP01297,LEAD01562,CUST00417,Laptop,Won,70762.76,49,2026-03-02,Agent C
OPP01298,LEAD01753,CUST01759,AI Platform,Lost,80888.75,38,2025-09-04,Agent C
OPP01299,LEAD01360,CUST01254,Support Package,Proposal,274335.5,65,2025-11-24,Agent C
OPP01300,LEAD01061,CUST00551,Support Package,Lost,72361.25,63,2025-09-16,Agent A
OPP01301,LEAD01547,CUST00874,AI Platform,Qualification,19368.74,84,2026-04-27,Agent E
OPP01302,LEAD00481,CUST00225,Cloud Subscription,Won,87205.86,44,2026-08-14,Agent D
OPP01303,LEAD01936,CUST00176,Laptop,Qualification,149361.16,49,2025-09-17,Agent C
OPP01304,LEAD00250,CUST01493,Analytics Suite,Negotiation,120769.78,7,2026-03-06,Agent A
OPP01305,LEAD01170,CUST01968,Support Package,Won,281382.87,98,2025-02-03,Agent D
OPP01306,LEAD00683,CUST00554,Analytics Suite,Lost,131386.47,25,2025-08-28,Agent C
OPP01307,LEAD01809,CUST00490,AI Platform,Qualification,267825.28,62,2026-06-03,Agent D
OPP01308,LEAD00490,CUST01368,Cloud Subscription,Won,182452.25,89,2026-02-14,Agent C
OPP01309,LEAD01284,CUST01022,Cloud Subscription,Qualification,161996.15,63,2025-11-10,Agent A
OPP01310,LEAD00313,CUST00279,Support Package,Negotiation,56456.73,65,2025-05-08,Agent C
OPP01311,LEAD00364,CUST01335,Support Package,Proposal,88599.25,21,2026-04-27,Agent C
OPP01312,LEAD00833,CUST00420,Cloud Subscription,Won,261478.37,73,2026-08-02,Agent B
OPP01313,LEAD01599,CUST00231,Support Package,Qualification,236187.59,23,2025-08-22,Agent C
OPP01314,LEAD00557,CUST00929,Support Package,Prospecting,139752.78,71,2026-04-28,Agent B
OPP01315,LEAD01388,CUST01479,Laptop,Lost,273616.42,60,2025-12-17,Agent C
OPP01316,LEAD01143,CUST01043,CRM License,Prospecting,247561.82,51,2025-08-25,Agent D
OPP01317,LEAD01956,CUST01297,Laptop,Prospecting,42504.46,74,2025-07-17,Agent D
OPP01318,LEAD00602,CUST00476,Support Package,Lost,185719.84,74,2025-10-27,Agent C
OPP01319,LEAD00487,CUST00988,Analytics Suite,Qualification,241664.53,24,2025-09-02,Agent D
OPP01320,LEAD01806,CUST01426,Laptop,Won,244419.8,41,2026-01-03,Agent E
OPP01321,LEAD00667,CUST01057,Analytics Suite,Qualification,36488.94,51,2025-03-29,Agent D
OPP01322,LEAD00430,CUST00480,Laptop,Prospecting,75137.24,19,2025-10-12,Agent A
OPP01323,LEAD01643,CUST01910,Analytics Suite,Prospecting,129781.4,39,2026-03-18,Agent E
OPP01324,LEAD01626,CUST00135,Laptop,Lost,82973.02,8,2026-05-19,Agent C
OPP01325,LEAD00126,CUST01822,Laptop,Qualification,41592.06,47,2025-06-17,Agent C
OPP01326,LEAD01713,CUST01450,Laptop,Won,192352.12,24,2025-12-24,Agent C
OPP01327,LEAD01267,CUST00224,Laptop,Lost,157167.3,26,2025-06-29,Agent C
OPP01328,LEAD00558,CUST00511,CRM License,Prospecting,54947.03,83,2026-04-16,Agent D
OPP01329,LEAD01071,CUST00738,Support Package,Qualification,180050.78,18,2025-07-31,Agent B
OPP01330,LEAD00478,CUST01916,Cloud Subscription,Proposal,27984.34,16,2026-02-06,Agent D
OPP01331,LEAD00338,CUST01034,Cloud Subscription,Prospecting,121081.91,35,2025-09-15,Agent B
OPP01332,LEAD00265,CUST00517,Analytics Suite,Negotiation,239830.21,7,2025-06-09,Agent B
OPP01333,LEAD00331,CUST01840,Support Package,Won,268114.39,88,2025-12-10,Agent C
OPP01334,LEAD01166,CUST00237,Laptop,Won,81118.04,99,2026-01-07,Agent E
OPP01335,LEAD01621,CUST01634,CRM License,Qualification,259257.55,82,2026-02-11,Agent A
OPP01336,LEAD00973,CUST01662,Support Package,Prospecting,268609.76,81,2026-04-17,Agent D
OPP01337,LEAD00031,CUST00773,Analytics Suite,Won,185995.87,14,2026-02-07,Agent C
OPP01338,LEAD00858,CUST00087,Cloud Subscription,Qualification,294831.59,58,2026-05-23,Agent A
OPP01339,LEAD01494,CUST01773,Analytics Suite,Negotiation,81390.99,13,2025-09-10,Agent C
OPP01340,LEAD01671,CUST01935,AI Platform,Prospecting,30002.53,33,2025-10-31,Agent B
OPP01341,LEAD01466,CUST00757,Analytics Suite,Qualification,254598.51,52,2025-10-15,Agent A
OPP01342,LEAD00739,CUST00372,Support Package,Prospecting,152369.89,70,2025-12-11,Agent C
OPP01343,LEAD01300,CUST00543,CRM License,Prospecting,110471.62,31,2025-03-25,Agent C
OPP01344,LEAD00137,CUST00273,Laptop,Prospecting,26017.52,29,2026-05-25,Agent B
OPP01345,LEAD00820,CUST01220,Laptop,Negotiation,28741.1,84,2025-11-07,Agent A
OPP01346,LEAD01074,CUST01038,CRM License,Prospecting,36307.77,26,2025-11-26,Agent E
OPP01347,LEAD00057,CUST00712,Laptop,Won,63256.33,51,2026-06-07,Agent D
OPP01348,LEAD00029,CUST01302,Support Package,Won,291416.27,32,2025-10-05,Agent B
OPP01349,LEAD01604,CUST01245,CRM License,Qualification,91607.2,86,2025-10-02,Agent A
OPP01350,LEAD00441,CUST00023,Analytics Suite,Negotiation,246943.72,56,2025-12-03,Agent E
OPP01351,LEAD00252,CUST00820,Analytics Suite,Prospecting,15630.0,15,2026-07-14,Agent E
OPP01352,LEAD01185,CUST01728,AI Platform,Negotiation,103326.37,19,2025-06-01,Agent A
OPP01353,LEAD00562,CUST01592,Laptop,Lost,272795.81,98,2025-04-03,Agent A
OPP01354,LEAD01959,CUST01710,Laptop,Prospecting,63661.83,95,2025-03-06,Agent A
OPP01355,LEAD01894,CUST01909,Support Package,Won,92366.82,78,2026-03-16,Agent A
OPP01356,LEAD01648,CUST00123,Analytics Suite,Won,249689.32,12,2025-01-07,Agent C
OPP01357,LEAD00604,CUST00541,Support Package,Negotiation,45203.59,75,2026-02-26,Agent A
OPP01358,LEAD01751,CUST00919,Laptop,Prospecting,25423.13,68,2026-06-12,Agent A
OPP01359,LEAD00511,CUST01021,Cloud Subscription,Qualification,290133.26,95,2026-02-11,Agent E
OPP01360,LEAD00480,CUST01573,Cloud Subscription,Won,127389.61,51,2025-04-12,Agent D
OPP01361,LEAD01947,CUST01449,Support Package,Won,200782.67,50,2026-01-31,Agent E
OPP01362,LEAD01349,CUST01413,Support Package,Prospecting,46863.61,65,2025-09-21,Agent C
OPP01363,LEAD00172,CUST00318,AI Platform,Lost,73851.45,19,2025-01-14,Agent A
OPP01364,LEAD01774,CUST01356,Laptop,Qualification,143394.42,76,2025-04-28,Agent A
OPP01365,LEAD00322,CUST01592,AI Platform,Lost,205794.43,52,2026-03-19,Agent A
OPP01366,LEAD01363,CUST01505,AI Platform,Lost,95041.89,23,2025-12-01,Agent A
OPP01367,LEAD00877,CUST01166,CRM License,Negotiation,266543.79,83,2025-10-25,Agent B
OPP01368,LEAD00035,CUST00177,CRM License,Negotiation,236531.76,30,2026-04-08,Agent C
OPP01369,LEAD01576,CUST00300,Analytics Suite,Proposal,169951.79,87,2025-11-09,Agent B
OPP01370,LEAD01374,CUST01487,Cloud Subscription,Qualification,143171.24,31,2026-08-01,Agent C
OPP01371,LEAD01769,CUST01737,Laptop,Proposal,189667.34,51,2025-01-31,Agent A
OPP01372,LEAD01224,CUST01651,Analytics Suite,Qualification,222182.32,46,2025-06-20,Agent B
OPP01373,LEAD01512,CUST00854,CRM License,Negotiation,49135.59,75,2025-04-23,Agent E
OPP01374,LEAD01813,CUST01175,AI Platform,Negotiation,257266.0,22,2025-09-04,Agent B
OPP01375,LEAD01953,CUST00354,Laptop,Lost,151926.81,28,2026-06-27,Agent C
OPP01376,LEAD01122,CUST01184,AI Platform,Lost,281249.76,23,2025-09-01,Agent B
OPP01377,LEAD00034,CUST00391,Cloud Subscription,Negotiation,287107.29,27,2025-07-08,Agent B
OPP01378,LEAD00692,CUST01591,Cloud Subscription,Qualification,18907.88,48,2025-02-20,Agent A
OPP01379,LEAD01240,CUST01572,Cloud Subscription,Proposal,121499.48,61,2025-08-23,Agent E
OPP01380,LEAD00220,CUST00103,Analytics Suite,Prospecting,162604.79,87,2025-05-17,Agent B
OPP01381,LEAD00233,CUST01872,Laptop,Proposal,166482.69,45,2025-04-23,Agent D
OPP01382,LEAD00790,CUST01593,AI Platform,Proposal,248494.08,44,2025-03-21,Agent D
OPP01383,LEAD01821,CUST00757,Cloud Subscription,Qualification,50920.16,20,2026-01-12,Agent A
OPP01384,LEAD00644,CUST00903,CRM License,Lost,190519.98,14,2026-02-27,Agent C
OPP01385,LEAD01871,CUST00158,CRM License,Negotiation,283353.13,78,2026-03-18,Agent C
OPP01386,LEAD01606,CUST01873,Laptop,Prospecting,299040.45,65,2025-02-01,Agent B
OPP01387,LEAD00607,CUST00202,Support Package,Prospecting,12924.81,56,2026-07-04,Agent E
OPP01388,LEAD00463,CUST01845,Analytics Suite,Proposal,292044.51,47,2025-10-30,Agent D
OPP01389,LEAD01656,CUST01309,AI Platform,Lost,45440.91,54,2025-12-01,Agent A
OPP01390,LEAD01513,CUST01838,AI Platform,Proposal,165715.66,86,2026-06-07,Agent E
OPP01391,LEAD01261,CUST00742,Cloud Subscription,Won,81447.24,23,2025-06-14,Agent E
OPP01392,LEAD01957,CUST01792,CRM License,Negotiation,185853.4,52,2025-10-28,Agent C
OPP01393,LEAD00201,CUST00853,Laptop,Proposal,20737.71,28,2025-02-12,Agent B
OPP01394,LEAD00772,CUST00701,Analytics Suite,Won,79116.48,15,2025-10-21,Agent C
OPP01395,LEAD01206,CUST00675,Analytics Suite,Qualification,97166.93,71,2025-06-08,Agent B
OPP01396,LEAD00144,CUST01904,AI Platform,Negotiation,275526.08,72,2025-04-19,Agent B
OPP01397,LEAD01953,CUST00932,Support Package,Lost,179252.57,86,2026-01-04,Agent A
OPP01398,LEAD01144,CUST00958,Support Package,Proposal,215380.82,7,2025-03-19,Agent C
OPP01399,LEAD00617,CUST01288,CRM License,Prospecting,206044.4,22,2026-08-04,Agent B
OPP01400,LEAD00479,CUST01112,Laptop,Negotiation,123763.62,60,2025-05-19,Agent E
OPP01401,LEAD00003,CUST01083,Cloud Subscription,Negotiation,14066.11,82,2025-02-17,Agent E
OPP01402,LEAD01186,CUST00759,Support Package,Proposal,41036.02,95,2025-09-24,Agent B
OPP01403,LEAD01954,CUST00329,CRM License,Proposal,143054.46,80,2025-08-20,Agent B
OPP01404,LEAD00073,CUST01990,CRM License,Proposal,282975.49,91,2026-01-28,Agent D
OPP01405,LEAD00828,CUST00983,Laptop,Proposal,82139.76,83,2026-02-02,Agent A
OPP01406,LEAD01325,CUST01945,Support Package,Won,212512.43,35,2025-12-19,Agent D
OPP01407,LEAD00862,CUST00922,CRM License,Won,249712.79,60,2025-12-09,Agent E
OPP01408,LEAD01302,CUST01199,Cloud Subscription,Negotiation,272967.73,65,2026-04-09,Agent E
OPP01409,LEAD01426,CUST01092,Analytics Suite,Qualification,95111.06,38,2026-01-24,Agent E
OPP01410,LEAD01932,CUST01932,Support Package,Qualification,280072.12,90,2025-03-25,Agent B
OPP01411,LEAD01209,CUST00222,Analytics Suite,Qualification,186314.86,79,2025-10-04,Agent C
OPP01412,LEAD01420,CUST01036,Laptop,Proposal,157437.97,54,2026-02-14,Agent A
OPP01413,LEAD00604,CUST00308,Cloud Subscription,Prospecting,235733.86,51,2025-06-09,Agent B
OPP01414,LEAD00302,CUST01737,Cloud Subscription,Proposal,79226.66,81,2026-05-30,Agent A
OPP01415,LEAD00200,CUST01061,Laptop,Qualification,245648.27,26,2025-10-15,Agent D
OPP01416,LEAD00219,CUST01847,AI Platform,Qualification,198489.18,25,2025-07-11,Agent E
OPP01417,LEAD01655,CUST00551,Analytics Suite,Won,241816.18,43,2025-08-16,Agent D
OPP01418,LEAD00082,CUST00326,CRM License,Lost,258159.44,17,2026-01-05,Agent B
OPP01419,LEAD00967,CUST01259,Support Package,Lost,189030.76,48,2026-02-27,Agent B
OPP01420,LEAD01227,CUST00292,CRM License,Lost,20653.18,46,2025-06-02,Agent A
OPP01421,LEAD01345,CUST00746,Laptop,Won,96346.82,53,2025-04-13,Agent C
OPP01422,LEAD00133,CUST00628,Cloud Subscription,Lost,264625.73,49,2025-02-24,Agent E
OPP01423,LEAD01722,CUST00442,Cloud Subscription,Prospecting,191817.39,91,2025-10-23,Agent B
OPP01424,LEAD00875,CUST00262,Support Package,Proposal,268116.35,31,2026-07-07,Agent B
OPP01425,LEAD00036,CUST01313,AI Platform,Negotiation,121513.27,44,2026-07-26,Agent D
OPP01426,LEAD00266,CUST01517,CRM License,Proposal,156370.96,75,2025-11-30,Agent A
OPP01427,LEAD01719,CUST00788,Cloud Subscription,Negotiation,260151.81,32,2025-11-13,Agent E
OPP01428,LEAD01887,CUST00563,Analytics Suite,Negotiation,230989.09,68,2025-10-27,Agent D
OPP01429,LEAD01504,CUST00316,Support Package,Prospecting,119475.33,97,2025-05-22,Agent E
OPP01430,LEAD00667,CUST01355,AI Platform,Lost,16562.78,41,2025-09-05,Agent B
OPP01431,LEAD01894,CUST01618,Support Package,Won,265298.47,28,2026-07-12,Agent E
OPP01432,LEAD00552,CUST01097,Analytics Suite,Lost,238043.49,23,2026-01-03,Agent D
OPP01433,LEAD00468,CUST00864,Cloud Subscription,Negotiation,140256.64,6,2025-05-26,Agent E
OPP01434,LEAD01530,CUST01297,Support Package,Qualification,168409.74,32,2025-02-22,Agent B
OPP01435,LEAD00645,CUST01831,Support Package,Negotiation,69250.48,86,2026-03-24,Agent B
OPP01436,LEAD01040,CUST01980,Support Package,Prospecting,129509.32,29,2026-06-23,Agent B
OPP01437,LEAD01323,CUST00387,CRM License,Lost,57326.67,96,2025-03-07,Agent D
OPP01438,LEAD00333,CUST00954,Analytics Suite,Proposal,71065.18,96,2025-08-12,Agent C
OPP01439,LEAD01852,CUST01753,CRM License,Proposal,255447.15,70,2026-05-23,Agent D
OPP01440,LEAD00333,CUST01266,AI Platform,Won,115116.99,99,2025-05-31,Agent A
OPP01441,LEAD01986,CUST01632,Laptop,Qualification,246269.76,44,2025-04-18,Agent E
OPP01442,LEAD00555,CUST01992,Laptop,Won,147430.96,96,2025-08-23,Agent A
OPP01443,LEAD00834,CUST00208,Laptop,Prospecting,30525.56,57,2025-08-23,Agent E
OPP01444,LEAD00507,CUST01225,Laptop,Won,114842.88,12,2025-10-14,Agent C
OPP01445,LEAD01079,CUST01064,AI Platform,Won,55899.3,84,2026-07-30,Agent C
OPP01446,LEAD00002,CUST00570,AI Platform,Lost,211137.16,96,2026-08-03,Agent E
OPP01447,LEAD00342,CUST01308,Cloud Subscription,Prospecting,274304.27,89,2025-12-12,Agent D
OPP01448,LEAD01039,CUST00208,Laptop,Prospecting,231291.91,45,2025-02-14,Agent B
OPP01449,LEAD01388,CUST00991,AI Platform,Prospecting,235746.91,14,2025-06-07,Agent B
OPP01450,LEAD01926,CUST00830,Laptop,Negotiation,259941.3,61,2025-04-18,Agent D
OPP01451,LEAD01675,CUST00781,CRM License,Prospecting,235232.75,88,2025-01-01,Agent D
OPP01452,LEAD01844,CUST01229,Laptop,Proposal,174886.24,85,2025-08-17,Agent D
OPP01453,LEAD01598,CUST01888,CRM License,Won,217140.12,64,2025-01-05,Agent E
OPP01454,LEAD01554,CUST01895,AI Platform,Proposal,130626.88,80,2025-12-09,Agent E
OPP01455,LEAD00692,CUST01402,AI Platform,Lost,30528.51,8,2025-06-13,Agent A
OPP01456,LEAD01811,CUST00663,Analytics Suite,Lost,214618.14,64,2026-03-08,Agent E
OPP01457,LEAD01927,CUST01932,Cloud Subscription,Negotiation,219281.68,15,2025-11-11,Agent B
OPP01458,LEAD01028,CUST01997,CRM License,Lost,74879.55,76,2026-07-21,Agent A
OPP01459,LEAD00241,CUST01693,Laptop,Lost,286643.05,9,2025-10-16,Agent E
OPP01460,LEAD00086,CUST01747,Support Package,Proposal,25228.32,62,2025-04-04,Agent D
OPP01461,LEAD00988,CUST01635,Analytics Suite,Won,223428.12,96,2026-07-04,Agent D
OPP01462,LEAD01270,CUST01521,Support Package,Negotiation,290858.73,15,2025-07-04,Agent A
OPP01463,LEAD01110,CUST01452,Support Package,Negotiation,99653.44,45,2026-04-01,Agent B
OPP01464,LEAD01793,CUST01277,AI Platform,Qualification,274614.97,8,2026-04-12,Agent C
OPP01465,LEAD01074,CUST01293,Cloud Subscription,Won,249666.51,73,2026-07-06,Agent C
OPP01466,LEAD01323,CUST00780,Analytics Suite,Negotiation,225791.74,93,2026-01-17,Agent B
OPP01467,LEAD01516,CUST01774,AI Platform,Proposal,286599.55,5,2025-11-02,Agent D
OPP01468,LEAD01790,CUST01270,Analytics Suite,Lost,199676.55,57,2025-08-18,Agent D
OPP01469,LEAD01220,CUST01227,CRM License,Prospecting,153515.39,81,2025-09-24,Agent A
OPP01470,LEAD01115,CUST01484,Cloud Subscription,Prospecting,205947.5,7,2026-04-11,Agent B
OPP01471,LEAD00155,CUST00151,Laptop,Proposal,129428.9,51,2025-12-04,Agent D
OPP01472,LEAD01285,CUST01838,AI Platform,Proposal,104217.28,17,2025-01-30,Agent C
OPP01473,LEAD00360,CUST01166,Analytics Suite,Prospecting,33851.23,93,2025-08-10,Agent E
OPP01474,LEAD00738,CUST01889,Analytics Suite,Lost,119622.49,53,2026-06-29,Agent E
OPP01475,LEAD01065,CUST00206,CRM License,Proposal,242926.57,55,2025-05-06,Agent D
OPP01476,LEAD00166,CUST00468,Analytics Suite,Qualification,284176.38,100,2025-10-09,Agent D
OPP01477,LEAD01390,CUST01899,Cloud Subscription,Proposal,292794.0,80,2026-05-14,Agent A
OPP01478,LEAD00562,CUST01386,Analytics Suite,Lost,69892.5,35,2025-06-23,Agent E
OPP01479,LEAD01029,CUST01294,Analytics Suite,Won,175715.21,65,2026-02-10,Agent A
OPP01480,LEAD00701,CUST00809,Support Package,Lost,176966.97,33,2026-04-13,Agent A
OPP01481,LEAD00712,CUST01112,Laptop,Proposal,61053.79,54,2025-07-14,Agent E
OPP01482,LEAD00788,CUST01093,Support Package,Prospecting,178672.18,82,2026-06-18,Agent C
OPP01483,LEAD00103,CUST00396,Laptop,Proposal,115201.22,96,2025-09-23,Agent E
OPP01484,LEAD00391,CUST01134,CRM License,Won,283297.87,96,2025-06-26,Agent E
OPP01485,LEAD01572,CUST01032,Laptop,Prospecting,84008.64,52,2025-05-15,Agent E
OPP01486,LEAD00244,CUST00627,Laptop,Proposal,252138.75,90,2025-06-08,Agent A
OPP01487,LEAD00995,CUST00686,CRM License,Prospecting,270088.13,90,2025-12-02,Agent B
OPP01488,LEAD00281,CUST01536,AI Platform,Won,223402.95,57,2025-05-15,Agent D
OPP01489,LEAD01078,CUST01351,Support Package,Won,72256.41,8,2025-08-02,Agent C
OPP01490,LEAD01288,CUST00940,Laptop,Prospecting,85507.03,16,2026-02-28,Agent B
OPP01491,LEAD00938,CUST01209,Laptop,Won,291624.18,68,2026-06-06,Agent D
OPP01492,LEAD01544,CUST00483,Laptop,Won,31990.43,84,2026-02-09,Agent E
OPP01493,LEAD00531,CUST00999,Cloud Subscription,Qualification,43954.91,92,2025-11-11,Agent A
OPP01494,LEAD01116,CUST01124,Laptop,Lost,293785.22,28,2026-02-19,Agent A
OPP01495,LEAD00553,CUST00506,Laptop,Proposal,235299.48,91,2025-09-03,Agent C
OPP01496,LEAD01018,CUST00339,Laptop,Proposal,226451.32,84,2025-06-11,Agent B
OPP01497,LEAD00128,CUST01052,CRM License,Lost,56460.25,51,2026-03-23,Agent E
OPP01498,LEAD00539,CUST01882,CRM License,Proposal,151792.26,40,2025-03-22,Agent A
OPP01499,LEAD01416,CUST00924,Support Package,Lost,253821.15,50,2026-06-24,Agent A
OPP01500,LEAD01557,CUST01803,AI Platform,Lost,105372.5,69,2025-09-13,Agent B
OPP01501,LEAD00544,CUST01703,AI Platform,Lost,65901.89,82,2026-05-03,Agent C
OPP01502,LEAD00517,CUST01490,Laptop,Won,13174.14,21,2025-02-28,Agent B
OPP01503,LEAD00598,CUST01789,Analytics Suite,Qualification,190537.32,37,2025-10-22,Agent C
OPP01504,LEAD00559,CUST00823,AI Platform,Qualification,95204.99,16,2025-09-09,Agent E
OPP01505,LEAD01988,CUST01519,Analytics Suite,Won,260465.0,94,2025-08-01,Agent D
OPP01506,LEAD01303,CUST00290,Laptop,Proposal,92220.25,44,2025-11-02,Agent A
OPP01507,LEAD00772,CUST00640,CRM License,Negotiation,53956.99,29,2026-01-30,Agent C
OPP01508,LEAD00924,CUST01134,Analytics Suite,Won,288529.78,24,2026-07-16,Agent B
OPP01509,LEAD01022,CUST00077,Laptop,Lost,289785.33,12,2026-05-02,Agent D
OPP01510,LEAD01106,CUST01531,Analytics Suite,Prospecting,208656.91,50,2025-05-19,Agent A
OPP01511,LEAD00773,CUST01851,AI Platform,Proposal,279231.85,79,2026-08-07,Agent A
OPP01512,LEAD01949,CUST00211,Laptop,Won,56931.74,36,2025-10-25,Agent E
OPP01513,LEAD00581,CUST01985,Support Package,Qualification,143498.85,43,2025-09-30,Agent E
OPP01514,LEAD00855,CUST00177,Support Package,Proposal,69206.08,66,2025-01-07,Agent D
OPP01515,LEAD00012,CUST00255,Laptop,Lost,148847.14,39,2026-02-03,Agent B
OPP01516,LEAD00984,CUST01525,Analytics Suite,Won,239441.62,75,2026-06-13,Agent D
OPP01517,LEAD01710,CUST01372,Analytics Suite,Prospecting,255029.08,35,2025-06-24,Agent E
OPP01518,LEAD01995,CUST01873,CRM License,Negotiation,11207.67,47,2026-06-01,Agent B
OPP01519,LEAD00947,CUST00851,Support Package,Negotiation,122955.99,99,2025-02-22,Agent E
OPP01520,LEAD00279,CUST01146,Cloud Subscription,Won,298279.92,85,2026-07-31,Agent D
OPP01521,LEAD01440,CUST00298,Analytics Suite,Prospecting,180901.34,59,2025-05-31,Agent A
OPP01522,LEAD01282,CUST01384,CRM License,Proposal,95896.82,42,2025-10-14,Agent D
OPP01523,LEAD01918,CUST01997,CRM License,Proposal,122808.34,100,2025-01-09,Agent A
OPP01524,LEAD01011,CUST01194,Cloud Subscription,Prospecting,103543.49,49,2026-06-20,Agent D
OPP01525,LEAD00006,CUST01867,Laptop,Proposal,139803.54,37,2025-10-31,Agent D
OPP01526,LEAD01802,CUST00788,Analytics Suite,Lost,138901.12,62,2026-08-02,Agent D
OPP01527,LEAD01351,CUST01966,Analytics Suite,Lost,156990.36,44,2025-08-11,Agent C
OPP01528,LEAD01601,CUST01074,Cloud Subscription,Prospecting,144706.74,90,2025-02-05,Agent C
OPP01529,LEAD00238,CUST00288,Support Package,Qualification,159672.97,25,2026-02-09,Agent A
OPP01530,LEAD00915,CUST00726,CRM License,Qualification,18116.8,9,2025-04-08,Agent D
OPP01531,LEAD00916,CUST00984,Cloud Subscription,Qualification,25783.8,46,2026-01-02,Agent B
OPP01532,LEAD00536,CUST00135,AI Platform,Lost,117631.75,96,2025-01-21,Agent B
OPP01533,LEAD01694,CUST01792,Support Package,Proposal,266633.05,10,2025-04-11,Agent E
OPP01534,LEAD00377,CUST00479,Support Package,Prospecting,239341.37,82,2026-01-16,Agent C
OPP01535,LEAD00143,CUST01351,Analytics Suite,Won,41944.56,5,2026-02-06,Agent D
OPP01536,LEAD00469,CUST01840,Support Package,Prospecting,153500.98,58,2025-04-01,Agent D
OPP01537,LEAD01980,CUST00870,Support Package,Lost,185330.31,48,2025-04-22,Agent B
OPP01538,LEAD00227,CUST01219,Support Package,Lost,149544.88,20,2026-05-27,Agent B
OPP01539,LEAD01162,CUST01034,AI Platform,Won,212294.32,76,2025-01-04,Agent A
OPP01540,LEAD00367,CUST01529,Laptop,Qualification,299206.32,21,2025-05-18,Agent E
OPP01541,LEAD00790,CUST00078,Support Package,Lost,37977.5,46,2026-08-02,Agent D
OPP01542,LEAD01104,CUST00720,Analytics Suite,Proposal,159504.87,58,2025-11-23,Agent A
OPP01543,LEAD00040,CUST01224,Support Package,Qualification,158587.72,54,2025-01-17,Agent A
OPP01544,LEAD00483,CUST00183,Support Package,Qualification,173089.85,8,2026-06-16,Agent C
OPP01545,LEAD01174,CUST01720,CRM License,Prospecting,58420.56,47,2025-07-23,Agent A
OPP01546,LEAD00030,CUST01265,Cloud Subscription,Qualification,195123.76,67,2026-03-03,Agent A
OPP01547,LEAD00990,CUST00006,Support Package,Lost,22858.87,55,2026-01-15,Agent B
OPP01548,LEAD01208,CUST00025,AI Platform,Negotiation,224925.81,75,2025-08-07,Agent E
OPP01549,LEAD00431,CUST00320,CRM License,Won,202316.26,79,2025-08-09,Agent B
OPP01550,LEAD00325,CUST01328,Cloud Subscription,Prospecting,105822.86,22,2025-11-24,Agent D
OPP01551,LEAD00981,CUST01036,Laptop,Lost,296806.91,82,2025-08-16,Agent D
OPP01552,LEAD01438,CUST00965,Cloud Subscription,Negotiation,250345.73,90,2025-04-14,Agent D
OPP01553,LEAD00026,CUST01122,Support Package,Won,166465.33,85,2026-03-07,Agent B
OPP01554,LEAD00676,CUST00990,Laptop,Proposal,297248.02,86,2026-02-06,Agent E
OPP01555,LEAD01999,CUST00687,Laptop,Negotiation,250726.29,25,2025-12-25,Agent D
OPP01556,LEAD00672,CUST00015,Cloud Subscription,Qualification,50013.41,67,2026-03-19,Agent D
OPP01557,LEAD00665,CUST00056,Support Package,Won,181407.58,48,2025-11-05,Agent A
OPP01558,LEAD01476,CUST01379,Laptop,Won,178448.71,99,2026-07-08,Agent A
OPP01559,LEAD00961,CUST01488,CRM License,Prospecting,199354.1,84,2026-06-13,Agent A
OPP01560,LEAD00783,CUST00480,Support Package,Qualification,282819.41,20,2026-08-08,Agent D
OPP01561,LEAD01570,CUST00486,AI Platform,Prospecting,152689.25,95,2025-03-06,Agent B
OPP01562,LEAD00062,CUST00816,Cloud Subscription,Won,32440.62,71,2025-03-02,Agent B
OPP01563,LEAD01426,CUST01290,CRM License,Proposal,149006.09,57,2025-10-07,Agent C
OPP01564,LEAD00762,CUST01187,Laptop,Qualification,238460.37,47,2026-02-17,Agent C
OPP01565,LEAD01778,CUST01119,AI Platform,Prospecting,113996.54,52,2025-05-23,Agent E
OPP01566,LEAD01450,CUST00074,Analytics Suite,Negotiation,17860.42,79,2025-03-10,Agent A
OPP01567,LEAD01883,CUST00862,Support Package,Qualification,97940.53,78,2025-01-22,Agent A
OPP01568,LEAD00258,CUST01506,Analytics Suite,Lost,207823.48,57,2025-11-27,Agent A
OPP01569,LEAD00379,CUST01181,AI Platform,Prospecting,34942.73,100,2026-08-07,Agent B
OPP01570,LEAD01807,CUST01614,Cloud Subscription,Lost,119029.79,27,2025-10-04,Agent D
OPP01571,LEAD00781,CUST01391,Cloud Subscription,Lost,48607.94,45,2026-03-14,Agent A
OPP01572,LEAD01632,CUST01800,Analytics Suite,Negotiation,148019.29,62,2025-01-31,Agent B
OPP01573,LEAD01374,CUST01145,Analytics Suite,Prospecting,51038.91,20,2025-05-09,Agent B
OPP01574,LEAD01000,CUST01139,Support Package,Prospecting,41620.72,52,2026-02-10,Agent C
OPP01575,LEAD00091,CUST01116,CRM License,Lost,212361.65,85,2025-08-28,Agent D
OPP01576,LEAD00148,CUST00530,Support Package,Negotiation,55820.46,69,2025-01-16,Agent D
OPP01577,LEAD01434,CUST00873,Laptop,Proposal,54890.78,73,2025-05-15,Agent B
OPP01578,LEAD00195,CUST00338,CRM License,Lost,181830.56,20,2026-04-18,Agent A
OPP01579,LEAD00010,CUST00861,AI Platform,Prospecting,22642.21,18,2026-02-13,Agent E
OPP01580,LEAD00440,CUST00300,AI Platform,Prospecting,19567.86,47,2026-04-28,Agent A
OPP01581,LEAD01829,CUST00982,Cloud Subscription,Proposal,135119.42,36,2025-07-28,Agent B
OPP01582,LEAD01254,CUST01909,Laptop,Won,115877.69,5,2026-07-08,Agent B
OPP01583,LEAD01437,CUST00905,Analytics Suite,Lost,167939.63,58,2026-07-03,Agent B
OPP01584,LEAD01305,CUST01478,Analytics Suite,Qualification,298110.54,77,2025-08-08,Agent B
OPP01585,LEAD01131,CUST00879,Cloud Subscription,Won,136064.88,75,2025-05-04,Agent C
OPP01586,LEAD00513,CUST01812,Analytics Suite,Lost,177056.93,14,2026-07-28,Agent C
OPP01587,LEAD00858,CUST00421,Laptop,Won,276580.65,79,2025-07-28,Agent C
OPP01588,LEAD01090,CUST01669,Analytics Suite,Prospecting,150121.94,41,2025-10-23,Agent B
OPP01589,LEAD01977,CUST01450,Cloud Subscription,Proposal,236524.95,19,2026-07-10,Agent B
OPP01590,LEAD01799,CUST01778,Laptop,Proposal,169109.24,50,2025-06-10,Agent D
OPP01591,LEAD01474,CUST00266,Support Package,Proposal,194790.1,25,2026-06-12,Agent C
OPP01592,LEAD01627,CUST01790,Laptop,Won,280425.71,69,2025-04-06,Agent E
OPP01593,LEAD01615,CUST01818,CRM License,Qualification,10204.09,76,2025-06-24,Agent D
OPP01594,LEAD01336,CUST00592,AI Platform,Prospecting,271272.57,74,2025-08-20,Agent D
OPP01595,LEAD01651,CUST01250,Support Package,Negotiation,154330.69,16,2025-10-15,Agent B
OPP01596,LEAD00147,CUST01174,CRM License,Lost,185961.67,38,2025-05-25,Agent C
OPP01597,LEAD00044,CUST00098,Cloud Subscription,Won,140516.81,52,2026-06-11,Agent B
OPP01598,LEAD00889,CUST01051,AI Platform,Negotiation,85666.4,99,2026-02-01,Agent D
OPP01599,LEAD00110,CUST01318,Support Package,Prospecting,29142.09,57,2026-02-04,Agent B
OPP01600,LEAD00679,CUST00411,Cloud Subscription,Prospecting,284086.46,67,2026-03-13,Agent B
OPP01601,LEAD00397,CUST00724,Cloud Subscription,Qualification,190924.1,37,2026-01-15,Agent B
OPP01602,LEAD01916,CUST01171,Cloud Subscription,Proposal,263306.51,33,2026-01-19,Agent A
OPP01603,LEAD01311,CUST01860,CRM License,Negotiation,94334.4,81,2026-01-29,Agent B
OPP01604,LEAD00084,CUST00122,Analytics Suite,Negotiation,90619.7,85,2026-03-06,Agent D
OPP01605,LEAD01248,CUST01873,CRM License,Negotiation,107377.49,10,2026-07-03,Agent D
OPP01606,LEAD01465,CUST01633,Analytics Suite,Lost,77001.09,56,2025-04-28,Agent C
OPP01607,LEAD00651,CUST01692,Laptop,Prospecting,154411.51,79,2025-11-05,Agent C
OPP01608,LEAD01766,CUST00096,Analytics Suite,Won,281510.05,20,2025-04-20,Agent B
OPP01609,LEAD01946,CUST01136,Laptop,Won,264058.17,67,2025-04-19,Agent E
OPP01610,LEAD01962,CUST00738,Analytics Suite,Qualification,153579.13,50,2026-07-21,Agent A
OPP01611,LEAD00187,CUST01839,CRM License,Qualification,111141.12,53,2025-10-09,Agent C
OPP01612,LEAD00899,CUST01482,CRM License,Qualification,187389.46,62,2026-03-11,Agent C
OPP01613,LEAD01554,CUST01300,Analytics Suite,Prospecting,187554.86,88,2025-01-19,Agent B
OPP01614,LEAD00886,CUST00056,AI Platform,Prospecting,208291.59,13,2025-10-21,Agent A
OPP01615,LEAD00962,CUST01751,Analytics Suite,Negotiation,165324.01,24,2025-04-18,Agent A
OPP01616,LEAD00657,CUST00980,Support Package,Won,17759.03,38,2025-07-06,Agent A
OPP01617,LEAD00838,CUST00321,Support Package,Won,32053.49,81,2025-04-23,Agent C
OPP01618,LEAD01390,CUST01749,CRM License,Won,292394.75,61,2026-02-02,Agent B
OPP01619,LEAD00052,CUST01809,Laptop,Qualification,226408.24,23,2025-03-20,Agent D
OPP01620,LEAD01599,CUST00994,Cloud Subscription,Negotiation,284991.6,7,2025-09-26,Agent D
OPP01621,LEAD01456,CUST01324,Laptop,Negotiation,108462.42,100,2025-07-02,Agent A
OPP01622,LEAD00278,CUST01221,Analytics Suite,Won,165135.33,18,2026-07-28,Agent E
OPP01623,LEAD01544,CUST00607,Analytics Suite,Lost,103366.06,8,2026-04-15,Agent B
OPP01624,LEAD01043,CUST01497,CRM License,Proposal,273591.16,44,2025-07-29,Agent A
OPP01625,LEAD00638,CUST01996,Support Package,Qualification,93442.68,58,2025-06-24,Agent D
OPP01626,LEAD00911,CUST01869,Analytics Suite,Won,211205.28,29,2026-03-04,Agent C
OPP01627,LEAD01034,CUST01374,Laptop,Prospecting,60766.12,21,2026-01-12,Agent D
OPP01628,LEAD00422,CUST00721,Laptop,Won,40522.92,13,2025-11-27,Agent A
OPP01629,LEAD01213,CUST01817,CRM License,Qualification,55134.02,44,2025-02-13,Agent E
OPP01630,LEAD01259,CUST01855,AI Platform,Prospecting,163542.03,96,2025-02-16,Agent B
OPP01631,LEAD00736,CUST00012,Analytics Suite,Lost,254916.9,19,2026-01-15,Agent E
OPP01632,LEAD00922,CUST00677,Laptop,Negotiation,299791.12,59,2025-10-07,Agent D
OPP01633,LEAD01232,CUST01105,CRM License,Qualification,190578.08,23,2026-05-10,Agent D
OPP01634,LEAD01008,CUST01156,Support Package,Negotiation,164745.02,69,2025-01-18,Agent D
OPP01635,LEAD00869,CUST01426,Support Package,Qualification,238195.95,10,2025-04-21,Agent B
OPP01636,LEAD01913,CUST01028,AI Platform,Prospecting,28485.82,24,2026-04-16,Agent A
OPP01637,LEAD01757,CUST00028,Laptop,Proposal,244725.2,5,2026-08-07,Agent E
OPP01638,LEAD00760,CUST00332,AI Platform,Won,229930.07,67,2026-03-14,Agent B
OPP01639,LEAD01438,CUST01526,Analytics Suite,Negotiation,163567.04,74,2025-01-08,Agent B
OPP01640,LEAD01621,CUST01387,Support Package,Prospecting,16666.22,21,2025-01-31,Agent D
OPP01641,LEAD00221,CUST01303,Laptop,Proposal,68637.12,48,2026-06-08,Agent C
OPP01642,LEAD01184,CUST00882,Analytics Suite,Negotiation,117216.65,33,2025-10-25,Agent A
OPP01643,LEAD01600,CUST00550,Cloud Subscription,Prospecting,282954.45,9,2025-10-24,Agent D
OPP01644,LEAD00115,CUST00617,AI Platform,Qualification,195161.76,8,2026-07-28,Agent A
OPP01645,LEAD00676,CUST01378,AI Platform,Negotiation,157926.86,95,2025-05-28,Agent B
OPP01646,LEAD01596,CUST01009,Support Package,Qualification,151643.66,67,2025-06-19,Agent A
OPP01647,LEAD01872,CUST00262,Analytics Suite,Negotiation,236192.96,68,2026-02-13,Agent B
OPP01648,LEAD01985,CUST00799,CRM License,Proposal,103852.77,33,2026-06-23,Agent C
OPP01649,LEAD01207,CUST01649,AI Platform,Qualification,37412.19,30,2025-08-07,Agent D
OPP01650,LEAD00086,CUST01199,AI Platform,Won,206342.56,81,2025-04-01,Agent A
OPP01651,LEAD00056,CUST01733,Analytics Suite,Lost,105414.64,47,2025-02-03,Agent C
OPP01652,LEAD01623,CUST01018,CRM License,Qualification,104421.92,14,2025-01-04,Agent D
OPP01653,LEAD01469,CUST00971,Cloud Subscription,Negotiation,141867.42,51,2025-08-12,Agent E
OPP01654,LEAD00388,CUST01899,Analytics Suite,Won,80392.87,55,2025-11-13,Agent C
OPP01655,LEAD00262,CUST01015,AI Platform,Won,277293.73,59,2025-10-19,Agent B
OPP01656,LEAD00292,CUST00271,Analytics Suite,Won,255621.42,56,2025-05-23,Agent A
OPP01657,LEAD01755,CUST00805,Laptop,Qualification,297415.62,87,2026-02-08,Agent C
OPP01658,LEAD01530,CUST01296,Laptop,Proposal,289719.15,28,2026-06-09,Agent A
OPP01659,LEAD01897,CUST00691,Laptop,Won,101192.05,61,2025-05-19,Agent C
OPP01660,LEAD00228,CUST00821,Analytics Suite,Negotiation,120373.41,90,2026-02-06,Agent E
OPP01661,LEAD01391,CUST01746,Cloud Subscription,Qualification,212494.82,98,2025-11-21,Agent B
OPP01662,LEAD01848,CUST00871,Support Package,Won,14595.31,97,2026-02-14,Agent D
OPP01663,LEAD01066,CUST00610,AI Platform,Negotiation,298227.78,74,2025-01-09,Agent A
OPP01664,LEAD01549,CUST00216,AI Platform,Prospecting,13144.49,15,2026-02-06,Agent A
OPP01665,LEAD01205,CUST00806,Laptop,Proposal,164130.92,99,2026-03-22,Agent C
OPP01666,LEAD00015,CUST01534,Analytics Suite,Prospecting,203923.09,8,2026-02-09,Agent B
OPP01667,LEAD00858,CUST00600,Cloud Subscription,Proposal,275102.43,57,2026-05-16,Agent E
OPP01668,LEAD00523,CUST00942,Laptop,Won,196799.53,47,2026-08-11,Agent D
OPP01669,LEAD00168,CUST01314,Analytics Suite,Won,183120.95,70,2026-02-04,Agent A
OPP01670,LEAD01192,CUST01856,CRM License,Won,97104.2,80,2025-09-23,Agent A
OPP01671,LEAD01858,CUST01629,Cloud Subscription,Lost,181367.2,75,2026-05-13,Agent C
OPP01672,LEAD00108,CUST00573,Cloud Subscription,Proposal,227413.44,26,2026-02-19,Agent B
OPP01673,LEAD00659,CUST00329,Laptop,Proposal,159521.59,77,2025-11-29,Agent E
OPP01674,LEAD01340,CUST01342,AI Platform,Proposal,236094.24,77,2025-12-11,Agent D
OPP01675,LEAD00626,CUST00510,CRM License,Prospecting,30187.78,7,2025-07-29,Agent E
OPP01676,LEAD00234,CUST00785,Analytics Suite,Won,107259.46,66,2026-01-01,Agent A
OPP01677,LEAD00383,CUST00209,AI Platform,Prospecting,288346.04,17,2025-10-06,Agent A
OPP01678,LEAD00050,CUST01549,Laptop,Lost,103798.88,58,2025-03-20,Agent B
OPP01679,LEAD01985,CUST00321,AI Platform,Prospecting,190338.04,26,2025-09-20,Agent B
OPP01680,LEAD00983,CUST00762,CRM License,Won,160766.58,39,2026-07-21,Agent A
OPP01681,LEAD01886,CUST00814,Analytics Suite,Won,281620.96,31,2025-07-18,Agent B
OPP01682,LEAD01372,CUST00086,Cloud Subscription,Won,57203.84,87,2026-02-08,Agent D
OPP01683,LEAD00699,CUST01552,Laptop,Lost,96822.55,91,2025-09-05,Agent A
OPP01684,LEAD01885,CUST01238,AI Platform,Prospecting,260089.42,81,2025-06-20,Agent A
OPP01685,LEAD00521,CUST01084,Analytics Suite,Proposal,203198.74,74,2025-08-18,Agent C
OPP01686,LEAD00362,CUST00356,Analytics Suite,Won,167484.31,39,2026-07-26,Agent A
OPP01687,LEAD01611,CUST00107,Support Package,Qualification,124521.11,18,2025-03-08,Agent A
OPP01688,LEAD01107,CUST00112,Cloud Subscription,Qualification,129281.48,59,2026-02-03,Agent A
OPP01689,LEAD00846,CUST01251,Support Package,Negotiation,281127.58,45,2026-05-11,Agent A
OPP01690,LEAD01177,CUST01496,Cloud Subscription,Negotiation,204611.93,32,2025-04-21,Agent C
OPP01691,LEAD01936,CUST01591,Cloud Subscription,Negotiation,279438.53,28,2026-03-27,Agent C
OPP01692,LEAD00561,CUST01601,AI Platform,Won,291933.97,20,2026-01-15,Agent E
OPP01693,LEAD01803,CUST00787,Support Package,Proposal,168632.32,84,2025-07-21,Agent A
OPP01694,LEAD01822,CUST00003,AI Platform,Qualification,186867.79,35,2025-04-16,Agent D
OPP01695,LEAD01519,CUST00491,Cloud Subscription,Qualification,200345.83,93,2026-07-18,Agent A
OPP01696,LEAD00315,CUST01575,Support Package,Prospecting,253359.01,69,2025-04-28,Agent B
OPP01697,LEAD00180,CUST01528,Analytics Suite,Prospecting,201130.8,20,2026-07-20,Agent D
OPP01698,LEAD00241,CUST01016,Laptop,Negotiation,43247.75,11,2026-01-22,Agent E
OPP01699,LEAD01405,CUST00048,AI Platform,Lost,283304.73,44,2026-05-26,Agent C
OPP01700,LEAD00800,CUST01554,CRM License,Qualification,201670.96,12,2025-06-26,Agent C
OPP01701,LEAD01975,CUST01632,Cloud Subscription,Negotiation,262276.01,96,2025-01-18,Agent C
OPP01702,LEAD00013,CUST00454,Support Package,Lost,133173.95,92,2026-01-26,Agent E
OPP01703,LEAD00747,CUST01609,CRM License,Negotiation,147667.74,68,2025-08-10,Agent C
OPP01704,LEAD00529,CUST01280,Cloud Subscription,Lost,209768.34,33,2025-11-24,Agent C
OPP01705,LEAD01764,CUST01776,Cloud Subscription,Won,235157.16,88,2025-09-30,Agent C
OPP01706,LEAD00243,CUST01253,Support Package,Lost,32753.03,67,2025-07-11,Agent C
OPP01707,LEAD00817,CUST00179,AI Platform,Prospecting,128129.42,39,2026-03-05,Agent C
OPP01708,LEAD01734,CUST01294,AI Platform,Prospecting,233258.35,89,2025-10-26,Agent D
OPP01709,LEAD01943,CUST00216,Analytics Suite,Prospecting,297748.42,25,2026-01-14,Agent A
OPP01710,LEAD01833,CUST00518,Cloud Subscription,Lost,13376.31,59,2026-02-05,Agent B
OPP01711,LEAD01308,CUST01746,CRM License,Negotiation,86794.39,71,2026-02-09,Agent E
OPP01712,LEAD00326,CUST01937,CRM License,Lost,144806.09,92,2025-07-16,Agent A
OPP01713,LEAD00194,CUST00951,Analytics Suite,Won,74653.09,18,2026-04-03,Agent A
OPP01714,LEAD00823,CUST00583,Analytics Suite,Lost,17807.44,32,2025-05-11,Agent A
OPP01715,LEAD00959,CUST00785,Support Package,Won,166467.48,85,2026-07-20,Agent C
OPP01716,LEAD01029,CUST00485,AI Platform,Qualification,198325.6,52,2026-04-28,Agent C
OPP01717,LEAD00100,CUST01147,Support Package,Negotiation,130658.0,77,2025-11-25,Agent B
OPP01718,LEAD01351,CUST00843,AI Platform,Won,117264.64,79,2025-04-18,Agent E
OPP01719,LEAD00791,CUST00118,Cloud Subscription,Won,295827.06,34,2026-06-23,Agent C
OPP01720,LEAD00218,CUST01221,Analytics Suite,Proposal,148483.27,36,2025-11-27,Agent B
OPP01721,LEAD01831,CUST01288,Cloud Subscription,Won,241440.14,52,2026-05-01,Agent C
OPP01722,LEAD00714,CUST01335,AI Platform,Negotiation,93280.51,7,2025-01-17,Agent A
OPP01723,LEAD00465,CUST01891,CRM License,Proposal,250754.59,81,2025-07-21,Agent B
OPP01724,LEAD00985,CUST01409,Cloud Subscription,Proposal,248872.91,16,2025-06-28,Agent E
OPP01725,LEAD01902,CUST01352,CRM License,Won,87633.62,94,2026-04-30,Agent B
OPP01726,LEAD01650,CUST00424,Analytics Suite,Negotiation,200197.94,79,2025-10-04,Agent E
OPP01727,LEAD00200,CUST00930,Laptop,Negotiation,207784.34,38,2025-03-11,Agent C
OPP01728,LEAD01374,CUST00869,Analytics Suite,Negotiation,138358.5,11,2026-01-02,Agent E
OPP01729,LEAD01330,CUST01922,Analytics Suite,Qualification,234396.22,80,2025-04-05,Agent C
OPP01730,LEAD01772,CUST00949,Support Package,Lost,98996.73,48,2025-09-24,Agent C
OPP01731,LEAD01932,CUST01378,AI Platform,Won,150438.83,23,2026-08-15,Agent D
OPP01732,LEAD01492,CUST01082,Analytics Suite,Lost,297143.99,46,2025-09-16,Agent E
OPP01733,LEAD01309,CUST00114,AI Platform,Qualification,61815.94,91,2025-09-13,Agent C
OPP01734,LEAD00708,CUST01872,AI Platform,Won,52856.99,71,2025-01-24,Agent B
OPP01735,LEAD01799,CUST01341,AI Platform,Won,51237.62,70,2025-10-02,Agent B
OPP01736,LEAD01887,CUST00461,Analytics Suite,Lost,299451.69,54,2026-07-25,Agent D
OPP01737,LEAD01983,CUST00120,CRM License,Won,56374.85,19,2026-07-21,Agent B
OPP01738,LEAD01910,CUST01874,Laptop,Won,65169.38,96,2026-07-29,Agent D
OPP01739,LEAD01284,CUST00615,AI Platform,Proposal,211488.11,76,2025-08-04,Agent E
OPP01740,LEAD01913,CUST00035,Analytics Suite,Negotiation,230254.02,54,2025-02-08,Agent A
OPP01741,LEAD01565,CUST01232,Laptop,Proposal,162847.78,74,2025-05-22,Agent C
OPP01742,LEAD00481,CUST00033,Analytics Suite,Won,294974.04,39,2025-05-06,Agent E
OPP01743,LEAD00064,CUST00432,Laptop,Proposal,21283.58,76,2025-02-16,Agent E
OPP01744,LEAD01962,CUST01787,Analytics Suite,Won,190038.05,97,2026-02-27,Agent A
OPP01745,LEAD00855,CUST00077,Support Package,Qualification,185876.1,38,2025-11-08,Agent D
OPP01746,LEAD01747,CUST01505,CRM License,Lost,103160.99,5,2026-03-07,Agent C
OPP01747,LEAD00577,CUST01236,Analytics Suite,Proposal,270837.74,76,2025-04-30,Agent E
OPP01748,LEAD00722,CUST00612,Support Package,Prospecting,170335.69,86,2026-02-19,Agent B
OPP01749,LEAD01649,CUST00572,AI Platform,Qualification,81438.68,84,2025-02-08,Agent D
OPP01750,LEAD01051,CUST00950,Cloud Subscription,Negotiation,35623.97,98,2026-03-06,Agent C
OPP01751,LEAD01356,CUST01066,Laptop,Proposal,41064.48,38,2026-04-30,Agent C
OPP01752,LEAD00641,CUST01781,Support Package,Prospecting,270225.48,93,2025-06-01,Agent D
OPP01753,LEAD01229,CUST00523,Laptop,Negotiation,82589.54,24,2025-07-15,Agent D
OPP01754,LEAD00974,CUST01181,Laptop,Qualification,273031.54,61,2025-09-17,Agent A
OPP01755,LEAD01864,CUST01373,Cloud Subscription,Qualification,44834.19,90,2025-12-12,Agent D
OPP01756,LEAD00985,CUST00026,Analytics Suite,Qualification,295341.22,92,2025-11-12,Agent D
OPP01757,LEAD00178,CUST01792,Cloud Subscription,Won,251671.23,64,2025-03-04,Agent B
OPP01758,LEAD01474,CUST01984,Analytics Suite,Lost,43706.34,57,2025-08-14,Agent A
OPP01759,LEAD01908,CUST00174,CRM License,Negotiation,34956.39,49,2025-10-29,Agent E
OPP01760,LEAD01766,CUST00524,AI Platform,Proposal,242996.78,88,2026-01-01,Agent A
OPP01761,LEAD00202,CUST01573,Laptop,Negotiation,32639.21,89,2026-01-12,Agent E
OPP01762,LEAD01998,CUST01619,Cloud Subscription,Qualification,86032.49,27,2026-02-01,Agent C
OPP01763,LEAD00695,CUST00313,AI Platform,Won,242362.44,18,2025-09-26,Agent B
OPP01764,LEAD01668,CUST01835,Laptop,Qualification,273198.2,83,2025-10-27,Agent A
OPP01765,LEAD01261,CUST00659,Laptop,Qualification,232619.1,82,2025-07-21,Agent D
OPP01766,LEAD01947,CUST00588,Cloud Subscription,Proposal,268068.92,14,2025-06-11,Agent E
OPP01767,LEAD00683,CUST00715,CRM License,Negotiation,172367.61,52,2025-07-05,Agent B
OPP01768,LEAD01216,CUST01344,AI Platform,Proposal,236087.24,53,2025-09-19,Agent E
OPP01769,LEAD01366,CUST00413,Support Package,Won,109814.04,9,2025-03-07,Agent C
OPP01770,LEAD00309,CUST01086,Cloud Subscription,Won,237712.08,68,2025-05-11,Agent B
OPP01771,LEAD01551,CUST00151,Support Package,Prospecting,207124.86,98,2025-03-10,Agent A
OPP01772,LEAD00287,CUST00294,Laptop,Proposal,176700.72,25,2025-09-01,Agent D
OPP01773,LEAD01658,CUST01537,CRM License,Proposal,297767.38,79,2025-10-23,Agent C
OPP01774,LEAD00253,CUST00768,CRM License,Lost,146236.06,12,2025-04-08,Agent D
OPP01775,LEAD00359,CUST01588,CRM License,Negotiation,189581.7,25,2025-03-24,Agent C
OPP01776,LEAD00990,CUST01476,AI Platform,Qualification,157872.65,59,2025-11-10,Agent D
OPP01777,LEAD00365,CUST01994,AI Platform,Prospecting,85548.29,93,2025-05-14,Agent D
OPP01778,LEAD00154,CUST00276,Support Package,Prospecting,105805.99,90,2026-06-02,Agent B
OPP01779,LEAD00105,CUST01870,Cloud Subscription,Prospecting,293847.87,94,2025-04-09,Agent D
OPP01780,LEAD00573,CUST01784,Support Package,Lost,123712.03,99,2025-10-15,Agent E
OPP01781,LEAD00982,CUST00870,Laptop,Qualification,207027.82,81,2026-04-24,Agent E
OPP01782,LEAD00089,CUST00271,Cloud Subscription,Proposal,174458.21,39,2025-03-03,Agent E
OPP01783,LEAD00276,CUST00267,Laptop,Negotiation,268043.53,17,2025-09-26,Agent C
OPP01784,LEAD01224,CUST01022,CRM License,Negotiation,229730.12,83,2025-10-09,Agent B
OPP01785,LEAD00638,CUST00022,Laptop,Lost,33388.91,22,2025-11-26,Agent C
OPP01786,LEAD01516,CUST00192,Laptop,Prospecting,113078.14,54,2026-06-12,Agent C
OPP01787,LEAD01681,CUST01064,CRM License,Lost,216454.93,77,2025-12-14,Agent B
OPP01788,LEAD00061,CUST01127,Analytics Suite,Prospecting,56793.47,8,2025-08-13,Agent E
OPP01789,LEAD01898,CUST01722,Support Package,Prospecting,155997.36,92,2025-08-25,Agent E
OPP01790,LEAD01368,CUST01949,Analytics Suite,Won,102153.02,34,2026-01-07,Agent B
OPP01791,LEAD01645,CUST00536,Cloud Subscription,Proposal,28778.73,25,2025-06-27,Agent A
OPP01792,LEAD00957,CUST00661,CRM License,Proposal,299172.37,40,2026-02-13,Agent E
OPP01793,LEAD00002,CUST00398,AI Platform,Negotiation,279515.73,49,2025-08-16,Agent B
OPP01794,LEAD01771,CUST00450,AI Platform,Negotiation,226782.58,48,2025-02-05,Agent E
OPP01795,LEAD01137,CUST00878,Analytics Suite,Won,68297.49,19,2025-11-15,Agent B
OPP01796,LEAD00075,CUST01987,Cloud Subscription,Prospecting,296672.6,23,2025-05-30,Agent E
OPP01797,LEAD00334,CUST01788,Analytics Suite,Lost,192929.76,50,2025-08-02,Agent B
OPP01798,LEAD00413,CUST01827,Laptop,Proposal,290161.88,26,2025-07-12,Agent C
OPP01799,LEAD00752,CUST00904,Cloud Subscription,Lost,22347.88,66,2025-03-23,Agent A
OPP01800,LEAD00885,CUST01315,Analytics Suite,Won,60306.51,91,2025-06-22,Agent B
OPP01801,LEAD00856,CUST01446,CRM License,Qualification,206401.6,6,2026-06-29,Agent A
OPP01802,LEAD01737,CUST00487,Laptop,Won,273082.12,8,2025-07-10,Agent B
OPP01803,LEAD01886,CUST00926,Cloud Subscription,Won,60976.84,66,2026-03-13,Agent C
OPP01804,LEAD01358,CUST01101,AI Platform,Negotiation,101958.49,7,2025-09-01,Agent E
OPP01805,LEAD01268,CUST00746,Cloud Subscription,Proposal,180571.43,66,2025-02-09,Agent A
OPP01806,LEAD01729,CUST00947,Cloud Subscription,Qualification,299901.7,52,2026-05-15,Agent B
OPP01807,LEAD00536,CUST00882,Support Package,Prospecting,241902.88,48,2026-06-24,Agent C
OPP01808,LEAD01117,CUST00123,AI Platform,Won,277833.21,63,2025-05-21,Agent A
OPP01809,LEAD01286,CUST01537,CRM License,Negotiation,205753.64,90,2025-04-12,Agent E
OPP01810,LEAD00572,CUST01801,AI Platform,Won,264437.67,17,2026-07-09,Agent B
OPP01811,LEAD01904,CUST01509,Laptop,Negotiation,157043.06,17,2025-02-28,Agent A
OPP01812,LEAD00472,CUST01868,AI Platform,Lost,46006.0,71,2026-06-14,Agent A
OPP01813,LEAD00119,CUST00864,Laptop,Won,215771.65,9,2025-04-14,Agent E
OPP01814,LEAD00647,CUST00112,Cloud Subscription,Lost,184427.73,46,2026-06-01,Agent D
OPP01815,LEAD01632,CUST00536,Analytics Suite,Proposal,150751.52,52,2026-07-11,Agent C
OPP01816,LEAD00750,CUST01708,Support Package,Negotiation,89747.37,42,2025-05-24,Agent E
OPP01817,LEAD00434,CUST00279,Laptop,Negotiation,237418.87,56,2025-05-12,Agent B
OPP01818,LEAD01745,CUST01095,AI Platform,Negotiation,247918.92,15,2025-03-05,Agent A
OPP01819,LEAD00307,CUST00003,Analytics Suite,Won,115613.83,30,2026-04-15,Agent B
OPP01820,LEAD00318,CUST00648,AI Platform,Prospecting,279052.3,5,2025-07-28,Agent A
OPP01821,LEAD01798,CUST00227,Laptop,Proposal,117225.09,97,2026-01-19,Agent E
OPP01822,LEAD00643,CUST00227,AI Platform,Won,41193.12,84,2026-01-02,Agent B
OPP01823,LEAD00004,CUST00330,Support Package,Prospecting,58293.23,29,2025-11-05,Agent B
OPP01824,LEAD00868,CUST01077,AI Platform,Negotiation,153409.49,8,2025-05-25,Agent A
OPP01825,LEAD01483,CUST01380,CRM License,Won,33160.27,30,2025-08-06,Agent A
OPP01826,LEAD01515,CUST00577,Cloud Subscription,Proposal,218339.64,96,2025-10-26,Agent C
OPP01827,LEAD00175,CUST01636,CRM License,Prospecting,240577.8,82,2025-02-25,Agent D
OPP01828,LEAD00563,CUST00784,Cloud Subscription,Negotiation,169345.82,68,2025-08-29,Agent E
OPP01829,LEAD01236,CUST01474,Laptop,Lost,269071.05,93,2026-02-28,Agent C
OPP01830,LEAD01321,CUST01060,Support Package,Negotiation,286743.08,21,2025-09-09,Agent E
OPP01831,LEAD01242,CUST01447,CRM License,Lost,139798.52,56,2025-08-24,Agent A
OPP01832,LEAD00676,CUST01958,CRM License,Proposal,35846.88,81,2026-05-16,Agent A
OPP01833,LEAD01726,CUST01989,Laptop,Lost,77066.59,6,2025-11-15,Agent B
OPP01834,LEAD00157,CUST01175,Support Package,Negotiation,200708.65,46,2026-03-16,Agent E
OPP01835,LEAD01646,CUST01926,Laptop,Prospecting,127677.47,39,2025-01-31,Agent D
OPP01836,LEAD01880,CUST01403,Laptop,Won,208652.72,21,2026-07-08,Agent A
OPP01837,LEAD01371,CUST00538,CRM License,Qualification,203353.2,26,2026-04-08,Agent B
OPP01838,LEAD00860,CUST01871,AI Platform,Lost,185556.76,97,2026-05-08,Agent C
OPP01839,LEAD00762,CUST00291,Analytics Suite,Negotiation,55771.44,54,2026-02-17,Agent E
OPP01840,LEAD00872,CUST00937,Cloud Subscription,Won,92915.44,12,2025-11-17,Agent C
OPP01841,LEAD00333,CUST00307,Cloud Subscription,Proposal,119579.87,70,2025-11-12,Agent D
OPP01842,LEAD00445,CUST01569,Support Package,Lost,249081.22,61,2026-01-08,Agent B
OPP01843,LEAD01272,CUST01792,Laptop,Prospecting,207844.62,42,2025-10-23,Agent D
OPP01844,LEAD01101,CUST01638,Laptop,Won,197030.94,43,2026-03-11,Agent A
OPP01845,LEAD00994,CUST00205,Laptop,Qualification,204919.83,56,2025-07-20,Agent D
OPP01846,LEAD00950,CUST00542,AI Platform,Won,155928.6,94,2026-04-04,Agent C
OPP01847,LEAD00156,CUST00681,AI Platform,Qualification,21493.2,77,2025-07-24,Agent A
OPP01848,LEAD01736,CUST00232,AI Platform,Negotiation,68325.0,43,2025-10-11,Agent B
OPP01849,LEAD01912,CUST01061,CRM License,Negotiation,50687.63,28,2025-02-10,Agent E
OPP01850,LEAD00491,CUST00069,Laptop,Won,28559.03,15,2026-06-21,Agent C
OPP01851,LEAD00629,CUST01227,Support Package,Negotiation,102648.23,23,2026-02-14,Agent C
OPP01852,LEAD01261,CUST01150,Cloud Subscription,Lost,238441.76,18,2025-05-29,Agent B
OPP01853,LEAD00005,CUST01192,Laptop,Negotiation,43388.22,82,2025-01-27,Agent B
OPP01854,LEAD00205,CUST01826,Laptop,Prospecting,42312.53,60,2026-05-23,Agent A
OPP01855,LEAD01804,CUST01573,AI Platform,Won,46036.57,8,2025-01-01,Agent C
OPP01856,LEAD00346,CUST00520,Laptop,Proposal,88248.29,93,2025-10-15,Agent E
OPP01857,LEAD01155,CUST01144,Analytics Suite,Prospecting,68640.07,19,2025-01-19,Agent C
OPP01858,LEAD01765,CUST01605,Analytics Suite,Won,14048.72,66,2026-02-18,Agent D
OPP01859,LEAD01467,CUST01703,Laptop,Lost,90185.67,6,2025-05-02,Agent E
OPP01860,LEAD00544,CUST01287,Analytics Suite,Qualification,298925.39,61,2025-09-12,Agent B
OPP01861,LEAD00306,CUST00170,Cloud Subscription,Prospecting,107581.07,58,2025-12-06,Agent D
OPP01862,LEAD01436,CUST00870,CRM License,Lost,71265.12,92,2025-08-09,Agent A
OPP01863,LEAD00810,CUST01718,Analytics Suite,Proposal,153757.04,62,2026-02-10,Agent A
OPP01864,LEAD01936,CUST00148,Support Package,Negotiation,76516.85,51,2025-10-30,Agent D
OPP01865,LEAD01291,CUST01181,AI Platform,Won,172297.11,55,2025-09-08,Agent B
OPP01866,LEAD00023,CUST01082,AI Platform,Lost,126190.2,65,2025-07-12,Agent B
OPP01867,LEAD00502,CUST00446,AI Platform,Lost,270083.98,44,2025-09-01,Agent A
OPP01868,LEAD01489,CUST00689,Analytics Suite,Proposal,279096.59,73,2025-07-11,Agent C
OPP01869,LEAD01403,CUST01956,Support Package,Qualification,216787.76,55,2025-12-10,Agent C
OPP01870,LEAD01484,CUST01192,Support Package,Lost,72551.33,98,2026-04-01,Agent D
OPP01871,LEAD00468,CUST01880,Cloud Subscription,Proposal,147430.58,23,2025-12-22,Agent D
OPP01872,LEAD00499,CUST00943,Support Package,Prospecting,98572.72,75,2025-01-20,Agent C
OPP01873,LEAD00419,CUST01692,Cloud Subscription,Negotiation,241500.47,84,2026-05-19,Agent E
OPP01874,LEAD01392,CUST01240,AI Platform,Prospecting,18460.49,73,2026-04-14,Agent D
OPP01875,LEAD00024,CUST01824,Laptop,Negotiation,202122.59,99,2026-05-04,Agent B
OPP01876,LEAD01629,CUST00654,AI Platform,Qualification,103735.78,46,2025-01-30,Agent D
OPP01877,LEAD00564,CUST00765,Analytics Suite,Lost,149491.33,56,2026-05-06,Agent A
OPP01878,LEAD00977,CUST00081,AI Platform,Won,103668.54,19,2025-10-06,Agent B
OPP01879,LEAD00494,CUST00456,Support Package,Qualification,115789.11,40,2026-05-19,Agent D
OPP01880,LEAD00851,CUST00278,Cloud Subscription,Proposal,205565.17,20,2026-04-11,Agent E
OPP01881,LEAD01529,CUST00366,CRM License,Negotiation,182693.36,81,2026-06-09,Agent C
OPP01882,LEAD00397,CUST00617,Analytics Suite,Won,80785.88,80,2025-03-14,Agent A
OPP01883,LEAD01140,CUST01748,CRM License,Prospecting,22654.91,23,2025-11-27,Agent C
OPP01884,LEAD00115,CUST00758,Cloud Subscription,Lost,258246.32,82,2026-03-11,Agent B
OPP01885,LEAD00356,CUST01654,Cloud Subscription,Proposal,152768.94,35,2025-12-21,Agent E
OPP01886,LEAD01369,CUST01630,CRM License,Proposal,189431.77,75,2026-04-29,Agent A
OPP01887,LEAD01137,CUST01962,AI Platform,Prospecting,151664.79,95,2026-03-10,Agent B
OPP01888,LEAD01223,CUST01018,Support Package,Negotiation,189492.66,84,2025-01-22,Agent A
OPP01889,LEAD00451,CUST01697,Laptop,Won,191822.02,22,2025-04-29,Agent A
OPP01890,LEAD00413,CUST00839,Analytics Suite,Prospecting,14361.76,22,2026-01-14,Agent C
OPP01891,LEAD00852,CUST01265,CRM License,Negotiation,164645.14,15,2025-08-03,Agent E
OPP01892,LEAD00259,CUST01622,AI Platform,Won,155611.31,85,2025-08-01,Agent B
OPP01893,LEAD01777,CUST00285,Support Package,Negotiation,37787.08,57,2026-06-28,Agent C
OPP01894,LEAD00536,CUST00116,Support Package,Won,226305.74,19,2025-02-23,Agent D
OPP01895,LEAD01439,CUST00330,Cloud Subscription,Proposal,78399.22,61,2025-11-08,Agent B
OPP01896,LEAD00314,CUST01443,CRM License,Won,25812.35,55,2025-07-05,Agent A
OPP01897,LEAD01303,CUST00948,CRM License,Won,242916.1,62,2025-01-31,Agent A
OPP01898,LEAD00408,CUST00561,Cloud Subscription,Qualification,260888.21,65,2025-08-12,Agent C
OPP01899,LEAD00563,CUST01536,Cloud Subscription,Negotiation,79801.48,20,2025-08-30,Agent D
OPP01900,LEAD00825,CUST00031,Laptop,Proposal,209388.2,42,2025-09-29,Agent E
OPP01901,LEAD00250,CUST00347,Analytics Suite,Proposal,11435.7,74,2025-04-06,Agent A
OPP01902,LEAD00250,CUST00940,Support Package,Qualification,219133.49,92,2026-03-10,Agent A
OPP01903,LEAD01506,CUST01832,Analytics Suite,Won,144797.93,28,2025-08-01,Agent C
OPP01904,LEAD00692,CUST01498,Support Package,Won,239820.1,59,2025-12-08,Agent C
OPP01905,LEAD01136,CUST01368,CRM License,Won,123979.85,96,2025-11-21,Agent A
OPP01906,LEAD01294,CUST01422,Laptop,Won,111811.96,62,2025-12-03,Agent A
OPP01907,LEAD01246,CUST00625,Laptop,Negotiation,253827.61,26,2025-10-29,Agent B
OPP01908,LEAD01255,CUST00896,Laptop,Qualification,21207.54,61,2025-06-29,Agent A
OPP01909,LEAD01951,CUST01772,CRM License,Lost,64277.85,6,2025-10-20,Agent B
OPP01910,LEAD01262,CUST01460,CRM License,Qualification,129517.37,51,2025-11-13,Agent C
OPP01911,LEAD00697,CUST01198,Laptop,Proposal,182938.07,59,2025-01-11,Agent A
OPP01912,LEAD00570,CUST00166,CRM License,Won,11482.63,10,2026-03-08,Agent B
OPP01913,LEAD01602,CUST01467,Cloud Subscription,Prospecting,176792.83,24,2025-09-23,Agent A
OPP01914,LEAD00844,CUST00732,CRM License,Prospecting,119762.84,99,2025-06-24,Agent E
OPP01915,LEAD01118,CUST00771,CRM License,Negotiation,192700.59,65,2025-01-18,Agent A
OPP01916,LEAD01630,CUST01348,Support Package,Negotiation,273022.41,49,2025-07-01,Agent B
OPP01917,LEAD00471,CUST00788,Analytics Suite,Qualification,137852.88,27,2025-08-30,Agent A
OPP01918,LEAD00445,CUST01146,Support Package,Negotiation,170827.81,16,2026-05-14,Agent C
OPP01919,LEAD00106,CUST00026,Support Package,Qualification,144209.08,46,2026-01-21,Agent D
OPP01920,LEAD00145,CUST00371,Laptop,Won,44371.38,57,2025-09-07,Agent A
OPP01921,LEAD01233,CUST01076,AI Platform,Lost,240002.77,22,2025-03-17,Agent D
OPP01922,LEAD01008,CUST01916,Support Package,Prospecting,266706.76,81,2025-06-13,Agent E
OPP01923,LEAD00596,CUST01522,Cloud Subscription,Proposal,245325.31,46,2026-07-01,Agent C
OPP01924,LEAD00424,CUST00836,AI Platform,Negotiation,284803.01,10,2025-03-18,Agent D
OPP01925,LEAD01391,CUST01938,Analytics Suite,Won,145728.27,18,2026-01-11,Agent A
OPP01926,LEAD00171,CUST00551,Cloud Subscription,Proposal,199173.31,87,2025-11-05,Agent E
OPP01927,LEAD01402,CUST01785,Support Package,Won,58819.07,37,2025-05-10,Agent E
OPP01928,LEAD01810,CUST00807,Laptop,Lost,293274.36,40,2026-06-05,Agent D
OPP01929,LEAD00911,CUST00174,CRM License,Won,178360.67,24,2025-08-23,Agent B
OPP01930,LEAD00990,CUST00005,CRM License,Lost,85882.3,82,2026-01-30,Agent D
OPP01931,LEAD01073,CUST01962,CRM License,Qualification,243558.54,83,2025-02-27,Agent B
OPP01932,LEAD00191,CUST01285,Analytics Suite,Won,180082.42,28,2026-07-30,Agent E
OPP01933,LEAD01254,CUST00299,CRM License,Lost,285405.74,75,2025-01-14,Agent C
OPP01934,LEAD00731,CUST01984,Laptop,Negotiation,233293.44,48,2025-07-04,Agent B
OPP01935,LEAD00938,CUST00083,Analytics Suite,Won,264406.8,21,2026-06-30,Agent B
OPP01936,LEAD00046,CUST00670,Cloud Subscription,Qualification,168528.5,81,2026-01-16,Agent C
OPP01937,LEAD01755,CUST01498,CRM License,Prospecting,160019.44,12,2026-02-07,Agent A
OPP01938,LEAD00667,CUST00107,Laptop,Negotiation,229624.68,88,2025-07-07,Agent A
OPP01939,LEAD00152,CUST01812,CRM License,Won,40454.05,7,2026-04-10,Agent A
OPP01940,LEAD01565,CUST01357,Analytics Suite,Won,25669.16,36,2026-07-10,Agent E
OPP01941,LEAD01960,CUST01900,AI Platform,Negotiation,295273.65,26,2026-01-06,Agent A
OPP01942,LEAD01040,CUST01675,Analytics Suite,Proposal,275725.7,27,2025-05-11,Agent C
OPP01943,LEAD00067,CUST01650,CRM License,Proposal,287141.67,51,2026-06-25,Agent E
OPP01944,LEAD01984,CUST00456,Laptop,Proposal,28085.58,77,2025-01-03,Agent B
OPP01945,LEAD00417,CUST00410,Analytics Suite,Qualification,88097.41,43,2026-06-18,Agent C
OPP01946,LEAD00481,CUST00485,CRM License,Proposal,271447.29,54,2025-01-06,Agent E
OPP01947,LEAD01417,CUST00309,CRM License,Won,35949.08,98,2025-02-04,Agent B
OPP01948,LEAD00664,CUST01329,Laptop,Won,140916.01,52,2025-01-26,Agent B
OPP01949,LEAD00170,CUST00118,Cloud Subscription,Won,108974.49,81,2025-04-23,Agent D
OPP01950,LEAD01366,CUST00857,Analytics Suite,Lost,265156.64,41,2026-03-10,Agent C
OPP01951,LEAD00525,CUST01164,Analytics Suite,Negotiation,160242.08,12,2025-08-24,Agent C
OPP01952,LEAD01724,CUST01078,Cloud Subscription,Prospecting,94208.51,29,2025-02-17,Agent C
OPP01953,LEAD00308,CUST00975,Support Package,Proposal,162047.34,20,2025-07-23,Agent B
OPP01954,LEAD01813,CUST00447,Support Package,Won,42609.4,92,2026-08-18,Agent C
OPP01955,LEAD01448,CUST00219,AI Platform,Won,222048.79,7,2025-11-10,Agent D
OPP01956,LEAD00479,CUST01977,CRM License,Negotiation,189317.89,83,2026-03-11,Agent C
OPP01957,LEAD01158,CUST00930,Support Package,Proposal,184205.55,18,2025-06-08,Agent A
OPP01958,LEAD01877,CUST01190,Cloud Subscription,Prospecting,136974.86,19,2025-11-07,Agent E
OPP01959,LEAD00129,CUST01135,Cloud Subscription,Qualification,95330.8,55,2026-04-21,Agent E
OPP01960,LEAD01640,CUST00738,Cloud Subscription,Prospecting,28960.39,12,2026-02-06,Agent A
OPP01961,LEAD00921,CUST01446,CRM License,Won,284639.43,12,2025-01-05,Agent C
OPP01962,LEAD01899,CUST00753,CRM License,Prospecting,130800.64,79,2025-12-28,Agent E
OPP01963,LEAD00418,CUST00829,AI Platform,Qualification,153817.29,10,2026-04-17,Agent B
OPP01964,LEAD01439,CUST01607,CRM License,Proposal,118972.36,62,2025-03-22,Agent D
OPP01965,LEAD01936,CUST00637,Support Package,Qualification,296484.43,16,2025-08-23,Agent A
OPP01966,LEAD00688,CUST01399,Analytics Suite,Lost,240889.88,13,2026-01-20,Agent B
OPP01967,LEAD00216,CUST01332,Cloud Subscription,Qualification,37770.47,69,2025-01-04,Agent C
OPP01968,LEAD00785,CUST00062,AI Platform,Negotiation,186370.77,42,2026-02-28,Agent C
OPP01969,LEAD01197,CUST01369,Support Package,Negotiation,150544.03,6,2026-05-20,Agent A
OPP01970,LEAD01261,CUST01603,CRM License,Prospecting,240072.09,70,2025-11-10,Agent B
OPP01971,LEAD00964,CUST00541,AI Platform,Proposal,299221.64,98,2025-09-24,Agent A
OPP01972,LEAD01866,CUST01829,Support Package,Negotiation,225848.95,58,2025-02-24,Agent A
OPP01973,LEAD01157,CUST00040,AI Platform,Prospecting,260829.36,41,2026-03-08,Agent D
OPP01974,LEAD01282,CUST00360,Support Package,Won,155764.3,86,2026-07-17,Agent C
OPP01975,LEAD01913,CUST01892,Analytics Suite,Proposal,118343.42,37,2026-06-08,Agent B
OPP01976,LEAD01879,CUST01712,CRM License,Negotiation,196551.11,63,2025-11-24,Agent A
OPP01977,LEAD00683,CUST01511,Analytics Suite,Proposal,227331.34,50,2025-01-21,Agent E
OPP01978,LEAD00573,CUST01208,Support Package,Won,75984.84,74,2025-06-20,Agent D
OPP01979,LEAD01498,CUST00403,CRM License,Qualification,155982.37,54,2025-06-06,Agent A
OPP01980,LEAD01051,CUST00979,Laptop,Proposal,42999.39,51,2025-01-05,Agent D
OPP01981,LEAD00895,CUST01132,Support Package,Qualification,72742.32,45,2025-03-12,Agent A
OPP01982,LEAD01397,CUST00180,Analytics Suite,Won,265739.08,33,2025-12-09,Agent B
OPP01983,LEAD01322,CUST01190,AI Platform,Won,51972.27,51,2025-02-28,Agent E
OPP01984,LEAD01828,CUST00179,Laptop,Qualification,245290.99,10,2025-01-24,Agent B
OPP01985,LEAD00732,CUST00252,Cloud Subscription,Prospecting,118052.77,37,2026-07-18,Agent C
OPP01986,LEAD01509,CUST00341,Analytics Suite,Qualification,202421.2,12,2025-12-27,Agent D
OPP01987,LEAD00455,CUST00384,CRM License,Prospecting,273994.65,35,2026-04-26,Agent A
OPP01988,LEAD01875,CUST00165,Cloud Subscription,Prospecting,236460.62,38,2025-05-29,Agent E
OPP01989,LEAD00168,CUST01914,Laptop,Lost,249522.92,7,2025-08-06,Agent C
OPP01990,LEAD01501,CUST01606,Cloud Subscription,Won,85733.23,33,2025-12-30,Agent B
OPP01991,LEAD00204,CUST01017,CRM License,Qualification,114885.64,69,2026-02-14,Agent E
OPP01992,LEAD01761,CUST00738,Analytics Suite,Qualification,222509.69,98,2025-08-08,Agent E
OPP01993,LEAD01919,CUST00383,Cloud Subscription,Negotiation,235398.03,64,2026-07-02,Agent A
OPP01994,LEAD01636,CUST01899,Analytics Suite,Qualification,239115.16,73,2026-02-24,Agent E
OPP01995,LEAD01577,CUST01596,CRM License,Prospecting,224631.31,69,2025-05-12,Agent D
OPP01996,LEAD00957,CUST01504,Support Package,Prospecting,77170.56,95,2025-02-28,Agent B
OPP01997,LEAD00490,CUST00942,Laptop,Qualification,93835.13,95,2025-01-09,Agent E
OPP01998,LEAD01972,CUST00055,Support Package,Qualification,283191.89,15,2026-05-19,Agent E
OPP01999,LEAD01059,CUST01277,AI Platform,Won,170619.51,50,2026-05-07,Agent E
OPP02000,LEAD01634,CUST00976,Analytics Suite,Negotiation,228790.62,92,2026-03-07,Agent D
