deal_id,opportunity_id,customer_id,product,deal_stage,engage_date,close_date,close_value,sales_agent
DEAL00001,OPP01631,CUST01186,Laptop,Proposal,2025-05-11,2025-10-29,232228.0,Agent A
DEAL00002,OPP01379,CUST00828,Cloud Subscription,Won,2026-01-21,2026-09-01,82395.77,Agent C
DEAL00003,OPP00484,CUST01280,AI Platform,Proposal,2025-02-03,2025-06-29,71078.74,Agent C
DEAL00004,OPP00332,CUST01869,Analytics Suite,Won,2026-08-14,2026-12-10,342491.4,Agent C
DEAL00005,OPP01237,CUST00053,Laptop,Proposal,2026-07-16,2026-12-26,48654.09,Agent D
DEAL00006,OPP00011,CUST01803,AI Platform,Lost,2026-04-27,2026-11-04,349798.92,Agent E
DEAL00007,OPP00303,CUST00737,Laptop,Lost,2026-08-01,2027-01-01,254792.1,Agent E
DEAL00008,OPP00879,CUST01657,AI Platform,Lost,2025-05-17,2025-08-06,223969.56,Agent C
DEAL00009,OPP01982,CUST00216,AI Platform,Proposal,2026-06-10,2027-01-10,125526.39,Agent A
DEAL00010,OPP00153,CUST01783,Support Package,Qualification,2025-06-03,2025-11-20,305053.05,Agent A
DEAL00011,OPP01058,CUST00897,Support Package,Lost,2025-03-14,2025-10-11,319420.95,Agent B
DEAL00012,OPP01125,CUST01834,Analytics Suite,Prospecting,2025-06-06,2025-10-20,255440.56,Agent D
DEAL00013,OPP00504,CUST00856,Cloud Subscription,Negotiation,2026-04-07,2026-07-27,251362.12,Agent E
DEAL00014,OPP01041,CUST01493,Laptop,Negotiation,2026-07-17,2027-02-05,177672.58,Agent B
DEAL00015,OPP01269,CUST01193,Analytics Suite,Qualification,2025-12-31,2026-05-29,36463.85,Agent B
DEAL00016,OPP00275,CUST00401,AI Platform,Prospecting,2025-05-27,2025-11-30,349669.87,Agent A
DEAL00017,OPP01909,CUST00499,Cloud Subscription,Prospecting,2025-12-25,2026-07-27,15288.83,Agent C
DEAL00018,OPP00492,CUST01078,Analytics Suite,Prospecting,2025-10-31,2026-01-12,178435.12,Agent B
DEAL00019,OPP00738,CUST00974,Laptop,Won,2025-11-05,2025-12-26,134825.67,Agent B
DEAL00020,OPP00049,CUST01232,CRM License,Prospecting,2025-07-28,2025-09-07,273885.0,Agent B
DEAL00021,OPP01188,CUST01614,Support Package,Qualification,2025-03-24,2025-08-17,260165.32,Agent B
DEAL00022,OPP01188,CUST01547,Laptop,Prospecting,2025-08-04,2026-02-15,223536.9,Agent D
DEAL00023,OPP00233,CUST00118,CRM License,Won,2026-06-15,2027-02-04,35411.1,Agent B
DEAL00024,OPP00586,CUST00991,AI Platform,Prospecting,2025-09-01,2025-09-15,90528.81,Agent A
DEAL00025,OPP01534,CUST00297,Analytics Suite,Proposal,2025-01-13,2025-01-20,42013.87,Agent A
DEAL00026,OPP01426,CUST01026,Analytics Suite,Won,2025-07-25,2026-01-06,342851.96,Agent B
DEAL00027,OPP00615,CUST01072,Cloud Subscription,Qualification,2025-10-02,2025-12-10,53446.18,Agent E
DEAL00028,OPP01260,CUST01992,CRM License,Prospecting,2025-12-24,2026-04-20,338845.53,Agent B
DEAL00029,OPP01495,CUST00777,Laptop,Qualification,2026-01-18,2026-02-12,48322.14,Agent E
DEAL00030,OPP00748,CUST00905,AI Platform,Lost,2025-09-11,2025-10-05,303158.32,Agent C
DEAL00031,OPP00352,CUST01023,Laptop,Negotiation,2025-03-27,2025-08-04,205374.26,Agent C
DEAL00032,OPP00044,CUST00261,AI Platform,Prospecting,2025-09-20,2026-03-06,292786.72,Agent B
DEAL00033,OPP01910,CUST00120,Cloud Subscription,Negotiation,2025-01-02,2025-08-03,225571.55,Agent E
DEAL00034,OPP00641,CUST01420,Analytics Suite,Negotiation,2025-10-29,2026-02-25,271404.64,Agent A
DEAL00035,OPP01613,CUST00602,Cloud Subscription,Won,2025-09-23,2026-02-27,258475.94,Agent A
DEAL00036,OPP00650,CUST00726,Laptop,Proposal,2025-08-01,2026-02-24,98463.57,Agent B
DEAL00037,OPP01425,CUST01985,CRM License,Qualification,2026-01-30,2026-05-17,327916.42,Agent A
DEAL00038,OPP00666,CUST00498,CRM License,Qualification,2026-03-26,2026-05-20,228839.68,Agent C
DEAL00039,OPP01215,CUST01809,CRM License,Prospecting,2025-06-07,2025-12-23,78708.6,Agent E
DEAL00040,OPP01907,CUST01257,Cloud Subscription,Prospecting,2025-10-28,2025-11-04,114054.29,Agent E
DEAL00041,OPP01508,CUST00531,Support Package,Proposal,2025-10-31,2026-01-10,191237.34,Agent D
DEAL00042,OPP00330,CUST01909,AI Platform,Negotiation,2025-10-31,2025-12-07,309821.09,Agent D
DEAL00043,OPP01048,CUST01245,CRM License,Won,2025-08-29,2026-02-01,280896.06,Agent E
DEAL00044,OPP00541,CUST00626,CRM License,Won,2025-05-06,2025-07-14,112696.32,Agent E
DEAL00045,OPP00439,CUST00903,CRM License,Lost,2025-04-13,2025-07-09,244085.35,Agent D
DEAL00046,OPP01665,CUST00745,Analytics Suite,Lost,2025-01-19,2025-06-26,10563.32,Agent E
DEAL00047,OPP01966,CUST01691,CRM License,Negotiation,2025-02-01,2025-04-18,123097.96,Agent C
DEAL00048,OPP01851,CUST00931,Laptop,Prospecting,2026-04-28,2026-07-28,295462.38,Agent E
DEAL00049,OPP01679,CUST00074,AI Platform,Qualification,2025-02-11,2025-06-14,61408.41,Agent D
DEAL00050,OPP00937,CUST01376,Support Package,Proposal,2026-05-25,2026-06-28,130154.39,Agent E
DEAL00051,OPP01053,CUST01514,CRM License,Proposal,2026-06-19,2027-01-29,10354.73,Agent B
DEAL00052,OPP01081,CUST00792,Analytics Suite,Negotiation,2025-05-24,2026-01-14,17865.13,Agent A
DEAL00053,OPP01473,CUST01844,CRM License,Lost,2025-09-22,2026-03-14,59646.46,Agent B
DEAL00054,OPP00106,CUST00851,CRM License,Prospecting,2025-08-03,2025-09-04,44633.44,Agent D
DEAL00055,OPP01654,CUST00529,Cloud Subscription,Qualification,2025-08-23,2025-12-18,176507.98,Agent C
DEAL00056,OPP01617,CUST01402,AI Platform,Won,2025-08-02,2025-10-30,316001.48,Agent D
DEAL00057,OPP01991,CUST00256,Support Package,Lost,2025-07-24,2025-09-07,38778.18,Agent A
DEAL00058,OPP01190,CUST01971,Laptop,Won,2026-02-12,2026-09-11,305744.54,Agent D
DEAL00059,OPP00915,CUST01367,AI Platform,Qualification,2025-09-03,2025-12-15,237173.67,Agent E
DEAL00060,OPP00959,CUST00634,CRM License,Lost,2025-04-22,2025-09-28,67424.26,Agent A
DEAL00061,OPP01241,CUST00164,Support Package,Prospecting,2025-08-14,2026-01-29,108510.41,Agent D
DEAL00062,OPP00606,CUST01171,Laptop,Proposal,2026-08-07,2026-10-27,76022.38,Agent E
DEAL00063,OPP01554,CUST01174,Cloud Subscription,Proposal,2026-08-12,2026-11-08,278361.48,Agent C
DEAL00064,OPP00888,CUST01589,AI Platform,Proposal,2025-02-06,2025-09-27,256534.12,Agent D
DEAL00065,OPP00564,CUST00568,Analytics Suite,Won,2025-12-10,2026-06-27,113499.18,Agent B
DEAL00066,OPP01471,CUST00425,AI Platform,Qualification,2026-08-04,2026-12-05,28473.67,Agent A
DEAL00067,OPP00674,CUST00826,CRM License,Negotiation,2025-04-26,2025-09-04,67371.86,Agent C
DEAL00068,OPP00162,CUST01637,Cloud Subscription,Negotiation,2025-02-10,2025-02-18,224157.96,Agent E
DEAL00069,OPP01045,CUST01817,Laptop,Negotiation,2025-05-07,2025-06-30,40726.75,Agent E
DEAL00070,OPP01014,CUST00710,Cloud Subscription,Negotiation,2025-07-09,2025-07-17,192398.27,Agent D
DEAL00071,OPP00583,CUST00096,Support Package,Proposal,2026-07-12,2027-01-22,218395.86,Agent A
DEAL00072,OPP00070,CUST00223,AI Platform,Prospecting,2025-05-30,2026-01-11,243836.23,Agent D
DEAL00073,OPP00952,CUST01089,AI Platform,Qualification,2025-07-17,2025-08-30,52620.95,Agent B
DEAL00074,OPP01545,CUST00050,Support Package,Negotiation,2025-06-04,2025-08-15,166300.0,Agent B
DEAL00075,OPP01603,CUST01448,Cloud Subscription,Won,2025-08-22,2025-11-19,167554.85,Agent B
DEAL00076,OPP00423,CUST00067,Analytics Suite,Qualification,2026-08-16,2027-02-28,293996.08,Agent B
DEAL00077,OPP00861,CUST00848,Support Package,Negotiation,2025-02-19,2025-05-31,169363.78,Agent A
DEAL00078,OPP01807,CUST01596,Cloud Subscription,Qualification,2025-10-01,2025-10-18,148310.56,Agent A
DEAL00079,OPP00690,CUST00936,Laptop,Won,2026-01-01,2026-05-24,51976.55,Agent E
DEAL00080,OPP00953,CUST01350,AI Platform,Qualification,2025-03-13,2025-04-23,246117.88,Agent A
DEAL00081,OPP01360,CUST00668,Cloud Subscription,Won,2025-01-27,2025-07-03,220728.42,Agent D
DEAL00082,OPP00915,CUST01587,Laptop,Negotiation,2026-08-09,2027-03-03,253762.95,Agent A
DEAL00083,OPP01683,CUST00854,Analytics Suite,Negotiation,2025-06-10,2025-07-02,233136.31,Agent B
DEAL00084,OPP00721,CUST01506,Analytics Suite,Qualification,2025-05-25,2026-01-18,307596.5,Agent D
DEAL00085,OPP00985,CUST01905,AI Platform,Qualification,2025-07-27,2026-01-04,308297.68,Agent C
DEAL00086,OPP01033,CUST00762,AI Platform,Qualification,2025-02-13,2025-03-04,114612.31,Agent C
DEAL00087,OPP01489,CUST00464,AI Platform,Won,2025-03-29,2025-05-26,72020.1,Agent B
DEAL00088,OPP00677,CUST01867,Support Package,Proposal,2025-01-15,2025-03-02,325002.35,Agent B
DEAL00089,OPP00551,CUST01362,Support Package,Prospecting,2025-11-15,2026-06-15,252433.57,Agent A
DEAL00090,OPP00720,CUST01756,CRM License,Prospecting,2025-10-04,2026-03-28,340132.32,Agent A
DEAL00091,OPP00465,CUST00757,Cloud Subscription,Prospecting,2025-06-13,2025-09-14,178964.94,Agent E
DEAL00092,OPP00392,CUST00697,CRM License,Prospecting,2026-07-02,2026-11-09,337162.74,Agent D
DEAL00093,OPP01639,CUST00249,Laptop,Prospecting,2025-07-01,2025-09-27,51724.39,Agent D
DEAL00094,OPP00691,CUST01546,Support Package,Proposal,2025-01-11,2025-04-22,210723.95,Agent C
DEAL00095,OPP00541,CUST01689,Laptop,Prospecting,2025-03-01,2025-08-03,178890.0,Agent E
DEAL00096,OPP01624,CUST01640,CRM License,Won,2026-03-09,2026-04-30,10899.27,Agent C
DEAL00097,OPP01577,CUST00583,Laptop,Qualification,2025-11-14,2026-05-17,75585.56,Agent B
DEAL00098,OPP00492,CUST00977,Analytics Suite,Negotiation,2025-06-05,2026-01-18,62180.53,Agent B
DEAL00099,OPP00610,CUST00987,AI Platform,Prospecting,2025-05-28,2026-01-16,30675.16,Agent E
DEAL00100,OPP01643,CUST00241,CRM License,Proposal,2025-05-11,2025-06-27,332370.69,Agent C
DEAL00101,OPP00556,CUST00001,Analytics Suite,Prospecting,2025-09-09,2025-12-20,338224.84,Agent A
DEAL00102,OPP01723,CUST00669,CRM License,Negotiation,2026-02-24,2026-05-03,313195.0,Agent A
DEAL00103,OPP01236,CUST01021,Support Package,Won,2026-01-16,2026-06-19,346219.5,Agent D
DEAL00104,OPP01333,CUST01978,Analytics Suite,Won,2026-03-22,2026-06-12,292425.83,Agent E
DEAL00105,OPP01068,CUST01748,Support Package,Proposal,2025-01-25,2025-05-03,326941.56,Agent D
DEAL00106,OPP00062,CUST01432,Laptop,Negotiation,2025-11-30,2026-01-08,77194.58,Agent E
DEAL00107,OPP01650,CUST01926,Support Package,Won,2026-04-01,2026-08-16,97340.51,Agent D
DEAL00108,OPP01123,CUST01550,AI Platform,Qualification,2025-05-01,2025-09-09,303102.47,Agent D
DEAL00109,OPP00346,CUST01053,Laptop,Prospecting,2025-12-14,2026-04-28,173017.67,Agent D
DEAL00110,OPP01667,CUST01824,Analytics Suite,Negotiation,2025-01-04,2025-03-31,253770.63,Agent A
DEAL00111,OPP00587,CUST01840,AI Platform,Lost,2026-06-27,2026-12-27,201049.09,Agent D
DEAL00112,OPP00732,CUST00406,Laptop,Lost,2026-03-16,2026-08-11,113917.17,Agent B
DEAL00113,OPP01279,CUST00566,AI Platform,Prospecting,2026-01-07,2026-02-24,106843.85,Agent C
DEAL00114,OPP00566,CUST01937,Analytics Suite,Qualification,2025-12-24,2026-03-26,264381.06,Agent C
DEAL00115,OPP00013,CUST00012,Support Package,Negotiation,2026-02-04,2026-07-14,190912.34,Agent B
DEAL00116,OPP00643,CUST01037,AI Platform,Won,2025-09-09,2025-10-13,132191.13,Agent D
DEAL00117,OPP01367,CUST00766,Analytics Suite,Proposal,2026-07-31,2026-10-28,219793.5,Agent D
DEAL00118,OPP00847,CUST01490,CRM License,Proposal,2025-05-08,2025-12-04,152778.78,Agent A
DEAL00119,OPP01425,CUST01917,CRM License,Lost,2026-04-29,2026-08-16,171525.45,Agent A
DEAL00120,OPP00141,CUST00637,CRM License,Won,2026-03-31,2026-08-03,240489.3,Agent E
DEAL00121,OPP00515,CUST00441,Support Package,Qualification,2026-05-15,2026-10-27,165708.17,Agent A
DEAL00122,OPP00476,CUST00659,Support Package,Lost,2025-02-12,2025-05-04,332979.81,Agent B
DEAL00123,OPP00129,CUST01432,CRM License,Negotiation,2025-09-23,2026-04-10,174965.5,Agent C
DEAL00124,OPP01294,CUST00720,Analytics Suite,Prospecting,2026-01-19,2026-01-29,337019.76,Agent E
DEAL00125,OPP00421,CUST01285,Analytics Suite,Qualification,2026-01-04,2026-05-01,298213.97,Agent E
DEAL00126,OPP00945,CUST00697,Cloud Subscription,Qualification,2026-02-15,2026-07-11,312915.3,Agent D
DEAL00127,OPP01981,CUST01481,AI Platform,Qualification,2026-01-14,2026-03-17,269513.61,Agent A
DEAL00128,OPP00495,CUST00126,Analytics Suite,Negotiation,2025-05-14,2025-11-19,215538.72,Agent E
DEAL00129,OPP00390,CUST00686,Analytics Suite,Prospecting,2026-05-09,2026-06-03,191107.0,Agent E
DEAL00130,OPP01862,CUST00620,CRM License,Qualification,2025-10-16,2026-03-23,197562.74,Agent C
DEAL00131,OPP00715,CUST01196,Laptop,Negotiation,2026-08-02,2027-01-03,78494.61,Agent D
DEAL00132,OPP00592,CUST01295,Analytics Suite,Won,2025-11-07,2026-05-16,82894.26,Agent B
DEAL00133,OPP01440,CUST01455,Cloud Subscription,Qualification,2025-11-17,2026-01-11,21615.02,Agent E
DEAL00134,OPP00259,CUST01804,Support Package,Won,2025-12-19,2026-01-31,263490.5,Agent D
DEAL00135,OPP00757,CUST01593,AI Platform,Proposal,2026-06-04,2026-10-24,52453.59,Agent C
DEAL00136,OPP00399,CUST00084,Laptop,Qualification,2026-06-22,2027-02-10,207930.7,Agent A
DEAL00137,OPP01784,CUST01356,Analytics Suite,Qualification,2025-12-15,2026-06-22,56893.85,Agent C
DEAL00138,OPP00594,CUST00034,Laptop,Lost,2025-11-22,2026-01-17,32625.89,Agent C
DEAL00139,OPP01134,CUST00828,Cloud Subscription,Negotiation,2025-02-02,2025-05-15,191422.09,Agent D
DEAL00140,OPP01046,CUST01185,Support Package,Negotiation,2025-02-10,2025-04-20,306852.6,Agent D
DEAL00141,OPP00986,CUST00639,AI Platform,Won,2026-03-15,2026-09-19,131044.91,Agent B
DEAL00142,OPP00133,CUST01400,Cloud Subscription,Negotiation,2025-07-25,2025-11-28,322537.35,Agent E
DEAL00143,OPP00526,CUST01593,CRM License,Proposal,2025-09-18,2026-01-04,13504.43,Agent E
DEAL00144,OPP01710,CUST01217,Analytics Suite,Qualification,2026-01-10,2026-01-18,168351.26,Agent C
DEAL00145,OPP01097,CUST01050,Support Package,Qualification,2025-05-13,2025-10-14,59899.91,Agent B
DEAL00146,OPP01755,CUST01947,Laptop,Proposal,2025-07-18,2025-11-05,117365.37,Agent E
DEAL00147,OPP01119,CUST01305,Laptop,Won,2025-01-26,2025-02-11,18068.79,Agent C
DEAL00148,OPP00637,CUST00458,Laptop,Qualification,2026-04-03,2026-05-25,22018.15,Agent B
DEAL00149,OPP00691,CUST01313,Support Package,Prospecting,2025-10-31,2026-04-25,252356.65,Agent C
DEAL00150,OPP01551,CUST00963,Laptop,Won,2025-04-24,2025-10-22,232543.63,Agent A
DEAL00151,OPP00476,CUST00048,Support Package,Negotiation,2025-12-22,2026-04-23,80834.05,Agent A
DEAL00152,OPP01200,CUST01832,Laptop,Qualification,2025-03-27,2025-09-26,316390.65,Agent B
DEAL00153,OPP01872,CUST01592,Laptop,Proposal,2026-04-11,2026-10-07,243912.16,Agent C
DEAL00154,OPP01691,CUST01235,Analytics Suite,Qualification,2025-05-18,2025-10-15,124298.85,Agent B
DEAL00155,OPP00775,CUST01346,Cloud Subscription,Qualification,2025-06-11,2025-08-05,148602.08,Agent E
DEAL00156,OPP00554,CUST01155,Support Package,Prospecting,2026-06-07,2026-09-20,109468.97,Agent D
DEAL00157,OPP01244,CUST00687,AI Platform,Proposal,2026-03-19,2026-10-02,292403.39,Agent B
DEAL00158,OPP01221,CUST01866,Cloud Subscription,Negotiation,2026-02-10,2026-04-30,177946.38,Agent D
DEAL00159,OPP01445,CUST01107,Support Package,Prospecting,2025-12-25,2026-06-03,56004.58,Agent B
DEAL00160,OPP00146,CUST00678,CRM License,Proposal,2025-11-06,2026-05-24,78582.67,Agent C
DEAL00161,OPP01080,CUST01370,Analytics Suite,Prospecting,2025-04-25,2025-09-03,110836.88,Agent E
DEAL00162,OPP00019,CUST00315,Analytics Suite,Won,2025-06-29,2025-11-01,147072.08,Agent D
DEAL00163,OPP01982,CUST00640,Laptop,Prospecting,2026-07-28,2026-09-16,211497.57,Agent B
DEAL00164,OPP01750,CUST00259,Cloud Subscription,Qualification,2026-07-02,2026-11-01,337816.09,Agent D
DEAL00165,OPP01480,CUST00171,Analytics Suite,Prospecting,2026-03-09,2026-03-25,99055.74,Agent E
DEAL00166,OPP00590,CUST01644,CRM License,Lost,2026-06-14,2026-07-17,121657.21,Agent A
DEAL00167,OPP01493,CUST00875,AI Platform,Proposal,2026-04-25,2026-09-05,18143.68,Agent B
DEAL00168,OPP00891,CUST01714,Support Package,Lost,2025-08-27,2025-10-23,136667.66,Agent C
DEAL00169,OPP01298,CUST01275,Support Package,Proposal,2026-03-03,2026-05-29,239526.34,Agent D
DEAL00170,OPP00464,CUST00468,Support Package,Negotiation,2026-03-25,2026-06-23,337440.81,Agent C
DEAL00171,OPP00950,CUST00423,CRM License,Negotiation,2025-03-24,2025-07-19,261664.44,Agent D
DEAL00172,OPP01754,CUST00915,AI Platform,Won,2026-06-29,2026-12-15,50118.81,Agent A
DEAL00173,OPP00380,CUST00190,AI Platform,Negotiation,2025-10-21,2026-02-08,312613.12,Agent D
DEAL00174,OPP00770,CUST01170,Laptop,Qualification,2025-07-06,2026-01-25,295150.9,Agent B
DEAL00175,OPP00584,CUST00919,Support Package,Lost,2025-10-10,2026-02-06,74267.63,Agent C
DEAL00176,OPP00359,CUST00279,Support Package,Prospecting,2025-07-15,2026-03-10,327676.58,Agent A
DEAL00177,OPP00795,CUST01050,Analytics Suite,Won,2025-07-18,2026-03-14,252793.68,Agent A
DEAL00178,OPP01216,CUST01698,Analytics Suite,Qualification,2025-11-22,2026-03-08,276157.9,Agent C
DEAL00179,OPP00110,CUST01818,CRM License,Proposal,2026-08-18,2027-02-19,166107.49,Agent E
DEAL00180,OPP00411,CUST00838,Laptop,Proposal,2025-09-01,2025-12-22,78232.45,Agent B
DEAL00181,OPP01635,CUST00147,CRM License,Lost,2025-05-08,2025-12-04,281695.77,Agent E
DEAL00182,OPP00522,CUST01727,Support Package,Negotiation,2026-03-30,2026-10-01,172330.53,Agent D
DEAL00183,OPP00672,CUST01103,Support Package,Negotiation,2025-06-25,2025-09-18,338926.32,Agent E
DEAL00184,OPP01346,CUST01521,Laptop,Prospecting,2025-11-17,2026-02-06,62133.74,Agent E
DEAL00185,OPP01493,CUST00091,AI Platform,Qualification,2025-06-01,2025-12-30,130837.19,Agent A
DEAL00186,OPP01919,CUST00590,AI Platform,Negotiation,2025-05-07,2025-09-16,260086.0,Agent D
DEAL00187,OPP00318,CUST00572,Laptop,Lost,2025-05-31,2025-11-15,204575.75,Agent A
DEAL00188,OPP01510,CUST01434,Analytics Suite,Qualification,2025-08-01,2026-01-12,157313.53,Agent B
DEAL00189,OPP01448,CUST01363,Support Package,Lost,2026-07-24,2026-09-07,248547.58,Agent A
DEAL00190,OPP00249,CUST01482,Support Package,Negotiation,2026-02-05,2026-04-08,259339.36,Agent B
DEAL00191,OPP01754,CUST00795,AI Platform,Negotiation,2026-02-19,2026-09-23,206281.66,Agent D
DEAL00192,OPP00626,CUST00623,AI Platform,Negotiation,2025-02-01,2025-04-14,118495.16,Agent E
DEAL00193,OPP00847,CUST00379,CRM License,Negotiation,2025-01-07,2025-08-04,220378.21,Agent E
DEAL00194,OPP01593,CUST00508,AI Platform,Lost,2025-07-23,2025-10-20,195382.45,Agent A
DEAL00195,OPP01048,CUST00329,Cloud Subscription,Lost,2026-06-14,2027-01-04,281203.04,Agent E
DEAL00196,OPP00551,CUST01647,Cloud Subscription,Qualification,2025-01-10,2025-05-31,232175.67,Agent E
DEAL00197,OPP00644,CUST01356,Support Package,Lost,2026-04-02,2026-05-02,178902.39,Agent E
DEAL00198,OPP01481,CUST01356,Support Package,Negotiation,2026-05-05,2026-07-14,16359.6,Agent E
DEAL00199,OPP00367,CUST01772,Laptop,Won,2025-06-15,2026-01-29,66759.71,Agent D
DEAL00200,OPP00944,CUST01480,Analytics Suite,Negotiation,2025-03-11,2025-05-05,124442.06,Agent C
DEAL00201,OPP01495,CUST00642,AI Platform,Proposal,2025-04-02,2025-06-01,214468.73,Agent E
DEAL00202,OPP01769,CUST00627,Cloud Subscription,Proposal,2025-02-16,2025-03-29,279401.98,Agent D
DEAL00203,OPP01653,CUST00255,Laptop,Negotiation,2026-05-18,2026-10-14,336384.4,Agent D
DEAL00204,OPP00719,CUST01445,Laptop,Negotiation,2026-04-14,2026-10-26,213933.83,Agent B
DEAL00205,OPP00398,CUST01749,CRM License,Lost,2026-02-05,2026-09-18,257806.96,Agent E
DEAL00206,OPP01870,CUST01429,AI Platform,Negotiation,2025-02-23,2025-09-24,221290.01,Agent E
DEAL00207,OPP01195,CUST00942,CRM License,Won,2026-07-21,2027-02-18,156294.43,Agent A
DEAL00208,OPP00815,CUST00667,Analytics Suite,Proposal,2026-02-12,2026-09-17,217290.07,Agent E
DEAL00209,OPP01804,CUST00877,Laptop,Lost,2026-05-09,2026-09-25,146228.81,Agent D
DEAL00210,OPP01453,CUST00541,AI Platform,Prospecting,2025-08-15,2026-03-01,164237.39,Agent E
DEAL00211,OPP00953,CUST00331,AI Platform,Won,2025-04-28,2025-09-29,319741.32,Agent E
DEAL00212,OPP00391,CUST00863,Cloud Subscription,Prospecting,2026-05-05,2026-06-12,201712.29,Agent E
DEAL00213,OPP00164,CUST00474,Laptop,Proposal,2025-01-31,2025-02-12,44139.72,Agent B
DEAL00214,OPP01062,CUST01479,Cloud Subscription,Prospecting,2025-04-19,2025-05-18,188080.33,Agent C
DEAL00215,OPP00229,CUST01814,Cloud Subscription,Prospecting,2025-04-02,2025-06-28,334108.47,Agent B
DEAL00216,OPP00621,CUST00388,Laptop,Negotiation,2025-02-20,2025-06-23,44014.58,Agent A
DEAL00217,OPP01363,CUST00013,Support Package,Qualification,2025-11-25,2026-04-29,340203.68,Agent E
DEAL00218,OPP00026,CUST01749,Support Package,Negotiation,2025-05-17,2025-09-22,345797.72,Agent A
DEAL00219,OPP01979,CUST00588,Analytics Suite,Proposal,2026-07-30,2026-10-30,200642.48,Agent C
DEAL00220,OPP00875,CUST00511,Cloud Subscription,Proposal,2026-07-10,2027-01-03,123029.17,Agent A
DEAL00221,OPP01741,CUST01711,Laptop,Prospecting,2025-04-11,2025-11-04,12935.79,Agent D
DEAL00222,OPP00345,CUST01680,Analytics Suite,Lost,2026-05-10,2026-07-07,15271.7,Agent D
DEAL00223,OPP00922,CUST01162,Analytics Suite,Negotiation,2025-01-24,2025-04-01,141952.44,Agent C
DEAL00224,OPP01918,CUST00312,AI Platform,Lost,2025-06-20,2026-01-29,276244.41,Agent B
DEAL00225,OPP01265,CUST01412,Analytics Suite,Qualification,2026-01-29,2026-09-19,330407.0,Agent B
DEAL00226,OPP01618,CUST01479,Cloud Subscription,Prospecting,2025-05-03,2025-07-21,62624.62,Agent D
DEAL00227,OPP01371,CUST00887,CRM License,Negotiation,2025-02-16,2025-06-21,175835.89,Agent E
DEAL00228,OPP01480,CUST01123,Laptop,Won,2025-04-04,2025-08-23,180586.72,Agent D
DEAL00229,OPP00729,CUST01073,Support Package,Proposal,2026-01-28,2026-07-01,139303.15,Agent A
DEAL00230,OPP00907,CUST01323,CRM License,Lost,2025-05-12,2025-12-06,193585.06,Agent B
DEAL00231,OPP00099,CUST01032,CRM License,Won,2025-05-27,2025-06-27,324507.56,Agent E
DEAL00232,OPP00519,CUST01949,Cloud Subscription,Proposal,2025-05-03,2025-09-08,159099.91,Agent C
DEAL00233,OPP00130,CUST00071,Laptop,Lost,2026-06-10,2026-08-06,56845.11,Agent D
DEAL00234,OPP00649,CUST00106,Support Package,Prospecting,2026-06-14,2026-12-13,236252.85,Agent C
DEAL00235,OPP01452,CUST00303,Analytics Suite,Proposal,2026-04-25,2026-09-17,20667.34,Agent D
DEAL00236,OPP00409,CUST00299,Support Package,Negotiation,2025-01-12,2025-07-12,329639.19,Agent A
DEAL00237,OPP00958,CUST00998,Cloud Subscription,Proposal,2025-05-30,2026-01-02,329561.8,Agent B
DEAL00238,OPP01104,CUST00159,Laptop,Proposal,2026-06-09,2026-12-17,41328.49,Agent C
DEAL00239,OPP00328,CUST00383,Support Package,Qualification,2025-11-27,2026-06-21,197301.53,Agent A
DEAL00240,OPP01623,CUST01040,Cloud Subscription,Prospecting,2025-01-25,2025-08-08,281112.73,Agent A
DEAL00241,OPP01543,CUST01800,Laptop,Lost,2025-05-29,2025-10-28,167956.68,Agent E
DEAL00242,OPP00375,CUST01606,AI Platform,Negotiation,2026-05-08,2026-08-14,172782.36,Agent A
DEAL00243,OPP00073,CUST00434,Cloud Subscription,Won,2026-06-08,2026-09-01,339868.0,Agent B
DEAL00244,OPP00010,CUST00110,Support Package,Negotiation,2025-09-11,2025-12-11,88372.75,Agent A
DEAL00245,OPP00586,CUST01478,Analytics Suite,Negotiation,2025-04-01,2025-08-27,188945.46,Agent E
DEAL00246,OPP00252,CUST01559,Analytics Suite,Won,2025-02-16,2025-08-29,49089.17,Agent D
DEAL00247,OPP00035,CUST01859,AI Platform,Negotiation,2025-05-15,2025-08-15,112829.65,Agent B
DEAL00248,OPP00922,CUST00867,AI Platform,Proposal,2026-04-22,2026-09-11,299307.51,Agent A
DEAL00249,OPP01051,CUST00117,Cloud Subscription,Won,2026-05-08,2026-08-19,253592.54,Agent B
DEAL00250,OPP00038,CUST01883,AI Platform,Lost,2025-06-02,2025-10-28,218081.29,Agent C
DEAL00251,OPP01198,CUST00575,Support Package,Prospecting,2026-08-06,2027-02-19,48722.11,Agent D
DEAL00252,OPP00807,CUST00766,Cloud Subscription,Lost,2026-06-08,2026-09-18,299237.51,Agent B
DEAL00253,OPP00401,CUST00829,Support Package,Won,2026-08-12,2026-11-19,111357.16,Agent A
DEAL00254,OPP00223,CUST01970,Analytics Suite,Prospecting,2026-03-25,2026-05-17,191894.17,Agent E
DEAL00255,OPP01519,CUST00723,AI Platform,Negotiation,2025-12-08,2026-04-10,89381.4,Agent B
DEAL00256,OPP00216,CUST01114,Analytics Suite,Qualification,2026-08-09,2026-11-30,187050.43,Agent B
DEAL00257,OPP00401,CUST01009,Cloud Subscription,Proposal,2026-02-15,2026-03-31,201127.44,Agent E
DEAL00258,OPP01426,CUST01980,Support Package,Prospecting,2026-05-11,2026-12-29,125759.27,Agent A
DEAL00259,OPP01260,CUST01905,Support Package,Won,2025-08-29,2026-03-24,182013.36,Agent B
DEAL00260,OPP01999,CUST01264,Analytics Suite,Lost,2025-05-24,2025-08-06,148057.81,Agent E
DEAL00261,OPP00081,CUST00212,Cloud Subscription,Negotiation,2025-12-08,2026-07-23,247148.44,Agent D
DEAL00262,OPP00389,CUST00693,Analytics Suite,Negotiation,2025-09-01,2025-11-10,194923.05,Agent C
DEAL00263,OPP01324,CUST01333,Cloud Subscription,Prospecting,2025-07-29,2025-11-10,308545.87,Agent E
DEAL00264,OPP00460,CUST01607,Laptop,Won,2026-02-20,2026-03-29,26878.27,Agent A
DEAL00265,OPP00762,CUST01504,AI Platform,Proposal,2025-12-30,2026-05-28,19057.14,Agent E
DEAL00266,OPP00593,CUST00974,CRM License,Qualification,2025-07-08,2025-11-04,74106.78,Agent C
DEAL00267,OPP01617,CUST01342,Cloud Subscription,Prospecting,2025-05-24,2025-08-01,50316.04,Agent A
DEAL00268,OPP01571,CUST00618,AI Platform,Proposal,2025-11-22,2026-02-04,188804.56,Agent D
DEAL00269,OPP01612,CUST01272,Support Package,Won,2025-07-14,2026-02-23,78045.58,Agent D
DEAL00270,OPP01012,CUST00957,Laptop,Lost,2025-05-22,2025-11-05,15456.53,Agent C
DEAL00271,OPP00976,CUST01368,AI Platform,Qualification,2025-05-13,2025-06-24,106091.5,Agent C
DEAL00272,OPP01142,CUST01744,CRM License,Prospecting,2026-01-31,2026-03-10,183129.03,Agent C
DEAL00273,OPP00135,CUST01641,Support Package,Prospecting,2025-09-05,2025-09-28,252846.75,Agent B
DEAL00274,OPP01094,CUST01465,Support Package,Qualification,2025-07-23,2025-09-25,159054.23,Agent D
DEAL00275,OPP00554,CUST01536,Support Package,Lost,2025-03-10,2025-09-04,337322.87,Agent D
DEAL00276,OPP01875,CUST00348,CRM License,Negotiation,2025-02-02,2025-02-23,77813.91,Agent D
DEAL00277,OPP00369,CUST00370,Support Package,Negotiation,2026-02-19,2026-04-25,184781.07,Agent B
DEAL00278,OPP00070,CUST01678,Laptop,Negotiation,2026-07-31,2026-08-16,96082.47,Agent E
DEAL00279,OPP01927,CUST01082,Cloud Subscription,Negotiation,2025-07-13,2025-12-18,284267.09,Agent C
DEAL00280,OPP00316,CUST00863,AI Platform,Negotiation,2026-05-18,2026-11-30,73837.88,Agent D
DEAL00281,OPP01035,CUST01331,AI Platform,Qualification,2025-12-25,2026-05-04,336944.37,Agent B
DEAL00282,OPP00765,CUST00166,AI Platform,Prospecting,2025-07-01,2026-02-04,253646.21,Agent E
DEAL00283,OPP00539,CUST00331,Support Package,Lost,2025-12-04,2026-05-20,199334.13,Agent A
DEAL00284,OPP00977,CUST00295,Support Package,Negotiation,2025-03-19,2025-09-19,190998.34,Agent B
DEAL00285,OPP01465,CUST01133,CRM License,Prospecting,2025-07-21,2025-10-09,133239.88,Agent B
DEAL00286,OPP00228,CUST00133,CRM License,Won,2026-03-15,2026-10-09,17148.86,Agent B
DEAL00287,OPP01324,CUST00090,Analytics Suite,Won,2026-05-23,2026-10-24,321142.08,Agent A
DEAL00288,OPP01787,CUST01354,CRM License,Lost,2025-05-12,2025-06-08,280278.69,Agent A
DEAL00289,OPP00581,CUST01470,AI Platform,Proposal,2026-06-27,2026-07-23,55851.75,Agent A
DEAL00290,OPP01356,CUST00516,Analytics Suite,Qualification,2025-12-27,2026-07-31,51507.07,Agent C
DEAL00291,OPP01841,CUST01382,Laptop,Prospecting,2025-05-17,2025-07-27,114754.23,Agent B
DEAL00292,OPP01865,CUST00193,AI Platform,Proposal,2026-04-10,2026-08-03,269467.4,Agent A
DEAL00293,OPP01296,CUST00819,Analytics Suite,Lost,2026-06-10,2026-12-11,181076.11,Agent E
DEAL00294,OPP01882,CUST00732,Laptop,Proposal,2025-06-12,2025-12-15,232431.36,Agent B
DEAL00295,OPP01555,CUST00693,Cloud Subscription,Negotiation,2025-03-05,2025-03-18,12106.06,Agent E
DEAL00296,OPP01026,CUST01734,Laptop,Negotiation,2025-06-19,2025-11-16,324059.55,Agent A
DEAL00297,OPP00252,CUST00157,Laptop,Negotiation,2026-03-27,2026-11-01,66333.18,Agent B
DEAL00298,OPP01707,CUST01258,Support Package,Lost,2025-02-06,2025-05-05,118426.43,Agent C
DEAL00299,OPP00574,CUST00548,Laptop,Qualification,2025-06-22,2025-11-02,332031.19,Agent B
DEAL00300,OPP01474,CUST00973,AI Platform,Negotiation,2025-07-10,2025-09-16,259183.8,Agent B
DEAL00301,OPP01290,CUST00403,Analytics Suite,Qualification,2025-01-10,2025-07-04,183762.68,Agent B
DEAL00302,OPP00722,CUST01467,Laptop,Lost,2025-12-23,2026-01-26,303391.44,Agent A
DEAL00303,OPP01550,CUST00122,Support Package,Won,2026-04-26,2026-09-01,30829.18,Agent D
DEAL00304,OPP01315,CUST00152,Laptop,Qualification,2025-04-03,2025-07-15,35939.56,Agent B
DEAL00305,OPP01491,CUST00658,CRM License,Prospecting,2026-06-13,2026-11-16,62754.71,Agent C
DEAL00306,OPP01906,CUST01766,Cloud Subscription,Prospecting,2026-07-23,2026-11-22,99954.15,Agent B
DEAL00307,OPP00550,CUST00048,CRM License,Proposal,2026-06-03,2027-01-24,251070.09,Agent A
DEAL00308,OPP01529,CUST00356,Laptop,Qualification,2026-03-07,2026-10-29,191021.99,Agent B
DEAL00309,OPP00080,CUST00984,Laptop,Negotiation,2025-09-25,2025-12-07,154855.16,Agent E
DEAL00310,OPP01419,CUST00043,AI Platform,Negotiation,2025-05-02,2025-05-17,276080.09,Agent B
DEAL00311,OPP00311,CUST01069,Cloud Subscription,Qualification,2026-06-29,2026-10-28,117834.6,Agent C
DEAL00312,OPP00444,CUST00725,AI Platform,Proposal,2025-11-13,2026-04-06,39055.54,Agent C
DEAL00313,OPP00392,CUST01292,CRM License,Prospecting,2025-09-27,2026-03-28,144900.57,Agent A
DEAL00314,OPP01663,CUST00117,Cloud Subscription,Proposal,2025-08-22,2025-12-29,270579.83,Agent E
DEAL00315,OPP00748,CUST00354,Laptop,Qualification,2025-05-11,2025-10-01,171189.14,Agent E
DEAL00316,OPP00780,CUST00335,Analytics Suite,Lost,2025-08-16,2025-08-28,342230.3,Agent D
DEAL00317,OPP00723,CUST01475,CRM License,Prospecting,2026-04-21,2026-10-22,301083.28,Agent A
DEAL00318,OPP01249,CUST01478,AI Platform,Won,2025-11-30,2026-02-21,278924.31,Agent D
DEAL00319,OPP01832,CUST00233,Cloud Subscription,Proposal,2025-08-24,2025-11-28,272881.4,Agent E
DEAL00320,OPP01356,CUST00810,CRM License,Lost,2025-03-06,2025-06-19,207582.18,Agent E
DEAL00321,OPP00203,CUST01408,Analytics Suite,Proposal,2025-09-05,2025-09-28,316390.9,Agent A
DEAL00322,OPP01031,CUST00014,Analytics Suite,Qualification,2025-05-09,2025-09-08,210556.52,Agent B
DEAL00323,OPP00216,CUST00202,Analytics Suite,Won,2025-08-26,2025-11-29,136662.41,Agent E
DEAL00324,OPP00332,CUST01288,AI Platform,Won,2025-03-31,2025-05-31,76606.47,Agent B
DEAL00325,OPP00394,CUST01130,CRM License,Lost,2026-07-19,2026-09-21,286452.27,Agent C
DEAL00326,OPP01395,CUST01415,Support Package,Qualification,2025-04-14,2025-04-28,136186.68,Agent C
DEAL00327,OPP01752,CUST00934,Laptop,Won,2025-03-15,2025-10-14,278907.1,Agent B
DEAL00328,OPP00495,CUST01804,CRM License,Lost,2026-01-26,2026-04-11,344220.96,Agent B
DEAL00329,OPP01885,CUST00251,AI Platform,Prospecting,2025-07-24,2026-02-19,145560.24,Agent E
DEAL00330,OPP00531,CUST00310,Laptop,Lost,2026-08-17,2027-03-06,125852.03,Agent A
DEAL00331,OPP00615,CUST01271,Analytics Suite,Qualification,2025-08-29,2025-12-20,67831.55,Agent A
DEAL00332,OPP00254,CUST01715,Support Package,Proposal,2026-01-24,2026-08-07,171619.54,Agent E
DEAL00333,OPP00094,CUST00046,Cloud Subscription,Qualification,2026-05-13,2026-07-08,232366.28,Agent A
DEAL00334,OPP01240,CUST01418,Analytics Suite,Prospecting,2026-08-10,2026-09-28,116347.49,Agent A
DEAL00335,OPP00815,CUST01946,Support Package,Negotiation,2026-04-28,2026-11-30,175126.31,Agent B
DEAL00336,OPP00235,CUST01128,Support Package,Qualification,2025-12-10,2026-05-16,192604.75,Agent C
DEAL00337,OPP01130,CUST01663,Support Package,Prospecting,2026-05-01,2026-10-15,103580.7,Agent D
DEAL00338,OPP00691,CUST00524,Cloud Subscription,Proposal,2025-06-18,2026-01-26,17993.89,Agent B
DEAL00339,OPP00786,CUST01610,Analytics Suite,Negotiation,2026-06-03,2026-06-13,83312.13,Agent E
DEAL00340,OPP01780,CUST00916,Cloud Subscription,Lost,2026-06-04,2026-07-21,283070.88,Agent B
DEAL00341,OPP00807,CUST00598,Cloud Subscription,Proposal,2025-08-17,2026-04-05,104541.2,Agent E
DEAL00342,OPP00907,CUST00397,Cloud Subscription,Proposal,2025-02-10,2025-03-18,14699.46,Agent E
DEAL00343,OPP01375,CUST01706,CRM License,Lost,2026-02-13,2026-06-04,154482.54,Agent B
DEAL00344,OPP01790,CUST01436,Analytics Suite,Qualification,2025-03-03,2025-03-15,242040.22,Agent E
DEAL00345,OPP01477,CUST01578,Laptop,Qualification,2025-01-11,2025-04-03,265819.21,Agent C
DEAL00346,OPP00986,CUST01408,Cloud Subscription,Won,2026-07-19,2026-09-04,150725.44,Agent E
DEAL00347,OPP00612,CUST00512,CRM License,Won,2025-12-05,2026-02-09,204431.85,Agent A
DEAL00348,OPP00358,CUST00384,Support Package,Won,2026-01-23,2026-08-07,263472.81,Agent D
DEAL00349,OPP00248,CUST01296,Laptop,Proposal,2026-06-09,2026-08-19,312342.11,Agent A
DEAL00350,OPP01518,CUST00506,CRM License,Negotiation,2026-07-08,2027-01-20,227565.74,Agent E
DEAL00351,OPP01474,CUST01297,Analytics Suite,Proposal,2026-07-25,2027-02-25,244893.34,Agent D
DEAL00352,OPP00707,CUST01803,AI Platform,Negotiation,2025-03-21,2025-07-31,43549.54,Agent D
DEAL00353,OPP01878,CUST01498,Laptop,Proposal,2025-07-13,2025-11-22,152953.1,Agent E
DEAL00354,OPP01933,CUST00944,Support Package,Prospecting,2026-04-03,2026-06-26,312246.01,Agent A
DEAL00355,OPP01242,CUST01818,Laptop,Negotiation,2025-01-18,2025-06-29,64644.82,Agent A
DEAL00356,OPP00525,CUST01103,CRM License,Prospecting,2025-05-20,2025-11-30,115386.2,Agent C
DEAL00357,OPP01014,CUST00940,CRM License,Won,2025-11-03,2026-05-30,240507.61,Agent C
DEAL00358,OPP01645,CUST01918,CRM License,Lost,2025-07-24,2025-09-14,316705.15,Agent A
DEAL00359,OPP01014,CUST00671,Cloud Subscription,Qualification,2025-04-13,2025-09-26,30073.72,Agent C
DEAL00360,OPP00988,CUST00415,Analytics Suite,Won,2026-06-20,2026-07-29,305967.27,Agent A
DEAL00361,OPP01066,CUST00278,Analytics Suite,Prospecting,2025-09-24,2026-01-23,84909.72,Agent B
DEAL00362,OPP01685,CUST01255,Laptop,Prospecting,2025-09-03,2025-09-30,302690.98,Agent C
DEAL00363,OPP00822,CUST01020,AI Platform,Proposal,2026-01-27,2026-06-11,312340.09,Agent B
DEAL00364,OPP00367,CUST01549,AI Platform,Negotiation,2026-02-04,2026-08-28,273664.02,Agent E
DEAL00365,OPP01028,CUST00294,Analytics Suite,Lost,2025-10-21,2026-05-06,324097.63,Agent B
DEAL00366,OPP01268,CUST00639,Analytics Suite,Lost,2026-06-13,2026-12-03,336793.75,Agent D
DEAL00367,OPP01870,CUST00242,Support Package,Lost,2025-06-26,2025-11-14,324563.27,Agent E
DEAL00368,OPP00227,CUST00618,AI Platform,Proposal,2026-06-04,2026-11-03,184463.88,Agent D
DEAL00369,OPP01886,CUST01921,AI Platform,Lost,2026-06-02,2026-07-02,167650.1,Agent E
DEAL00370,OPP01612,CUST01794,Support Package,Won,2025-01-06,2025-07-01,45770.13,Agent C
DEAL00371,OPP01421,CUST00993,CRM License,Qualification,2026-03-26,2026-09-07,83470.93,Agent A
DEAL00372,OPP00472,CUST00199,Laptop,Qualification,2025-04-05,2025-05-15,231804.23,Agent B
DEAL00373,OPP00413,CUST01990,CRM License,Qualification,2025-10-17,2026-03-20,53296.22,Agent B
DEAL00374,OPP00856,CUST00315,CRM License,Negotiation,2026-07-02,2026-10-06,330409.38,Agent D
DEAL00375,OPP00366,CUST00203,CRM License,Lost,2025-04-27,2025-08-30,87195.64,Agent E
DEAL00376,OPP01312,CUST00822,CRM License,Prospecting,2025-12-02,2026-06-16,39896.54,Agent B
DEAL00377,OPP01505,CUST01883,Support Package,Proposal,2026-04-09,2026-06-30,89983.41,Agent D
DEAL00378,OPP00957,CUST01597,CRM License,Won,2025-10-14,2026-05-22,26629.94,Agent D
DEAL00379,OPP01384,CUST00720,CRM License,Lost,2025-02-16,2025-05-31,66470.47,Agent C
DEAL00380,OPP01558,CUST00910,Cloud Subscription,Lost,2025-02-08,2025-06-14,209812.58,Agent A
DEAL00381,OPP01826,CUST00122,Support Package,Won,2025-11-05,2025-11-18,108315.57,Agent B
DEAL00382,OPP01377,CUST00542,Support Package,Qualification,2025-01-15,2025-02-19,282394.54,Agent E
DEAL00383,OPP00468,CUST01341,Analytics Suite,Won,2025-01-10,2025-03-23,147609.47,Agent B
DEAL00384,OPP00261,CUST00841,AI Platform,Won,2026-07-23,2027-03-14,252747.97,Agent E
DEAL00385,OPP01881,CUST01958,Cloud Subscription,Proposal,2025-11-14,2026-01-20,250819.92,Agent D
DEAL00386,OPP01547,CUST00891,Laptop,Proposal,2025-10-10,2026-01-17,56164.6,Agent A
DEAL00387,OPP01699,CUST01694,AI Platform,Lost,2025-03-01,2025-09-22,29237.67,Agent D
DEAL00388,OPP00847,CUST01455,Support Package,Prospecting,2026-04-14,2026-07-04,296277.96,Agent D
DEAL00389,OPP00316,CUST01016,Laptop,Negotiation,2025-11-01,2026-05-16,248289.34,Agent C
DEAL00390,OPP01196,CUST01738,Analytics Suite,Qualification,2025-05-12,2025-06-15,69493.51,Agent C
DEAL00391,OPP01280,CUST01742,Analytics Suite,Proposal,2026-03-25,2026-05-02,241197.24,Agent A
DEAL00392,OPP00434,CUST00643,Laptop,Won,2025-05-22,2025-05-31,122019.11,Agent A
DEAL00393,OPP00940,CUST00557,Analytics Suite,Won,2025-10-27,2025-12-02,29296.39,Agent B
DEAL00394,OPP00847,CUST01418,CRM License,Negotiation,2025-11-30,2026-04-26,87779.33,Agent C
DEAL00395,OPP00520,CUST00055,Laptop,Qualification,2025-06-16,2025-07-14,266973.65,Agent D
DEAL00396,OPP01635,CUST01403,Laptop,Qualification,2026-06-07,2026-11-03,142847.26,Agent A
DEAL00397,OPP00972,CUST00871,AI Platform,Negotiation,2026-02-24,2026-07-20,195253.09,Agent E
DEAL00398,OPP01853,CUST01534,Laptop,Won,2025-06-21,2025-08-21,56424.34,Agent C
DEAL00399,OPP00003,CUST00261,Support Package,Won,2025-04-04,2025-04-19,41504.55,Agent E
DEAL00400,OPP01878,CUST01151,Cloud Subscription,Negotiation,2025-07-15,2025-08-28,91345.76,Agent B
DEAL00401,OPP01324,CUST01073,AI Platform,Proposal,2025-10-05,2025-11-14,170662.8,Agent D
DEAL00402,OPP01401,CUST00030,Analytics Suite,Qualification,2025-11-25,2026-04-04,297977.0,Agent E
DEAL00403,OPP00576,CUST01050,Cloud Subscription,Proposal,2025-08-27,2026-04-07,269553.15,Agent A
DEAL00404,OPP00158,CUST01312,Support Package,Negotiation,2025-01-24,2025-05-12,64421.9,Agent C
DEAL00405,OPP00463,CUST00811,AI Platform,Lost,2026-02-07,2026-07-11,34300.35,Agent E
DEAL00406,OPP00886,CUST01225,Cloud Subscription,Qualification,2025-08-14,2025-10-30,86672.63,Agent B
DEAL00407,OPP00676,CUST00653,Analytics Suite,Won,2025-07-19,2025-08-16,299791.68,Agent D
DEAL00408,OPP00387,CUST01224,Analytics Suite,Negotiation,2025-11-28,2026-01-24,185388.15,Agent E
DEAL00409,OPP00026,CUST00487,CRM License,Qualification,2026-05-13,2026-09-08,284346.88,Agent B
DEAL00410,OPP01396,CUST00563,AI Platform,Lost,2025-01-03,2025-07-29,135657.95,Agent D
DEAL00411,OPP01334,CUST00143,Support Package,Won,2026-07-27,2026-09-29,210750.65,Agent A
DEAL00412,OPP00323,CUST00196,Laptop,Negotiation,2026-01-16,2026-09-09,212209.17,Agent D
DEAL00413,OPP01567,CUST00269,Analytics Suite,Lost,2025-11-22,2026-04-26,223087.55,Agent D
DEAL00414,OPP01956,CUST00379,CRM License,Prospecting,2025-01-31,2025-04-30,169851.43,Agent C
DEAL00415,OPP02000,CUST01438,Analytics Suite,Negotiation,2026-02-28,2026-07-30,91341.46,Agent D
DEAL00416,OPP00390,CUST00433,Support Package,Prospecting,2026-03-06,2026-08-22,155684.85,Agent C
DEAL00417,OPP00855,CUST00711,CRM License,Lost,2025-12-01,2026-05-16,341417.88,Agent A
DEAL00418,OPP00106,CUST00348,Laptop,Negotiation,2026-04-23,2026-11-17,102518.17,Agent D
DEAL00419,OPP00025,CUST00848,CRM License,Lost,2026-05-15,2026-10-23,256441.63,Agent E
DEAL00420,OPP01688,CUST00490,Support Package,Won,2026-05-15,2026-05-28,331207.91,Agent D
DEAL00421,OPP01937,CUST00658,Cloud Subscription,Negotiation,2025-07-14,2025-10-16,202526.93,Agent C
DEAL00422,OPP00405,CUST00138,Analytics Suite,Lost,2026-02-06,2026-09-12,176374.23,Agent D
DEAL00423,OPP00928,CUST01010,Analytics Suite,Prospecting,2025-02-04,2025-03-31,51084.85,Agent A
DEAL00424,OPP00049,CUST00539,CRM License,Lost,2025-12-01,2026-04-03,266110.84,Agent D
DEAL00425,OPP01632,CUST01303,AI Platform,Prospecting,2025-03-28,2025-07-29,319906.94,Agent E
DEAL00426,OPP01097,CUST01996,Support Package,Won,2025-07-03,2025-11-16,343432.84,Agent A
DEAL00427,OPP00585,CUST00971,Support Package,Qualification,2026-02-08,2026-09-05,78563.55,Agent D
DEAL00428,OPP01939,CUST01023,Cloud Subscription,Qualification,2025-09-11,2026-01-21,322818.84,Agent D
DEAL00429,OPP00273,CUST01661,CRM License,Prospecting,2026-05-30,2026-06-06,135891.1,Agent A
DEAL00430,OPP00535,CUST00689,CRM License,Qualification,2025-02-21,2025-04-25,220511.85,Agent A
DEAL00431,OPP01496,CUST00283,Support Package,Won,2026-08-03,2027-01-04,86041.22,Agent B
DEAL00432,OPP00818,CUST01441,Support Package,Proposal,2026-02-26,2026-09-03,94452.52,Agent C
DEAL00433,OPP01402,CUST01300,Laptop,Prospecting,2025-09-14,2026-02-18,220445.77,Agent C
DEAL00434,OPP00475,CUST00939,Cloud Subscription,Proposal,2025-01-15,2025-07-11,174843.18,Agent C
DEAL00435,OPP01317,CUST00774,Cloud Subscription,Negotiation,2025-01-25,2025-03-29,337895.43,Agent C
DEAL00436,OPP01116,CUST00059,CRM License,Negotiation,2025-09-04,2025-10-03,99917.73,Agent E
DEAL00437,OPP00095,CUST01115,Cloud Subscription,Qualification,2025-12-08,2026-07-23,308532.47,Agent B
DEAL00438,OPP00646,CUST01095,CRM License,Prospecting,2025-10-29,2026-03-16,166561.39,Agent D
DEAL00439,OPP00595,CUST01032,Support Package,Negotiation,2025-06-27,2025-12-23,55748.38,Agent D
DEAL00440,OPP01183,CUST00609,Analytics Suite,Prospecting,2026-01-23,2026-09-09,91303.08,Agent D
DEAL00441,OPP00877,CUST00304,Analytics Suite,Negotiation,2026-01-02,2026-02-20,266937.87,Agent B
DEAL00442,OPP00957,CUST01143,AI Platform,Qualification,2025-07-24,2026-02-18,291055.47,Agent D
DEAL00443,OPP00340,CUST01241,CRM License,Prospecting,2025-07-14,2025-10-14,23451.54,Agent E
DEAL00444,OPP01858,CUST00347,AI Platform,Negotiation,2025-09-21,2026-02-20,149410.08,Agent B
DEAL00445,OPP01500,CUST00242,CRM License,Proposal,2026-03-19,2026-06-24,178018.7,Agent B
DEAL00446,OPP01341,CUST00966,Support Package,Qualification,2025-12-17,2026-02-08,219111.34,Agent A
DEAL00447,OPP00552,CUST00096,Support Package,Won,2025-03-17,2025-10-14,231209.83,Agent A
DEAL00448,OPP01366,CUST00388,Analytics Suite,Qualification,2026-07-05,2026-09-30,292389.97,Agent D
DEAL00449,OPP00470,CUST01273,Laptop,Proposal,2025-05-01,2025-05-13,102952.45,Agent E
DEAL00450,OPP00973,CUST00598,Laptop,Won,2026-02-05,2026-03-19,48055.56,Agent C
DEAL00451,OPP00537,CUST00921,CRM License,Negotiation,2025-01-11,2025-08-30,73405.5,Agent E
DEAL00452,OPP00607,CUST01375,Cloud Subscription,Qualification,2025-06-01,2025-12-16,328527.72,Agent E
DEAL00453,OPP01299,CUST00354,Analytics Suite,Prospecting,2025-12-03,2026-05-13,195871.92,Agent E
DEAL00454,OPP00628,CUST00456,Cloud Subscription,Won,2026-05-20,2026-11-24,84492.26,Agent B
DEAL00455,OPP01461,CUST00595,Cloud Subscription,Prospecting,2025-12-02,2026-05-09,277194.02,Agent C
DEAL00456,OPP01008,CUST00835,Support Package,Prospecting,2025-02-02,2025-09-09,209582.52,Agent D
DEAL00457,OPP01963,CUST01120,Laptop,Lost,2026-07-24,2026-08-23,134891.45,Agent B
DEAL00458,OPP00384,CUST00147,CRM License,Won,2025-06-12,2025-07-03,16222.86,Agent C
DEAL00459,OPP01890,CUST00948,Cloud Subscription,Qualification,2025-08-06,2026-01-21,276147.4,Agent C
DEAL00460,OPP00265,CUST01375,AI Platform,Qualification,2025-03-06,2025-10-23,253930.13,Agent C
DEAL00461,OPP01100,CUST01703,Support Package,Qualification,2026-02-19,2026-07-11,99116.26,Agent C
DEAL00462,OPP00745,CUST01078,Support Package,Prospecting,2025-05-11,2025-12-29,100310.79,Agent D
DEAL00463,OPP01505,CUST01252,Analytics Suite,Proposal,2026-01-15,2026-04-25,102305.93,Agent A
DEAL00464,OPP00261,CUST01628,Cloud Subscription,Prospecting,2025-04-27,2025-10-08,237942.73,Agent C
DEAL00465,OPP00510,CUST01455,Laptop,Proposal,2026-01-31,2026-06-05,110020.28,Agent D
DEAL00466,OPP00462,CUST01071,Support Package,Lost,2026-04-29,2026-11-27,115523.34,Agent B
DEAL00467,OPP01842,CUST01133,Analytics Suite,Proposal,2026-02-19,2026-07-26,138050.46,Agent A
DEAL00468,OPP01071,CUST01989,Support Package,Negotiation,2025-12-05,2026-03-24,343268.45,Agent C
DEAL00469,OPP00329,CUST01515,Cloud Subscription,Proposal,2025-01-21,2025-03-26,166433.46,Agent E
DEAL00470,OPP01581,CUST00483,CRM License,Proposal,2025-05-19,2025-08-07,138307.62,Agent C
DEAL00471,OPP00572,CUST00908,Analytics Suite,Negotiation,2025-12-11,2026-01-04,169807.81,Agent E
DEAL00472,OPP00450,CUST01485,CRM License,Lost,2025-11-16,2025-12-28,254529.19,Agent B
DEAL00473,OPP00989,CUST01045,Analytics Suite,Qualification,2025-11-15,2026-03-20,310454.85,Agent B
DEAL00474,OPP01584,CUST00865,Cloud Subscription,Qualification,2026-03-15,2026-03-29,346872.62,Agent B
DEAL00475,OPP01680,CUST01217,CRM License,Qualification,2026-06-24,2026-10-18,175261.84,Agent E
DEAL00476,OPP00032,CUST00752,Support Package,Won,2025-10-27,2025-11-12,166448.63,Agent C
DEAL00477,OPP01797,CUST01357,Analytics Suite,Lost,2025-03-22,2025-05-05,122305.94,Agent A
DEAL00478,OPP01995,CUST01464,Support Package,Negotiation,2025-09-21,2026-03-08,274891.49,Agent A
DEAL00479,OPP00642,CUST01797,AI Platform,Proposal,2025-05-31,2025-06-13,232899.3,Agent B
DEAL00480,OPP01034,CUST01912,Support Package,Qualification,2025-11-12,2026-02-05,133543.93,Agent E
DEAL00481,OPP00753,CUST01423,AI Platform,Prospecting,2025-12-18,2026-02-07,186304.17,Agent C
DEAL00482,OPP00952,CUST01512,Support Package,Qualification,2025-11-23,2025-12-12,79979.06,Agent A
DEAL00483,OPP01305,CUST01545,AI Platform,Qualification,2025-12-13,2026-02-06,245957.84,Agent C
DEAL00484,OPP01302,CUST00661,CRM License,Won,2025-07-05,2025-08-07,95722.01,Agent C
DEAL00485,OPP00950,CUST01832,Laptop,Prospecting,2025-04-16,2025-05-11,128845.66,Agent B
DEAL00486,OPP00951,CUST01020,AI Platform,Negotiation,2026-05-25,2026-11-03,33160.32,Agent C
DEAL00487,OPP00978,CUST01736,Laptop,Lost,2025-08-28,2025-10-03,84755.95,Agent C
DEAL00488,OPP00817,CUST00435,Cloud Subscription,Lost,2025-05-04,2025-12-15,76260.07,Agent C
DEAL00489,OPP00247,CUST00621,Analytics Suite,Negotiation,2026-08-17,2026-12-15,260004.27,Agent D
DEAL00490,OPP00742,CUST01241,AI Platform,Prospecting,2025-01-20,2025-05-02,246119.05,Agent D
DEAL00491,OPP01432,CUST01158,AI Platform,Proposal,2025-07-26,2026-02-22,192968.9,Agent D
DEAL00492,OPP01956,CUST00806,Analytics Suite,Won,2026-03-18,2026-09-22,141599.21,Agent B
DEAL00493,OPP01626,CUST00442,CRM License,Won,2025-09-02,2025-12-15,312400.46,Agent D
DEAL00494,OPP01723,CUST00457,AI Platform,Proposal,2026-05-18,2027-01-06,310588.34,Agent A
DEAL00495,OPP01567,CUST01454,CRM License,Won,2025-08-02,2025-12-10,214963.96,Agent E
DEAL00496,OPP01005,CUST00043,AI Platform,Negotiation,2026-01-19,2026-07-10,233702.34,Agent D
DEAL00497,OPP01365,CUST00239,Laptop,Proposal,2025-09-12,2026-05-02,280793.24,Agent B
DEAL00498,OPP01673,CUST01851,Support Package,Negotiation,2025-10-07,2026-03-31,255743.49,Agent D
DEAL00499,OPP00446,CUST01959,Laptop,Qualification,2025-10-24,2026-03-17,86466.5,Agent D
DEAL00500,OPP00299,CUST00158,CRM License,Negotiation,2026-08-05,2027-01-02,181142.64,Agent D
DEAL00501,OPP00533,CUST00285,Support Package,Negotiation,2026-03-29,2026-09-04,61641.21,Agent C
DEAL00502,OPP01059,CUST00659,Analytics Suite,Negotiation,2025-08-09,2026-03-31,285189.49,Agent E
DEAL00503,OPP01573,CUST01172,Support Package,Prospecting,2025-09-06,2026-02-23,232216.13,Agent C
DEAL00504,OPP00901,CUST00381,Analytics Suite,Negotiation,2025-08-30,2025-11-14,342891.01,Agent C
DEAL00505,OPP01966,CUST01965,AI Platform,Lost,2026-03-15,2026-03-27,56413.29,Agent D
DEAL00506,OPP00650,CUST00989,Support Package,Qualification,2025-12-19,2026-06-26,183450.21,Agent E
DEAL00507,OPP00924,CUST01075,CRM License,Negotiation,2025-11-15,2026-03-15,256163.52,Agent A
DEAL00508,OPP01837,CUST00390,Cloud Subscription,Negotiation,2025-09-14,2025-12-26,304896.39,Agent E
DEAL00509,OPP00342,CUST00616,CRM License,Proposal,2025-08-26,2026-04-07,300155.23,Agent B
DEAL00510,OPP01665,CUST01473,Cloud Subscription,Proposal,2025-11-27,2026-01-09,78679.82,Agent C
DEAL00511,OPP00303,CUST01266,Support Package,Lost,2026-05-11,2026-05-26,343989.12,Agent A
DEAL00512,OPP01815,CUST00450,Laptop,Prospecting,2026-07-31,2027-01-26,343656.55,Agent A
DEAL00513,OPP00647,CUST00884,CRM License,Lost,2025-02-06,2025-09-16,339479.94,Agent D
DEAL00514,OPP01271,CUST00371,Cloud Subscription,Prospecting,2025-05-22,2025-12-08,218628.36,Agent A
DEAL00515,OPP01424,CUST00816,Analytics Suite,Proposal,2026-02-13,2026-09-10,292857.99,Agent D
DEAL00516,OPP00753,CUST00434,CRM License,Proposal,2025-03-30,2025-10-24,35851.43,Agent C
DEAL00517,OPP01101,CUST01960,AI Platform,Lost,2025-12-30,2026-06-14,96856.54,Agent C
DEAL00518,OPP01514,CUST00596,CRM License,Prospecting,2025-09-10,2026-04-19,41278.61,Agent E
DEAL00519,OPP01752,CUST00948,AI Platform,Qualification,2025-04-24,2025-07-19,181890.64,Agent A
DEAL00520,OPP00218,CUST01284,CRM License,Lost,2025-10-28,2026-04-26,338008.25,Agent E
DEAL00521,OPP00991,CUST00083,Cloud Subscription,Won,2025-10-31,2025-11-28,230718.06,Agent E
DEAL00522,OPP01707,CUST00420,Laptop,Qualification,2026-03-02,2026-07-09,166825.72,Agent A
DEAL00523,OPP01112,CUST01978,Laptop,Proposal,2026-05-08,2026-07-21,279564.15,Agent E
DEAL00524,OPP00058,CUST01394,AI Platform,Prospecting,2026-07-24,2027-03-06,197114.31,Agent C
DEAL00525,OPP00252,CUST00484,Support Package,Negotiation,2025-09-19,2026-01-05,165600.21,Agent B
DEAL00526,OPP01637,CUST00861,Support Package,Prospecting,2026-02-15,2026-04-11,223971.58,Agent A
DEAL00527,OPP00847,CUST01715,Cloud Subscription,Negotiation,2026-04-15,2026-09-01,184012.23,Agent D
DEAL00528,OPP01408,CUST00395,Support Package,Won,2026-08-12,2026-09-06,228125.37,Agent B
DEAL00529,OPP01786,CUST00598,Cloud Subscription,Negotiation,2026-01-23,2026-02-28,282896.59,Agent B
DEAL00530,OPP00177,CUST00481,Support Package,Lost,2025-05-27,2025-09-11,167222.29,Agent B
DEAL00531,OPP00911,CUST01330,CRM License,Proposal,2025-07-23,2025-12-23,151107.22,Agent B
DEAL00532,OPP00294,CUST01055,Laptop,Won,2025-05-05,2025-09-24,199946.28,Agent D
DEAL00533,OPP01685,CUST01002,Cloud Subscription,Qualification,2025-04-28,2025-05-17,317616.24,Agent A
DEAL00534,OPP00905,CUST00758,Cloud Subscription,Won,2025-07-02,2025-12-14,153813.98,Agent B
DEAL00535,OPP01754,CUST00656,CRM License,Proposal,2025-10-25,2025-11-14,298234.9,Agent B
DEAL00536,OPP00600,CUST01028,Analytics Suite,Won,2026-04-15,2026-10-28,219835.38,Agent C
DEAL00537,OPP00291,CUST01599,Laptop,Lost,2025-06-23,2025-07-09,14215.03,Agent E
DEAL00538,OPP01735,CUST01626,Analytics Suite,Proposal,2025-04-22,2025-05-05,171908.87,Agent D
DEAL00539,OPP01227,CUST01570,AI Platform,Prospecting,2025-03-17,2025-07-22,81582.05,Agent A
DEAL00540,OPP00386,CUST00092,CRM License,Lost,2025-04-27,2025-11-06,61124.56,Agent E
DEAL00541,OPP01389,CUST00981,Cloud Subscription,Won,2025-09-15,2026-03-19,89708.88,Agent C
DEAL00542,OPP00835,CUST00788,AI Platform,Prospecting,2025-09-03,2026-01-27,252222.58,Agent D
DEAL00543,OPP00094,CUST01871,Support Package,Qualification,2025-08-26,2025-10-13,223310.13,Agent C
DEAL00544,OPP00521,CUST00831,AI Platform,Qualification,2025-07-09,2026-02-23,192530.06,Agent D
DEAL00545,OPP01501,CUST00494,Cloud Subscription,Lost,2025-09-28,2025-10-09,178391.3,Agent C
DEAL00546,OPP00255,CUST00502,Analytics Suite,Negotiation,2026-01-21,2026-04-19,142320.52,Agent A
DEAL00547,OPP00676,CUST00390,AI Platform,Prospecting,2025-01-27,2025-07-28,311433.08,Agent A
DEAL00548,OPP00520,CUST00884,Analytics Suite,Qualification,2026-06-15,2026-11-12,327034.44,Agent B
DEAL00549,OPP01466,CUST00529,Laptop,Proposal,2025-07-02,2026-01-09,269908.85,Agent E
DEAL00550,OPP01720,CUST01134,Laptop,Negotiation,2025-03-24,2025-09-25,107996.35,Agent D
DEAL00551,OPP01576,CUST00462,Analytics Suite,Won,2025-04-15,2025-11-26,320713.79,Agent E
DEAL00552,OPP01432,CUST01170,CRM License,Qualification,2025-11-22,2026-03-29,288506.03,Agent D
DEAL00553,OPP00180,CUST01232,CRM License,Proposal,2025-11-07,2026-05-24,52168.99,Agent B
DEAL00554,OPP01829,CUST01340,AI Platform,Won,2025-10-25,2025-12-07,126170.37,Agent A
DEAL00555,OPP00324,CUST01766,CRM License,Lost,2025-05-13,2025-06-29,121386.02,Agent A
DEAL00556,OPP00811,CUST00154,Analytics Suite,Proposal,2026-06-28,2026-07-16,258215.91,Agent B
DEAL00557,OPP01656,CUST00106,Support Package,Won,2025-07-04,2025-08-27,188125.51,Agent B
DEAL00558,OPP00481,CUST00921,CRM License,Negotiation,2026-08-19,2026-09-20,100740.76,Agent A
DEAL00559,OPP00434,CUST01033,Laptop,Negotiation,2025-12-12,2026-06-29,88470.17,Agent D
DEAL00560,OPP00053,CUST01516,Laptop,Won,2026-07-29,2026-11-28,165551.71,Agent D
DEAL00561,OPP00717,CUST00454,CRM License,Prospecting,2025-11-27,2026-03-17,236425.39,Agent B
DEAL00562,OPP00991,CUST00911,Analytics Suite,Qualification,2025-03-17,2025-08-20,182966.82,Agent D
DEAL00563,OPP00935,CUST01223,AI Platform,Prospecting,2026-01-19,2026-04-19,98751.39,Agent D
DEAL00564,OPP00080,CUST01313,AI Platform,Qualification,2025-10-12,2026-02-28,220794.92,Agent D
DEAL00565,OPP00410,CUST01087,Cloud Subscription,Lost,2026-05-04,2026-05-11,349630.18,Agent E
DEAL00566,OPP00009,CUST01181,Laptop,Lost,2025-08-22,2026-02-11,70067.38,Agent D
DEAL00567,OPP00450,CUST00329,AI Platform,Prospecting,2025-04-22,2025-11-18,189655.86,Agent D
DEAL00568,OPP01210,CUST00930,AI Platform,Qualification,2025-03-09,2025-03-25,137723.08,Agent C
DEAL00569,OPP00018,CUST01084,CRM License,Lost,2026-03-20,2026-04-14,84261.4,Agent A
DEAL00570,OPP00330,CUST00158,Analytics Suite,Qualification,2025-05-19,2025-06-26,307667.36,Agent A
DEAL00571,OPP01089,CUST01938,Analytics Suite,Proposal,2026-02-02,2026-06-30,335641.97,Agent C
DEAL00572,OPP01120,CUST01267,Analytics Suite,Negotiation,2025-03-22,2025-09-22,129066.57,Agent C
DEAL00573,OPP01793,CUST01436,Laptop,Negotiation,2025-02-17,2025-09-03,128078.8,Agent A
DEAL00574,OPP01148,CUST01070,CRM License,Lost,2026-02-28,2026-09-05,41199.11,Agent E
DEAL00575,OPP01852,CUST01862,Analytics Suite,Prospecting,2025-07-25,2025-12-13,220036.09,Agent B
DEAL00576,OPP01448,CUST00012,Analytics Suite,Qualification,2025-01-17,2025-07-06,19025.42,Agent B
DEAL00577,OPP01101,CUST01917,CRM License,Lost,2025-04-23,2025-07-04,178711.54,Agent A
DEAL00578,OPP00767,CUST00414,AI Platform,Prospecting,2025-02-23,2025-08-22,61956.94,Agent E
DEAL00579,OPP00223,CUST01770,Support Package,Won,2025-06-16,2025-08-04,238588.22,Agent E
DEAL00580,OPP01411,CUST00123,Cloud Subscription,Qualification,2025-06-19,2026-02-05,325829.43,Agent C
DEAL00581,OPP01877,CUST00626,AI Platform,Won,2025-08-12,2025-08-28,40186.11,Agent D
DEAL00582,OPP00732,CUST01141,Support Package,Won,2025-05-25,2026-01-07,274431.76,Agent C
DEAL00583,OPP00712,CUST01316,AI Platform,Prospecting,2025-09-30,2026-01-22,292393.15,Agent D
DEAL00584,OPP00196,CUST00031,Cloud Subscription,Qualification,2026-06-21,2026-11-25,69910.14,Agent E
DEAL00585,OPP01196,CUST00718,CRM License,Prospecting,2025-02-21,2025-04-06,323698.38,Agent D
DEAL00586,OPP00620,CUST01685,Support Package,Prospecting,2026-06-17,2026-09-06,221112.07,Agent D
DEAL00587,OPP00021,CUST00367,Cloud Subscription,Won,2025-09-03,2026-03-29,191878.56,Agent A
DEAL00588,OPP00016,CUST01895,Cloud Subscription,Proposal,2025-12-11,2025-12-21,238280.25,Agent A
DEAL00589,OPP00672,CUST01421,CRM License,Qualification,2026-02-05,2026-03-28,107957.11,Agent B
DEAL00590,OPP00925,CUST01952,CRM License,Negotiation,2026-03-15,2026-08-16,18639.69,Agent A
DEAL00591,OPP00915,CUST01807,Laptop,Proposal,2026-07-17,2027-01-27,160297.42,Agent C
DEAL00592,OPP01481,CUST00454,AI Platform,Qualification,2026-08-19,2026-12-04,262737.78,Agent C
DEAL00593,OPP01057,CUST01883,Cloud Subscription,Negotiation,2025-02-28,2025-03-27,322341.13,Agent C
DEAL00594,OPP01570,CUST00991,Analytics Suite,Won,2025-09-02,2025-10-13,156235.3,Agent B
DEAL00595,OPP00595,CUST00517,Laptop,Proposal,2025-11-18,2026-06-20,99640.22,Agent A
DEAL00596,OPP00465,CUST01783,Analytics Suite,Prospecting,2025-11-08,2026-01-04,54640.47,Agent D
DEAL00597,OPP01080,CUST00942,Analytics Suite,Won,2026-08-14,2027-01-02,328068.07,Agent B
DEAL00598,OPP00212,CUST01375,Support Package,Won,2026-01-24,2026-09-06,88521.33,Agent E
DEAL00599,OPP01530,CUST01221,Support Package,Prospecting,2025-08-28,2025-11-30,319764.22,Agent D
DEAL00600,OPP00371,CUST00598,Laptop,Proposal,2026-07-03,2026-07-25,72477.11,Agent A
DEAL00601,OPP01831,CUST01966,Laptop,Qualification,2026-03-12,2026-09-24,16165.13,Agent A
DEAL00602,OPP01968,CUST01668,Cloud Subscription,Negotiation,2026-04-21,2026-10-28,86234.91,Agent B
DEAL00603,OPP01075,CUST01059,AI Platform,Won,2026-01-10,2026-06-17,177548.44,Agent D
DEAL00604,OPP00625,CUST01148,Support Package,Negotiation,2025-02-08,2025-09-13,128559.7,Agent D
DEAL00605,OPP00678,CUST00140,Cloud Subscription,Won,2026-08-02,2027-02-05,318625.05,Agent C
DEAL00606,OPP00859,CUST01460,AI Platform,Proposal,2026-03-01,2026-08-15,195328.74,Agent A
DEAL00607,OPP00959,CUST01820,Cloud Subscription,Proposal,2025-03-30,2025-06-22,50041.63,Agent A
DEAL00608,OPP00152,CUST01939,Cloud Subscription,Proposal,2025-05-31,2025-06-21,222612.88,Agent D
DEAL00609,OPP00396,CUST01120,Support Package,Prospecting,2025-07-23,2026-01-15,142241.93,Agent A
DEAL00610,OPP01579,CUST01996,Analytics Suite,Negotiation,2025-06-01,2025-12-22,240840.06,Agent D
DEAL00611,OPP00106,CUST01597,Laptop,Won,2026-01-06,2026-06-23,277300.08,Agent B
DEAL00612,OPP00897,CUST01010,Support Package,Prospecting,2025-11-23,2026-05-01,345087.49,Agent E
DEAL00613,OPP01751,CUST01601,AI Platform,Won,2025-05-07,2025-10-28,206059.66,Agent A
DEAL00614,OPP00175,CUST00314,CRM License,Negotiation,2026-02-19,2026-05-01,134695.23,Agent D
DEAL00615,OPP01852,CUST01352,CRM License,Prospecting,2025-06-20,2025-07-24,157424.12,Agent A
DEAL00616,OPP00946,CUST01240,CRM License,Negotiation,2025-04-05,2025-09-05,146891.39,Agent D
DEAL00617,OPP00847,CUST00987,AI Platform,Qualification,2026-07-25,2027-03-08,163182.69,Agent D
DEAL00618,OPP01427,CUST01288,CRM License,Proposal,2025-07-07,2025-08-14,20219.95,Agent C
DEAL00619,OPP01555,CUST01705,Analytics Suite,Proposal,2025-05-19,2025-06-11,94091.6,Agent C
DEAL00620,OPP00947,CUST01145,Analytics Suite,Proposal,2026-03-03,2026-08-21,345838.67,Agent B
DEAL00621,OPP00167,CUST00759,Laptop,Proposal,2026-04-01,2026-07-15,325524.94,Agent C
DEAL00622,OPP01938,CUST00845,Support Package,Prospecting,2025-04-01,2025-11-04,26418.25,Agent D
DEAL00623,OPP00018,CUST01137,Support Package,Won,2025-02-03,2025-05-30,343057.5,Agent A
DEAL00624,OPP01744,CUST01164,Support Package,Lost,2026-05-22,2026-09-27,279264.42,Agent A
DEAL00625,OPP00869,CUST00628,Cloud Subscription,Prospecting,2025-10-28,2025-11-18,10934.02,Agent D
DEAL00626,OPP01030,CUST01069,CRM License,Prospecting,2025-09-29,2026-05-15,320577.61,Agent C
DEAL00627,OPP01531,CUST00576,CRM License,Proposal,2025-09-08,2025-12-01,336525.54,Agent A
DEAL00628,OPP01882,CUST01890,CRM License,Won,2025-12-16,2026-04-04,223777.73,Agent A
DEAL00629,OPP00301,CUST01070,AI Platform,Won,2026-02-06,2026-07-09,278031.86,Agent C
DEAL00630,OPP01623,CUST01676,Cloud Subscription,Lost,2025-02-17,2025-09-11,123060.76,Agent C
DEAL00631,OPP01323,CUST00759,CRM License,Won,2025-06-08,2025-12-17,204589.23,Agent A
DEAL00632,OPP00737,CUST00788,Analytics Suite,Won,2026-07-23,2027-01-26,258726.98,Agent E
DEAL00633,OPP00852,CUST00577,Analytics Suite,Won,2025-04-10,2025-05-11,200828.7,Agent D
DEAL00634,OPP01543,CUST01142,Laptop,Qualification,2026-06-25,2026-07-22,113565.73,Agent C
DEAL00635,OPP00281,CUST01233,Cloud Subscription,Qualification,2025-08-28,2026-03-16,230728.09,Agent B
DEAL00636,OPP01012,CUST01133,Cloud Subscription,Prospecting,2025-04-24,2025-11-29,295062.43,Agent A
DEAL00637,OPP01445,CUST01674,Analytics Suite,Qualification,2025-12-21,2026-05-22,294242.79,Agent C
DEAL00638,OPP01079,CUST01022,AI Platform,Qualification,2026-01-31,2026-09-07,54938.13,Agent E
DEAL00639,OPP00896,CUST01643,CRM License,Qualification,2025-07-28,2025-10-16,161443.07,Agent A
DEAL00640,OPP01042,CUST00117,Analytics Suite,Qualification,2026-04-18,2026-07-15,23171.34,Agent D
DEAL00641,OPP01024,CUST00721,CRM License,Proposal,2025-02-08,2025-03-26,225140.66,Agent E
DEAL00642,OPP01608,CUST01426,Cloud Subscription,Proposal,2025-03-14,2025-09-21,92335.15,Agent A
DEAL00643,OPP01642,CUST00767,Analytics Suite,Won,2026-01-06,2026-06-17,326320.64,Agent D
DEAL00644,OPP01838,CUST01463,Cloud Subscription,Negotiation,2025-12-11,2026-02-08,220207.02,Agent D
DEAL00645,OPP00145,CUST01184,Support Package,Proposal,2026-02-21,2026-10-18,146209.99,Agent D
DEAL00646,OPP00640,CUST00969,Laptop,Prospecting,2026-05-22,2026-06-05,258697.48,Agent B
DEAL00647,OPP01754,CUST01116,AI Platform,Lost,2026-07-09,2027-01-11,80513.18,Agent B
DEAL00648,OPP01284,CUST01804,Cloud Subscription,Proposal,2025-10-30,2025-12-24,41086.81,Agent E
DEAL00649,OPP00754,CUST01358,Support Package,Proposal,2025-10-26,2026-05-03,39709.72,Agent E
DEAL00650,OPP01257,CUST01968,AI Platform,Won,2026-07-05,2026-11-01,208153.75,Agent D
DEAL00651,OPP00927,CUST00192,Cloud Subscription,Prospecting,2026-07-27,2026-09-26,312215.31,Agent B
DEAL00652,OPP01775,CUST01626,Support Package,Won,2025-01-29,2025-02-18,85737.76,Agent B
DEAL00653,OPP01117,CUST01783,Support Package,Qualification,2025-10-29,2026-03-29,268416.45,Agent A
DEAL00654,OPP00895,CUST01856,AI Platform,Prospecting,2026-07-02,2026-08-15,22792.0,Agent D
DEAL00655,OPP01248,CUST01079,Analytics Suite,Proposal,2025-01-31,2025-05-22,130135.62,Agent B
DEAL00656,OPP00381,CUST00976,Laptop,Proposal,2026-08-06,2027-03-22,232263.61,Agent A
DEAL00657,OPP01542,CUST01168,Analytics Suite,Prospecting,2026-03-23,2026-10-22,290925.19,Agent A
DEAL00658,OPP00407,CUST01829,Laptop,Proposal,2025-04-03,2025-08-03,330685.21,Agent E
DEAL00659,OPP00048,CUST01734,Cloud Subscription,Won,2026-01-17,2026-07-13,225073.92,Agent E
DEAL00660,OPP00103,CUST01871,Laptop,Proposal,2025-09-14,2026-03-31,167309.24,Agent B
DEAL00661,OPP00133,CUST01939,Cloud Subscription,Negotiation,2025-07-19,2025-12-14,30616.37,Agent E
DEAL00662,OPP00202,CUST01248,Laptop,Prospecting,2026-01-05,2026-03-01,103720.2,Agent E
DEAL00663,OPP00102,CUST00519,AI Platform,Lost,2026-03-15,2026-09-27,323858.01,Agent B
DEAL00664,OPP00603,CUST00302,Laptop,Proposal,2026-06-17,2026-07-14,208184.82,Agent A
DEAL00665,OPP01922,CUST01796,Support Package,Negotiation,2025-09-06,2026-01-12,126510.28,Agent C
DEAL00666,OPP00206,CUST00305,Laptop,Lost,2025-04-06,2025-10-11,94597.74,Agent E
DEAL00667,OPP01353,CUST00141,AI Platform,Won,2026-05-30,2026-10-16,48643.39,Agent C
DEAL00668,OPP01743,CUST00945,Cloud Subscription,Negotiation,2025-07-19,2025-10-15,265545.69,Agent E
DEAL00669,OPP01619,CUST01487,Analytics Suite,Negotiation,2026-03-29,2026-07-10,150207.89,Agent C
DEAL00670,OPP00725,CUST01472,AI Platform,Proposal,2026-04-21,2026-08-13,328426.78,Agent D
DEAL00671,OPP00106,CUST00509,CRM License,Proposal,2025-02-04,2025-08-03,164493.18,Agent B
DEAL00672,OPP00737,CUST01003,Laptop,Proposal,2025-09-02,2026-04-28,288248.03,Agent E
DEAL00673,OPP01204,CUST01789,Support Package,Lost,2025-02-20,2025-08-27,54280.79,Agent A
DEAL00674,OPP01516,CUST01600,AI Platform,Negotiation,2025-12-27,2026-03-17,61308.59,Agent D
DEAL00675,OPP00284,CUST01834,Support Package,Won,2026-04-19,2026-05-21,102892.05,Agent B
DEAL00676,OPP00603,CUST01540,AI Platform,Lost,2025-11-30,2026-03-27,75019.78,Agent A
DEAL00677,OPP01203,CUST00183,Laptop,Prospecting,2025-07-13,2026-02-04,342091.8,Agent A
DEAL00678,OPP01431,CUST00408,Analytics Suite,Won,2026-08-04,2027-01-05,284768.2,Agent D
DEAL00679,OPP00622,CUST00339,Laptop,Prospecting,2025-02-21,2025-05-13,128460.16,Agent B
DEAL00680,OPP01645,CUST00266,CRM License,Negotiation,2025-03-26,2025-04-22,186739.87,Agent B
DEAL00681,OPP01604,CUST01717,CRM License,Lost,2025-08-07,2025-10-11,191304.36,Agent B
DEAL00682,OPP00721,CUST01412,Support Package,Lost,2026-07-20,2027-01-09,216451.08,Agent E
DEAL00683,OPP01073,CUST01828,Analytics Suite,Won,2026-06-18,2026-11-28,45229.69,Agent D
DEAL00684,OPP00956,CUST00641,Laptop,Won,2025-12-03,2026-03-25,128653.26,Agent C
DEAL00685,OPP01338,CUST01960,Support Package,Prospecting,2026-07-22,2026-10-14,39216.13,Agent B
DEAL00686,OPP00645,CUST01863,Support Package,Prospecting,2026-06-23,2026-08-09,322482.17,Agent A
DEAL00687,OPP00660,CUST00213,Analytics Suite,Prospecting,2025-12-16,2026-08-06,147174.32,Agent B
DEAL00688,OPP00847,CUST01738,AI Platform,Negotiation,2025-03-12,2025-06-27,257185.8,Agent E
DEAL00689,OPP00432,CUST00222,Cloud Subscription,Qualification,2026-06-21,2026-12-23,323080.98,Agent E
DEAL00690,OPP01162,CUST00903,CRM License,Won,2026-01-18,2026-05-12,115208.69,Agent B
DEAL00691,OPP01917,CUST00362,Laptop,Negotiation,2025-03-26,2025-08-12,39868.73,Agent D
DEAL00692,OPP00700,CUST01162,Analytics Suite,Qualification,2026-05-16,2026-10-19,124313.52,Agent D
DEAL00693,OPP01722,CUST00036,CRM License,Lost,2025-08-26,2025-11-23,238135.76,Agent C
DEAL00694,OPP00929,CUST01695,Cloud Subscription,Lost,2026-04-14,2026-11-25,179931.14,Agent E
DEAL00695,OPP00332,CUST00953,Laptop,Prospecting,2025-06-05,2025-09-26,35484.21,Agent D
DEAL00696,OPP00993,CUST01743,CRM License,Qualification,2025-01-06,2025-07-10,33866.72,Agent D
DEAL00697,OPP00999,CUST00867,AI Platform,Won,2025-09-28,2026-05-06,247850.95,Agent A
DEAL00698,OPP00050,CUST01114,Analytics Suite,Lost,2025-09-27,2026-01-01,260425.42,Agent E
DEAL00699,OPP00959,CUST01477,Support Package,Won,2026-05-30,2026-07-30,47232.65,Agent C
DEAL00700,OPP00328,CUST01944,Support Package,Qualification,2025-03-10,2025-10-28,280204.08,Agent D
DEAL00701,OPP01589,CUST00749,Analytics Suite,Negotiation,2026-06-29,2027-01-05,127490.1,Agent E
DEAL00702,OPP01083,CUST01042,Cloud Subscription,Lost,2025-04-02,2025-10-10,33191.11,Agent B
DEAL00703,OPP00609,CUST00649,Cloud Subscription,Prospecting,2026-07-11,2027-02-23,123512.75,Agent B
DEAL00704,OPP00006,CUST00083,Cloud Subscription,Prospecting,2026-02-25,2026-03-10,258361.54,Agent B
DEAL00705,OPP01142,CUST01747,Support Package,Negotiation,2025-08-03,2026-03-18,232964.6,Agent C
DEAL00706,OPP01409,CUST01126,Laptop,Lost,2026-07-25,2026-08-28,173700.1,Agent B
DEAL00707,OPP00849,CUST00745,AI Platform,Lost,2025-08-03,2025-09-12,105081.91,Agent C
DEAL00708,OPP01811,CUST01555,Analytics Suite,Lost,2026-01-13,2026-03-11,152096.6,Agent B
DEAL00709,OPP00393,CUST01638,Cloud Subscription,Proposal,2025-01-10,2025-02-12,139747.63,Agent D
DEAL00710,OPP01510,CUST01970,Laptop,Proposal,2025-03-03,2025-03-29,142607.73,Agent D
DEAL00711,OPP00992,CUST00874,Support Package,Won,2025-07-30,2025-09-04,176495.6,Agent A
DEAL00712,OPP00629,CUST00211,Support Package,Proposal,2025-05-26,2025-09-23,164796.5,Agent D
DEAL00713,OPP00577,CUST00971,Analytics Suite,Qualification,2025-05-16,2025-08-17,44839.43,Agent A
DEAL00714,OPP00900,CUST00882,Cloud Subscription,Prospecting,2025-08-14,2025-11-08,108657.65,Agent C
DEAL00715,OPP00162,CUST00415,Laptop,Qualification,2025-12-29,2026-02-14,53897.16,Agent A
DEAL00716,OPP01302,CUST01174,Support Package,Lost,2026-03-25,2026-11-13,214712.71,Agent A
DEAL00717,OPP00818,CUST00829,Laptop,Lost,2026-05-21,2026-08-13,153757.11,Agent D
DEAL00718,OPP01361,CUST01763,Support Package,Negotiation,2026-05-14,2026-09-08,238454.74,Agent D
DEAL00719,OPP01031,CUST00096,AI Platform,Lost,2025-04-26,2025-06-05,39785.09,Agent D
DEAL00720,OPP01955,CUST01432,Laptop,Prospecting,2026-06-09,2026-08-04,127269.08,Agent D
DEAL00721,OPP00166,CUST01204,CRM License,Lost,2025-03-19,2025-05-19,71319.59,Agent A
DEAL00722,OPP00986,CUST00463,Analytics Suite,Lost,2025-03-05,2025-10-24,41309.82,Agent B
DEAL00723,OPP01073,CUST00705,AI Platform,Won,2026-03-09,2026-04-26,272971.9,Agent C
DEAL00724,OPP00500,CUST01719,CRM License,Negotiation,2026-03-30,2026-08-03,54518.45,Agent B
DEAL00725,OPP01345,CUST00729,Support Package,Qualification,2025-03-17,2025-07-28,69471.07,Agent B
DEAL00726,OPP00725,CUST01329,Analytics Suite,Won,2025-09-05,2025-09-29,134704.42,Agent A
DEAL00727,OPP01528,CUST01026,Analytics Suite,Won,2025-09-02,2025-11-29,109539.35,Agent B
DEAL00728,OPP01845,CUST01791,Cloud Subscription,Proposal,2026-03-07,2026-04-01,322738.35,Agent D
DEAL00729,OPP01708,CUST01322,Cloud Subscription,Prospecting,2025-11-04,2025-12-21,346139.79,Agent D
DEAL00730,OPP01266,CUST01669,Support Package,Prospecting,2025-12-25,2026-06-07,153616.24,Agent E
DEAL00731,OPP01436,CUST01808,Cloud Subscription,Prospecting,2025-02-17,2025-07-06,78385.84,Agent D
DEAL00732,OPP01729,CUST00259,Analytics Suite,Negotiation,2026-08-06,2026-12-06,179357.97,Agent B
DEAL00733,OPP01962,CUST01668,Laptop,Proposal,2025-11-28,2026-01-23,178527.33,Agent A
DEAL00734,OPP01449,CUST01921,AI Platform,Prospecting,2026-02-03,2026-07-05,168453.14,Agent A
DEAL00735,OPP01826,CUST00073,Analytics Suite,Lost,2025-10-14,2026-05-19,16914.32,Agent C
DEAL00736,OPP01931,CUST00909,Laptop,Proposal,2025-05-27,2025-12-17,53648.16,Agent C
DEAL00737,OPP00352,CUST00510,Laptop,Won,2026-02-03,2026-03-22,57942.92,Agent C
DEAL00738,OPP01003,CUST01966,Cloud Subscription,Lost,2025-06-21,2025-12-03,129598.77,Agent B
DEAL00739,OPP00715,CUST00704,Cloud Subscription,Proposal,2025-05-11,2025-07-13,207467.88,Agent E
DEAL00740,OPP01900,CUST00375,Support Package,Proposal,2025-11-26,2026-06-21,308466.8,Agent D
DEAL00741,OPP01489,CUST00192,Support Package,Qualification,2025-08-01,2025-11-26,85941.1,Agent B
DEAL00742,OPP01772,CUST01587,CRM License,Lost,2026-06-18,2026-12-15,272208.02,Agent B
DEAL00743,OPP00700,CUST00118,Analytics Suite,Won,2026-01-29,2026-06-10,86910.67,Agent B
DEAL00744,OPP01687,CUST00610,Laptop,Negotiation,2025-08-11,2026-01-22,21089.68,Agent A
DEAL00745,OPP00163,CUST01109,CRM License,Lost,2025-01-22,2025-09-03,230951.83,Agent D
DEAL00746,OPP01879,CUST00090,Cloud Subscription,Negotiation,2025-07-23,2025-08-30,82975.2,Agent E
DEAL00747,OPP00460,CUST00350,CRM License,Negotiation,2025-03-11,2025-10-14,322682.7,Agent D
DEAL00748,OPP01052,CUST01989,Laptop,Lost,2025-05-11,2025-09-07,327362.6,Agent B
DEAL00749,OPP01433,CUST00916,AI Platform,Prospecting,2025-06-18,2025-07-28,45710.81,Agent A
DEAL00750,OPP01486,CUST00608,Cloud Subscription,Negotiation,2026-01-24,2026-05-11,76204.35,Agent E
DEAL00751,OPP00425,CUST01740,Cloud Subscription,Lost,2025-03-05,2025-03-25,81540.63,Agent A
DEAL00752,OPP01111,CUST00162,Analytics Suite,Won,2025-04-07,2025-08-17,319889.09,Agent A
DEAL00753,OPP01062,CUST00529,Laptop,Proposal,2025-01-24,2025-05-21,36528.09,Agent B
DEAL00754,OPP01553,CUST01721,AI Platform,Negotiation,2026-07-01,2026-10-07,265397.13,Agent C
DEAL00755,OPP00642,CUST01506,Support Package,Prospecting,2026-08-12,2026-11-30,107819.57,Agent A
DEAL00756,OPP01528,CUST00865,CRM License,Negotiation,2025-06-27,2025-11-25,208027.75,Agent D
DEAL00757,OPP01233,CUST01962,Support Package,Prospecting,2025-09-29,2026-04-16,70275.9,Agent A
DEAL00758,OPP01517,CUST01153,Analytics Suite,Negotiation,2025-06-29,2025-10-05,284220.08,Agent E
DEAL00759,OPP01751,CUST01491,Analytics Suite,Won,2025-11-15,2025-11-25,238062.46,Agent E
DEAL00760,OPP00857,CUST01970,Laptop,Proposal,2025-11-25,2026-04-10,17189.89,Agent B
DEAL00761,OPP00865,CUST01009,CRM License,Qualification,2025-06-01,2026-01-14,90625.07,Agent C
DEAL00762,OPP01593,CUST00962,Cloud Subscription,Qualification,2026-01-20,2026-04-29,168559.09,Agent B
DEAL00763,OPP01564,CUST01328,CRM License,Prospecting,2025-01-05,2025-02-09,190599.65,Agent C
DEAL00764,OPP01753,CUST00135,Support Package,Qualification,2026-01-20,2026-08-25,291272.3,Agent A
DEAL00765,OPP01101,CUST00858,Cloud Subscription,Lost,2026-03-24,2026-07-06,141567.95,Agent B
DEAL00766,OPP01273,CUST01383,Cloud Subscription,Lost,2025-02-01,2025-05-06,325127.1,Agent E
DEAL00767,OPP00119,CUST00758,CRM License,Won,2026-03-08,2026-05-22,75921.04,Agent B
DEAL00768,OPP00910,CUST01422,Laptop,Negotiation,2026-03-16,2026-09-09,301622.41,Agent B
DEAL00769,OPP00493,CUST00807,Support Package,Won,2026-08-03,2026-09-12,317461.84,Agent E
DEAL00770,OPP01707,CUST00389,Cloud Subscription,Negotiation,2026-04-26,2026-09-23,223073.57,Agent B
DEAL00771,OPP00245,CUST00293,Cloud Subscription,Lost,2025-01-13,2025-04-11,338958.09,Agent D
DEAL00772,OPP01557,CUST01091,Support Package,Negotiation,2025-02-18,2025-05-25,149599.68,Agent E
DEAL00773,OPP01674,CUST00388,Support Package,Won,2025-03-23,2025-05-19,247756.28,Agent A
DEAL00774,OPP00940,CUST00739,Cloud Subscription,Won,2025-12-13,2026-06-26,13433.21,Agent E
DEAL00775,OPP01337,CUST01040,Analytics Suite,Prospecting,2026-03-01,2026-06-21,103391.35,Agent D
DEAL00776,OPP01160,CUST00100,CRM License,Lost,2026-01-28,2026-09-08,202565.46,Agent C
DEAL00777,OPP01379,CUST00841,Analytics Suite,Negotiation,2025-07-16,2026-01-31,307817.48,Agent D
DEAL00778,OPP01372,CUST00624,CRM License,Prospecting,2025-04-30,2025-10-31,333994.73,Agent A
DEAL00779,OPP00507,CUST00628,Support Package,Lost,2025-02-08,2025-05-30,207007.35,Agent B
DEAL00780,OPP01377,CUST01820,Cloud Subscription,Lost,2025-08-11,2026-03-27,300995.98,Agent A
DEAL00781,OPP01804,CUST01850,Support Package,Proposal,2025-06-29,2025-11-19,281739.02,Agent B
DEAL00782,OPP00623,CUST00601,Cloud Subscription,Qualification,2025-07-01,2025-10-17,273049.16,Agent E
DEAL00783,OPP00614,CUST01762,Laptop,Won,2025-02-22,2025-05-20,47895.96,Agent C
DEAL00784,OPP00586,CUST00447,Analytics Suite,Won,2025-06-23,2026-01-28,172737.26,Agent D
DEAL00785,OPP01824,CUST00694,Cloud Subscription,Lost,2026-05-15,2026-07-20,175328.22,Agent A
DEAL00786,OPP01775,CUST01882,AI Platform,Lost,2025-05-24,2025-12-21,277735.8,Agent C
DEAL00787,OPP00696,CUST00204,Support Package,Qualification,2026-06-07,2026-08-06,209276.55,Agent A
DEAL00788,OPP01875,CUST00765,Analytics Suite,Proposal,2025-02-21,2025-08-24,288749.92,Agent C
DEAL00789,OPP01523,CUST01611,Laptop,Won,2026-01-15,2026-03-28,335193.2,Agent A
DEAL00790,OPP00805,CUST01882,Analytics Suite,Lost,2025-03-06,2025-09-23,198585.71,Agent E
DEAL00791,OPP01651,CUST01898,Laptop,Proposal,2025-08-18,2026-03-07,279181.75,Agent C
DEAL00792,OPP01827,CUST01761,AI Platform,Lost,2026-07-23,2027-01-16,200590.4,Agent A
DEAL00793,OPP01738,CUST01929,CRM License,Qualification,2026-04-04,2026-11-28,222738.91,Agent E
DEAL00794,OPP00942,CUST00941,Cloud Subscription,Won,2025-11-03,2026-03-09,171842.15,Agent B
DEAL00795,OPP00434,CUST00647,Analytics Suite,Qualification,2026-01-12,2026-08-02,336262.42,Agent C
DEAL00796,OPP00335,CUST00770,AI Platform,Negotiation,2026-01-29,2026-06-13,287976.28,Agent C
DEAL00797,OPP01655,CUST00242,Support Package,Proposal,2026-04-18,2026-05-04,265660.07,Agent B
DEAL00798,OPP01466,CUST00276,Analytics Suite,Proposal,2025-12-20,2026-04-03,122058.33,Agent E
DEAL00799,OPP01418,CUST01948,AI Platform,Negotiation,2025-11-01,2025-11-15,175041.1,Agent B
DEAL00800,OPP00092,CUST00382,Laptop,Won,2025-02-15,2025-07-26,303389.05,Agent E
DEAL00801,OPP01931,CUST01233,CRM License,Prospecting,2026-07-26,2026-09-06,328370.3,Agent D
DEAL00802,OPP00228,CUST00465,CRM License,Proposal,2025-12-04,2026-02-24,349167.0,Agent B
DEAL00803,OPP01162,CUST01329,Analytics Suite,Qualification,2025-06-22,2026-01-18,259705.94,Agent B
DEAL00804,OPP01883,CUST00941,Support Package,Prospecting,2025-03-22,2025-09-17,258485.11,Agent B
DEAL00805,OPP00485,CUST00211,AI Platform,Lost,2025-12-27,2026-03-22,41917.62,Agent A
DEAL00806,OPP01036,CUST00745,Support Package,Prospecting,2026-04-12,2026-08-14,265523.88,Agent C
DEAL00807,OPP01681,CUST01462,Support Package,Negotiation,2026-04-27,2026-09-16,127892.05,Agent A
DEAL00808,OPP00533,CUST01601,Analytics Suite,Won,2026-06-12,2026-09-09,303972.0,Agent A
DEAL00809,OPP00204,CUST00580,Cloud Subscription,Proposal,2026-06-17,2026-12-15,13825.26,Agent D
DEAL00810,OPP00961,CUST00594,Laptop,Negotiation,2026-01-07,2026-02-17,327691.12,Agent D
DEAL00811,OPP01591,CUST01460,Cloud Subscription,Prospecting,2026-07-19,2026-11-02,174519.49,Agent B
DEAL00812,OPP01157,CUST00850,AI Platform,Qualification,2025-02-14,2025-04-21,53504.96,Agent D
DEAL00813,OPP00886,CUST00141,Laptop,Negotiation,2025-08-24,2026-02-05,214339.52,Agent D
DEAL00814,OPP01278,CUST00246,Analytics Suite,Won,2025-10-16,2026-03-21,245292.19,Agent D
DEAL00815,OPP00104,CUST00748,AI Platform,Prospecting,2026-02-21,2026-09-04,275131.43,Agent B
DEAL00816,OPP00697,CUST00543,CRM License,Negotiation,2025-06-28,2025-09-29,248628.16,Agent D
DEAL00817,OPP01756,CUST00238,CRM License,Negotiation,2025-06-22,2025-08-21,198147.6,Agent D
DEAL00818,OPP00775,CUST01567,Cloud Subscription,Negotiation,2026-06-23,2026-07-07,37860.97,Agent B
DEAL00819,OPP01931,CUST00918,Cloud Subscription,Negotiation,2026-01-23,2026-08-18,303385.45,Agent B
DEAL00820,OPP01100,CUST01415,Support Package,Proposal,2026-01-14,2026-04-07,344357.53,Agent E
DEAL00821,OPP01868,CUST00004,Support Package,Lost,2025-04-20,2025-10-19,274522.38,Agent C
DEAL00822,OPP01254,CUST00805,Support Package,Proposal,2025-10-26,2026-01-26,21812.34,Agent C
DEAL00823,OPP00838,CUST00957,AI Platform,Won,2025-09-09,2025-12-02,266937.28,Agent C
DEAL00824,OPP01843,CUST01155,Analytics Suite,Prospecting,2026-01-05,2026-03-07,101677.95,Agent D
DEAL00825,OPP00540,CUST01937,CRM License,Negotiation,2026-07-03,2027-01-08,337114.06,Agent A
DEAL00826,OPP00785,CUST00917,Cloud Subscription,Negotiation,2025-06-15,2025-08-27,31592.57,Agent C
DEAL00827,OPP01445,CUST00979,CRM License,Proposal,2026-04-29,2026-07-14,41367.85,Agent E
DEAL00828,OPP01750,CUST01791,CRM License,Proposal,2026-01-13,2026-07-03,71665.91,Agent A
DEAL00829,OPP00387,CUST00797,Analytics Suite,Qualification,2025-10-23,2026-02-27,266073.76,Agent B
DEAL00830,OPP01987,CUST00790,AI Platform,Lost,2026-07-21,2027-01-17,231477.69,Agent C
DEAL00831,OPP00862,CUST00320,CRM License,Prospecting,2025-03-29,2025-04-29,257260.48,Agent D
DEAL00832,OPP00679,CUST01445,Analytics Suite,Negotiation,2026-02-09,2026-09-27,130320.64,Agent E
DEAL00833,OPP00258,CUST00039,Analytics Suite,Won,2025-08-26,2025-10-27,309055.76,Agent B
DEAL00834,OPP00055,CUST00438,CRM License,Prospecting,2026-02-11,2026-03-17,161727.07,Agent D
DEAL00835,OPP01115,CUST00837,Cloud Subscription,Lost,2025-03-24,2025-04-25,55598.91,Agent B
DEAL00836,OPP01209,CUST00869,AI Platform,Lost,2026-03-15,2026-06-02,270941.17,Agent E
DEAL00837,OPP00188,CUST00078,Cloud Subscription,Negotiation,2025-02-10,2025-05-26,190043.05,Agent A
DEAL00838,OPP01808,CUST01059,CRM License,Negotiation,2025-07-27,2025-08-20,211759.74,Agent D
DEAL00839,OPP01088,CUST01944,Support Package,Prospecting,2026-06-25,2026-11-24,140941.08,Agent B
DEAL00840,OPP00107,CUST00210,Laptop,Prospecting,2026-01-13,2026-06-11,251644.64,Agent C
DEAL00841,OPP01683,CUST00988,AI Platform,Won,2025-10-20,2026-04-26,22093.1,Agent D
DEAL00842,OPP00395,CUST01175,Cloud Subscription,Proposal,2025-07-17,2025-07-27,176999.76,Agent E
DEAL00843,OPP01346,CUST00649,AI Platform,Qualification,2025-02-23,2025-03-24,155233.92,Agent C
DEAL00844,OPP01353,CUST01150,Laptop,Proposal,2025-03-08,2025-05-01,263802.53,Agent C
DEAL00845,OPP01621,CUST00682,Analytics Suite,Proposal,2026-03-04,2026-06-21,100395.53,Agent C
DEAL00846,OPP01620,CUST00318,CRM License,Lost,2025-06-13,2025-11-03,89461.89,Agent D
DEAL00847,OPP01972,CUST01681,Support Package,Won,2025-02-14,2025-04-09,118742.97,Agent E
DEAL00848,OPP00174,CUST01998,CRM License,Qualification,2025-09-19,2025-12-18,173384.82,Agent B
DEAL00849,OPP00730,CUST00772,AI Platform,Qualification,2025-08-25,2025-12-29,81358.32,Agent D
DEAL00850,OPP00728,CUST00185,AI Platform,Qualification,2026-07-25,2026-12-05,242630.38,Agent D
DEAL00851,OPP00753,CUST00328,AI Platform,Negotiation,2025-05-18,2025-09-24,122747.83,Agent D
DEAL00852,OPP00478,CUST01791,Cloud Subscription,Proposal,2025-06-09,2025-11-12,153319.25,Agent D
DEAL00853,OPP00468,CUST01762,Laptop,Lost,2025-04-09,2025-10-09,199581.77,Agent E
DEAL00854,OPP01930,CUST00984,AI Platform,Lost,2025-04-23,2025-11-11,138137.61,Agent D
DEAL00855,OPP01798,CUST01743,Cloud Subscription,Proposal,2025-11-14,2026-07-03,248417.2,Agent C
DEAL00856,OPP01365,CUST00446,Support Package,Negotiation,2025-05-13,2025-08-19,233106.37,Agent D
DEAL00857,OPP01110,CUST00801,Cloud Subscription,Qualification,2026-03-05,2026-05-27,267323.86,Agent E
DEAL00858,OPP00952,CUST00226,Analytics Suite,Lost,2026-05-03,2026-07-13,187821.56,Agent A
DEAL00859,OPP01365,CUST01090,AI Platform,Prospecting,2025-10-18,2026-01-14,134923.43,Agent A
DEAL00860,OPP01725,CUST01399,Analytics Suite,Won,2025-05-23,2025-10-02,78383.42,Agent D
DEAL00861,OPP00853,CUST01924,CRM License,Proposal,2026-05-05,2026-09-29,158541.28,Agent E
DEAL00862,OPP01076,CUST01509,Laptop,Negotiation,2026-07-30,2026-08-22,306824.99,Agent A
DEAL00863,OPP01825,CUST01330,CRM License,Won,2026-07-01,2027-02-25,51148.87,Agent D
DEAL00864,OPP01823,CUST01347,Support Package,Won,2026-07-03,2026-07-19,83236.6,Agent C
DEAL00865,OPP00460,CUST01259,Support Package,Prospecting,2026-04-27,2026-08-05,236183.57,Agent E
DEAL00866,OPP00478,CUST00840,Support Package,Lost,2026-03-17,2026-07-07,205483.58,Agent D
DEAL00867,OPP00409,CUST01001,Support Package,Proposal,2026-07-25,2026-10-20,321503.08,Agent B
DEAL00868,OPP00055,CUST00346,Support Package,Qualification,2025-07-22,2025-09-17,19871.31,Agent C
DEAL00869,OPP01389,CUST00041,Analytics Suite,Won,2026-07-08,2026-11-15,308695.54,Agent D
DEAL00870,OPP00858,CUST01580,AI Platform,Prospecting,2025-01-13,2025-01-21,256666.57,Agent C
DEAL00871,OPP00064,CUST00993,Analytics Suite,Prospecting,2026-05-12,2026-11-08,273675.67,Agent C
DEAL00872,OPP00409,CUST01743,Support Package,Proposal,2025-07-19,2025-12-31,138746.81,Agent A
DEAL00873,OPP01065,CUST00244,AI Platform,Lost,2025-06-24,2025-12-27,114490.58,Agent B
DEAL00874,OPP01672,CUST00784,Cloud Subscription,Lost,2026-02-07,2026-08-23,14888.46,Agent A
DEAL00875,OPP01326,CUST00515,Analytics Suite,Won,2025-04-14,2025-11-13,277717.76,Agent D
DEAL00876,OPP01066,CUST01683,Support Package,Negotiation,2026-08-16,2026-09-26,64928.09,Agent C
DEAL00877,OPP00373,CUST00754,Analytics Suite,Negotiation,2026-03-10,2026-09-27,86883.92,Agent C
DEAL00878,OPP00578,CUST01272,CRM License,Proposal,2025-01-12,2025-05-30,104030.89,Agent A
DEAL00879,OPP01564,CUST00169,Support Package,Proposal,2026-05-19,2026-06-23,305689.27,Agent C
DEAL00880,OPP01548,CUST01054,Support Package,Qualification,2025-03-06,2025-10-28,107886.14,Agent A
DEAL00881,OPP01737,CUST00883,Cloud Subscription,Lost,2026-05-06,2026-11-18,154732.3,Agent A
DEAL00882,OPP01054,CUST01222,Laptop,Won,2026-04-30,2026-07-08,264097.14,Agent E
DEAL00883,OPP00547,CUST01171,Cloud Subscription,Proposal,2026-01-19,2026-08-21,313372.14,Agent E
DEAL00884,OPP01006,CUST00216,Support Package,Negotiation,2025-12-24,2026-06-19,279002.06,Agent E
DEAL00885,OPP01793,CUST00101,CRM License,Prospecting,2026-05-10,2026-08-29,192040.71,Agent A
DEAL00886,OPP00362,CUST00251,AI Platform,Won,2026-05-22,2026-07-05,10740.93,Agent B
DEAL00887,OPP01694,CUST00436,Support Package,Proposal,2026-02-26,2026-08-22,63666.38,Agent D
DEAL00888,OPP01991,CUST01454,Analytics Suite,Qualification,2025-04-12,2025-11-22,96224.94,Agent A
DEAL00889,OPP01640,CUST00539,Analytics Suite,Lost,2026-02-01,2026-03-24,150680.29,Agent E
DEAL00890,OPP01319,CUST01940,Laptop,Lost,2025-05-01,2025-05-08,133144.47,Agent E
DEAL00891,OPP00819,CUST00174,CRM License,Prospecting,2025-01-28,2025-03-29,184898.16,Agent D
DEAL00892,OPP01710,CUST01016,Laptop,Prospecting,2025-04-01,2025-06-15,150089.36,Agent A
DEAL00893,OPP00322,CUST01432,Cloud Subscription,Lost,2025-10-02,2026-01-05,256862.68,Agent C
DEAL00894,OPP01520,CUST00109,Laptop,Lost,2026-07-29,2027-03-20,27758.44,Agent C
DEAL00895,OPP00804,CUST01029,Laptop,Qualification,2025-01-21,2025-09-09,348207.58,Agent E
DEAL00896,OPP01006,CUST00137,Cloud Subscription,Won,2025-02-14,2025-07-27,296640.01,Agent D
DEAL00897,OPP00927,CUST01580,Laptop,Proposal,2025-02-25,2025-04-23,123888.67,Agent A
DEAL00898,OPP00020,CUST00935,Laptop,Won,2025-04-24,2025-06-19,144912.72,Agent D
DEAL00899,OPP01974,CUST01730,Cloud Subscription,Prospecting,2025-11-19,2025-12-15,337660.28,Agent C
DEAL00900,OPP01334,CUST01316,AI Platform,Proposal,2026-05-05,2026-11-12,328173.46,Agent A
DEAL00901,OPP01201,CUST00634,Laptop,Proposal,2025-01-29,2025-03-28,143679.01,Agent A
DEAL00902,OPP00202,CUST00310,Support Package,Negotiation,2026-04-25,2026-11-27,30269.38,Agent E
DEAL00903,OPP01558,CUST00317,Laptop,Won,2026-06-29,2026-11-22,345908.56,Agent E
DEAL00904,OPP01923,CUST00067,Analytics Suite,Proposal,2025-02-17,2025-06-17,232276.15,Agent B
DEAL00905,OPP01630,CUST00601,Laptop,Lost,2025-09-26,2026-05-07,245620.62,Agent E
DEAL00906,OPP00499,CUST01459,CRM License,Qualification,2026-05-01,2026-06-13,103362.46,Agent E
DEAL00907,OPP00363,CUST00710,CRM License,Negotiation,2026-02-22,2026-06-17,288359.52,Agent D
DEAL00908,OPP00735,CUST00293,AI Platform,Won,2025-04-21,2025-06-27,199543.84,Agent C
DEAL00909,OPP00046,CUST00161,Analytics Suite,Won,2025-03-30,2025-05-18,169882.39,Agent D
DEAL00910,OPP01104,CUST00877,Support Package,Prospecting,2025-09-23,2026-05-07,262008.68,Agent C
DEAL00911,OPP00917,CUST00420,Cloud Subscription,Qualification,2026-05-21,2026-10-16,136445.82,Agent C
DEAL00912,OPP01006,CUST01469,Laptop,Prospecting,2026-07-20,2026-09-02,155997.64,Agent E
DEAL00913,OPP01980,CUST00674,CRM License,Lost,2025-10-12,2025-11-13,231791.12,Agent A
DEAL00914,OPP01311,CUST00251,CRM License,Proposal,2025-11-12,2026-01-30,227459.38,Agent B
DEAL00915,OPP00834,CUST00546,AI Platform,Prospecting,2025-11-30,2026-06-19,340203.23,Agent C
DEAL00916,OPP01567,CUST00886,AI Platform,Qualification,2025-10-20,2025-11-29,201369.45,Agent B
DEAL00917,OPP00740,CUST00076,AI Platform,Lost,2026-01-22,2026-07-20,119135.05,Agent D
DEAL00918,OPP01516,CUST00223,Cloud Subscription,Proposal,2025-06-13,2025-07-14,107729.22,Agent D
DEAL00919,OPP01866,CUST01922,Support Package,Negotiation,2025-11-18,2026-02-11,191566.46,Agent E
DEAL00920,OPP01817,CUST00696,Cloud Subscription,Won,2026-01-01,2026-05-09,50650.04,Agent B
DEAL00921,OPP01038,CUST01497,Support Package,Lost,2025-12-02,2026-01-08,209953.63,Agent D
DEAL00922,OPP00940,CUST01825,Support Package,Proposal,2026-08-05,2026-11-12,142686.68,Agent D
DEAL00923,OPP00796,CUST00228,Analytics Suite,Won,2026-03-20,2026-05-28,129679.01,Agent D
DEAL00924,OPP01069,CUST01373,Cloud Subscription,Negotiation,2026-03-14,2026-03-31,75442.3,Agent C
DEAL00925,OPP01873,CUST01667,Analytics Suite,Lost,2026-04-26,2026-05-03,178440.54,Agent D
DEAL00926,OPP01749,CUST00047,Analytics Suite,Won,2025-11-11,2025-12-21,22795.2,Agent E
DEAL00927,OPP01213,CUST00622,Cloud Subscription,Negotiation,2025-07-02,2025-12-30,216442.53,Agent A
DEAL00928,OPP00565,CUST00269,Support Package,Negotiation,2025-11-16,2025-12-01,107086.69,Agent B
DEAL00929,OPP00754,CUST00064,Analytics Suite,Qualification,2026-07-04,2026-11-05,317723.81,Agent E
DEAL00930,OPP00492,CUST00588,Support Package,Negotiation,2026-06-09,2026-06-21,188963.04,Agent A
DEAL00931,OPP00374,CUST00366,AI Platform,Won,2025-07-30,2025-09-25,275399.66,Agent B
DEAL00932,OPP00019,CUST01792,Support Package,Won,2025-10-15,2025-12-02,299404.21,Agent C
DEAL00933,OPP01548,CUST00475,Support Package,Proposal,2025-06-12,2025-09-06,308854.28,Agent C
DEAL00934,OPP01477,CUST01495,Support Package,Prospecting,2025-01-08,2025-07-07,306014.54,Agent C
DEAL00935,OPP00359,CUST00103,AI Platform,Negotiation,2025-07-05,2025-10-18,86659.37,Agent C
DEAL00936,OPP01376,CUST01235,Cloud Subscription,Negotiation,2025-03-02,2025-03-12,113127.29,Agent E
DEAL00937,OPP00331,CUST01390,Laptop,Qualification,2025-08-02,2025-09-11,250698.96,Agent A
DEAL00938,OPP00554,CUST00306,Analytics Suite,Prospecting,2025-02-02,2025-04-20,192790.25,Agent B
DEAL00939,OPP00518,CUST00863,Cloud Subscription,Lost,2025-07-08,2025-09-17,217172.98,Agent D
DEAL00940,OPP00260,CUST01858,Cloud Subscription,Qualification,2026-03-02,2026-07-18,240427.97,Agent B
DEAL00941,OPP01459,CUST01229,AI Platform,Proposal,2026-05-18,2026-08-14,48845.89,Agent C
DEAL00942,OPP00086,CUST01617,Analytics Suite,Lost,2026-06-13,2026-12-10,67224.19,Agent E
DEAL00943,OPP00811,CUST00850,Laptop,Lost,2025-12-01,2026-02-04,226864.32,Agent B
DEAL00944,OPP00976,CUST00479,Laptop,Qualification,2025-11-22,2026-05-05,222626.25,Agent D
DEAL00945,OPP01155,CUST00940,Cloud Subscription,Prospecting,2026-07-31,2026-08-30,287926.75,Agent C
DEAL00946,OPP00387,CUST00809,AI Platform,Lost,2025-11-28,2026-07-23,245885.83,Agent C
DEAL00947,OPP00943,CUST01966,Support Package,Negotiation,2025-02-20,2025-10-14,80610.06,Agent D
DEAL00948,OPP01587,CUST00857,Cloud Subscription,Negotiation,2026-07-12,2026-09-21,33824.6,Agent D
DEAL00949,OPP00749,CUST01255,Laptop,Proposal,2026-01-01,2026-03-03,142948.42,Agent B
DEAL00950,OPP01901,CUST01176,AI Platform,Won,2026-02-02,2026-02-09,136232.6,Agent A
DEAL00951,OPP00860,CUST00744,Support Package,Lost,2025-02-27,2025-10-19,270921.45,Agent D
DEAL00952,OPP01554,CUST00750,Support Package,Proposal,2025-10-07,2025-10-22,238304.34,Agent A
DEAL00953,OPP00229,CUST01690,Support Package,Lost,2025-10-01,2025-10-08,306548.84,Agent A
DEAL00954,OPP01704,CUST00421,Cloud Subscription,Qualification,2026-05-01,2026-05-30,181449.01,Agent C
DEAL00955,OPP00960,CUST00832,Support Package,Qualification,2025-08-17,2025-10-31,108157.69,Agent E
DEAL00956,OPP01982,CUST01334,Cloud Subscription,Prospecting,2025-07-24,2026-03-15,181445.13,Agent D
DEAL00957,OPP01402,CUST00114,Support Package,Proposal,2026-02-10,2026-03-27,83270.68,Agent A
DEAL00958,OPP01482,CUST01356,AI Platform,Qualification,2025-01-10,2025-05-29,30580.41,Agent E
DEAL00959,OPP00297,CUST01666,AI Platform,Qualification,2026-03-21,2026-08-26,179892.24,Agent D
DEAL00960,OPP01135,CUST00885,Analytics Suite,Lost,2025-01-05,2025-07-17,150625.74,Agent E
DEAL00961,OPP01477,CUST01166,Cloud Subscription,Qualification,2025-05-22,2025-11-07,20957.88,Agent B
DEAL00962,OPP01621,CUST00974,AI Platform,Won,2025-10-24,2026-06-17,255233.07,Agent C
DEAL00963,OPP00753,CUST01332,Support Package,Qualification,2025-04-26,2025-10-04,229079.38,Agent C
DEAL00964,OPP01128,CUST00102,Cloud Subscription,Lost,2025-01-22,2025-08-13,35092.74,Agent E
DEAL00965,OPP00347,CUST01235,CRM License,Qualification,2025-09-08,2025-11-28,251408.02,Agent D
DEAL00966,OPP00866,CUST00913,Cloud Subscription,Lost,2026-02-26,2026-06-07,38159.58,Agent E
DEAL00967,OPP00952,CUST00072,Analytics Suite,Qualification,2025-05-25,2025-11-19,186003.26,Agent A
DEAL00968,OPP00066,CUST01601,Cloud Subscription,Prospecting,2025-06-13,2026-01-10,221563.93,Agent C
DEAL00969,OPP01834,CUST00304,Support Package,Lost,2026-02-08,2026-02-16,179655.09,Agent C
DEAL00970,OPP01286,CUST01183,AI Platform,Proposal,2026-07-19,2026-11-04,264117.99,Agent A
DEAL00971,OPP00367,CUST01701,Analytics Suite,Qualification,2025-11-05,2026-05-17,141092.65,Agent A
DEAL00972,OPP01796,CUST01842,Analytics Suite,Lost,2025-11-30,2026-01-02,82404.89,Agent E
DEAL00973,OPP01383,CUST01257,Cloud Subscription,Lost,2026-05-08,2026-08-05,175378.71,Agent A
DEAL00974,OPP01387,CUST01434,Support Package,Prospecting,2025-02-09,2025-06-23,126360.56,Agent E
DEAL00975,OPP01866,CUST01170,CRM License,Qualification,2026-08-08,2026-09-03,61433.96,Agent C
DEAL00976,OPP00809,CUST01556,Laptop,Proposal,2025-10-11,2026-05-19,170168.37,Agent C
DEAL00977,OPP00711,CUST01952,Laptop,Proposal,2025-08-14,2025-11-14,78486.34,Agent A
DEAL00978,OPP01234,CUST00917,CRM License,Lost,2026-01-04,2026-07-12,169900.71,Agent B
DEAL00979,OPP01778,CUST00826,Analytics Suite,Proposal,2026-06-28,2026-10-12,211459.53,Agent C
DEAL00980,OPP01626,CUST00347,AI Platform,Prospecting,2026-07-13,2026-10-21,275947.19,Agent B
DEAL00981,OPP01574,CUST01959,Support Package,Proposal,2026-04-09,2026-11-27,300076.43,Agent C
DEAL00982,OPP01529,CUST01825,Analytics Suite,Proposal,2025-10-16,2026-05-10,237175.52,Agent C
DEAL00983,OPP00070,CUST01413,Support Package,Won,2025-03-30,2025-08-04,313804.35,Agent A
DEAL00984,OPP00983,CUST01319,AI Platform,Prospecting,2025-04-24,2025-08-17,199648.32,Agent E
DEAL00985,OPP00712,CUST00410,Support Package,Lost,2026-05-14,2026-11-18,251546.97,Agent D
DEAL00986,OPP00724,CUST01819,Analytics Suite,Proposal,2025-03-16,2025-08-29,271923.29,Agent B
DEAL00987,OPP01712,CUST00116,AI Platform,Qualification,2025-10-14,2026-06-06,290447.62,Agent B
DEAL00988,OPP00794,CUST01236,Analytics Suite,Won,2025-08-31,2025-11-23,265629.49,Agent E
DEAL00989,OPP01674,CUST00508,Cloud Subscription,Won,2026-02-27,2026-04-01,316820.8,Agent A
DEAL00990,OPP01816,CUST00909,Laptop,Qualification,2025-07-24,2025-09-14,170770.64,Agent B
DEAL00991,OPP00911,CUST00191,Cloud Subscription,Negotiation,2026-02-23,2026-07-02,334183.92,Agent E
DEAL00992,OPP00340,CUST00270,Analytics Suite,Negotiation,2025-10-30,2026-01-18,146097.44,Agent A
DEAL00993,OPP01397,CUST00754,Laptop,Negotiation,2026-06-13,2026-12-25,33864.75,Agent B
DEAL00994,OPP01726,CUST00796,CRM License,Prospecting,2025-04-22,2025-11-18,71919.27,Agent E
DEAL00995,OPP00813,CUST01764,Analytics Suite,Won,2026-03-30,2026-05-19,199810.4,Agent D
DEAL00996,OPP00391,CUST01196,Cloud Subscription,Qualification,2026-03-07,2026-10-30,14959.89,Agent E
DEAL00997,OPP01042,CUST00063,Analytics Suite,Lost,2026-05-07,2026-10-08,63514.01,Agent D
DEAL00998,OPP01962,CUST01862,CRM License,Qualification,2025-10-20,2025-12-27,137186.3,Agent A
DEAL00999,OPP01035,CUST01221,Laptop,Negotiation,2025-07-11,2025-09-02,222261.02,Agent A
DEAL01000,OPP00897,CUST01659,Support Package,Negotiation,2025-11-05,2025-12-20,66287.04,Agent E
DEAL01001,OPP00880,CUST01849,Support Package,Qualification,2026-08-03,2026-11-27,205453.83,Agent E
DEAL01002,OPP01467,CUST01027,CRM License,Lost,2025-04-27,2025-05-20,235469.52,Agent E
DEAL01003,OPP00682,CUST00359,Cloud Subscription,Lost,2026-01-30,2026-03-08,269644.21,Agent E
DEAL01004,OPP01459,CUST00896,Support Package,Won,2025-05-14,2025-11-12,234562.78,Agent E
DEAL01005,OPP01974,CUST01374,Laptop,Prospecting,2026-04-07,2026-08-05,95028.14,Agent A
DEAL01006,OPP01546,CUST00067,AI Platform,Negotiation,2025-09-10,2026-01-18,349102.47,Agent E
DEAL01007,OPP01858,CUST01893,CRM License,Prospecting,2026-05-27,2026-08-17,312004.55,Agent C
DEAL01008,OPP01579,CUST00703,Laptop,Proposal,2025-04-08,2025-08-22,136996.45,Agent B
DEAL01009,OPP01688,CUST01320,Laptop,Won,2025-03-15,2025-06-09,19924.49,Agent E
DEAL01010,OPP00079,CUST01963,Support Package,Lost,2026-07-21,2026-08-07,189760.8,Agent D
DEAL01011,OPP00706,CUST01731,AI Platform,Qualification,2025-07-20,2025-12-06,304164.49,Agent D
DEAL01012,OPP00547,CUST01483,Cloud Subscription,Lost,2025-02-20,2025-03-17,289460.71,Agent D
DEAL01013,OPP01727,CUST00598,Support Package,Proposal,2026-05-14,2026-10-28,315169.39,Agent A
DEAL01014,OPP00460,CUST01050,AI Platform,Negotiation,2025-09-04,2026-04-12,339635.53,Agent D
DEAL01015,OPP01936,CUST01003,CRM License,Negotiation,2026-07-04,2026-12-13,252429.57,Agent B
DEAL01016,OPP01398,CUST01725,Analytics Suite,Prospecting,2025-09-18,2026-02-06,65215.16,Agent B
DEAL01017,OPP00248,CUST00080,AI Platform,Negotiation,2026-03-27,2026-11-13,22380.47,Agent B
DEAL01018,OPP01367,CUST00047,Support Package,Negotiation,2025-12-11,2026-02-07,61478.48,Agent D
DEAL01019,OPP00686,CUST00237,Analytics Suite,Won,2025-10-15,2026-04-20,78373.96,Agent B
DEAL01020,OPP00595,CUST01916,Support Package,Lost,2025-10-17,2025-12-11,30872.7,Agent B
DEAL01021,OPP01989,CUST01082,CRM License,Negotiation,2025-05-30,2025-06-06,164173.59,Agent C
DEAL01022,OPP01588,CUST01400,CRM License,Negotiation,2026-03-16,2026-05-18,276518.42,Agent A
DEAL01023,OPP01527,CUST00190,CRM License,Prospecting,2025-11-09,2026-03-13,11445.61,Agent B
DEAL01024,OPP00624,CUST00027,Analytics Suite,Qualification,2025-01-01,2025-01-22,283232.95,Agent D
DEAL01025,OPP01326,CUST01301,CRM License,Lost,2025-08-25,2025-11-04,324604.49,Agent A
DEAL01026,OPP00686,CUST01412,Support Package,Prospecting,2025-08-30,2025-09-17,61675.23,Agent B
DEAL01027,OPP01206,CUST00855,Analytics Suite,Prospecting,2026-06-12,2026-08-14,17257.69,Agent C
DEAL01028,OPP00798,CUST00167,Cloud Subscription,Proposal,2025-09-12,2026-03-05,172984.08,Agent B
DEAL01029,OPP01220,CUST00980,Analytics Suite,Won,2025-12-05,2026-01-16,305300.27,Agent E
DEAL01030,OPP01490,CUST01280,CRM License,Negotiation,2025-02-19,2025-04-28,260522.68,Agent D
DEAL01031,OPP00631,CUST00427,AI Platform,Lost,2025-08-22,2025-09-29,21797.69,Agent E
DEAL01032,OPP00024,CUST00602,Laptop,Proposal,2025-06-19,2025-09-23,238909.9,Agent C
DEAL01033,OPP00194,CUST01494,Cloud Subscription,Qualification,2025-10-25,2026-04-27,288033.27,Agent C
DEAL01034,OPP01813,CUST00425,Support Package,Won,2026-06-20,2026-10-30,102156.88,Agent E
DEAL01035,OPP01919,CUST00199,Laptop,Qualification,2026-07-11,2026-09-02,232160.54,Agent A
DEAL01036,OPP01385,CUST01257,CRM License,Qualification,2025-06-21,2025-09-10,177942.65,Agent C
DEAL01037,OPP00215,CUST00047,Analytics Suite,Proposal,2026-01-01,2026-06-13,79913.88,Agent A
DEAL01038,OPP01174,CUST00869,Laptop,Proposal,2026-07-23,2026-11-18,316513.2,Agent C
DEAL01039,OPP00865,CUST01140,Laptop,Prospecting,2025-05-17,2025-09-08,85822.84,Agent A
DEAL01040,OPP00475,CUST00130,Support Package,Proposal,2025-09-19,2026-04-15,295761.64,Agent E
DEAL01041,OPP00759,CUST01307,Cloud Subscription,Proposal,2025-10-26,2026-05-11,248562.77,Agent B
DEAL01042,OPP01572,CUST01645,AI Platform,Won,2025-01-02,2025-03-06,85109.06,Agent C
DEAL01043,OPP01993,CUST01948,Support Package,Won,2025-10-05,2026-03-25,251849.9,Agent D
DEAL01044,OPP01746,CUST00533,AI Platform,Proposal,2025-03-14,2025-09-21,18841.67,Agent D
DEAL01045,OPP00408,CUST00655,Cloud Subscription,Prospecting,2025-07-05,2026-02-06,90332.34,Agent C
DEAL01046,OPP01004,CUST01237,CRM License,Won,2025-03-10,2025-05-17,107037.7,Agent B
DEAL01047,OPP01057,CUST01199,AI Platform,Negotiation,2026-03-15,2026-09-07,312324.58,Agent D
DEAL01048,OPP00585,CUST01219,CRM License,Won,2026-05-13,2026-07-02,321231.75,Agent C
DEAL01049,OPP00871,CUST00630,CRM License,Lost,2025-06-09,2025-09-27,102137.3,Agent C
DEAL01050,OPP00762,CUST00113,Analytics Suite,Negotiation,2025-01-25,2025-02-17,171383.91,Agent C
DEAL01051,OPP00140,CUST00050,AI Platform,Won,2025-10-21,2026-03-17,343751.97,Agent A
DEAL01052,OPP00833,CUST01995,Cloud Subscription,Won,2025-03-10,2025-08-23,236432.36,Agent E
DEAL01053,OPP00729,CUST00813,Analytics Suite,Qualification,2025-09-20,2026-01-09,33702.21,Agent D
DEAL01054,OPP00612,CUST00896,Cloud Subscription,Lost,2025-11-21,2026-03-03,143086.88,Agent D
DEAL01055,OPP01228,CUST01253,Support Package,Proposal,2025-10-06,2025-12-08,153289.01,Agent B
DEAL01056,OPP01425,CUST00411,Analytics Suite,Lost,2025-11-08,2026-05-13,114174.87,Agent E
DEAL01057,OPP00094,CUST00764,CRM License,Lost,2025-12-04,2026-07-11,186770.49,Agent C
DEAL01058,OPP00685,CUST00874,Cloud Subscription,Qualification,2025-04-08,2025-05-15,260247.05,Agent A
DEAL01059,OPP00062,CUST00190,Analytics Suite,Prospecting,2026-02-12,2026-04-24,245110.23,Agent E
DEAL01060,OPP01643,CUST01207,CRM License,Lost,2026-02-03,2026-06-30,129526.38,Agent E
DEAL01061,OPP01855,CUST00388,Laptop,Qualification,2025-03-27,2025-06-27,260457.51,Agent D
DEAL01062,OPP00928,CUST00007,Support Package,Negotiation,2025-09-16,2025-09-26,191585.15,Agent A
DEAL01063,OPP01891,CUST01242,CRM License,Negotiation,2025-06-21,2025-07-02,271634.49,Agent E
DEAL01064,OPP01258,CUST00601,AI Platform,Qualification,2025-08-25,2025-10-25,48722.26,Agent D
DEAL01065,OPP01739,CUST01436,Analytics Suite,Qualification,2026-04-06,2026-11-24,147618.4,Agent D
DEAL01066,OPP01896,CUST01073,Cloud Subscription,Qualification,2025-12-22,2026-05-20,144180.91,Agent B
DEAL01067,OPP01175,CUST00059,Cloud Subscription,Prospecting,2026-06-26,2026-08-31,129612.96,Agent E
DEAL01068,OPP00893,CUST01389,Cloud Subscription,Lost,2025-12-06,2025-12-26,247331.52,Agent B
DEAL01069,OPP01484,CUST00082,Laptop,Proposal,2025-01-27,2025-07-29,199423.7,Agent C
DEAL01070,OPP00341,CUST00627,Support Package,Negotiation,2026-02-28,2026-06-02,141203.3,Agent B
DEAL01071,OPP00594,CUST01373,AI Platform,Proposal,2025-02-13,2025-05-22,192342.79,Agent C
DEAL01072,OPP01100,CUST00808,Support Package,Proposal,2025-07-23,2025-12-07,249493.59,Agent E
DEAL01073,OPP00403,CUST00770,CRM License,Lost,2026-07-11,2026-09-09,239543.33,Agent D
DEAL01074,OPP00994,CUST00443,Cloud Subscription,Negotiation,2026-08-13,2027-02-05,268629.2,Agent B
DEAL01075,OPP01712,CUST00888,Laptop,Proposal,2025-03-30,2025-06-18,299501.53,Agent A
DEAL01076,OPP01566,CUST00587,Laptop,Prospecting,2026-08-11,2027-01-29,261393.24,Agent D
DEAL01077,OPP01783,CUST01893,Laptop,Prospecting,2026-08-07,2026-12-12,71247.31,Agent C
DEAL01078,OPP01721,CUST01375,CRM License,Prospecting,2026-06-08,2026-07-19,297836.82,Agent B
DEAL01079,OPP00665,CUST01818,Laptop,Prospecting,2026-05-09,2026-10-08,122887.9,Agent D
DEAL01080,OPP01426,CUST00675,CRM License,Negotiation,2025-02-14,2025-03-10,236431.68,Agent C
DEAL01081,OPP00745,CUST01901,AI Platform,Qualification,2025-03-13,2025-09-02,346929.71,Agent D
DEAL01082,OPP01943,CUST00560,Laptop,Prospecting,2026-01-01,2026-04-05,110178.3,Agent B
DEAL01083,OPP00354,CUST00619,Analytics Suite,Proposal,2025-03-03,2025-08-13,101871.72,Agent D
DEAL01084,OPP00539,CUST00598,Cloud Subscription,Lost,2025-05-30,2025-08-01,71935.57,Agent D
DEAL01085,OPP01884,CUST01180,AI Platform,Won,2026-08-06,2026-11-15,344586.5,Agent A
DEAL01086,OPP00479,CUST01226,Analytics Suite,Negotiation,2026-06-27,2026-09-13,155158.09,Agent E
DEAL01087,OPP01239,CUST00130,CRM License,Prospecting,2025-06-01,2025-08-05,276514.26,Agent B
DEAL01088,OPP00583,CUST01122,AI Platform,Proposal,2025-11-18,2026-02-12,26741.43,Agent B
DEAL01089,OPP00569,CUST01906,Support Package,Negotiation,2025-11-18,2025-12-07,71344.16,Agent E
DEAL01090,OPP01342,CUST00814,Laptop,Qualification,2025-06-06,2025-09-13,31482.71,Agent E
DEAL01091,OPP01590,CUST01400,Support Package,Qualification,2025-05-21,2025-06-25,287315.91,Agent B
DEAL01092,OPP00466,CUST01265,Laptop,Negotiation,2025-09-18,2026-01-23,46228.19,Agent D
DEAL01093,OPP01966,CUST01960,CRM License,Negotiation,2025-12-25,2026-01-22,323874.94,Agent C
DEAL01094,OPP00177,CUST01286,CRM License,Lost,2026-04-25,2026-05-04,235677.54,Agent C
DEAL01095,OPP00201,CUST00942,Analytics Suite,Proposal,2026-05-16,2026-09-02,319242.89,Agent E
DEAL01096,OPP01956,CUST00027,CRM License,Negotiation,2025-01-13,2025-03-30,149011.94,Agent C
DEAL01097,OPP00111,CUST01608,Cloud Subscription,Negotiation,2026-01-27,2026-08-26,188723.67,Agent E
DEAL01098,OPP00630,CUST00679,AI Platform,Negotiation,2026-01-03,2026-03-12,19374.58,Agent D
DEAL01099,OPP00243,CUST01850,Laptop,Won,2025-01-28,2025-05-08,168408.01,Agent D
DEAL01100,OPP00445,CUST00489,CRM License,Lost,2026-05-13,2026-07-14,210843.76,Agent C
DEAL01101,OPP00149,CUST00875,Laptop,Prospecting,2025-12-21,2026-07-23,44200.63,Agent C
DEAL01102,OPP00718,CUST01659,Analytics Suite,Prospecting,2026-03-05,2026-09-11,343619.99,Agent B
DEAL01103,OPP00592,CUST00304,Laptop,Lost,2026-01-29,2026-03-17,11492.94,Agent A
DEAL01104,OPP00317,CUST00551,AI Platform,Prospecting,2025-07-19,2025-09-22,100933.21,Agent B
DEAL01105,OPP01438,CUST01584,Analytics Suite,Negotiation,2025-04-30,2025-06-19,219311.34,Agent D
DEAL01106,OPP00072,CUST00635,Laptop,Qualification,2025-08-14,2025-09-25,179197.02,Agent E
DEAL01107,OPP00949,CUST01916,Cloud Subscription,Qualification,2026-03-31,2026-06-02,91327.55,Agent E
DEAL01108,OPP00611,CUST01076,CRM License,Prospecting,2026-01-15,2026-08-08,345496.25,Agent E
DEAL01109,OPP01301,CUST01651,AI Platform,Proposal,2026-01-09,2026-05-02,74218.32,Agent A
DEAL01110,OPP00676,CUST01095,Laptop,Won,2025-03-19,2025-06-23,203239.65,Agent D
DEAL01111,OPP00946,CUST00091,Laptop,Negotiation,2025-01-06,2025-02-26,49400.59,Agent A
DEAL01112,OPP01623,CUST01622,Cloud Subscription,Negotiation,2026-02-03,2026-03-24,29087.51,Agent C
DEAL01113,OPP00289,CUST00840,Laptop,Prospecting,2026-07-21,2026-12-04,175876.4,Agent D
DEAL01114,OPP00872,CUST00776,Analytics Suite,Negotiation,2025-08-02,2026-01-31,283598.02,Agent D
DEAL01115,OPP01125,CUST01473,CRM License,Qualification,2025-09-23,2026-02-07,190647.11,Agent E
DEAL01116,OPP01474,CUST00563,Analytics Suite,Negotiation,2026-07-25,2027-01-01,109834.35,Agent D
DEAL01117,OPP01074,CUST00857,AI Platform,Proposal,2025-05-19,2025-07-25,15688.1,Agent A
DEAL01118,OPP01472,CUST01217,Laptop,Qualification,2025-11-08,2026-06-23,329780.91,Agent D
DEAL01119,OPP01592,CUST01187,CRM License,Won,2025-02-21,2025-09-07,82040.76,Agent D
DEAL01120,OPP01578,CUST01457,Laptop,Lost,2025-06-07,2026-01-04,205354.43,Agent C
DEAL01121,OPP01231,CUST00165,CRM License,Prospecting,2025-08-12,2026-01-21,15278.93,Agent D
DEAL01122,OPP01838,CUST01986,CRM License,Proposal,2026-02-13,2026-07-31,43049.55,Agent C
DEAL01123,OPP00046,CUST01217,Support Package,Prospecting,2025-07-03,2025-07-26,67857.63,Agent E
DEAL01124,OPP00998,CUST01237,Laptop,Lost,2025-10-02,2025-11-15,48186.71,Agent A
DEAL01125,OPP01605,CUST01766,Support Package,Qualification,2025-06-27,2025-08-03,190456.25,Agent D
DEAL01126,OPP00208,CUST00982,Support Package,Negotiation,2025-03-26,2025-07-23,144998.16,Agent E
DEAL01127,OPP01637,CUST00061,Laptop,Won,2026-04-18,2026-09-08,282436.91,Agent B
DEAL01128,OPP00078,CUST00267,Laptop,Negotiation,2026-02-06,2026-03-12,49509.42,Agent C
DEAL01129,OPP01574,CUST01895,Laptop,Qualification,2026-01-20,2026-07-21,156563.12,Agent D
DEAL01130,OPP00374,CUST01974,Cloud Subscription,Negotiation,2025-12-14,2026-04-28,155605.32,Agent D
DEAL01131,OPP01336,CUST00168,AI Platform,Negotiation,2025-03-21,2025-08-13,88476.01,Agent C
DEAL01132,OPP01659,CUST01370,Laptop,Prospecting,2025-11-04,2026-06-12,42626.9,Agent B
DEAL01133,OPP01629,CUST01322,CRM License,Lost,2026-02-27,2026-07-20,13625.36,Agent A
DEAL01134,OPP01149,CUST00331,Cloud Subscription,Lost,2025-10-22,2025-10-29,16401.48,Agent A
DEAL01135,OPP01817,CUST01575,Support Package,Won,2026-03-08,2026-09-10,145532.51,Agent D
DEAL01136,OPP00281,CUST00920,Support Package,Proposal,2025-07-16,2026-02-12,28454.28,Agent B
DEAL01137,OPP00473,CUST00462,CRM License,Negotiation,2025-11-03,2025-11-29,144149.57,Agent D
DEAL01138,OPP00266,CUST01121,Analytics Suite,Lost,2025-08-15,2025-12-25,158719.24,Agent D
DEAL01139,OPP01439,CUST01811,CRM License,Qualification,2026-08-17,2026-12-11,161431.22,Agent E
DEAL01140,OPP01784,CUST00434,CRM License,Proposal,2025-04-17,2025-05-29,75162.86,Agent D
DEAL01141,OPP01861,CUST01238,Laptop,Qualification,2025-06-18,2025-08-28,179563.2,Agent E
DEAL01142,OPP01041,CUST01465,Analytics Suite,Won,2026-02-10,2026-09-04,143387.88,Agent A
DEAL01143,OPP00265,CUST01251,Laptop,Prospecting,2025-02-04,2025-05-13,346439.17,Agent B
DEAL01144,OPP00344,CUST01301,Analytics Suite,Prospecting,2025-11-02,2026-03-14,25425.47,Agent A
DEAL01145,OPP01253,CUST01452,Analytics Suite,Prospecting,2025-01-18,2025-07-25,28318.69,Agent E
DEAL01146,OPP01794,CUST00468,Cloud Subscription,Won,2025-11-11,2026-03-02,290340.16,Agent C
DEAL01147,OPP01976,CUST00204,CRM License,Negotiation,2025-07-11,2026-02-10,100446.46,Agent D
DEAL01148,OPP01442,CUST01980,Cloud Subscription,Negotiation,2025-04-24,2025-08-25,72487.4,Agent C
DEAL01149,OPP01762,CUST00640,AI Platform,Negotiation,2025-10-24,2026-06-17,307324.99,Agent C
DEAL01150,OPP00956,CUST01898,Laptop,Proposal,2025-07-17,2025-08-27,191127.89,Agent E
DEAL01151,OPP00393,CUST00537,Analytics Suite,Lost,2025-02-16,2025-09-17,219368.49,Agent B
DEAL01152,OPP00931,CUST00532,Analytics Suite,Lost,2025-11-14,2025-12-17,12706.63,Agent E
DEAL01153,OPP00199,CUST00050,CRM License,Proposal,2025-12-04,2026-06-18,98655.34,Agent B
DEAL01154,OPP01346,CUST00884,Laptop,Negotiation,2026-01-30,2026-07-10,98129.01,Agent B
DEAL01155,OPP00659,CUST01890,Cloud Subscription,Negotiation,2026-06-21,2026-11-05,268703.35,Agent C
DEAL01156,OPP00677,CUST01790,Laptop,Negotiation,2026-02-23,2026-09-23,141087.77,Agent A
DEAL01157,OPP00007,CUST00610,AI Platform,Negotiation,2026-04-20,2026-09-23,206328.0,Agent B
DEAL01158,OPP02000,CUST00813,Laptop,Qualification,2026-01-22,2026-07-09,326847.22,Agent B
DEAL01159,OPP00855,CUST01340,AI Platform,Qualification,2026-02-05,2026-08-06,344790.23,Agent C
DEAL01160,OPP01570,CUST01910,Laptop,Won,2026-04-18,2026-11-06,53291.98,Agent E
DEAL01161,OPP01040,CUST01209,Support Package,Won,2026-01-30,2026-04-01,198994.82,Agent B
DEAL01162,OPP01282,CUST00401,AI Platform,Prospecting,2025-10-27,2026-05-18,247708.26,Agent A
DEAL01163,OPP00936,CUST00713,Analytics Suite,Qualification,2026-03-12,2026-08-03,275897.95,Agent B
DEAL01164,OPP01375,CUST01449,Cloud Subscription,Proposal,2026-07-30,2026-08-13,322836.79,Agent B
DEAL01165,OPP00400,CUST00048,AI Platform,Qualification,2025-10-22,2026-05-30,257634.66,Agent C
DEAL01166,OPP01993,CUST01200,Analytics Suite,Qualification,2025-05-15,2025-11-17,244577.97,Agent C
DEAL01167,OPP00856,CUST01539,Analytics Suite,Proposal,2025-08-28,2026-03-30,28393.21,Agent A
DEAL01168,OPP00022,CUST00693,AI Platform,Lost,2025-01-09,2025-07-14,195238.51,Agent A
DEAL01169,OPP01906,CUST01078,Analytics Suite,Lost,2025-07-02,2025-09-27,213580.25,Agent A
DEAL01170,OPP00046,CUST01436,Support Package,Prospecting,2026-06-13,2026-09-09,246809.18,Agent E
DEAL01171,OPP00945,CUST01191,Cloud Subscription,Lost,2025-03-01,2025-05-11,208343.52,Agent E
DEAL01172,OPP01571,CUST00049,Analytics Suite,Won,2026-06-14,2026-09-24,149213.03,Agent D
DEAL01173,OPP00741,CUST01172,AI Platform,Qualification,2025-12-02,2025-12-17,175735.54,Agent E
DEAL01174,OPP00419,CUST00462,Analytics Suite,Proposal,2025-07-09,2026-01-05,338888.66,Agent B
DEAL01175,OPP00482,CUST01480,AI Platform,Proposal,2025-10-09,2026-04-09,121895.31,Agent C
DEAL01176,OPP01371,CUST00523,Cloud Subscription,Qualification,2026-06-08,2027-01-30,276715.37,Agent E
DEAL01177,OPP01148,CUST01957,Support Package,Qualification,2025-03-12,2025-07-25,216529.64,Agent A
DEAL01178,OPP01007,CUST00235,Laptop,Won,2025-12-04,2026-07-29,160902.52,Agent A
DEAL01179,OPP01029,CUST01782,Cloud Subscription,Negotiation,2025-11-19,2026-01-13,150868.29,Agent C
DEAL01180,OPP00638,CUST00068,CRM License,Qualification,2026-04-15,2026-08-10,192657.05,Agent B
DEAL01181,OPP01871,CUST01366,Analytics Suite,Won,2026-07-04,2027-01-09,281929.45,Agent B
DEAL01182,OPP00463,CUST00706,AI Platform,Proposal,2025-06-02,2025-12-09,51531.05,Agent C
DEAL01183,OPP01676,CUST00391,Support Package,Qualification,2026-01-31,2026-08-06,319623.51,Agent B
DEAL01184,OPP01554,CUST00437,Analytics Suite,Proposal,2025-09-11,2026-01-04,273209.93,Agent C
DEAL01185,OPP00014,CUST00078,AI Platform,Negotiation,2025-10-27,2025-11-20,128669.61,Agent B
DEAL01186,OPP00342,CUST00266,Laptop,Prospecting,2025-04-07,2025-11-01,13461.74,Agent D
DEAL01187,OPP01105,CUST00785,Support Package,Won,2026-05-26,2026-08-29,45776.75,Agent D
DEAL01188,OPP00318,CUST00315,Support Package,Prospecting,2025-04-12,2025-09-17,59094.42,Agent B
DEAL01189,OPP01706,CUST01937,CRM License,Prospecting,2025-01-24,2025-03-03,45217.21,Agent D
DEAL01190,OPP00884,CUST01653,CRM License,Won,2026-03-27,2026-11-07,44944.85,Agent B
DEAL01191,OPP01674,CUST00945,CRM License,Negotiation,2025-08-30,2025-11-04,336449.36,Agent A
DEAL01192,OPP00239,CUST00190,CRM License,Lost,2025-02-09,2025-10-06,233876.41,Agent B
DEAL01193,OPP00049,CUST01973,CRM License,Negotiation,2026-02-10,2026-08-02,289017.17,Agent A
DEAL01194,OPP01284,CUST01450,Support Package,Qualification,2025-06-19,2025-09-10,201356.68,Agent B
DEAL01195,OPP01605,CUST00367,Laptop,Negotiation,2026-08-05,2026-11-06,220624.8,Agent D
DEAL01196,OPP01984,CUST00108,AI Platform,Proposal,2026-08-08,2027-03-31,309539.43,Agent B
DEAL01197,OPP01576,CUST01240,Cloud Subscription,Proposal,2025-11-25,2026-04-19,99069.53,Agent D
DEAL01198,OPP01496,CUST00082,CRM License,Negotiation,2025-10-11,2026-03-28,246138.38,Agent C
DEAL01199,OPP00116,CUST01229,AI Platform,Prospecting,2025-09-23,2026-02-19,315765.05,Agent A
DEAL01200,OPP01207,CUST00885,Support Package,Proposal,2025-12-28,2026-02-28,328339.37,Agent A
DEAL01201,OPP01428,CUST01761,Support Package,Qualification,2026-06-26,2026-08-02,160976.4,Agent D
DEAL01202,OPP00790,CUST00764,CRM License,Proposal,2026-01-17,2026-01-24,301282.15,Agent A
DEAL01203,OPP01999,CUST00896,Cloud Subscription,Won,2025-03-01,2025-06-10,181312.25,Agent E
DEAL01204,OPP01976,CUST01092,Support Package,Qualification,2025-04-27,2025-10-10,97681.23,Agent B
DEAL01205,OPP01713,CUST01967,AI Platform,Negotiation,2026-01-11,2026-03-29,95326.08,Agent E
DEAL01206,OPP01760,CUST01406,Laptop,Won,2025-08-09,2025-10-06,163600.62,Agent A
DEAL01207,OPP01137,CUST01339,Analytics Suite,Proposal,2025-10-13,2026-01-18,97682.1,Agent D
DEAL01208,OPP01642,CUST00620,AI Platform,Won,2025-08-27,2025-10-26,20192.74,Agent D
DEAL01209,OPP00143,CUST00967,Laptop,Lost,2025-12-22,2026-04-09,45885.98,Agent A
DEAL01210,OPP00461,CUST00389,Analytics Suite,Prospecting,2025-05-18,2025-09-30,298734.85,Agent E
DEAL01211,OPP01328,CUST00784,CRM License,Lost,2025-02-13,2025-04-24,310052.98,Agent A
DEAL01212,OPP00248,CUST01645,Support Package,Qualification,2025-05-20,2025-06-03,306834.91,Agent D
DEAL01213,OPP01626,CUST00200,Support Package,Negotiation,2026-02-03,2026-03-05,198262.2,Agent B
DEAL01214,OPP00356,CUST00331,Laptop,Won,2025-12-29,2026-04-12,327973.9,Agent E
DEAL01215,OPP00699,CUST01172,Support Package,Proposal,2026-04-28,2026-06-15,179691.49,Agent E
DEAL01216,OPP00518,CUST01597,CRM License,Qualification,2025-03-06,2025-09-15,167265.2,Agent C
DEAL01217,OPP01083,CUST01951,Cloud Subscription,Prospecting,2025-03-26,2025-05-10,171289.93,Agent E
DEAL01218,OPP00164,CUST01175,Support Package,Prospecting,2025-03-18,2025-03-31,96398.06,Agent E
DEAL01219,OPP01625,CUST01314,Laptop,Won,2025-12-02,2026-05-02,218591.15,Agent A
DEAL01220,OPP01777,CUST00579,Analytics Suite,Negotiation,2025-12-08,2026-05-09,162643.39,Agent E
DEAL01221,OPP01495,CUST00820,CRM License,Qualification,2025-04-05,2025-09-15,341383.61,Agent D
DEAL01222,OPP00371,CUST00629,Support Package,Proposal,2025-09-25,2025-11-07,68473.67,Agent E
DEAL01223,OPP00582,CUST00219,Support Package,Lost,2025-01-31,2025-07-15,36079.45,Agent A
DEAL01224,OPP00454,CUST00742,Analytics Suite,Prospecting,2025-12-31,2026-07-27,129387.54,Agent A
DEAL01225,OPP01205,CUST00436,CRM License,Negotiation,2025-12-06,2026-05-02,83286.97,Agent E
DEAL01226,OPP01777,CUST01183,Support Package,Lost,2025-01-17,2025-04-25,347247.56,Agent B
DEAL01227,OPP01759,CUST01508,Laptop,Proposal,2025-02-22,2025-06-21,199916.61,Agent D
DEAL01228,OPP01917,CUST01960,Cloud Subscription,Won,2026-02-25,2026-09-09,132303.99,Agent C
DEAL01229,OPP01380,CUST01761,Laptop,Prospecting,2026-06-20,2026-07-30,228531.99,Agent C
DEAL01230,OPP00444,CUST00637,Cloud Subscription,Prospecting,2026-05-22,2026-11-13,164057.91,Agent D
DEAL01231,OPP00797,CUST01878,Analytics Suite,Won,2025-12-04,2026-02-11,81000.55,Agent A
DEAL01232,OPP00589,CUST01884,CRM License,Prospecting,2025-11-09,2026-06-08,144136.56,Agent B
DEAL01233,OPP00128,CUST01008,Analytics Suite,Won,2026-04-27,2026-06-05,107360.48,Agent E
DEAL01234,OPP01601,CUST00411,CRM License,Prospecting,2026-05-17,2026-09-21,226781.48,Agent E
DEAL01235,OPP01157,CUST01556,CRM License,Lost,2026-06-25,2026-10-03,287633.32,Agent D
DEAL01236,OPP01941,CUST00226,Support Package,Prospecting,2025-08-27,2025-12-25,99276.21,Agent A
DEAL01237,OPP01683,CUST00723,CRM License,Lost,2025-10-11,2026-01-15,221251.07,Agent C
DEAL01238,OPP01300,CUST01065,AI Platform,Prospecting,2025-02-17,2025-03-04,250883.15,Agent B
DEAL01239,OPP00088,CUST01728,Support Package,Qualification,2025-04-15,2025-11-07,135803.68,Agent E
DEAL01240,OPP00886,CUST01953,AI Platform,Proposal,2025-08-14,2025-12-23,175762.12,Agent E
DEAL01241,OPP00950,CUST01636,AI Platform,Prospecting,2026-04-28,2026-09-21,131997.67,Agent D
DEAL01242,OPP01350,CUST00970,Cloud Subscription,Proposal,2025-09-24,2026-01-30,136787.69,Agent D
DEAL01243,OPP01135,CUST00170,AI Platform,Prospecting,2025-12-17,2026-04-26,161713.62,Agent A
DEAL01244,OPP01561,CUST01600,Support Package,Prospecting,2026-05-31,2026-10-26,110443.79,Agent E
DEAL01245,OPP00045,CUST01714,Laptop,Proposal,2025-10-11,2026-01-23,176032.19,Agent C
DEAL01246,OPP00226,CUST00946,Cloud Subscription,Prospecting,2025-07-19,2025-08-25,265763.38,Agent C
DEAL01247,OPP01906,CUST01109,Cloud Subscription,Proposal,2026-03-12,2026-03-25,144061.23,Agent C
DEAL01248,OPP00871,CUST01701,CRM License,Lost,2025-07-07,2025-11-16,331448.85,Agent D
DEAL01249,OPP01646,CUST00265,AI Platform,Prospecting,2025-08-20,2025-10-09,84118.48,Agent D
DEAL01250,OPP01715,CUST01626,AI Platform,Lost,2026-06-14,2026-10-04,162831.61,Agent D
DEAL01251,OPP00242,CUST01026,Laptop,Prospecting,2025-09-18,2026-02-13,214572.9,Agent E
DEAL01252,OPP01411,CUST01373,Support Package,Negotiation,2026-05-13,2026-10-05,194709.9,Agent E
DEAL01253,OPP00348,CUST00382,AI Platform,Prospecting,2026-01-18,2026-03-05,331959.83,Agent E
DEAL01254,OPP00308,CUST01231,Analytics Suite,Lost,2026-04-03,2026-09-10,120271.53,Agent D
DEAL01255,OPP00489,CUST00537,Laptop,Prospecting,2025-07-14,2026-02-25,138394.96,Agent E
DEAL01256,OPP01511,CUST01037,Laptop,Won,2026-04-12,2026-07-12,212531.73,Agent E
DEAL01257,OPP00187,CUST01050,AI Platform,Lost,2026-07-22,2026-08-25,212764.74,Agent C
DEAL01258,OPP01335,CUST01914,Laptop,Qualification,2025-04-08,2025-08-10,277729.93,Agent A
DEAL01259,OPP00763,CUST01341,Laptop,Won,2025-04-24,2025-09-21,280135.35,Agent D
DEAL01260,OPP00530,CUST01115,Support Package,Won,2025-12-03,2026-03-12,13696.13,Agent B
DEAL01261,OPP00480,CUST00804,Cloud Subscription,Prospecting,2026-03-08,2026-08-01,269827.79,Agent B
DEAL01262,OPP00689,CUST00675,CRM License,Lost,2025-01-01,2025-07-05,254075.35,Agent C
DEAL01263,OPP00699,CUST01305,CRM License,Qualification,2025-11-24,2026-04-14,209161.86,Agent E
DEAL01264,OPP00629,CUST01765,Cloud Subscription,Negotiation,2025-03-17,2025-09-25,117775.5,Agent A
DEAL01265,OPP01037,CUST01145,Cloud Subscription,Won,2026-08-07,2026-09-17,318399.06,Agent D
DEAL01266,OPP01987,CUST01321,AI Platform,Negotiation,2026-03-09,2026-05-23,260994.67,Agent B
DEAL01267,OPP00904,CUST00656,Laptop,Lost,2026-08-16,2026-12-30,97477.72,Agent C
DEAL01268,OPP00368,CUST01117,AI Platform,Proposal,2025-05-10,2025-07-16,113774.87,Agent C
DEAL01269,OPP01224,CUST01144,Analytics Suite,Proposal,2026-04-19,2026-12-13,251554.94,Agent D
DEAL01270,OPP01659,CUST01365,Cloud Subscription,Negotiation,2025-08-16,2026-01-28,322002.47,Agent B
DEAL01271,OPP01200,CUST00633,Cloud Subscription,Qualification,2025-03-03,2025-06-13,176784.0,Agent B
DEAL01272,OPP01062,CUST00698,AI Platform,Won,2025-10-14,2026-04-19,308927.89,Agent D
DEAL01273,OPP01339,CUST00719,Analytics Suite,Qualification,2025-10-07,2026-05-31,139918.93,Agent B
DEAL01274,OPP01762,CUST00842,CRM License,Won,2025-10-26,2025-11-04,144355.67,Agent E
DEAL01275,OPP00154,CUST00585,AI Platform,Lost,2026-05-25,2026-10-08,243220.01,Agent D
DEAL01276,OPP01964,CUST00392,Analytics Suite,Prospecting,2025-06-16,2025-09-30,27182.81,Agent A
DEAL01277,OPP01787,CUST01001,Support Package,Won,2026-01-16,2026-07-17,57233.42,Agent C
DEAL01278,OPP01923,CUST01711,CRM License,Prospecting,2025-04-29,2025-07-16,257664.5,Agent C
DEAL01279,OPP00997,CUST00064,Analytics Suite,Lost,2026-06-08,2026-08-29,92309.07,Agent B
DEAL01280,OPP01709,CUST01332,Cloud Subscription,Won,2025-09-30,2026-04-03,69526.88,Agent A
DEAL01281,OPP00164,CUST01634,Analytics Suite,Prospecting,2026-04-22,2026-11-22,40277.93,Agent C
DEAL01282,OPP00828,CUST01649,CRM License,Qualification,2025-06-10,2025-07-20,86450.52,Agent C
DEAL01283,OPP01760,CUST01706,Support Package,Negotiation,2025-07-06,2025-12-03,95160.11,Agent E
DEAL01284,OPP00543,CUST00635,Cloud Subscription,Lost,2026-08-09,2027-02-13,125994.84,Agent B
DEAL01285,OPP01528,CUST00202,Laptop,Prospecting,2025-04-27,2025-06-11,329032.05,Agent D
DEAL01286,OPP00639,CUST01991,Analytics Suite,Qualification,2025-12-01,2026-05-11,229170.29,Agent E
DEAL01287,OPP01179,CUST01400,Cloud Subscription,Qualification,2025-07-12,2026-03-04,245726.62,Agent C
DEAL01288,OPP01307,CUST00715,Support Package,Proposal,2025-08-21,2026-03-12,55134.45,Agent A
DEAL01289,OPP01756,CUST01705,CRM License,Negotiation,2026-02-19,2026-04-12,75506.67,Agent A
DEAL01290,OPP00684,CUST00708,Cloud Subscription,Won,2026-04-12,2026-12-05,315548.17,Agent E
DEAL01291,OPP01575,CUST01499,Laptop,Prospecting,2025-10-14,2026-01-12,225665.1,Agent E
DEAL01292,OPP00870,CUST01922,Analytics Suite,Won,2026-01-16,2026-05-14,285281.34,Agent E
DEAL01293,OPP00787,CUST01536,Analytics Suite,Prospecting,2025-01-27,2025-04-11,131537.3,Agent A
DEAL01294,OPP00160,CUST01311,Laptop,Negotiation,2025-05-20,2025-11-05,206250.34,Agent C
DEAL01295,OPP00153,CUST00383,Analytics Suite,Proposal,2026-03-19,2026-04-24,180750.59,Agent A
DEAL01296,OPP01543,CUST01867,Analytics Suite,Won,2026-02-01,2026-07-23,79840.08,Agent A
DEAL01297,OPP00210,CUST00852,Cloud Subscription,Prospecting,2025-01-27,2025-02-15,290421.63,Agent C
DEAL01298,OPP00223,CUST01247,Support Package,Won,2026-06-16,2027-01-05,123477.12,Agent D
DEAL01299,OPP00371,CUST01224,AI Platform,Proposal,2025-09-01,2025-11-22,168741.73,Agent E
DEAL01300,OPP00675,CUST00493,Laptop,Negotiation,2025-07-01,2025-11-05,55217.65,Agent B
DEAL01301,OPP00326,CUST01207,Cloud Subscription,Proposal,2025-10-03,2025-12-02,227041.28,Agent A
DEAL01302,OPP01181,CUST00782,AI Platform,Lost,2025-08-24,2025-09-25,278986.05,Agent C
DEAL01303,OPP01645,CUST00700,CRM License,Won,2025-10-27,2025-11-08,149532.02,Agent B
DEAL01304,OPP01063,CUST01718,Laptop,Lost,2025-04-08,2025-11-29,342564.88,Agent B
DEAL01305,OPP01331,CUST01444,Support Package,Lost,2025-03-24,2025-05-01,97578.55,Agent D
DEAL01306,OPP01787,CUST00979,Laptop,Negotiation,2026-08-13,2026-09-02,306847.4,Agent D
DEAL01307,OPP01790,CUST00039,Cloud Subscription,Negotiation,2026-03-22,2026-07-26,255213.27,Agent E
DEAL01308,OPP01318,CUST01418,CRM License,Won,2025-08-04,2026-03-23,325268.95,Agent A
DEAL01309,OPP00137,CUST01477,Analytics Suite,Proposal,2026-05-22,2026-06-17,261820.39,Agent C
DEAL01310,OPP01579,CUST00334,Analytics Suite,Won,2026-04-20,2026-06-25,178249.77,Agent D
DEAL01311,OPP01516,CUST01514,Cloud Subscription,Lost,2026-02-20,2026-07-06,150579.96,Agent E
DEAL01312,OPP00607,CUST00800,CRM License,Lost,2026-03-06,2026-07-05,291995.83,Agent B
DEAL01313,OPP00325,CUST01466,Cloud Subscription,Negotiation,2026-07-21,2026-08-30,295723.58,Agent A
DEAL01314,OPP00265,CUST01679,CRM License,Lost,2026-05-13,2026-12-27,210227.33,Agent A
DEAL01315,OPP00553,CUST01401,Cloud Subscription,Negotiation,2025-06-03,2025-09-01,248722.27,Agent C
DEAL01316,OPP01487,CUST01883,AI Platform,Lost,2026-03-10,2026-08-21,167371.56,Agent D
DEAL01317,OPP01892,CUST00153,AI Platform,Qualification,2025-04-06,2025-07-28,84246.24,Agent E
DEAL01318,OPP00308,CUST00649,Analytics Suite,Won,2025-10-27,2026-03-19,26993.36,Agent D
DEAL01319,OPP00830,CUST00119,CRM License,Prospecting,2025-02-10,2025-09-15,232259.83,Agent C
DEAL01320,OPP01669,CUST00346,Support Package,Lost,2025-04-11,2025-07-02,237532.43,Agent B
DEAL01321,OPP00172,CUST00748,CRM License,Proposal,2026-03-07,2026-09-19,236189.61,Agent E
DEAL01322,OPP01887,CUST00047,CRM License,Proposal,2025-08-10,2025-10-24,201218.54,Agent A
DEAL01323,OPP00037,CUST00793,AI Platform,Won,2025-04-07,2025-06-26,126416.29,Agent E
DEAL01324,OPP00566,CUST00255,Laptop,Proposal,2026-08-07,2026-08-21,92292.46,Agent E
DEAL01325,OPP00065,CUST00227,Support Package,Qualification,2026-07-14,2026-10-09,32339.64,Agent B
DEAL01326,OPP01523,CUST01672,AI Platform,Prospecting,2025-05-17,2025-10-07,60322.97,Agent B
DEAL01327,OPP00855,CUST01489,Cloud Subscription,Won,2025-12-23,2026-05-28,223621.38,Agent D
DEAL01328,OPP00875,CUST00912,Support Package,Proposal,2025-06-25,2025-10-10,271144.26,Agent C
DEAL01329,OPP01094,CUST01135,Analytics Suite,Prospecting,2026-04-25,2026-07-24,318591.76,Agent D
DEAL01330,OPP00598,CUST00584,Cloud Subscription,Prospecting,2026-02-15,2026-04-15,38531.7,Agent D
DEAL01331,OPP01515,CUST00972,Laptop,Negotiation,2025-09-17,2026-04-22,286768.92,Agent E
DEAL01332,OPP00863,CUST01552,AI Platform,Qualification,2026-07-09,2026-10-13,213122.72,Agent C
DEAL01333,OPP01592,CUST01043,AI Platform,Negotiation,2026-03-14,2026-05-31,112447.57,Agent A
DEAL01334,OPP01294,CUST01587,Laptop,Qualification,2025-04-01,2025-11-13,256769.53,Agent D
DEAL01335,OPP01350,CUST00970,AI Platform,Lost,2025-09-22,2026-02-24,346380.37,Agent E
DEAL01336,OPP01977,CUST00725,CRM License,Negotiation,2026-05-10,2026-11-30,139002.0,Agent E
DEAL01337,OPP01014,CUST01790,AI Platform,Negotiation,2025-11-18,2026-02-23,223328.89,Agent D
DEAL01338,OPP00601,CUST01803,AI Platform,Lost,2025-03-01,2025-06-16,98683.08,Agent C
DEAL01339,OPP01456,CUST00458,AI Platform,Prospecting,2026-04-07,2026-09-30,79709.55,Agent B
DEAL01340,OPP01412,CUST00927,Cloud Subscription,Won,2025-10-14,2026-06-06,60704.63,Agent C
DEAL01341,OPP00967,CUST01545,Analytics Suite,Negotiation,2025-05-22,2025-11-28,20932.23,Agent B
DEAL01342,OPP00670,CUST00523,Cloud Subscription,Qualification,2026-05-02,2026-08-24,256095.56,Agent D
DEAL01343,OPP01861,CUST01498,Laptop,Proposal,2026-06-12,2026-11-05,59626.05,Agent C
DEAL01344,OPP00503,CUST01800,Support Package,Proposal,2025-12-17,2026-03-15,239932.8,Agent E
DEAL01345,OPP00158,CUST00472,Cloud Subscription,Negotiation,2026-03-03,2026-06-24,305667.02,Agent C
DEAL01346,OPP01264,CUST00306,AI Platform,Qualification,2025-05-24,2025-08-29,297843.87,Agent D
DEAL01347,OPP00163,CUST01890,Laptop,Qualification,2026-03-21,2026-04-20,111648.11,Agent A
DEAL01348,OPP01523,CUST01992,AI Platform,Qualification,2026-06-23,2027-01-19,52298.11,Agent A
DEAL01349,OPP01685,CUST01718,Laptop,Negotiation,2025-05-22,2025-06-29,160641.92,Agent C
DEAL01350,OPP01435,CUST01227,CRM License,Qualification,2026-07-16,2026-09-23,71638.33,Agent C
DEAL01351,OPP00473,CUST00172,CRM License,Proposal,2025-02-23,2025-04-29,136992.69,Agent E
DEAL01352,OPP01886,CUST01831,Cloud Subscription,Lost,2025-09-23,2025-11-20,203399.27,Agent C
DEAL01353,OPP00178,CUST00398,Analytics Suite,Prospecting,2025-02-13,2025-06-15,229077.97,Agent E
DEAL01354,OPP00215,CUST00358,Laptop,Qualification,2025-09-24,2026-05-12,84230.08,Agent E
DEAL01355,OPP00609,CUST01435,Cloud Subscription,Prospecting,2026-01-21,2026-04-14,87280.68,Agent B
DEAL01356,OPP01082,CUST00779,CRM License,Won,2026-06-03,2026-11-28,304428.93,Agent C
DEAL01357,OPP01421,CUST01736,Analytics Suite,Proposal,2025-03-31,2025-09-24,331261.84,Agent D
DEAL01358,OPP00582,CUST01747,AI Platform,Lost,2026-06-13,2026-12-14,228431.67,Agent C
DEAL01359,OPP01832,CUST01611,Cloud Subscription,Prospecting,2026-08-19,2027-01-18,199319.89,Agent B
DEAL01360,OPP01634,CUST01675,AI Platform,Proposal,2025-02-09,2025-08-07,233744.91,Agent B
DEAL01361,OPP00462,CUST01092,Support Package,Qualification,2026-07-27,2027-01-27,53730.96,Agent A
DEAL01362,OPP00125,CUST01744,Support Package,Negotiation,2026-06-25,2026-12-08,314993.27,Agent B
DEAL01363,OPP01404,CUST01831,AI Platform,Negotiation,2025-01-18,2025-06-04,80922.53,Agent C
DEAL01364,OPP00352,CUST00561,Cloud Subscription,Lost,2025-02-07,2025-03-07,237691.41,Agent A
DEAL01365,OPP00564,CUST00851,Analytics Suite,Won,2026-03-09,2026-07-12,85470.03,Agent C
DEAL01366,OPP01545,CUST01236,Laptop,Prospecting,2025-09-08,2026-03-09,249969.12,Agent A
DEAL01367,OPP00379,CUST01719,Laptop,Negotiation,2025-06-05,2025-08-30,266167.5,Agent B
DEAL01368,OPP00710,CUST00780,Analytics Suite,Lost,2025-08-29,2025-11-01,261955.63,Agent C
DEAL01369,OPP01855,CUST00521,Analytics Suite,Won,2025-07-23,2025-12-15,155757.5,Agent E
DEAL01370,OPP01364,CUST00642,Support Package,Won,2026-08-05,2026-09-11,216391.06,Agent A
DEAL01371,OPP01241,CUST01600,Laptop,Negotiation,2025-05-24,2025-11-14,213316.14,Agent C
DEAL01372,OPP01998,CUST01041,Cloud Subscription,Lost,2025-02-22,2025-10-16,254906.37,Agent C
DEAL01373,OPP01542,CUST00510,Analytics Suite,Negotiation,2026-05-11,2026-09-07,179660.29,Agent D
DEAL01374,OPP00920,CUST01431,Cloud Subscription,Negotiation,2026-05-16,2026-05-29,182479.86,Agent D
DEAL01375,OPP01330,CUST01321,Analytics Suite,Won,2026-06-17,2026-08-26,242698.88,Agent A
DEAL01376,OPP01066,CUST01038,Laptop,Prospecting,2026-08-02,2026-08-16,67851.31,Agent B
DEAL01377,OPP00728,CUST01240,Cloud Subscription,Qualification,2025-01-25,2025-05-19,231843.14,Agent C
DEAL01378,OPP01951,CUST00461,Support Package,Prospecting,2026-04-04,2026-06-22,60398.53,Agent E
DEAL01379,OPP01187,CUST00366,Analytics Suite,Won,2025-06-10,2025-12-14,256443.91,Agent C
DEAL01380,OPP01493,CUST01615,Analytics Suite,Negotiation,2025-09-09,2026-03-31,142230.46,Agent B
DEAL01381,OPP00820,CUST01361,Support Package,Won,2025-09-25,2026-01-11,295458.12,Agent B
DEAL01382,OPP00394,CUST01956,Support Package,Lost,2026-08-11,2027-04-02,40060.04,Agent D
DEAL01383,OPP00245,CUST01878,AI Platform,Lost,2025-11-08,2026-02-27,166577.98,Agent D
DEAL01384,OPP01609,CUST00726,AI Platform,Negotiation,2025-05-13,2025-06-16,66853.93,Agent C
DEAL01385,OPP01043,CUST00926,AI Platform,Proposal,2025-02-22,2025-09-28,305413.49,Agent C
DEAL01386,OPP01032,CUST01699,Analytics Suite,Won,2025-12-18,2026-03-27,52584.32,Agent D
DEAL01387,OPP00243,CUST00007,AI Platform,Lost,2026-05-10,2026-12-09,174966.4,Agent C
DEAL01388,OPP01575,CUST01728,Analytics Suite,Lost,2026-02-28,2026-08-25,45785.42,Agent A
DEAL01389,OPP00528,CUST00336,AI Platform,Prospecting,2026-07-11,2027-02-21,281222.23,Agent E
DEAL01390,OPP01198,CUST00522,Cloud Subscription,Lost,2025-01-25,2025-07-01,105893.46,Agent C
DEAL01391,OPP00701,CUST00964,Cloud Subscription,Negotiation,2025-08-29,2026-01-21,211980.13,Agent B
DEAL01392,OPP00455,CUST01411,Support Package,Prospecting,2025-12-31,2026-03-02,67848.86,Agent A
DEAL01393,OPP00327,CUST00708,Cloud Subscription,Qualification,2026-05-26,2026-08-06,129546.0,Agent B
DEAL01394,OPP01629,CUST01877,Support Package,Qualification,2025-07-06,2025-09-27,48657.04,Agent E
DEAL01395,OPP00190,CUST01566,Analytics Suite,Proposal,2026-02-08,2026-04-28,197282.56,Agent A
DEAL01396,OPP00005,CUST01480,Analytics Suite,Prospecting,2025-05-04,2025-09-26,11174.06,Agent E
DEAL01397,OPP00614,CUST01546,Laptop,Qualification,2025-12-19,2026-07-16,347644.31,Agent A
DEAL01398,OPP01777,CUST00061,Cloud Subscription,Proposal,2026-04-07,2026-04-22,151534.81,Agent A
DEAL01399,OPP01405,CUST01646,CRM License,Won,2026-05-04,2026-10-02,224012.05,Agent D
DEAL01400,OPP01638,CUST01210,Laptop,Won,2025-09-27,2026-03-29,107505.54,Agent E
DEAL01401,OPP00410,CUST00373,Support Package,Won,2025-10-09,2026-01-27,96104.38,Agent C
DEAL01402,OPP01941,CUST01557,Laptop,Won,2026-06-10,2026-08-20,297685.88,Agent B
DEAL01403,OPP00236,CUST00212,Analytics Suite,Qualification,2025-11-23,2026-03-10,267782.18,Agent E
DEAL01404,OPP00072,CUST01237,AI Platform,Negotiation,2025-07-28,2026-02-13,228719.29,Agent B
DEAL01405,OPP00955,CUST01139,CRM License,Proposal,2025-06-13,2026-01-19,265783.67,Agent D
DEAL01406,OPP00876,CUST00058,Laptop,Qualification,2026-03-01,2026-08-14,69606.47,Agent C
DEAL01407,OPP00583,CUST00750,CRM License,Won,2026-03-01,2026-06-29,327591.36,Agent C
DEAL01408,OPP00339,CUST00241,CRM License,Prospecting,2025-11-17,2026-04-23,164613.47,Agent A
DEAL01409,OPP00643,CUST01894,AI Platform,Prospecting,2025-04-05,2025-09-16,305361.97,Agent C
DEAL01410,OPP00748,CUST01604,AI Platform,Prospecting,2025-04-07,2025-10-09,260259.35,Agent B
DEAL01411,OPP01203,CUST01992,Support Package,Lost,2025-05-25,2025-07-04,107213.23,Agent B
DEAL01412,OPP00720,CUST00977,Analytics Suite,Lost,2025-01-08,2025-02-01,203567.75,Agent B
DEAL01413,OPP00489,CUST00658,Laptop,Qualification,2025-10-14,2026-01-09,338659.57,Agent B
DEAL01414,OPP01196,CUST01916,AI Platform,Qualification,2025-09-05,2025-11-11,22609.97,Agent B
DEAL01415,OPP01166,CUST00614,Analytics Suite,Negotiation,2025-08-18,2026-01-15,155003.79,Agent D
DEAL01416,OPP00875,CUST00830,Support Package,Prospecting,2026-07-12,2026-11-17,220983.46,Agent B
DEAL01417,OPP00221,CUST00268,CRM License,Negotiation,2025-05-23,2025-12-29,125564.66,Agent A
DEAL01418,OPP01932,CUST01644,Cloud Subscription,Lost,2026-04-28,2026-11-02,118091.47,Agent B
DEAL01419,OPP01040,CUST00240,CRM License,Won,2025-04-25,2025-06-05,264555.15,Agent A
DEAL01420,OPP00556,CUST00071,Analytics Suite,Proposal,2025-12-31,2026-07-23,321551.14,Agent E
DEAL01421,OPP01452,CUST01667,Cloud Subscription,Negotiation,2026-05-29,2026-12-01,192793.63,Agent D
DEAL01422,OPP00838,CUST01683,AI Platform,Lost,2026-05-15,2026-08-19,332391.31,Agent E
DEAL01423,OPP00329,CUST01708,Cloud Subscription,Won,2025-12-19,2026-01-08,44434.76,Agent D
DEAL01424,OPP01402,CUST01719,Laptop,Proposal,2025-05-04,2025-11-11,87339.93,Agent A
DEAL01425,OPP00186,CUST00284,AI Platform,Lost,2025-08-13,2025-10-03,39822.06,Agent D
DEAL01426,OPP00554,CUST00725,AI Platform,Prospecting,2025-09-11,2025-11-08,158081.66,Agent A
DEAL01427,OPP01326,CUST01531,Support Package,Negotiation,2026-05-20,2026-09-13,223083.0,Agent E
DEAL01428,OPP01448,CUST00619,Laptop,Negotiation,2025-08-13,2025-09-08,78160.45,Agent D
DEAL01429,OPP01983,CUST01557,Support Package,Prospecting,2026-05-07,2026-08-15,162503.15,Agent A
DEAL01430,OPP01418,CUST01820,Cloud Subscription,Qualification,2026-07-22,2026-09-24,242694.16,Agent A
DEAL01431,OPP00464,CUST01923,Laptop,Proposal,2025-03-08,2025-03-27,227425.67,Agent A
DEAL01432,OPP01425,CUST01556,Support Package,Proposal,2026-07-12,2027-02-14,223955.86,Agent C
DEAL01433,OPP01504,CUST01595,Cloud Subscription,Qualification,2025-12-05,2026-02-10,216050.97,Agent B
DEAL01434,OPP01351,CUST01196,Laptop,Negotiation,2025-12-25,2026-05-07,345447.51,Agent C
DEAL01435,OPP01493,CUST00157,Cloud Subscription,Prospecting,2025-07-02,2026-01-15,252733.31,Agent B
DEAL01436,OPP01635,CUST00873,Analytics Suite,Qualification,2025-07-19,2025-11-15,318608.82,Agent B
DEAL01437,OPP01137,CUST01907,Cloud Subscription,Lost,2025-11-19,2026-02-02,333588.27,Agent A
DEAL01438,OPP01990,CUST01825,CRM License,Prospecting,2025-04-29,2025-10-26,302290.8,Agent E
DEAL01439,OPP01289,CUST00478,AI Platform,Proposal,2026-03-04,2026-08-19,42357.15,Agent A
DEAL01440,OPP00111,CUST01495,AI Platform,Prospecting,2026-02-02,2026-02-11,189943.14,Agent E
DEAL01441,OPP00346,CUST00615,Cloud Subscription,Lost,2025-01-06,2025-07-22,139714.24,Agent D
DEAL01442,OPP00995,CUST00834,Analytics Suite,Lost,2025-05-06,2025-06-09,43003.28,Agent D
DEAL01443,OPP00871,CUST01298,Support Package,Proposal,2025-11-03,2026-04-30,201831.05,Agent A
DEAL01444,OPP01627,CUST00994,AI Platform,Lost,2026-03-19,2026-04-18,82360.34,Agent E
DEAL01445,OPP01346,CUST01209,CRM License,Won,2025-06-23,2025-07-15,207790.65,Agent B
DEAL01446,OPP00001,CUST00197,AI Platform,Lost,2026-06-13,2026-07-18,287912.22,Agent B
DEAL01447,OPP00912,CUST00594,Laptop,Negotiation,2025-11-15,2026-05-13,143904.94,Agent D
DEAL01448,OPP01091,CUST01622,Support Package,Negotiation,2025-11-18,2026-03-10,332941.71,Agent E
DEAL01449,OPP01962,CUST01239,Laptop,Prospecting,2025-03-07,2025-08-01,270599.3,Agent D
DEAL01450,OPP01320,CUST01684,Cloud Subscription,Prospecting,2026-01-10,2026-03-23,283455.91,Agent C
DEAL01451,OPP00361,CUST01931,Analytics Suite,Prospecting,2026-05-03,2026-06-06,48179.07,Agent B
DEAL01452,OPP00384,CUST00712,AI Platform,Prospecting,2025-05-06,2025-11-12,330236.85,Agent A
DEAL01453,OPP00632,CUST00529,AI Platform,Proposal,2025-11-21,2026-06-10,21739.92,Agent C
DEAL01454,OPP00802,CUST00620,CRM License,Negotiation,2025-01-04,2025-07-25,296924.37,Agent A
DEAL01455,OPP00218,CUST01145,Support Package,Lost,2025-05-06,2025-05-28,20081.23,Agent D
DEAL01456,OPP01579,CUST00505,Laptop,Qualification,2025-02-12,2025-09-22,65235.53,Agent A
DEAL01457,OPP00136,CUST00781,Cloud Subscription,Negotiation,2026-04-04,2026-08-15,117217.33,Agent D
DEAL01458,OPP00134,CUST00347,CRM License,Negotiation,2026-08-17,2026-10-08,260838.59,Agent E
DEAL01459,OPP00255,CUST00772,Support Package,Lost,2025-01-23,2025-03-17,315802.94,Agent E
DEAL01460,OPP00270,CUST01896,Support Package,Negotiation,2026-02-23,2026-06-27,236609.58,Agent E
DEAL01461,OPP01129,CUST00848,Laptop,Negotiation,2025-12-20,2026-05-16,257441.31,Agent A
DEAL01462,OPP01637,CUST01519,Laptop,Negotiation,2026-02-23,2026-03-13,108522.76,Agent A
DEAL01463,OPP01886,CUST00861,Cloud Subscription,Negotiation,2025-10-27,2026-02-26,341628.01,Agent A
DEAL01464,OPP01619,CUST00867,Cloud Subscription,Qualification,2026-08-14,2026-10-15,148629.63,Agent E
DEAL01465,OPP01372,CUST01317,Support Package,Qualification,2025-01-24,2025-09-01,320390.69,Agent C
DEAL01466,OPP01181,CUST00221,Laptop,Lost,2025-03-30,2025-08-27,274946.45,Agent A
DEAL01467,OPP00619,CUST00711,Cloud Subscription,Won,2025-05-29,2025-08-30,134870.63,Agent E
DEAL01468,OPP00833,CUST00279,Analytics Suite,Negotiation,2026-04-12,2026-07-26,126665.99,Agent A
DEAL01469,OPP01745,CUST00398,Analytics Suite,Lost,2025-02-15,2025-09-05,241023.54,Agent C
DEAL01470,OPP00212,CUST01420,Cloud Subscription,Proposal,2025-03-15,2025-08-29,329760.24,Agent B
DEAL01471,OPP01651,CUST00350,Analytics Suite,Negotiation,2026-03-13,2026-06-18,238597.12,Agent A
DEAL01472,OPP01623,CUST00407,Analytics Suite,Lost,2025-09-07,2026-03-28,301525.19,Agent E
DEAL01473,OPP00116,CUST01146,Laptop,Won,2026-02-25,2026-07-26,338536.16,Agent B
DEAL01474,OPP00484,CUST00696,CRM License,Proposal,2025-08-07,2025-08-27,122200.89,Agent C
DEAL01475,OPP00621,CUST00246,AI Platform,Won,2025-02-23,2025-07-26,193087.12,Agent B
DEAL01476,OPP01827,CUST01915,AI Platform,Qualification,2025-12-22,2026-08-04,217096.77,Agent A
DEAL01477,OPP00878,CUST01847,Cloud Subscription,Negotiation,2025-03-07,2025-10-01,83840.06,Agent B
DEAL01478,OPP01552,CUST01163,Analytics Suite,Negotiation,2025-10-13,2025-10-29,281166.58,Agent C
DEAL01479,OPP01202,CUST01050,Support Package,Won,2026-06-09,2027-01-07,98997.76,Agent C
DEAL01480,OPP00162,CUST01617,Analytics Suite,Negotiation,2025-04-20,2025-12-11,250337.38,Agent E
DEAL01481,OPP01334,CUST01948,AI Platform,Negotiation,2025-04-30,2025-06-13,188100.23,Agent B
DEAL01482,OPP01271,CUST00208,Analytics Suite,Qualification,2026-07-20,2026-12-22,294468.16,Agent D
DEAL01483,OPP01742,CUST00196,Laptop,Proposal,2025-06-30,2025-12-29,183928.72,Agent E
DEAL01484,OPP01842,CUST00661,Analytics Suite,Qualification,2025-08-11,2025-08-28,209466.88,Agent B
DEAL01485,OPP01175,CUST00610,Laptop,Proposal,2026-02-12,2026-08-30,71564.59,Agent C
DEAL01486,OPP01759,CUST01792,Cloud Subscription,Lost,2025-03-18,2025-06-24,284783.5,Agent B
DEAL01487,OPP00279,CUST01017,AI Platform,Qualification,2025-02-06,2025-04-23,146722.28,Agent E
DEAL01488,OPP01227,CUST01621,CRM License,Qualification,2026-05-18,2026-07-24,207113.12,Agent D
DEAL01489,OPP01156,CUST01335,Laptop,Lost,2026-07-19,2026-11-20,297659.98,Agent D
DEAL01490,OPP00344,CUST01447,Support Package,Lost,2026-08-12,2027-02-21,172992.31,Agent B
DEAL01491,OPP01078,CUST01914,CRM License,Prospecting,2025-01-14,2025-07-31,103317.98,Agent A
DEAL01492,OPP01361,CUST01175,AI Platform,Won,2025-11-12,2026-01-10,100238.52,Agent C
DEAL01493,OPP00831,CUST01553,Analytics Suite,Lost,2026-05-22,2026-12-07,202550.84,Agent A
DEAL01494,OPP01333,CUST00538,AI Platform,Prospecting,2026-05-19,2026-12-04,109009.38,Agent B
DEAL01495,OPP01491,CUST00520,CRM License,Qualification,2025-08-04,2025-08-25,125106.97,Agent D
DEAL01496,OPP01178,CUST01171,AI Platform,Won,2025-10-20,2026-01-07,89833.76,Agent E
DEAL01497,OPP00797,CUST01804,Support Package,Lost,2025-03-31,2025-04-10,161737.52,Agent A
DEAL01498,OPP00532,CUST00102,Analytics Suite,Qualification,2025-03-24,2025-11-16,168467.95,Agent E
DEAL01499,OPP01322,CUST01003,CRM License,Proposal,2025-08-13,2025-12-08,188812.97,Agent B
DEAL01500,OPP01801,CUST00405,Laptop,Proposal,2025-05-18,2025-07-27,211570.56,Agent B
DEAL01501,OPP00924,CUST01769,Support Package,Proposal,2026-08-03,2027-03-06,209887.7,Agent B
DEAL01502,OPP01006,CUST01037,Laptop,Won,2025-02-17,2025-08-02,134865.64,Agent A
DEAL01503,OPP01825,CUST00085,CRM License,Negotiation,2025-11-12,2026-06-26,316230.88,Agent D
DEAL01504,OPP00595,CUST00004,CRM License,Qualification,2025-11-28,2026-06-09,183963.22,Agent D
DEAL01505,OPP01616,CUST01280,AI Platform,Proposal,2025-02-05,2025-09-22,292919.48,Agent C
DEAL01506,OPP00511,CUST00465,CRM License,Proposal,2025-09-20,2025-11-16,199508.75,Agent C
DEAL01507,OPP00516,CUST00083,CRM License,Negotiation,2026-07-16,2026-09-08,136008.49,Agent A
DEAL01508,OPP00563,CUST00305,Analytics Suite,Lost,2025-03-07,2025-03-31,261140.33,Agent A
DEAL01509,OPP00106,CUST00309,Support Package,Negotiation,2025-03-27,2025-06-21,70166.43,Agent A
DEAL01510,OPP00923,CUST00692,Laptop,Proposal,2025-04-09,2025-08-22,339691.31,Agent A
DEAL01511,OPP00708,CUST01437,Cloud Subscription,Qualification,2025-02-02,2025-06-20,204582.87,Agent B
DEAL01512,OPP00462,CUST01717,Support Package,Prospecting,2026-06-12,2026-11-23,45416.33,Agent C
DEAL01513,OPP01514,CUST01065,Laptop,Won,2025-01-28,2025-07-24,153261.81,Agent D
DEAL01514,OPP01035,CUST01895,Laptop,Negotiation,2025-06-17,2025-12-31,252263.0,Agent C
DEAL01515,OPP00392,CUST01583,AI Platform,Prospecting,2026-05-08,2026-09-13,33157.3,Agent C
DEAL01516,OPP00385,CUST00331,Laptop,Proposal,2026-08-17,2026-10-26,98869.36,Agent A
DEAL01517,OPP01620,CUST01471,AI Platform,Qualification,2025-04-02,2025-07-20,324287.22,Agent B
DEAL01518,OPP00542,CUST00463,AI Platform,Prospecting,2025-08-03,2026-03-01,131109.01,Agent E
DEAL01519,OPP00790,CUST01927,Laptop,Lost,2025-04-17,2025-10-31,64115.29,Agent E
DEAL01520,OPP00240,CUST01694,Cloud Subscription,Qualification,2025-04-25,2025-12-01,43450.12,Agent E
DEAL01521,OPP01609,CUST00129,CRM License,Negotiation,2026-07-17,2026-11-26,220481.3,Agent D
DEAL01522,OPP00715,CUST00346,Laptop,Won,2025-07-21,2026-01-25,199765.26,Agent C
DEAL01523,OPP01410,CUST00883,Cloud Subscription,Proposal,2025-12-31,2026-04-13,230232.15,Agent D
DEAL01524,OPP00812,CUST01483,Support Package,Prospecting,2025-04-04,2025-04-12,335732.5,Agent D
DEAL01525,OPP01604,CUST01105,Analytics Suite,Prospecting,2025-06-20,2025-12-17,30440.21,Agent D
DEAL01526,OPP00808,CUST00171,Analytics Suite,Negotiation,2025-08-04,2025-08-31,77208.15,Agent C
DEAL01527,OPP01792,CUST01257,Support Package,Won,2025-12-16,2026-05-20,89500.27,Agent C
DEAL01528,OPP01450,CUST01297,Laptop,Qualification,2026-06-21,2027-02-15,155210.22,Agent E
DEAL01529,OPP00962,CUST01860,Cloud Subscription,Proposal,2025-05-25,2025-06-06,51148.96,Agent C
DEAL01530,OPP00967,CUST00532,Support Package,Won,2026-01-20,2026-07-17,149355.77,Agent A
DEAL01531,OPP01241,CUST00077,Analytics Suite,Prospecting,2025-10-22,2026-05-19,287506.17,Agent D
DEAL01532,OPP01387,CUST01500,Support Package,Won,2026-04-19,2026-09-19,65643.66,Agent C
DEAL01533,OPP01414,CUST01406,Analytics Suite,Lost,2025-07-19,2026-01-02,321637.36,Agent E
DEAL01534,OPP00067,CUST01039,AI Platform,Won,2025-09-10,2026-04-15,319826.16,Agent B
DEAL01535,OPP00530,CUST01385,Laptop,Lost,2026-01-07,2026-07-14,184415.66,Agent C
DEAL01536,OPP00874,CUST00358,Analytics Suite,Won,2025-09-22,2025-10-08,302453.57,Agent A
DEAL01537,OPP01074,CUST00252,Cloud Subscription,Prospecting,2026-03-29,2026-10-02,251910.28,Agent A
DEAL01538,OPP00180,CUST00805,Laptop,Proposal,2025-01-09,2025-07-11,131291.07,Agent C
DEAL01539,OPP00400,CUST01789,AI Platform,Negotiation,2025-07-27,2025-09-25,200995.51,Agent B
DEAL01540,OPP00925,CUST01029,AI Platform,Prospecting,2025-04-14,2025-09-20,49649.63,Agent E
DEAL01541,OPP00895,CUST01279,Analytics Suite,Qualification,2025-03-27,2025-10-16,178559.21,Agent E
DEAL01542,OPP01231,CUST01992,Cloud Subscription,Prospecting,2025-02-01,2025-08-24,292192.88,Agent D
DEAL01543,OPP00140,CUST00606,CRM License,Prospecting,2025-08-01,2026-02-26,208981.6,Agent A
DEAL01544,OPP01594,CUST00961,Cloud Subscription,Proposal,2025-05-10,2025-11-14,139890.41,Agent D
DEAL01545,OPP00603,CUST01372,Laptop,Negotiation,2026-03-28,2026-05-02,235610.28,Agent B
DEAL01546,OPP01101,CUST00303,Laptop,Prospecting,2025-10-27,2026-02-23,342130.85,Agent B
DEAL01547,OPP01895,CUST00804,CRM License,Prospecting,2026-04-15,2026-06-15,32943.72,Agent C
DEAL01548,OPP00760,CUST01111,CRM License,Won,2026-06-12,2026-07-05,122323.87,Agent B
DEAL01549,OPP00628,CUST00608,Laptop,Lost,2026-04-14,2026-06-21,63019.35,Agent B
DEAL01550,OPP00529,CUST00441,Laptop,Prospecting,2025-09-08,2026-04-14,335362.16,Agent C
DEAL01551,OPP01305,CUST00876,AI Platform,Negotiation,2026-08-04,2026-12-28,195606.63,Agent C
DEAL01552,OPP01915,CUST01760,Support Package,Negotiation,2025-08-18,2026-02-18,54087.51,Agent D
DEAL01553,OPP01120,CUST00833,Analytics Suite,Prospecting,2026-05-07,2026-09-08,218137.82,Agent B
DEAL01554,OPP00397,CUST01669,Analytics Suite,Won,2025-04-13,2025-07-12,180142.86,Agent C
DEAL01555,OPP01893,CUST01354,Analytics Suite,Qualification,2026-08-01,2026-11-28,30168.96,Agent D
DEAL01556,OPP00085,CUST00258,Support Package,Prospecting,2025-06-30,2026-02-21,303934.99,Agent A
DEAL01557,OPP00821,CUST01829,Support Package,Prospecting,2026-01-09,2026-03-23,251126.73,Agent A
DEAL01558,OPP00252,CUST01177,Laptop,Prospecting,2025-05-17,2025-08-04,11781.19,Agent C
DEAL01559,OPP00067,CUST01138,CRM License,Negotiation,2025-07-16,2026-02-05,336288.57,Agent C
DEAL01560,OPP01996,CUST01394,CRM License,Lost,2025-12-29,2026-04-01,64151.17,Agent A
DEAL01561,OPP00171,CUST00084,AI Platform,Prospecting,2025-03-08,2025-10-11,10089.08,Agent A
DEAL01562,OPP01813,CUST00504,Laptop,Prospecting,2025-04-28,2025-12-18,155272.33,Agent C
DEAL01563,OPP01090,CUST01590,Analytics Suite,Lost,2026-07-03,2026-07-25,57866.04,Agent B
DEAL01564,OPP00641,CUST01253,Support Package,Proposal,2025-02-20,2025-08-01,203850.3,Agent A
DEAL01565,OPP01726,CUST00779,Laptop,Proposal,2026-03-07,2026-04-04,115886.07,Agent A
DEAL01566,OPP00008,CUST00926,AI Platform,Lost,2025-06-29,2026-01-26,72960.55,Agent B
DEAL01567,OPP01381,CUST01240,Laptop,Proposal,2025-07-10,2025-08-12,345017.29,Agent C
DEAL01568,OPP01535,CUST00965,CRM License,Won,2025-08-05,2026-03-06,123127.87,Agent C
DEAL01569,OPP00728,CUST00915,CRM License,Negotiation,2025-08-17,2026-02-19,151009.31,Agent E
DEAL01570,OPP00602,CUST01103,AI Platform,Prospecting,2026-02-27,2026-07-08,110041.65,Agent A
DEAL01571,OPP00019,CUST00563,Analytics Suite,Lost,2026-04-25,2026-06-19,294575.57,Agent C
DEAL01572,OPP00045,CUST01141,CRM License,Proposal,2025-08-05,2025-10-13,76906.59,Agent B
DEAL01573,OPP00088,CUST01385,Cloud Subscription,Won,2025-04-13,2025-07-29,53403.56,Agent E
DEAL01574,OPP00914,CUST01420,AI Platform,Proposal,2025-01-02,2025-07-25,309695.64,Agent E
DEAL01575,OPP01062,CUST01241,Laptop,Lost,2026-03-08,2026-10-10,72342.32,Agent A
DEAL01576,OPP00849,CUST00905,Cloud Subscription,Prospecting,2026-07-01,2026-11-01,301698.92,Agent C
DEAL01577,OPP01406,CUST01311,CRM License,Won,2025-01-21,2025-03-23,206580.44,Agent A
DEAL01578,OPP00724,CUST01446,Support Package,Proposal,2025-12-18,2026-05-05,289946.38,Agent D
DEAL01579,OPP01581,CUST00621,Support Package,Proposal,2025-05-11,2025-11-27,33853.74,Agent E
DEAL01580,OPP01307,CUST00972,Support Package,Won,2025-05-06,2025-09-16,337631.11,Agent C
DEAL01581,OPP01875,CUST01356,CRM License,Lost,2026-05-09,2026-12-09,111919.32,Agent A
DEAL01582,OPP01453,CUST01326,Support Package,Lost,2025-05-31,2025-06-09,29933.16,Agent B
DEAL01583,OPP00256,CUST00993,Laptop,Won,2025-07-01,2025-11-01,270061.17,Agent C
DEAL01584,OPP01119,CUST00527,AI Platform,Proposal,2025-03-15,2025-04-01,70674.27,Agent A
DEAL01585,OPP01315,CUST01821,CRM License,Proposal,2026-06-23,2026-11-19,129378.04,Agent E
DEAL01586,OPP00028,CUST01084,AI Platform,Negotiation,2026-06-25,2026-11-22,212183.13,Agent B
DEAL01587,OPP00089,CUST01082,Analytics Suite,Qualification,2026-06-29,2026-09-16,33329.57,Agent A
DEAL01588,OPP00045,CUST00936,AI Platform,Lost,2025-05-18,2025-11-26,78657.41,Agent D
DEAL01589,OPP00343,CUST01521,Laptop,Prospecting,2025-04-22,2025-12-06,176284.56,Agent C
DEAL01590,OPP01764,CUST00605,Analytics Suite,Qualification,2026-07-15,2026-11-05,153447.01,Agent B
DEAL01591,OPP00481,CUST01875,Cloud Subscription,Negotiation,2026-01-01,2026-04-19,199574.95,Agent D
DEAL01592,OPP00373,CUST00125,Analytics Suite,Won,2025-06-07,2025-07-28,257735.17,Agent A
DEAL01593,OPP00893,CUST00026,Laptop,Proposal,2025-01-28,2025-02-10,130017.37,Agent A
DEAL01594,OPP00797,CUST01021,Support Package,Won,2026-04-22,2026-08-01,147497.94,Agent B
DEAL01595,OPP01987,CUST01719,Cloud Subscription,Won,2026-04-24,2026-08-11,102609.66,Agent E
DEAL01596,OPP00208,CUST00020,Cloud Subscription,Lost,2025-01-07,2025-07-12,125496.98,Agent D
DEAL01597,OPP01682,CUST01358,Cloud Subscription,Negotiation,2025-10-13,2026-05-08,27349.92,Agent B
DEAL01598,OPP00459,CUST00780,Cloud Subscription,Proposal,2025-10-16,2025-11-17,207242.21,Agent B
DEAL01599,OPP00620,CUST00044,Support Package,Qualification,2025-10-04,2025-11-15,68744.77,Agent E
DEAL01600,OPP00971,CUST00742,CRM License,Won,2025-08-09,2025-12-24,253537.49,Agent B
DEAL01601,OPP01951,CUST01294,CRM License,Prospecting,2025-07-15,2025-10-17,24345.78,Agent B
DEAL01602,OPP00472,CUST01268,Laptop,Qualification,2025-07-19,2026-01-05,30357.82,Agent A
DEAL01603,OPP00688,CUST01698,Support Package,Negotiation,2026-07-03,2026-09-23,106794.41,Agent B
DEAL01604,OPP01319,CUST01975,Laptop,Prospecting,2026-08-15,2026-11-26,159057.44,Agent B
DEAL01605,OPP01341,CUST00109,Laptop,Negotiation,2025-03-08,2025-06-26,245826.84,Agent B
DEAL01606,OPP00735,CUST01717,CRM License,Won,2026-03-06,2026-07-31,245342.36,Agent A
DEAL01607,OPP00263,CUST00020,Support Package,Proposal,2025-12-08,2025-12-31,340948.89,Agent C
DEAL01608,OPP01577,CUST01951,CRM License,Won,2025-06-02,2025-12-31,129559.13,Agent A
DEAL01609,OPP01801,CUST01548,Support Package,Prospecting,2025-04-21,2025-07-15,30179.33,Agent E
DEAL01610,OPP01204,CUST01902,CRM License,Lost,2026-03-25,2026-05-20,302829.89,Agent B
DEAL01611,OPP01746,CUST00136,CRM License,Proposal,2025-08-06,2026-01-09,258416.81,Agent E
DEAL01612,OPP00508,CUST00149,Analytics Suite,Qualification,2025-03-19,2025-04-26,33161.46,Agent C
DEAL01613,OPP01729,CUST01972,AI Platform,Proposal,2026-08-01,2026-12-23,38335.07,Agent D
DEAL01614,OPP01617,CUST00564,Analytics Suite,Proposal,2026-07-06,2026-07-27,172056.23,Agent C
DEAL01615,OPP01805,CUST00764,CRM License,Lost,2025-09-07,2025-11-14,126159.28,Agent E
DEAL01616,OPP01865,CUST00594,CRM License,Negotiation,2025-09-12,2026-03-07,212766.5,Agent C
DEAL01617,OPP00691,CUST00314,Laptop,Proposal,2025-09-08,2025-12-10,84514.71,Agent B
DEAL01618,OPP00241,CUST00143,Laptop,Won,2025-04-24,2025-11-26,336175.3,Agent A
DEAL01619,OPP01499,CUST00271,Laptop,Won,2025-03-04,2025-06-01,184125.92,Agent E
DEAL01620,OPP01340,CUST01694,Support Package,Won,2025-06-12,2025-11-26,265244.4,Agent B
DEAL01621,OPP01296,CUST00054,Analytics Suite,Won,2025-08-19,2025-09-01,52766.72,Agent A
DEAL01622,OPP01262,CUST01791,CRM License,Qualification,2025-04-03,2025-11-23,219754.51,Agent A
DEAL01623,OPP00082,CUST00441,Support Package,Proposal,2025-01-22,2025-06-21,304161.13,Agent E
DEAL01624,OPP01340,CUST01210,CRM License,Negotiation,2026-07-09,2026-12-27,17816.81,Agent E
DEAL01625,OPP00969,CUST00515,AI Platform,Lost,2026-06-08,2026-08-29,193595.31,Agent C
DEAL01626,OPP00063,CUST01782,AI Platform,Proposal,2025-07-02,2025-09-14,93898.95,Agent A
DEAL01627,OPP01712,CUST00081,CRM License,Negotiation,2026-01-02,2026-04-20,172652.19,Agent A
DEAL01628,OPP00057,CUST01429,AI Platform,Proposal,2025-03-27,2025-06-01,287438.34,Agent C
DEAL01629,OPP00468,CUST01870,Laptop,Proposal,2026-07-07,2026-07-18,244624.04,Agent D
DEAL01630,OPP00590,CUST00882,CRM License,Negotiation,2026-04-30,2026-10-09,266529.7,Agent A
DEAL01631,OPP01566,CUST00902,Laptop,Negotiation,2025-04-15,2025-10-05,81972.17,Agent B
DEAL01632,OPP00161,CUST00300,Support Package,Prospecting,2025-05-08,2025-10-19,293056.78,Agent E
DEAL01633,OPP00769,CUST01758,AI Platform,Lost,2025-07-18,2025-12-01,218757.32,Agent E
DEAL01634,OPP00733,CUST01917,Cloud Subscription,Lost,2025-02-26,2025-07-05,33562.72,Agent B
DEAL01635,OPP00830,CUST00994,Support Package,Proposal,2025-07-26,2026-03-19,303321.18,Agent C
DEAL01636,OPP01745,CUST01385,AI Platform,Lost,2026-02-03,2026-06-12,28956.78,Agent A
DEAL01637,OPP00651,CUST01517,Laptop,Qualification,2026-03-09,2026-08-27,19782.01,Agent E
DEAL01638,OPP00709,CUST00709,Support Package,Negotiation,2025-01-05,2025-04-19,293474.04,Agent A
DEAL01639,OPP00818,CUST00008,CRM License,Won,2025-07-29,2025-08-12,14428.06,Agent C
DEAL01640,OPP00786,CUST00258,Cloud Subscription,Qualification,2026-05-12,2026-08-08,40067.59,Agent C
DEAL01641,OPP01909,CUST01794,CRM License,Lost,2026-06-03,2026-11-25,15764.02,Agent E
DEAL01642,OPP00536,CUST01598,CRM License,Qualification,2025-12-02,2026-05-05,309294.77,Agent C
DEAL01643,OPP00227,CUST00190,CRM License,Qualification,2026-03-15,2026-08-30,25196.47,Agent B
DEAL01644,OPP00844,CUST01605,Analytics Suite,Lost,2025-05-28,2025-11-25,136711.14,Agent C
DEAL01645,OPP00168,CUST01767,Support Package,Won,2026-06-02,2026-07-29,83777.41,Agent B
DEAL01646,OPP01596,CUST01087,AI Platform,Negotiation,2025-10-10,2026-04-24,126164.74,Agent C
DEAL01647,OPP01785,CUST00903,AI Platform,Proposal,2026-02-17,2026-08-09,108801.49,Agent E
DEAL01648,OPP01662,CUST02000,Support Package,Negotiation,2025-06-06,2025-08-23,311876.39,Agent A
DEAL01649,OPP01610,CUST01744,CRM License,Lost,2025-04-14,2025-08-16,271359.89,Agent E
DEAL01650,OPP00843,CUST00773,Support Package,Prospecting,2025-11-14,2026-06-08,310905.74,Agent D
DEAL01651,OPP01397,CUST00954,AI Platform,Prospecting,2025-11-08,2025-12-23,254814.49,Agent A
DEAL01652,OPP00794,CUST01885,CRM License,Won,2025-12-07,2026-02-22,122318.35,Agent E
DEAL01653,OPP01710,CUST01844,Laptop,Prospecting,2026-04-27,2026-06-17,73187.34,Agent C
DEAL01654,OPP00391,CUST01261,Laptop,Prospecting,2026-04-05,2026-06-22,190125.02,Agent B
DEAL01655,OPP00282,CUST01297,Support Package,Prospecting,2025-06-29,2025-08-22,131267.24,Agent A
DEAL01656,OPP01952,CUST01473,CRM License,Proposal,2025-10-05,2026-04-17,228760.42,Agent D
DEAL01657,OPP00722,CUST00578,Laptop,Prospecting,2025-02-20,2025-10-15,23237.08,Agent E
DEAL01658,OPP00622,CUST01835,CRM License,Qualification,2026-04-14,2026-12-02,252413.89,Agent D
DEAL01659,OPP01337,CUST00589,CRM License,Negotiation,2025-03-22,2025-06-20,111850.12,Agent A
DEAL01660,OPP00686,CUST01663,Laptop,Proposal,2025-02-11,2025-09-23,167161.77,Agent A
DEAL01661,OPP01495,CUST01641,Cloud Subscription,Prospecting,2025-11-07,2025-12-03,342728.74,Agent C
DEAL01662,OPP00860,CUST00578,AI Platform,Proposal,2026-07-04,2026-08-05,83295.65,Agent A
DEAL01663,OPP01568,CUST01616,Cloud Subscription,Lost,2025-08-13,2025-11-03,50002.9,Agent D
DEAL01664,OPP00161,CUST01735,CRM License,Proposal,2025-04-21,2025-07-04,81336.71,Agent C
DEAL01665,OPP01456,CUST00994,Support Package,Proposal,2025-04-20,2025-11-26,129511.2,Agent E
DEAL01666,OPP00658,CUST01080,AI Platform,Proposal,2026-05-14,2026-11-14,192320.0,Agent C
DEAL01667,OPP00846,CUST01019,AI Platform,Negotiation,2026-01-29,2026-07-30,343276.92,Agent D
DEAL01668,OPP01862,CUST00090,CRM License,Negotiation,2025-10-22,2026-05-04,305760.35,Agent D
DEAL01669,OPP00965,CUST01082,Support Package,Won,2026-07-07,2026-12-29,253085.19,Agent B
DEAL01670,OPP00149,CUST01348,Laptop,Proposal,2025-03-04,2025-07-06,254980.05,Agent B
DEAL01671,OPP00917,CUST01123,Laptop,Lost,2026-01-03,2026-01-23,106486.35,Agent D
DEAL01672,OPP00481,CUST01000,Support Package,Won,2025-08-03,2025-08-13,325509.51,Agent E
DEAL01673,OPP00950,CUST01003,AI Platform,Lost,2025-05-20,2026-01-09,193447.73,Agent C
DEAL01674,OPP00436,CUST01074,Laptop,Negotiation,2026-07-02,2026-11-02,65257.01,Agent C
DEAL01675,OPP01287,CUST01859,CRM License,Proposal,2026-07-25,2027-03-11,333102.86,Agent E
DEAL01676,OPP00471,CUST00824,Laptop,Prospecting,2026-05-13,2026-05-27,182218.81,Agent E
DEAL01677,OPP00931,CUST00449,Cloud Subscription,Proposal,2025-03-30,2025-09-01,62874.13,Agent D
DEAL01678,OPP01910,CUST00129,Cloud Subscription,Won,2026-03-07,2026-05-18,259978.94,Agent D
DEAL01679,OPP01276,CUST01742,Cloud Subscription,Qualification,2025-08-15,2025-11-14,89488.64,Agent C
DEAL01680,OPP01418,CUST00361,Analytics Suite,Proposal,2025-04-26,2025-10-03,73806.76,Agent E
DEAL01681,OPP01545,CUST00835,Laptop,Won,2025-12-17,2026-04-18,100981.1,Agent C
DEAL01682,OPP01840,CUST01513,Support Package,Qualification,2026-05-26,2026-07-03,206613.99,Agent E
DEAL01683,OPP01773,CUST00358,Support Package,Proposal,2025-05-19,2026-01-13,109480.42,Agent C
DEAL01684,OPP01716,CUST00469,Analytics Suite,Won,2025-11-17,2026-05-09,23876.58,Agent A
DEAL01685,OPP00683,CUST01271,Laptop,Proposal,2026-01-22,2026-04-23,141749.0,Agent D
DEAL01686,OPP01250,CUST01256,Laptop,Lost,2026-01-11,2026-06-11,89691.78,Agent C
DEAL01687,OPP01637,CUST00487,Laptop,Prospecting,2025-06-05,2025-07-17,183892.1,Agent B
DEAL01688,OPP01120,CUST01084,CRM License,Prospecting,2025-01-18,2025-05-05,166250.95,Agent B
DEAL01689,OPP00255,CUST01409,Analytics Suite,Prospecting,2026-05-10,2026-08-23,36548.25,Agent E
DEAL01690,OPP01019,CUST00443,CRM License,Negotiation,2025-12-22,2026-03-25,93406.78,Agent C
DEAL01691,OPP00433,CUST00887,CRM License,Won,2026-02-24,2026-06-23,105704.65,Agent A
DEAL01692,OPP01380,CUST00562,Analytics Suite,Won,2025-11-14,2026-06-22,174810.45,Agent C
DEAL01693,OPP01720,CUST01881,AI Platform,Won,2025-08-19,2025-08-27,289554.4,Agent C
DEAL01694,OPP01404,CUST00768,CRM License,Prospecting,2025-05-31,2025-10-13,84324.92,Agent A
DEAL01695,OPP01102,CUST01712,Laptop,Qualification,2026-01-29,2026-09-12,63783.47,Agent E
DEAL01696,OPP01199,CUST01761,Laptop,Qualification,2026-05-11,2026-12-11,10347.34,Agent D
DEAL01697,OPP01078,CUST00336,Laptop,Prospecting,2025-07-13,2026-02-14,216211.08,Agent A
DEAL01698,OPP00898,CUST01883,AI Platform,Negotiation,2025-01-15,2025-04-28,120717.55,Agent A
DEAL01699,OPP00454,CUST00099,Analytics Suite,Prospecting,2025-04-03,2025-08-20,237852.82,Agent D
DEAL01700,OPP01351,CUST00774,AI Platform,Negotiation,2025-12-12,2026-05-06,244648.41,Agent C
DEAL01701,OPP00700,CUST00318,Cloud Subscription,Lost,2025-05-21,2025-12-09,25199.2,Agent D
DEAL01702,OPP00314,CUST00093,CRM License,Lost,2026-05-01,2026-12-16,152259.98,Agent C
DEAL01703,OPP01601,CUST01104,Laptop,Qualification,2025-06-11,2025-08-16,339114.12,Agent C
DEAL01704,OPP01104,CUST01202,Laptop,Won,2025-10-22,2025-11-26,103548.89,Agent A
DEAL01705,OPP01041,CUST01164,Cloud Subscription,Negotiation,2025-05-16,2025-07-23,190047.15,Agent B
DEAL01706,OPP01039,CUST00836,CRM License,Lost,2025-09-28,2025-12-05,192856.61,Agent E
DEAL01707,OPP00156,CUST01574,AI Platform,Negotiation,2026-02-09,2026-04-26,98587.43,Agent C
DEAL01708,OPP01070,CUST00985,Laptop,Proposal,2026-04-20,2026-11-26,274947.17,Agent D
DEAL01709,OPP01088,CUST01071,Support Package,Prospecting,2026-03-17,2026-05-13,11252.17,Agent C
DEAL01710,OPP01022,CUST00884,AI Platform,Negotiation,2025-10-30,2026-02-12,87108.77,Agent D
DEAL01711,OPP00015,CUST00415,AI Platform,Lost,2025-09-30,2025-12-29,211459.27,Agent C
DEAL01712,OPP01501,CUST01310,Analytics Suite,Won,2025-07-14,2025-09-22,321879.85,Agent B
DEAL01713,OPP01229,CUST01659,Cloud Subscription,Prospecting,2026-08-12,2026-10-03,13240.59,Agent C
DEAL01714,OPP01515,CUST00609,Analytics Suite,Lost,2026-03-14,2026-11-08,214295.07,Agent E
DEAL01715,OPP01008,CUST00927,Support Package,Prospecting,2026-06-16,2026-11-15,11144.68,Agent C
DEAL01716,OPP00660,CUST01786,Laptop,Won,2026-03-17,2026-04-16,221757.94,Agent C
DEAL01717,OPP01667,CUST00414,CRM License,Qualification,2025-02-21,2025-07-30,149942.44,Agent C
DEAL01718,OPP00702,CUST00843,CRM License,Lost,2025-06-08,2025-11-04,157714.46,Agent C
DEAL01719,OPP00907,CUST00540,AI Platform,Negotiation,2025-10-02,2025-12-31,338953.27,Agent E
DEAL01720,OPP00033,CUST00684,Analytics Suite,Qualification,2025-07-07,2026-01-13,241963.76,Agent E
DEAL01721,OPP00326,CUST00919,Analytics Suite,Prospecting,2026-06-26,2027-01-05,76780.98,Agent C
DEAL01722,OPP00227,CUST01846,Laptop,Lost,2025-10-21,2026-04-29,349094.65,Agent A
DEAL01723,OPP00848,CUST00026,Laptop,Qualification,2025-05-12,2025-10-14,97270.43,Agent B
DEAL01724,OPP00525,CUST00717,Cloud Subscription,Qualification,2025-12-23,2026-04-11,243208.32,Agent B
DEAL01725,OPP00665,CUST01732,CRM License,Qualification,2025-08-14,2025-10-08,241300.3,Agent C
DEAL01726,OPP01532,CUST00167,Support Package,Proposal,2025-03-18,2025-04-04,298906.51,Agent C
DEAL01727,OPP01366,CUST01013,CRM License,Negotiation,2026-07-19,2027-02-24,145614.74,Agent A
DEAL01728,OPP01596,CUST00311,CRM License,Qualification,2026-07-18,2027-02-05,246627.93,Agent A
DEAL01729,OPP01632,CUST01119,AI Platform,Lost,2026-04-08,2026-05-31,222819.97,Agent C
DEAL01730,OPP00497,CUST01429,Support Package,Prospecting,2025-07-07,2026-01-17,158382.78,Agent A
DEAL01731,OPP01232,CUST01271,Laptop,Lost,2026-05-12,2026-05-30,321425.52,Agent D
DEAL01732,OPP01740,CUST01125,Analytics Suite,Negotiation,2025-06-21,2025-08-22,95656.06,Agent D
DEAL01733,OPP00610,CUST01486,Support Package,Negotiation,2026-06-09,2026-07-21,86253.02,Agent B
DEAL01734,OPP00752,CUST01070,Laptop,Qualification,2026-06-11,2026-09-05,224332.01,Agent B
DEAL01735,OPP01063,CUST01226,AI Platform,Qualification,2025-04-13,2025-07-03,74690.66,Agent C
DEAL01736,OPP01597,CUST00164,AI Platform,Prospecting,2025-07-07,2025-11-10,292198.23,Agent A
DEAL01737,OPP00295,CUST00043,Laptop,Won,2026-02-21,2026-06-14,125489.59,Agent A
DEAL01738,OPP00934,CUST00329,Analytics Suite,Won,2025-05-20,2025-06-22,153173.82,Agent D
DEAL01739,OPP00485,CUST01080,Laptop,Lost,2026-04-24,2026-06-04,241987.39,Agent D
DEAL01740,OPP01426,CUST00793,Laptop,Negotiation,2026-02-09,2026-08-26,310934.58,Agent E
DEAL01741,OPP00484,CUST00733,Laptop,Proposal,2025-05-15,2025-09-26,244588.94,Agent E
DEAL01742,OPP00713,CUST00897,Analytics Suite,Won,2026-04-08,2026-11-15,42029.78,Agent D
DEAL01743,OPP00693,CUST01979,Cloud Subscription,Negotiation,2025-01-26,2025-03-04,124940.74,Agent A
DEAL01744,OPP00142,CUST00754,Analytics Suite,Negotiation,2025-08-17,2025-11-03,265021.39,Agent E
DEAL01745,OPP01337,CUST00889,AI Platform,Won,2025-04-17,2025-05-30,318635.22,Agent C
DEAL01746,OPP00509,CUST01006,AI Platform,Won,2025-01-01,2025-08-11,225501.22,Agent D
DEAL01747,OPP00982,CUST01549,Laptop,Proposal,2026-03-18,2026-05-01,212692.71,Agent A
DEAL01748,OPP01395,CUST01468,Support Package,Won,2025-04-02,2025-10-12,138934.65,Agent E
DEAL01749,OPP01574,CUST01959,Analytics Suite,Proposal,2026-02-18,2026-04-10,172537.56,Agent B
DEAL01750,OPP01836,CUST01272,Cloud Subscription,Prospecting,2025-02-14,2025-08-09,156957.37,Agent A
DEAL01751,OPP00253,CUST01908,Support Package,Qualification,2026-06-16,2026-10-07,28760.0,Agent B
DEAL01752,OPP01257,CUST01223,Laptop,Proposal,2026-08-06,2027-03-26,17429.98,Agent D
DEAL01753,OPP00657,CUST01077,Support Package,Qualification,2025-07-08,2025-07-31,219917.3,Agent E
DEAL01754,OPP01538,CUST01116,Laptop,Prospecting,2025-10-17,2026-01-07,183345.19,Agent B
DEAL01755,OPP00778,CUST00961,Laptop,Qualification,2025-12-18,2026-06-11,93262.87,Agent A
DEAL01756,OPP00029,CUST00402,AI Platform,Won,2025-01-16,2025-08-24,313535.33,Agent B
DEAL01757,OPP01713,CUST00733,Analytics Suite,Lost,2026-08-07,2026-12-17,80242.27,Agent C
DEAL01758,OPP01521,CUST01210,Support Package,Lost,2026-07-12,2026-08-10,248169.6,Agent C
DEAL01759,OPP00661,CUST01213,Cloud Subscription,Won,2025-10-18,2026-03-20,278043.39,Agent A
DEAL01760,OPP01672,CUST00317,Cloud Subscription,Won,2025-11-27,2026-03-25,295677.17,Agent D
DEAL01761,OPP00821,CUST01608,Support Package,Won,2025-04-12,2025-10-16,295440.18,Agent B
DEAL01762,OPP00826,CUST01426,CRM License,Lost,2026-03-23,2026-08-05,280021.8,Agent B
DEAL01763,OPP00600,CUST01051,AI Platform,Proposal,2025-11-03,2026-06-07,165652.06,Agent C
DEAL01764,OPP00988,CUST00905,Analytics Suite,Won,2025-06-19,2025-07-24,222129.93,Agent C
DEAL01765,OPP01989,CUST01116,Cloud Subscription,Prospecting,2025-07-03,2025-12-02,301621.87,Agent D
DEAL01766,OPP00105,CUST01163,Analytics Suite,Qualification,2025-02-18,2025-08-15,152898.39,Agent C
DEAL01767,OPP01187,CUST00856,Analytics Suite,Prospecting,2026-04-16,2026-07-26,238090.69,Agent A
DEAL01768,OPP00350,CUST01726,Laptop,Proposal,2025-02-07,2025-06-04,64242.35,Agent A
DEAL01769,OPP00248,CUST00317,AI Platform,Proposal,2025-12-02,2026-05-20,201995.49,Agent E
DEAL01770,OPP00113,CUST00747,Cloud Subscription,Lost,2026-05-01,2026-08-22,57955.61,Agent D
DEAL01771,OPP00547,CUST00796,CRM License,Negotiation,2025-02-01,2025-05-10,234498.94,Agent C
DEAL01772,OPP01463,CUST00200,Cloud Subscription,Qualification,2025-04-01,2025-08-21,138122.52,Agent A
DEAL01773,OPP01473,CUST00179,AI Platform,Qualification,2026-03-31,2026-10-11,87466.6,Agent B
DEAL01774,OPP01600,CUST01783,Support Package,Negotiation,2026-05-07,2026-06-14,132652.7,Agent B
DEAL01775,OPP00291,CUST01549,Cloud Subscription,Won,2025-02-18,2025-09-16,248481.82,Agent D
DEAL01776,OPP00218,CUST00730,Cloud Subscription,Proposal,2025-06-08,2025-07-31,318731.36,Agent C
DEAL01777,OPP01965,CUST00533,Laptop,Prospecting,2025-12-28,2026-01-26,13835.52,Agent C
DEAL01778,OPP01844,CUST00814,Support Package,Qualification,2025-11-19,2026-01-07,67068.3,Agent B
DEAL01779,OPP01401,CUST01410,Laptop,Negotiation,2025-11-04,2025-11-28,249949.34,Agent B
DEAL01780,OPP01680,CUST00593,AI Platform,Lost,2025-06-06,2026-01-20,203369.85,Agent E
DEAL01781,OPP01609,CUST00133,AI Platform,Proposal,2025-11-18,2026-02-01,118522.24,Agent C
DEAL01782,OPP01153,CUST00841,AI Platform,Proposal,2025-01-30,2025-08-05,231599.51,Agent A
DEAL01783,OPP00952,CUST01198,Cloud Subscription,Won,2026-06-05,2026-07-24,304843.77,Agent D
DEAL01784,OPP01957,CUST01042,AI Platform,Lost,2025-11-20,2026-03-30,97712.75,Agent A
DEAL01785,OPP01353,CUST00345,Analytics Suite,Won,2025-08-11,2025-11-25,175128.54,Agent B
DEAL01786,OPP01765,CUST01687,Support Package,Proposal,2025-08-07,2026-01-14,17060.9,Agent E
DEAL01787,OPP00415,CUST01264,Cloud Subscription,Negotiation,2025-08-09,2026-04-03,331638.63,Agent D
DEAL01788,OPP00446,CUST01441,AI Platform,Qualification,2025-09-17,2026-02-22,282558.87,Agent E
DEAL01789,OPP01260,CUST01916,CRM License,Proposal,2025-04-25,2025-10-12,181730.78,Agent E
DEAL01790,OPP01909,CUST01027,AI Platform,Won,2025-12-25,2026-03-03,347279.32,Agent C
DEAL01791,OPP01242,CUST01158,CRM License,Lost,2025-04-20,2025-05-25,84874.33,Agent A
DEAL01792,OPP00886,CUST01528,AI Platform,Prospecting,2025-07-06,2025-08-02,262949.99,Agent A
DEAL01793,OPP00050,CUST01548,AI Platform,Won,2026-06-04,2026-08-19,271632.23,Agent E
DEAL01794,OPP00310,CUST01696,AI Platform,Lost,2025-12-03,2026-04-18,292490.98,Agent E
DEAL01795,OPP00462,CUST01409,Cloud Subscription,Prospecting,2026-06-23,2026-07-14,242932.74,Agent E
DEAL01796,OPP00401,CUST00117,Laptop,Proposal,2026-01-28,2026-04-06,74800.8,Agent D
DEAL01797,OPP01405,CUST00701,Laptop,Won,2026-04-12,2026-09-13,41053.6,Agent A
DEAL01798,OPP01369,CUST01185,Cloud Subscription,Lost,2025-02-23,2025-09-21,71321.45,Agent C
DEAL01799,OPP00760,CUST00890,Support Package,Negotiation,2025-10-28,2026-06-22,301828.3,Agent D
DEAL01800,OPP01976,CUST00087,Analytics Suite,Prospecting,2025-01-11,2025-03-14,146678.34,Agent C
DEAL01801,OPP00788,CUST00536,Support Package,Proposal,2025-02-23,2025-03-25,195696.47,Agent B
DEAL01802,OPP00891,CUST00617,AI Platform,Qualification,2025-04-24,2025-09-11,18626.82,Agent A
DEAL01803,OPP01053,CUST00073,CRM License,Proposal,2025-01-05,2025-08-18,177085.7,Agent E
DEAL01804,OPP01147,CUST01525,Laptop,Won,2025-09-18,2025-12-31,149151.55,Agent E
DEAL01805,OPP00383,CUST00756,CRM License,Proposal,2025-01-31,2025-09-05,191750.48,Agent B
DEAL01806,OPP00601,CUST01583,Laptop,Lost,2026-05-07,2026-11-03,137592.97,Agent C
DEAL01807,OPP01377,CUST01741,CRM License,Proposal,2025-12-19,2026-07-23,35650.35,Agent D
DEAL01808,OPP01691,CUST01768,Support Package,Negotiation,2026-07-28,2027-03-13,24946.51,Agent C
DEAL01809,OPP00847,CUST01817,Analytics Suite,Negotiation,2025-02-20,2025-03-24,332930.97,Agent D
DEAL01810,OPP00231,CUST00997,Laptop,Won,2025-02-17,2025-05-30,215298.34,Agent E
DEAL01811,OPP01704,CUST00486,CRM License,Won,2026-06-02,2026-06-20,228754.73,Agent B
DEAL01812,OPP01165,CUST00169,Laptop,Lost,2025-08-22,2025-09-08,321242.39,Agent C
DEAL01813,OPP00873,CUST01248,Cloud Subscription,Qualification,2026-03-29,2026-07-24,197292.91,Agent C
DEAL01814,OPP01173,CUST00254,Laptop,Qualification,2025-04-24,2025-10-02,219287.96,Agent B
DEAL01815,OPP01646,CUST00483,Laptop,Prospecting,2025-01-06,2025-08-07,187833.12,Agent E
DEAL01816,OPP00003,CUST00489,Cloud Subscription,Won,2025-10-24,2025-11-30,69831.32,Agent D
DEAL01817,OPP00721,CUST00548,Analytics Suite,Qualification,2025-03-08,2025-03-22,115913.71,Agent E
DEAL01818,OPP01882,CUST00745,Laptop,Lost,2025-01-07,2025-02-07,310675.57,Agent A
DEAL01819,OPP00602,CUST00663,AI Platform,Negotiation,2025-05-07,2025-12-15,160913.87,Agent A
DEAL01820,OPP01949,CUST01054,AI Platform,Negotiation,2025-03-07,2025-08-15,79410.84,Agent B
DEAL01821,OPP00563,CUST01915,Analytics Suite,Lost,2026-08-17,2026-12-14,291533.73,Agent D
DEAL01822,OPP00935,CUST01292,AI Platform,Lost,2026-08-12,2026-09-11,39683.66,Agent C
DEAL01823,OPP00140,CUST01353,Analytics Suite,Qualification,2025-01-10,2025-04-13,227440.3,Agent C
DEAL01824,OPP01452,CUST00326,CRM License,Qualification,2025-09-30,2025-11-06,248042.32,Agent E
DEAL01825,OPP00479,CUST00229,Cloud Subscription,Proposal,2025-08-18,2025-09-01,113281.22,Agent E
DEAL01826,OPP01698,CUST00378,Cloud Subscription,Won,2025-01-17,2025-05-06,66740.83,Agent B
DEAL01827,OPP00260,CUST01697,Support Package,Qualification,2026-02-02,2026-06-06,162419.54,Agent A
DEAL01828,OPP00234,CUST00346,Analytics Suite,Won,2026-05-22,2026-09-11,266710.98,Agent E
DEAL01829,OPP00939,CUST01968,Support Package,Proposal,2025-12-31,2026-07-29,311475.13,Agent A
DEAL01830,OPP00170,CUST01510,CRM License,Qualification,2026-07-01,2027-02-05,287214.55,Agent C
DEAL01831,OPP00659,CUST01659,AI Platform,Qualification,2026-01-15,2026-02-19,47239.93,Agent C
DEAL01832,OPP01379,CUST00605,Analytics Suite,Won,2025-11-23,2026-02-02,85744.04,Agent E
DEAL01833,OPP01010,CUST00313,Laptop,Qualification,2026-07-19,2026-11-19,219775.15,Agent B
DEAL01834,OPP01119,CUST00334,AI Platform,Lost,2026-02-25,2026-06-05,251369.44,Agent D
DEAL01835,OPP00182,CUST01716,Support Package,Negotiation,2026-04-01,2026-07-18,12971.0,Agent E
DEAL01836,OPP01359,CUST00863,Cloud Subscription,Lost,2026-04-10,2026-09-28,58475.07,Agent A
DEAL01837,OPP00183,CUST00819,Analytics Suite,Prospecting,2025-01-19,2025-03-08,41965.75,Agent D
DEAL01838,OPP01144,CUST00496,AI Platform,Negotiation,2026-03-14,2026-09-29,125977.14,Agent C
DEAL01839,OPP01582,CUST00713,AI Platform,Qualification,2026-03-23,2026-05-30,241472.78,Agent E
DEAL01840,OPP01453,CUST00739,Analytics Suite,Proposal,2025-10-22,2026-01-18,330686.02,Agent C
DEAL01841,OPP00706,CUST01499,Analytics Suite,Proposal,2025-12-03,2026-01-30,40437.92,Agent B
DEAL01842,OPP00310,CUST01649,Laptop,Qualification,2026-05-12,2026-10-13,182071.06,Agent E
DEAL01843,OPP01662,CUST00935,AI Platform,Negotiation,2025-03-26,2025-09-11,136638.64,Agent D
DEAL01844,OPP00432,CUST00668,AI Platform,Proposal,2025-11-11,2026-04-12,145429.33,Agent E
DEAL01845,OPP00992,CUST00904,AI Platform,Qualification,2026-04-05,2026-08-05,33135.75,Agent D
DEAL01846,OPP00475,CUST00350,AI Platform,Negotiation,2025-06-04,2025-08-20,108029.1,Agent B
DEAL01847,OPP00060,CUST00138,Analytics Suite,Negotiation,2025-06-07,2025-11-21,95835.04,Agent B
DEAL01848,OPP00834,CUST00465,Laptop,Proposal,2025-01-03,2025-02-06,254221.54,Agent A
DEAL01849,OPP01101,CUST00050,Support Package,Prospecting,2025-07-06,2025-09-23,228231.83,Agent D
DEAL01850,OPP01520,CUST00069,Analytics Suite,Won,2025-08-02,2026-01-15,226345.55,Agent C
DEAL01851,OPP01452,CUST00477,Cloud Subscription,Prospecting,2026-07-22,2027-01-06,186547.81,Agent D
DEAL01852,OPP01663,CUST01803,Support Package,Won,2025-02-19,2025-04-29,126308.96,Agent D
DEAL01853,OPP01628,CUST00371,Analytics Suite,Proposal,2026-01-21,2026-04-17,92889.3,Agent D
DEAL01854,OPP00803,CUST01394,AI Platform,Won,2025-02-07,2025-04-29,13836.49,Agent E
DEAL01855,OPP00683,CUST00295,Analytics Suite,Lost,2026-04-22,2026-11-21,60295.54,Agent D
DEAL01856,OPP01205,CUST00927,Laptop,Qualification,2025-10-07,2026-02-24,84759.72,Agent C
DEAL01857,OPP00960,CUST01214,AI Platform,Lost,2025-09-11,2025-10-15,341691.6,Agent C
DEAL01858,OPP00591,CUST01122,Cloud Subscription,Qualification,2026-07-17,2026-08-30,339953.56,Agent E
DEAL01859,OPP00064,CUST01600,Support Package,Negotiation,2026-03-23,2026-04-15,271006.49,Agent A
DEAL01860,OPP00952,CUST00509,Cloud Subscription,Negotiation,2025-03-04,2025-05-06,217510.85,Agent E
DEAL01861,OPP00939,CUST01486,Laptop,Qualification,2025-06-08,2025-08-05,237394.86,Agent A
DEAL01862,OPP01882,CUST00808,Cloud Subscription,Lost,2025-06-13,2025-10-01,214186.68,Agent D
DEAL01863,OPP01626,CUST00891,Cloud Subscription,Prospecting,2025-12-30,2026-06-29,229922.25,Agent E
DEAL01864,OPP00539,CUST00640,Laptop,Qualification,2026-05-10,2026-12-07,84540.55,Agent A
DEAL01865,OPP00221,CUST01994,Cloud Subscription,Won,2026-01-16,2026-06-02,342078.65,Agent D
DEAL01866,OPP01576,CUST01650,Laptop,Qualification,2025-08-28,2026-03-02,267257.1,Agent C
DEAL01867,OPP00975,CUST00926,Analytics Suite,Qualification,2026-03-21,2026-08-27,89642.87,Agent B
DEAL01868,OPP00085,CUST01487,Support Package,Won,2026-03-29,2026-06-18,184640.3,Agent E
DEAL01869,OPP01508,CUST01832,Laptop,Proposal,2025-02-18,2025-07-17,278333.89,Agent D
DEAL01870,OPP00691,CUST00568,AI Platform,Negotiation,2025-11-20,2026-02-05,319794.44,Agent C
DEAL01871,OPP00343,CUST00653,Laptop,Lost,2026-02-28,2026-05-17,140507.13,Agent E
DEAL01872,OPP01318,CUST01525,AI Platform,Lost,2025-12-26,2026-08-20,174468.3,Agent D
DEAL01873,OPP01571,CUST00568,Laptop,Prospecting,2025-05-26,2025-12-31,115360.12,Agent A
DEAL01874,OPP01553,CUST00188,CRM License,Prospecting,2025-04-07,2025-09-13,138036.98,Agent C
DEAL01875,OPP00549,CUST01191,Laptop,Proposal,2025-06-23,2025-11-15,87421.18,Agent E
DEAL01876,OPP01185,CUST00406,Laptop,Won,2025-07-29,2026-01-11,20169.98,Agent B
DEAL01877,OPP00932,CUST01174,CRM License,Lost,2026-07-04,2027-01-02,151552.47,Agent A
DEAL01878,OPP01739,CUST00213,AI Platform,Qualification,2026-01-06,2026-01-25,169996.72,Agent A
DEAL01879,OPP00380,CUST00957,Cloud Subscription,Proposal,2026-05-14,2026-08-12,275164.95,Agent B
DEAL01880,OPP01642,CUST00477,Analytics Suite,Negotiation,2025-01-16,2025-02-16,187691.33,Agent E
DEAL01881,OPP00693,CUST01058,Laptop,Prospecting,2026-04-13,2026-08-21,120975.06,Agent C
DEAL01882,OPP01236,CUST00453,Support Package,Proposal,2025-04-23,2025-07-07,167502.56,Agent D
DEAL01883,OPP01005,CUST00503,Analytics Suite,Proposal,2025-12-04,2026-02-25,280685.15,Agent E
DEAL01884,OPP00697,CUST01802,Laptop,Proposal,2025-08-19,2026-03-10,173523.32,Agent D
DEAL01885,OPP00463,CUST01964,Laptop,Negotiation,2026-05-30,2026-07-23,198762.22,Agent E
DEAL01886,OPP00728,CUST00655,Cloud Subscription,Proposal,2026-02-07,2026-09-14,68819.64,Agent A
DEAL01887,OPP01215,CUST01292,Laptop,Proposal,2025-10-02,2026-01-15,12596.0,Agent C
DEAL01888,OPP01231,CUST00711,Cloud Subscription,Qualification,2025-10-31,2025-12-21,326090.06,Agent E
DEAL01889,OPP01247,CUST00341,Support Package,Negotiation,2026-02-26,2026-04-07,101108.06,Agent E
DEAL01890,OPP01314,CUST00200,Cloud Subscription,Prospecting,2026-03-05,2026-08-25,128175.5,Agent D
DEAL01891,OPP00103,CUST01782,Analytics Suite,Won,2025-12-08,2026-07-13,49047.83,Agent A
DEAL01892,OPP00790,CUST00132,CRM License,Won,2026-03-10,2026-10-06,184419.31,Agent D
DEAL01893,OPP00630,CUST00985,Laptop,Prospecting,2026-04-16,2026-06-01,260613.61,Agent C
DEAL01894,OPP00796,CUST00439,Support Package,Prospecting,2025-01-19,2025-08-18,243262.81,Agent A
DEAL01895,OPP00765,CUST01521,Laptop,Qualification,2025-08-07,2025-10-05,300904.72,Agent E
DEAL01896,OPP00354,CUST00270,Analytics Suite,Won,2026-06-22,2026-10-13,107433.83,Agent C
DEAL01897,OPP01930,CUST01154,Laptop,Won,2025-07-11,2025-07-19,116985.52,Agent A
DEAL01898,OPP00001,CUST00690,CRM License,Proposal,2026-05-07,2026-07-13,338295.0,Agent D
DEAL01899,OPP01192,CUST01042,AI Platform,Proposal,2025-11-24,2026-02-13,165243.93,Agent B
DEAL01900,OPP00923,CUST00373,Support Package,Prospecting,2025-06-11,2026-01-26,293734.66,Agent E
DEAL01901,OPP01407,CUST00234,CRM License,Won,2025-07-28,2025-10-07,217910.69,Agent D
DEAL01902,OPP01662,CUST00357,Cloud Subscription,Lost,2025-10-16,2025-12-26,71494.03,Agent E
DEAL01903,OPP01298,CUST01153,AI Platform,Qualification,2025-03-16,2025-05-25,335528.97,Agent C
DEAL01904,OPP01534,CUST01296,CRM License,Lost,2025-07-03,2025-09-06,120310.55,Agent A
DEAL01905,OPP00548,CUST01810,Laptop,Won,2026-02-10,2026-06-22,228209.12,Agent A
DEAL01906,OPP01988,CUST01885,Analytics Suite,Proposal,2026-06-25,2026-08-18,96535.32,Agent D
DEAL01907,OPP00175,CUST01506,AI Platform,Prospecting,2026-07-21,2026-10-03,205727.16,Agent B
DEAL01908,OPP01339,CUST00025,AI Platform,Won,2025-08-17,2025-12-26,193978.95,Agent A
DEAL01909,OPP00294,CUST01408,Cloud Subscription,Proposal,2026-04-19,2026-10-19,98753.0,Agent A
DEAL01910,OPP00468,CUST01412,Support Package,Qualification,2025-08-25,2025-09-25,346182.1,Agent B
DEAL01911,OPP01651,CUST01413,AI Platform,Negotiation,2026-04-26,2026-07-23,57832.4,Agent E
DEAL01912,OPP01355,CUST01319,Cloud Subscription,Qualification,2026-06-28,2026-11-14,160624.26,Agent A
DEAL01913,OPP01267,CUST01376,Support Package,Qualification,2025-09-23,2026-05-01,20668.35,Agent B
DEAL01914,OPP01657,CUST01171,CRM License,Proposal,2025-12-25,2026-08-08,242125.68,Agent C
DEAL01915,OPP00557,CUST01239,Support Package,Won,2026-06-01,2026-12-28,167115.22,Agent D
DEAL01916,OPP01282,CUST01385,AI Platform,Lost,2025-03-24,2025-07-26,200431.47,Agent D
DEAL01917,OPP00404,CUST00087,Laptop,Proposal,2025-05-28,2025-06-26,247492.45,Agent B
DEAL01918,OPP00964,CUST01018,Support Package,Qualification,2026-01-09,2026-08-28,269762.97,Agent D
DEAL01919,OPP00810,CUST00256,Analytics Suite,Negotiation,2025-04-17,2025-09-15,338381.42,Agent B
DEAL01920,OPP01238,CUST01854,Support Package,Qualification,2026-04-19,2026-11-23,303758.68,Agent D
DEAL01921,OPP00130,CUST01980,CRM License,Negotiation,2025-06-08,2026-01-15,120093.6,Agent C
DEAL01922,OPP00052,CUST00317,Laptop,Prospecting,2025-07-21,2026-01-28,257270.01,Agent D
DEAL01923,OPP00064,CUST01784,Cloud Subscription,Proposal,2026-04-29,2026-08-11,35827.9,Agent B
DEAL01924,OPP00531,CUST00948,Cloud Subscription,Prospecting,2025-11-11,2026-04-08,56310.33,Agent B
DEAL01925,OPP01153,CUST01345,CRM License,Proposal,2026-04-17,2026-10-02,166268.29,Agent A
DEAL01926,OPP00316,CUST01307,Analytics Suite,Qualification,2026-01-09,2026-08-09,166272.35,Agent A
DEAL01927,OPP01983,CUST00236,Support Package,Prospecting,2025-11-03,2026-01-01,181955.22,Agent C
DEAL01928,OPP00827,CUST01818,Analytics Suite,Lost,2025-11-01,2026-03-17,171566.98,Agent C
DEAL01929,OPP00607,CUST01282,Laptop,Prospecting,2026-04-24,2026-09-16,228068.75,Agent B
DEAL01930,OPP01787,CUST00975,Analytics Suite,Lost,2026-08-19,2026-10-13,334477.45,Agent D
DEAL01931,OPP00351,CUST01230,Support Package,Negotiation,2025-01-15,2025-04-25,68714.3,Agent E
DEAL01932,OPP00376,CUST01954,Analytics Suite,Qualification,2025-10-30,2026-06-09,131537.24,Agent B
DEAL01933,OPP00762,CUST01295,CRM License,Won,2026-04-12,2026-04-22,35250.26,Agent A
DEAL01934,OPP00142,CUST01313,Cloud Subscription,Proposal,2026-01-19,2026-05-23,77994.29,Agent E
DEAL01935,OPP01363,CUST01754,CRM License,Qualification,2025-10-16,2026-03-13,345683.73,Agent C
DEAL01936,OPP01554,CUST01399,AI Platform,Prospecting,2026-04-18,2026-11-22,23449.28,Agent A
DEAL01937,OPP00708,CUST00286,Analytics Suite,Prospecting,2025-10-07,2025-12-19,82650.46,Agent B
DEAL01938,OPP01736,CUST01637,AI Platform,Negotiation,2025-03-23,2025-06-29,155011.47,Agent E
DEAL01939,OPP00015,CUST01800,Support Package,Prospecting,2025-06-12,2025-07-07,109507.58,Agent D
DEAL01940,OPP01063,CUST01468,Cloud Subscription,Won,2025-01-27,2025-04-22,195375.89,Agent A
DEAL01941,OPP01461,CUST00305,AI Platform,Negotiation,2026-02-23,2026-10-20,346751.84,Agent B
DEAL01942,OPP00754,CUST01046,Laptop,Prospecting,2026-08-03,2027-02-04,249337.31,Agent D
DEAL01943,OPP01894,CUST00109,AI Platform,Proposal,2025-08-15,2025-11-29,147992.52,Agent B
DEAL01944,OPP00862,CUST01546,Support Package,Negotiation,2026-03-13,2026-08-14,242198.49,Agent D
DEAL01945,OPP01837,CUST01915,AI Platform,Prospecting,2026-08-09,2027-03-28,306567.25,Agent D
DEAL01946,OPP01318,CUST00072,Laptop,Prospecting,2025-08-23,2025-12-10,87860.95,Agent C
DEAL01947,OPP00462,CUST00219,Analytics Suite,Won,2026-06-10,2026-08-24,253756.01,Agent C
DEAL01948,OPP01663,CUST01866,Analytics Suite,Prospecting,2025-01-11,2025-08-10,218743.11,Agent E
DEAL01949,OPP00062,CUST01600,CRM License,Lost,2026-02-08,2026-09-01,259498.9,Agent D
DEAL01950,OPP00379,CUST01647,AI Platform,Negotiation,2025-04-10,2025-08-15,38614.45,Agent A
DEAL01951,OPP01560,CUST00417,Laptop,Qualification,2026-04-11,2026-04-20,259200.15,Agent C
DEAL01952,OPP01805,CUST01276,Analytics Suite,Won,2025-01-06,2025-01-15,277928.76,Agent A
DEAL01953,OPP00777,CUST01658,AI Platform,Prospecting,2026-05-12,2026-06-15,243658.94,Agent D
DEAL01954,OPP01315,CUST00138,AI Platform,Lost,2025-08-25,2026-02-09,77061.78,Agent A
DEAL01955,OPP01395,CUST00568,Support Package,Negotiation,2025-05-22,2025-07-08,64857.1,Agent D
DEAL01956,OPP01477,CUST00590,CRM License,Lost,2025-11-27,2025-12-18,261048.06,Agent D
DEAL01957,OPP01812,CUST01084,Analytics Suite,Prospecting,2026-08-13,2027-01-25,230220.86,Agent C
DEAL01958,OPP00174,CUST00508,Analytics Suite,Negotiation,2025-04-06,2025-08-03,344436.06,Agent D
DEAL01959,OPP00386,CUST00684,Analytics Suite,Lost,2025-07-04,2025-11-11,164613.41,Agent B
DEAL01960,OPP01837,CUST00515,Cloud Subscription,Qualification,2026-01-17,2026-03-09,87967.6,Agent E
DEAL01961,OPP01090,CUST00128,Analytics Suite,Qualification,2025-02-25,2025-04-23,271705.51,Agent E
DEAL01962,OPP01057,CUST01345,Cloud Subscription,Prospecting,2026-07-23,2026-09-24,264498.6,Agent D
DEAL01963,OPP00806,CUST01278,Support Package,Won,2025-11-09,2026-04-15,187719.06,Agent A
DEAL01964,OPP00725,CUST01753,Cloud Subscription,Prospecting,2026-08-14,2027-04-06,263656.71,Agent B
DEAL01965,OPP00490,CUST01153,AI Platform,Proposal,2025-09-05,2026-04-13,115601.42,Agent C
DEAL01966,OPP00798,CUST01364,Laptop,Negotiation,2026-05-12,2026-06-14,83344.91,Agent C
DEAL01967,OPP00147,CUST00719,Support Package,Proposal,2025-07-17,2025-12-29,52872.42,Agent D
DEAL01968,OPP00587,CUST00778,AI Platform,Qualification,2025-09-22,2026-03-24,108762.49,Agent A
DEAL01969,OPP01988,CUST00825,Analytics Suite,Prospecting,2025-07-26,2025-08-11,232552.62,Agent B
DEAL01970,OPP00326,CUST01939,CRM License,Qualification,2025-11-23,2026-04-27,97866.25,Agent E
DEAL01971,OPP01465,CUST00945,AI Platform,Lost,2025-05-14,2025-09-01,310369.23,Agent B
DEAL01972,OPP00070,CUST01726,CRM License,Prospecting,2025-10-27,2025-12-18,94919.46,Agent D
DEAL01973,OPP01468,CUST00642,CRM License,Negotiation,2026-05-16,2026-11-22,242712.24,Agent C
DEAL01974,OPP00529,CUST01371,CRM License,Proposal,2025-04-03,2025-11-13,189371.99,Agent E
DEAL01975,OPP01405,CUST00549,AI Platform,Proposal,2026-04-18,2026-09-11,81926.02,Agent E
DEAL01976,OPP00994,CUST00795,CRM License,Won,2026-05-25,2026-07-17,199106.99,Agent D
DEAL01977,OPP01552,CUST01718,Laptop,Won,2025-01-21,2025-05-07,334609.26,Agent C
DEAL01978,OPP01334,CUST01368,Analytics Suite,Prospecting,2026-02-07,2026-06-14,331020.36,Agent B
DEAL01979,OPP01117,CUST00973,Support Package,Negotiation,2025-10-17,2026-05-22,109141.98,Agent D
DEAL01980,OPP01467,CUST00816,Analytics Suite,Negotiation,2026-01-16,2026-07-26,192406.11,Agent A
DEAL01981,OPP01932,CUST01600,Analytics Suite,Lost,2025-06-25,2025-12-05,61291.01,Agent E
DEAL01982,OPP01192,CUST00311,Cloud Subscription,Won,2025-05-12,2025-11-12,169472.12,Agent E
DEAL01983,OPP00348,CUST01698,Laptop,Lost,2025-06-21,2025-12-06,119308.27,Agent C
DEAL01984,OPP00233,CUST01238,AI Platform,Prospecting,2025-04-02,2025-06-22,326024.27,Agent A
DEAL01985,OPP01096,CUST00658,Analytics Suite,Lost,2025-08-30,2025-10-07,225111.75,Agent A
DEAL01986,OPP00864,CUST01397,Cloud Subscription,Negotiation,2026-06-05,2026-12-24,72875.33,Agent B
DEAL01987,OPP01218,CUST01983,AI Platform,Qualification,2026-04-10,2026-08-24,347395.28,Agent D
DEAL01988,OPP01335,CUST00699,Cloud Subscription,Qualification,2025-04-17,2025-12-04,246019.66,Agent A
DEAL01989,OPP00374,CUST00787,Cloud Subscription,Prospecting,2025-11-29,2026-05-13,55789.65,Agent D
DEAL01990,OPP01487,CUST01859,Analytics Suite,Lost,2025-02-13,2025-06-10,281847.58,Agent D
DEAL01991,OPP01983,CUST00689,CRM License,Proposal,2025-02-05,2025-07-12,199569.85,Agent C
DEAL01992,OPP00650,CUST01709,Laptop,Lost,2026-01-08,2026-06-15,146088.83,Agent E
DEAL01993,OPP01858,CUST01800,AI Platform,Qualification,2025-06-30,2026-02-20,76747.85,Agent C
DEAL01994,OPP01857,CUST01166,Analytics Suite,Proposal,2026-02-24,2026-05-26,104495.42,Agent E
DEAL01995,OPP00838,CUST00165,Analytics Suite,Prospecting,2025-04-03,2025-07-07,66867.62,Agent A
DEAL01996,OPP01591,CUST00121,CRM License,Qualification,2025-03-13,2025-06-10,283140.7,Agent C
DEAL01997,OPP01865,CUST00562,Support Package,Lost,2026-03-03,2026-04-04,102811.5,Agent B
DEAL01998,OPP01704,CUST00035,AI Platform,Lost,2025-05-04,2025-08-28,169787.04,Agent A
DEAL01999,OPP00778,CUST01526,Cloud Subscription,Lost,2025-02-04,2025-05-25,339090.86,Agent D
DEAL02000,OPP01334,CUST01280,Support Package,Lost,2026-04-16,2026-06-07,348149.45,Agent C
